t_ms,entropy_ema,churn01,dCurv01,meanAbsCurv01,two1_eff_rate01,tmr01,feedback_tick,roi_amp01,roi_deqRate01,roi_curvCover01,roi_curvEntropy01,roi_two1RawRate01,two1_exp01,bmu_stability,queue_size,queue_cap
1775942861315,0.05416853513736285,0.05118893808443524,0.0,0.0,0.0,0.33333333333333337,1,1.0,0.9727626459143969,0.0,0.0,0.0,0.0,0.6666666666666667,0,15
1775942861580,0.028107505551417826,0.0,0.0,0.0,0.0,1.0,0,1.0,0.0,0.0,0.0,0.0,0.0,0.875,1,15
1775942861844,0.019599448484936794,0.0,0.0,0.0,0.0,1.0,0,1.0,0.9469696969696969,0.0,0.0,0.0,0.0,0.9230769230769231,0,15
1775942862100,0.014938005577360122,0.0,0.0,0.0,0.0,1.0,0,1.0,0.0,0.0,0.0,0.0,0.0,0.9459459459459459,1,15
1775942862355,0.012174520843344692,0.0,0.0,0.0,0.0,1.0,0,1.0,0.49019607843137253,0.0,0.0,0.0,0.0,0.9583333333333334,1,15
1775942862613,0.010471504181047284,0.0,0.0,0.0,0.0,1.0,0,1.0,0.9689922480620154,0.0,0.0,0.0,0.0,0.9655172413793104,0,15
1775942862869,0.00910714288969877,0.0,0.0,0.0,0.0,1.0,0,1.0,0.0,0.0,0.0,0.0,0.0,0.9710144927536232,1,15
1775942863125,0.008078717171872762,0.0,0.0,0.0,0.0,1.0,0,0.7905467204798259,0.48828125,0.0,0.0,0.0,0.0,0.975,1,15
1775942863390,0.007339354920056778,0.0,1.0,0.2586642979840055,1.0,1.0,0,0.4827383250311561,0.9433962264150942,2.44140625E-4,0.0,0.37605815570900514,0.07521163114180103,0.9777777777777777,0,15
1775942863645,0.020161727737767574,0.0786104966951458,1.0,0.2491298174895217,0.0,0.8,0,0.3109113969620723,0.0,2.44140625E-4,0.0,0.0,0.06016930491344083,0.9504950495049505,1,15
1775942863908,0.07337111968455255,0.44282256166346745,0.6010139229308017,0.24727744823045195,0.0,0.0,0,0.1571660618789469,0.9505703422053231,2.44140625E-4,0.0,0.0,0.04813544393075267,0.8648648648648649,0,15
1775942864163,0.1434368715885143,0.29662499880229853,0.0,0.24915287534977493,0.0,0.0,0,0.10644656028094737,0.0,2.44140625E-4,0.0,0.0,0.03850835514460214,0.7868852459016393,1,15
1775942864419,0.20536512147704122,0.41783195007804713,0.4086322415855864,0.24853990432958303,0.0,0.0,0,0.08850824170467196,0.0,2.44140625E-4,0.0,0.0,0.03080668411568171,0.7218045112781954,2,15
1775942864674,0.24997681936746785,0.3823878408451005,0.6101345600009802,0.2466933656791213,0.0,0.19999999999999996,0,0.07023252077096011,0.0,2.44140625E-4,0.0,0.0,0.02464534729254537,0.6736111111111112,3,15
1775942864944,0.29163562802844645,0.5178286853568155,1.0,0.24121920834374735,0.0,0.0,0,0.07089058498535951,0.9259259259259258,2.44140625E-4,0.0,0.0,0.0197162778340363,0.6298701298701299,2,15
1775942865199,0.3385844558525989,0.44885563007958384,0.3930976172833806,0.2406448008183854,0.0,0.0,0,0.0655437376809419,0.0,2.44140625E-4,0.0,0.0,0.01577302226722904,0.5878787878787879,3,15
1775942865464,0.38008818823519575,0.42295978386500416,0.7779800416674922,0.23768409915605668,0.0,0.25,0,0.06562523863213154,0.9433962264150942,2.44140625E-4,0.0,0.0,0.012618417813783232,0.5542857142857143,2,15
1775942865720,0.42564953269064754,0.4358095841586683,0.387965583522735,0.2371264723484319,0.0,0.0,0,0.06595425205161407,0.0,2.44140625E-4,0.0,0.0,0.010094734251026586,0.521505376344086,3,15
1775942865975,0.46563559169557517,0.3698185203644104,0.19568940537478816,0.23775744474201257,0.0,0.0,0,0.06261420538726199,0.0,2.44140625E-4,0.0,0.0,0.00807578740082127,0.4923857868020305,4,15
1775942866230,0.48132635954833386,0.3729403317329228,0.0,0.23958365045848623,0.0,0.0,0,0.073437902803987,0.0,2.44140625E-4,0.0,0.0,0.006460629920657016,0.46634615384615385,5,15
1775942866485,0.47862209913347004,0.4674234452757945,0.0,0.24141944048869562,0.0,0.0,0,0.07243478940982939,0.0,2.44140625E-4,0.0,0.0,0.005168503936525613,0.4474885844748858,6,15
1775942866741,0.47925117205193957,0.4424916970079012,0.2060245425877296,0.24205141718113388,0.0,0.0,0,0.08052618195832843,0.0,2.44140625E-4,0.0,0.0,0.00413480314922049,0.4260869565217391,7,15
1775942866996,0.48316878846623396,0.41721167505820306,0.20830651587404347,0.2426835104925726,0.0,0.0,0,0.06616504244677301,0.0,2.44140625E-4,0.0,0.0,0.0033078425193763927,0.4066390041493776,8,15
1775942867253,0.49012232334995365,0.3859042298739114,0.21060404646659328,0.24331571243187122,0.0,0.0,0,0.0666455053625033,0.0,2.44140625E-4,0.0,0.0,0.0026462740155011144,0.38888888888888884,9,15
1775942867508,0.4968373412584065,0.4703149699766137,0.42297729190073,0.24273123561752602,0.0,0.0,0,0.07421901009390149,0.49019607843137253,2.44140625E-4,0.0,0.0,0.0021170192124008915,0.37262357414448666,9,15
1775942867763,0.49957647165657565,0.41606373389954,0.2132739439394512,0.243363445389216,0.0,0.0,0,0.07209930653163761,0.0,2.44140625E-4,0.0,0.0,0.0016936153699207133,0.35766423357664234,10,15
1775942868018,0.4991679508268482,0.3751794052618823,0.6381230565033108,0.24156777694557316,0.0,0.16666666666666663,0,0.071881835724623,0.0,2.44140625E-4,0.0,0.0,0.0013548922959365707,0.343859649122807,11,15
1775942868275,0.5055093178888787,0.34592331969103307,0.21396226574086774,0.24219978159868988,0.0,0.0,0,0.07026939864630273,0.0,2.44140625E-4,0.0,0.0,0.0010839138367492566,0.33108108108108103,12,15
1775942868530,0.4930954870953457,0.40361593321165506,0.6401561713904943,0.2404154762413045,0.0,0.0,0,0.07444600693230492,0.0,2.44140625E-4,0.0,0.0,8.671310693994053E-4,0.3224755700325733,13,15
1775942868785,0.4930954870953457,0.4521950919181871,0.21464104145607824,0.24104725098287205,0.0,0.0,0,0.0724661018072824,0.0,2.44140625E-4,0.0,0.0,6.937048555195243E-4,0.3113207547169812,14,15
1775942869040,0.4926869662656181,0.4581791323270197,0.6421609257345837,0.23927417375664337,0.0,0.0,0,0.06660755674519793,0.0,2.44140625E-4,0.0,0.0,5.549638844156195E-4,0.3009118541033434,15,15
1775942869295,0.48404985961845126,0.5222349201681687,0.0,0.2411083440861953,0.0,0.0,1,0.07470990432855597,0.0,2.44140625E-4,0.0,0.0,4.4397110753249564E-4,0.2941176470588235,15,15
1775942869551,0.48471380252022617,0.3682191023086863,0.43636412989766626,0.24053446620600036,0.0,0.0,1,0.06803224790255831,0.48828125,2.44140625E-4,0.0,0.0,3.551768860259965E-4,0.28490028490028485,15,15
1775942869806,0.4904260966637872,0.3861741700027436,0.6510023132544062,0.23876637616351248,0.0,0.0,0,0.07174743280418446,0.0,2.44140625E-4,0.0,0.0,2.841415088207972E-4,0.2762430939226519,15,15
1775942870062,0.4843885029155901,0.5597717025018473,0.43354925183230736,0.23820363788222906,0.0,0.0,1,0.07038058187734092,0.0,2.44140625E-4,0.0,0.0,2.2731320705663777E-4,0.26809651474530827,15,15
1775942870317,0.4837594299971206,0.4274643637652129,0.21858124240683585,0.23883489663428803,0.0,0.0,1,0.09833555764519554,0.0,2.44140625E-4,0.0,0.0,1.8185056564531022E-4,0.26041666666666663,15,15
1775942870576,0.47538130682627866,0.4004393559073979,0.6537950373510312,0.23708329927482702,0.0,0.0,1,0.08027849839296614,0.9652509652509652,2.44140625E-4,0.0,0.0,1.4548045251624818E-4,0.25634517766497467,14,15
1775942870831,0.48321357830374256,0.4961711922033084,0.435392932015181,0.23652849926631925,0.0,0.1428571428571429,1,0.06696281300507566,0.0,2.44140625E-4,0.0,0.0,1.1638436201299855E-4,0.24938271604938267,15,15
1775942871087,0.47488024497040926,0.44864785831526527,0.4360112584386052,0.23597630365664346,0.0,0.0,0,0.06674333540237794,0.0,2.44140625E-4,0.0,0.0,9.310748961039884E-5,0.24278846153846156,15,15
1775942871342,0.4844717241406816,0.4380508184784684,0.2198170479228623,0.236606943688755,0.0,0.0,1,0.0655064177681666,0.0,2.44140625E-4,0.0,0.0,7.448599168831908E-5,0.2365339578454333,15,15
1775942871597,0.4911058074595918,0.314127884243168,0.6574428329038727,0.23487688043966037,0.0,0.0,1,0.06700302346205683,0.0,2.44140625E-4,0.0,0.0,5.958879335065527E-5,0.23059360730593603,15,15
1775942871852,0.48403061996319763,0.41815928832967664,0.43780090045050907,0.23433240184009613,0.0,0.0,0,0.06394945138067341,0.0,2.44140625E-4,0.0,0.0,4.767103468052422E-5,0.22494432071269488,15,15
1775942872110,0.47942693430317307,0.31319412118902884,0.6531178011999479,0.2326242223726864,0.0,0.0,1,0.069553073148828,0.9689922480620154,2.44140625E-4,0.0,0.0,3.8136827744419376E-5,0.2200435729847494,13,15
1775942872365,0.4855093178888788,0.4823161661156309,0.43494585163905114,0.23209018178831592,0.0,0.125,0,0.06559879624645372,0.0,2.44140625E-4,0.0,0.0,3.0509462195535502E-5,0.21489361702127663,14,15
1775942872621,0.4753295317461927,0.4962212147973347,0.8593784321143826,0.2292540992248866,0.0,0.125,1,0.0639083061683314,0.0,2.44140625E-4,0.0,0.0,2.4407569756428403E-5,0.21205821205821207,15,15
1775942872882,0.4799501225029979,0.3944347867034459,1.0,0.22420515286181072,0.0,0.0,0,0.06756192535298253,0.9578544061302682,2.44140625E-4,0.0,0.0,1.9526055805142722E-5,0.20773930753564152,13,15
1775942873138,0.4786919766660588,0.48186038061922076,0.41351926438838554,0.22370923104425014,0.0,0.0,0,0.07524505453323985,0.0,2.44140625E-4,0.0,0.0,1.562084464411418E-5,0.20318725099601598,14,15
1775942873393,0.482363953296531,0.3489229810284706,0.0,0.22545944863896974,0.0,0.0,1,0.06517744435476948,0.0,2.44140625E-4,0.0,0.0,1.2496675715291343E-5,0.19883040935672514,15,15
1775942873649,0.45923782835943683,0.49724368987048,0.8341456137860987,0.2227189792757777,0.0,0.4,0,0.07037223211342776,0.0,2.44140625E-4,0.0,0.0,9.997340572233075E-6,0.19656488549618323,15,15
1775942873904,0.45442693430317316,0.38888132418494625,0.41574152186396873,0.22222964007771343,0.0,0.125,1,0.07045430845620959,0.0,2.44140625E-4,0.0,0.0,7.99787245778646E-6,0.19252336448598129,15,15
1775942874159,0.45748794046767854,0.36173977444525035,0.41649586704735886,0.22174245867680822,0.0,0.16666666666666663,1,0.06606533124164951,0.0,2.44140625E-4,0.0,0.0,6.398297966229168E-6,0.18864468864468864,15,15
1775942874415,0.46639623708092254,0.3836099629242186,0.6217298505947613,0.22015356925808696,0.0,0.0,0,0.07508349879616413,0.0,2.44140625E-4,0.0,0.0,5.118638372983334E-6,0.18491921005385992,15,15
1775942874670,0.45912316098933964,0.3284403539279093,0.6172346313765591,0.21857951305730697,0.0,0.09090909090909094,1,0.07618351089141176,0.0,2.44140625E-4,0.0,0.0,4.094910698386668E-6,0.18309859154929575,15,15
1775942874925,0.46470045882772315,0.3722542365134146,0.20698738372709252,0.21920189631437756,0.0,0.0,0,0.06601758592502484,0.49019607843137253,2.44140625E-4,0.0,0.0,3.2759285587093345E-6,0.17962003454231434,14,15
1775942875180,0.4579989221777512,0.5493019467593668,0.8206446403055294,0.2165508736898478,0.0,0.0,1,0.08073907379656489,0.0,2.44140625E-4,0.0,0.0,2.620742846967468E-6,0.17627118644067796,15,15
1775942875437,0.46108025727733676,0.2649265937398684,0.609593765148056,0.21501026678117147,0.0,0.1428571428571429,0,0.09447449421535208,0.9727626459143969,2.44140625E-4,0.0,0.0,2.0965942775739744E-6,0.17500000000000004,13,15
1775942875692,0.4642063822144311,0.28758648311143686,0.20443552370880172,0.21563020517533646,0.0,0.0,0,0.08191408361470287,0.0,2.44140625E-4,0.0,0.0,1.6772754220591797E-6,0.1718494271685761,14,15
1775942875948,0.4786436254242725,0.5182421416248739,0.4106901861121232,0.21517166014021605,0.0,0.0,1,0.07242810188298617,0.0,2.44140625E-4,0.0,0.0,1.3418203376473439E-6,0.1688102893890675,15,15
1775942876203,0.4752887658001368,0.42471611648184643,0.8122319199228707,0.21257784276732927,0.0,0.2222222222222222,1,0.06913176677311426,0.0,2.44140625E-4,0.0,0.0,1.0734562701178752E-6,0.1690363349131122,15,15
1775942876489,0.4633460334459561,0.38557037437721525,0.60342001968133,0.21107382743622247,0.0,0.0,1,0.07528329857450745,0.8741258741258742,2.44140625E-4,0.0,0.0,8.587650160943002E-7,0.16770186335403725,13,15
1775942876751,0.4525362917094649,0.3588391544808651,0.986033852922296,0.20749732473586827,0.0,0.0,1,0.0674824717034831,0.0,2.44140625E-4,0.0,0.0,6.870120128754402E-7,0.1651376146788991,15,15
1775942877014,0.44315188336945366,0.38780812496633066,0.7747708066675617,0.20501156226689027,0.0,0.25,0,0.06602491288981521,0.9505703422053231,2.44140625E-4,0.0,0.0,5.496096103003522E-7,0.16415662650602414,13,15
1775942877269,0.44041503960683354,0.43569529777547616,0.38637755809059904,0.20459727726283417,0.0,0.0,0,0.0632562989387526,0.0,2.44140625E-4,0.0,0.0,4.3968768824028177E-7,0.16148148148148145,14,15
1775942877524,0.4346596928816675,0.3764075849112487,0.764883815435613,0.2021520488076985,0.0,0.0,1,0.062273207488321186,0.0,2.44140625E-4,0.0,0.0,3.5175015059222545E-7,0.15889212827988342,15,15
1775942877779,0.4450342264034254,0.3922853265830295,0.5686444080750362,0.20074257809751067,0.0,0.0,0,0.0684358850910119,0.0,2.44140625E-4,0.0,0.0,2.814001204737804E-7,0.1563845050215208,15,15
1775942878035,0.42965969288166744,0.5200647086376567,0.9302651432818084,0.1973611756540293,0.0,0.09090909090909094,1,0.06343837852788742,0.0,2.44140625E-4,0.0,0.0,2.2512009637902432E-7,0.15536723163841804,15,15
1775942878288,0.4227915630454848,0.4694638123497877,0.5520711721229715,0.19599443281241627,0.0,0.2857142857142857,1,0.06815833310017994,0.9881422924901185,2.44140625E-4,0.0,0.0,1.8009607710321948E-7,0.1534170153417015,15,15
1775942878543,0.4392955302476249,0.3213617732660631,0.7273238676628124,0.19366848235369755,0.0,0.0,0,0.06475285097240285,0.0,2.44140625E-4,0.0,0.0,1.440768616825756E-7,0.15109890109890112,15,15
1775942878803,0.43333770304086816,0.5869973138733513,0.5410230258981524,0.1923343648059497,0.0,0.0,1,0.07847499719155343,0.9615384615384615,2.44140625E-4,0.0,0.0,1.1526148934606049E-7,0.14905149051490518,15,15
1775942879058,0.44381006787445587,0.4452486323801651,0.36083470867737544,0.19196998478702473,0.0,0.0,0,0.06860093566737979,0.0,2.44140625E-4,0.0,0.0,9.22091914768484E-8,0.14686248331108143,15,15
1775942879322,0.446861154184758,0.3905603775463865,0.8884363587991116,0.18875263148216861,0.0,0.0,1,0.06455033644392749,0.9469696969696969,2.44140625E-4,0.0,0.0,7.376735318147873E-8,0.1462450592885376,13,15
1775942879577,0.43267704641141524,0.3883174992352372,1.0,0.18374716199513766,0.0,0.09999999999999998,1,0.06988506846686883,0.0,2.44140625E-4,0.0,0.0,5.9013882545182986E-8,0.1454545454545455,15,15
1775942879832,0.430412602235257,0.39563321187973327,0.5074274382031817,0.18249937062595403,0.0,0.0,0,0.0651765792561418,0.0,2.44140625E-4,0.0,0.0,4.721110603614639E-8,0.1434058898847631,15,15
1775942880087,0.42209850855717723,0.4800705384431543,0.6692954677350764,0.18035762226138677,0.0,0.0,1,0.07221370336561139,0.0,2.44140625E-4,0.0,0.0,3.776888482891711E-8,0.14141414141414144,15,15
1775942880343,0.43645263335503065,0.47684692719848865,0.6605540992169409,0.1782447814280941,0.0,0.11111111111111116,1,0.07487989648633113,0.0,2.44140625E-4,0.0,0.0,3.021510786313369E-8,0.13947696139476962,15,15
1775942880598,0.4410502938608201,0.5204138510439815,0.32979347998319936,0.17793211655397326,0.0,0.0,1,0.06596345232370227,0.0,2.44140625E-4,0.0,0.0,2.417208629050695E-8,0.13759213759213762,15,15
1775942880858,0.42999088844905414,0.411703339156355,0.6543343028692142,0.17585190514256777,0.0,0.0,0,0.07463906001198063,0.9615384615384615,2.44140625E-4,0.0,0.0,1.9337669032405563E-8,0.13592233009708743,13,15
1775942881113,0.43706949978374804,0.35497992107271664,0.3267084259153587,0.1755476309044576,0.0,0.25,0,0.0643503334818176,0.0,2.44140625E-4,0.0,0.0,1.547013522592445E-8,0.1353293413173653,14,15
1775942881400,0.4366226851324154,0.4532628301459583,0.8057657368450553,0.17263338591954136,0.0,0.0,1,0.06623041216507267,0.8710801393728224,2.44140625E-4,0.0,0.0,1.2376108180739562E-8,0.1335697399527187,13,15
1775942881656,0.4314288204286793,0.43302662474359166,0.6349247762924987,0.17062405730917216,0.0,0.0,1,0.07207626373217306,0.0,2.44140625E-4,0.0,0.0,9.90088654459165E-9,0.13302217036172692,15,15
1775942881928,0.43771077919196966,0.29792060483489013,0.7794541707968747,0.16779967250887237,0.0,0.11111111111111116,0,0.06854011151342346,0.0,2.44140625E-4,0.0,0.0,7.92070923567332E-9,0.13148788927335642,15,15
1775942882183,0.4373721358948308,0.35570696358325365,0.3106625723543447,0.1675227968215305,0.0,0.0,1,0.07947624911793273,0.0,2.44140625E-4,0.0,0.0,6.336567388538657E-9,0.1298405466970387,15,15
1775942882439,0.433302695491585,0.36230424818883816,0.7667985225136236,0.16475477284276505,0.0,0.09999999999999998,1,0.06989967189240877,0.0,2.44140625E-4,0.0,0.0,5.0692539108309256E-9,0.12935883014623173,15,15
1775942882694,0.4257356152043442,0.3878095331940158,0.6045907943513261,0.1628498264959757,0.0,0.0,0,0.06837069472490664,0.0,2.44140625E-4,0.0,0.0,4.055403128664741E-9,0.12777777777777777,15,15
1775942882955,0.4161756849921809,0.49272512020734843,0.8865067120639735,0.15936682044108036,0.0,0.125,1,0.07340438375177226,0.9578544061302682,2.44140625E-4,0.0,0.0,3.2443225029317926E-9,0.12747252747252746,15,15
1775942883210,0.41816765126348343,0.5532055114425416,0.4383222696725276,0.15832292846924717,0.0,0.0,0,0.06467200609823637,0.0,2.44140625E-4,0.0,0.0,2.595458002345434E-9,0.12595005428881645,15,15
1775942883468,0.401630730164737,0.27441214405309766,0.5792018097678824,0.15650229864309062,0.0,0.0,1,0.06588729123352192,0.9689922480620154,2.44140625E-4,0.0,0.0,2.076366401876347E-9,0.12459720730397417,13,15
1775942883722,0.4037868043277499,0.44305827597911657,0.4317932981463859,0.15548159457280322,0.0,0.11111111111111116,1,0.06395798957863374,0.0,2.44140625E-4,0.0,0.0,1.6610931215010778E-9,0.12314225053078554,15,15
1775942883978,0.41475223390780946,0.5270790292093976,0.7095627882063998,0.1529306408609771,0.0,0.11111111111111116,0,0.0688041692446587,0.0,2.44140625E-4,0.0,0.0,1.3288744972008623E-9,0.12172088142707238,15,15
1775942884234,0.4221742472996421,0.4688887206131396,0.5599680514667773,0.1511800777277394,0.0,0.0,1,0.06926832196680485,0.0,2.44140625E-4,0.0,0.0,1.06309959776069E-9,0.1203319502074689,15,15
1775942884516,0.4149692114222242,0.3672610291834419,1.0,0.1464897854987533,0.0,0.0,0,0.07093845271065677,0.8865248226950355,2.44140625E-4,0.0,0.0,8.504796782085521E-10,0.11897435897435893,13,15
1775942884771,0.40229494526922877,0.4977567397439826,0.40060254681036817,0.14554886073876203,0.0,0.0,0,0.0796196323239416,0.0,2.44140625E-4,0.0,0.0,6.803837425668417E-10,0.11764705882352944,14,15
1775942885027,0.3992747050507794,0.5002266783401481,0.529886954011215,0.14389329542827295,0.0,0.09090909090909094,1,0.08020234204832935,0.9765625,2.44140625E-4,0.0,0.0,5.443069940534734E-10,0.11634904714142424,13,15
1775942885287,0.3875193386897605,0.34674867704777407,0.6521883110236281,0.1415486023214464,0.0,0.09999999999999998,0,0.07887650277037218,0.0,2.44140625E-4,0.0,0.0,4.354455952427787E-10,0.11519364448857994,14,15
1775942885543,0.38909647360433414,0.33963583544491244,0.5151561512633734,0.1399440728905039,0.0,0.0,1,0.0763302971382842,0.0,2.44140625E-4,0.0,0.0,3.4835647619422297E-10,0.11493123772102165,15,15
1775942885803,0.38720335888617485,0.3516265719776047,0.7573557519204798,0.1369816767694513,0.0,0.33333333333333337,1,0.10163269232543663,0.9615384615384615,2.44140625E-4,0.0,0.0,2.786851809553784E-10,0.11673151750972766,15,15
1775942886057,0.3766281571217075,0.49820559265171627,0.7388342405892625,0.1340858779643606,0.0,0.19999999999999996,0,0.0760143806638596,0.0,2.44140625E-4,0.0,0.0,2.2294814476430272E-10,0.1154956689124158,15,15
1775942886317,0.36587293191966114,0.2769131391821233,0.603789093281907,0.13191371986377354,0.0,0.19999999999999996,1,0.11617445914712392,0.9615384615384615,2.44140625E-4,0.0,0.0,1.7835851581144218E-10,0.11534795042897994,15,15
1775942886574,0.36484975155893035,0.18764162879301893,0.7090382487182544,0.12913146382506388,0.0,0.30000000000000004,0,0.09718301770473114,0.0,2.44140625E-4,0.0,0.0,1.4268681264915376E-10,0.11698113207547167,15,15
1775942886832,0.3741660364565364,0.4149168104778572,0.46600649995764604,0.1276833641046538,0.0,0.0,0,0.07844937232342065,0.9689922480620154,2.44140625E-4,0.0,0.0,1.1414945011932302E-10,0.11588785046728967,14,15
1775942887091,0.37520508208787073,0.4175387694178947,0.6860899929974879,0.12499550872298795,0.0,0.2222222222222222,1,0.06959584449947243,0.0,2.44140625E-4,0.0,0.0,9.131956009545842E-11,0.11584800741427248,15,15
1775942887351,0.37443867830575084,0.3428958585029719,0.45106010837822835,0.12359884484372796,0.0,0.0,0,0.0732382720185211,0.9615384615384615,2.44140625E-4,0.0,0.0,7.305564807636674E-11,0.11478420569329661,14,15
1775942887606,0.3739736236359375,0.38964449347715685,0.6643771806272321,0.12100181070164939,0.0,0.0,1,0.07423467053269019,0.0,2.44140625E-4,0.0,0.0,5.844451846109339E-11,0.11363636363636365,15,15
1775942887867,0.36906556000469404,0.2890430451162655,0.5436029375149377,0.11905693625364996,0.0,0.125,0,0.069617093643449,0.9578544061302682,2.44140625E-4,0.0,0.0,4.6755614768874716E-11,0.11351351351351346,13,15
1775942888122,0.3743186954411925,0.6115064834624093,0.5351771627703898,0.11714556366089897,0.0,0.0,0,0.09013845521923541,0.0,2.44140625E-4,0.0,0.0,3.740449181509978E-11,0.11239964317573592,14,15
1775942888383,0.37277011998292275,0.43398127452514446,0.6294806379375179,0.11469137033804046,0.0,0.09999999999999998,0,0.07613330687822031,0.9578544061302682,2.44140625E-4,0.0,0.0,2.9923593452079826E-11,0.11317418213969943,13,15
1775942888638,0.3693913868537087,0.429779793512868,1.0,0.6776016040103808,1.0,0.0,0,0.07497294206102863,0.0,2.44140625E-4,0.0,0.3874937168619954,0.07749874339633797,0.11383537653239928,14,15
1775942888897,0.3813154400573581,0.40017804408060187,1.0,0.6597855472109062,0.0,0.0,1,0.08484983931370849,0.9652509652509652,2.44140625E-4,0.0,0.0,0.06199899471707038,0.11371527777777779,13,15
1775942889153,0.3681602035337312,0.4772063050676245,0.9700517854459396,0.6457574323795985,0.0,0.0,1,0.07115966478123377,0.0,2.44140625E-4,0.0,0.0,0.049599195773656304,0.11263972484952711,15,15
1775942889411,0.36901667621754225,0.38962379115383716,1.0,1.2088396720578671,1.0,0.0,0,0.07771977219081212,0.9689922480620154,2.44140625E-4,0.0,0.38399249004097413,0.11647785462711988,0.11253196930946296,13,15
1775942889667,0.3667151782356334,0.49844063899010216,1.0,1.1709986399547823,0.0,0.0,0,0.07740045558702029,0.0,2.44140625E-4,0.0,0.0,0.0931822837016959,0.11148648648648651,14,15
1775942889938,0.3465550267275885,0.28056546328626625,1.0,1.1347581306777896,0.0,0.0,0,0.06888693118580586,0.9225092250922509,2.44140625E-4,0.0,0.0,0.07454582696135673,0.11306532663316582,13,15
1775942890193,0.3403863745868426,0.3156778573039144,1.0,1.0945855995569163,0.0,0.0,0,0.08348855956376215,0.0,2.44140625E-4,0.0,0.0,0.059636661569085384,0.11535269709543572,14,15
1775942890450,0.3354077265138203,0.4099676896349209,1.0,1.0562445486216174,0.0,0.0,0,0.06865766248537822,0.9727626459143969,2.44140625E-4,0.0,0.0,0.04770932925526831,0.1152263374485597,13,15
1775942890706,0.33168407761636565,0.32875753012738723,1.0,1.0196237455998898,0.0,0.0,0,0.0720383266523262,0.0,2.44140625E-4,0.0,0.0,0.03816746340421465,0.11419249592169656,14,15
1775942890972,0.34227028835991347,0.19871263076429305,1.0,0.9797458187337978,0.0,0.0,1,0.06978482738665383,0.9398496240601504,2.44140625E-4,0.0,0.0,0.030533970723371717,0.11407766990291257,13,15
1775942891227,0.3322960374782947,0.48759386754869893,1.0,0.9511871460666163,0.0,0.09999999999999998,1,0.07504173602961539,0.0,2.44140625E-4,0.0,0.0,0.024427176578697377,0.11387329591018447,15,15
1775942891486,0.3243701356948622,0.08852440117144007,1.0,1.5041972021179815,1.0,0.0,0,0.06906509918008352,0.9652509652509652,4.8828125E-4,0.08020514369770791,0.3828390824170441,0.09610955774636673,0.11535401750198881,13,15
1775942891742,0.3097874466662691,0.07648325843251705,1.0,1.4175007064846812,0.0,0.0,0,0.06397200885974677,0.0,4.8828125E-4,0.0802051436977079,0.0,0.07688764619709339,0.1151419558359621,14,15
1775942892001,0.30682229115535176,0.2112485728712359,1.0,1.3501813259113131,0.0,0.0,0,0.0663199685369349,0.9652509652509652,4.8828125E-4,0.08020514369770791,0.0,0.061510116957674714,0.11580594679186229,13,15
1775942892273,0.301020938621651,0.21921825905797027,1.0,1.2996817194754535,0.0,0.11111111111111116,0,0.06547678444339917,0.0,4.8828125E-4,0.08020514369770791,0.0,0.049208093566139775,0.11732711732711731,14,15
1775942892531,0.31281376986709686,0.47555364998335586,1.0,1.24549890709236,0.0,0.11111111111111116,0,0.07576652416255615,0.9689922480620154,4.8828125E-4,0.08020514369770791,0.0,0.03936647485291182,0.1164225134926754,13,15
1775942892786,0.3072557312688301,0.2661944168123609,1.0,1.2001239721433077,0.0,0.0,0,0.06857716975560288,0.0,4.8828125E-4,0.0802051436977079,0.0,0.03149317988232946,0.11850152905198774,14,15
1775942893044,0.29737288450439536,0.29694993675241843,1.0,1.145499955311844,0.0,0.09999999999999998,1,0.06448960242673951,0.9689922480620154,4.8828125E-4,0.08020514369770791,0.0,0.02519454390586357,0.11911987860394535,13,15
1775942893300,0.28151971384197155,0.14211440979909296,1.0,1.6282359427490172,1.0,0.0,1,0.07279998434720239,0.0,4.8828125E-4,0.08128412218718073,0.38631974880164144,0.09741958488501916,0.11963882618510158,15,15
1775942893561,0.2706002113021714,0.3463435206578126,1.0,1.555458467108627,0.0,0.19999999999999996,0,0.06760698223269156,0.9578544061302682,4.8828125E-4,0.08128412218718072,0.0,0.07793566790801533,0.1194921583271098,13,15
1775942893817,0.2777142246130944,0.3040506037806644,1.0,1.494328283917398,0.0,0.0,1,0.06322642701627405,0.0,4.8828125E-4,0.08128412218718073,0.0,0.06234853432641227,0.12,15,15
1775942894081,0.27017391493909954,0.30560229823234675,1.0,1.9590231370479816,1.0,0.0,0,0.06662312520275171,0.9469696969696969,4.8828125E-4,0.07303415771475813,0.37717197926294976,0.12531322331371977,0.12058823529411766,13,15
1775942894336,0.27213664809202515,0.2499835780806763,1.0,1.87476414711629,0.0,0.09090909090909094,0,0.07817707618194568,0.0,4.8828125E-4,0.07303415771475812,0.0,0.10025057865097582,0.12180889861415023,14,15
1775942894594,0.2654036652970475,0.14424958076810346,1.0,1.7779846313356458,0.0,0.0,0,0.06745219889462993,0.9689922480620154,4.8828125E-4,0.07303415771475813,0.0,0.08020046292078066,0.12309920347574221,13,15
1775942894849,0.26596627685286334,0.34516021131731717,1.0,2.2471250106285194,1.0,0.09090909090909094,0,0.07788039238660976,0.0,4.8828125E-4,0.0830152672102385,0.3874937168619954,0.14165911370902362,0.12356321839080464,14,15
1775942895114,0.2639401688733334,0.35404293062957043,1.0,2.1236240560034703,0.0,0.19999999999999996,1,0.07075494971458082,0.9433962264150942,4.8828125E-4,0.0830152672102385,0.0,0.1133272909672189,0.12339514978601995,13,15
1775942895370,0.2675254507167101,0.36943636977469574,1.0,2.019148621877206,0.0,0.0,1,0.07003195756940166,0.0,4.8828125E-4,0.0830152672102385,0.0,0.09066183277377513,0.12526539278131632,15,15
1775942895626,0.26830041833549995,0.4369711462698692,1.0,1.931192396525931,0.0,0.19999999999999996,0,0.06764773735202136,0.9765625,4.8828125E-4,0.0830152672102385,0.0,0.07252946621902011,0.12508784258608574,13,15
1775942895882,0.27614153279985015,0.3337080281261115,1.0,1.8486227861839177,0.0,0.0,1,0.06586281804142664,0.0,4.8828125E-4,0.0830152672102385,0.0,0.05802357297521609,0.12482566248256621,15,15
1775942896138,0.26866337874653917,0.2324172305049249,1.0,1.7536275055122414,0.0,0.30000000000000004,0,0.07154962047548125,0.9765625,4.8828125E-4,0.0830152672102385,0.0,0.04641885838017287,0.12396121883656508,13,15
1775942896393,0.2786734548017803,0.19565521027010183,1.0,1.6650141595613293,0.0,0.18181818181818177,0,0.06900694773251351,0.0,4.8828125E-4,0.0830152672102385,0.0,0.0371350867041383,0.12302405498281788,14,15
1775942896656,0.26790293748515376,0.0782190660279997,1.0,1.566674494960297,0.0,0.09999999999999998,0,0.06784819839418159,0.9505703422053231,4.8828125E-4,0.0830152672102385,0.0,0.029708069363310642,0.12354948805460753,13,15
1775942896911,0.27517008676863475,0.24823793427442328,0.9706693719759782,1.4975293374554859,0.0,0.18181818181818177,0,0.07784162374641415,0.0,4.8828125E-4,0.0830152672102385,0.0,0.023766455490648514,0.12330623306233057,14,15
1775942897171,0.2733650784567118,0.08141970868710524,1.0,2.3973812702659543,1.0,0.4,1,0.08445007253754043,0.9615384615384615,4.8828125E-4,0.08319503759995744,0.6176957271079193,0.1425523098141027,0.1258411843876177,13,15
1775942897429,0.2714079821687145,0.508549882322651,0.6041466224768033,2.3184971175637,0.0,0.0,1,0.07443528315897459,0.0,4.8828125E-4,0.08319503759995744,0.0,0.11404184785128216,0.1251673360107095,15,15
1775942897688,0.2611071999661428,0.008593989781544596,1.0,2.1682290570035874,0.0,0.5,0,0.06689398322937458,0.9652509652509652,4.8828125E-4,0.08319503759995743,0.0,0.09123347828102574,0.12765957446808507,13,15
1775942897943,0.26692785478859754,0.15109884532080314,1.0,2.0505931115941842,0.0,0.2727272727272727,1,0.07319479454991108,0.0,4.8828125E-4,0.08319503759995746,0.0,0.0729867826248206,0.12739273927392736,15,15
1775942898208,0.26544026595310605,0.41030576861043944,1.0,1.9510653497509682,0.0,0.0,0,0.0681927636735093,0.9433962264150942,4.8828125E-4,0.08319503759995744,0.0,0.05838942609985648,0.12655737704918035,13,15
1775942898462,0.25282237635394417,0.13462640267506634,1.0,1.8399340719773924,0.0,0.18181818181818177,0,0.06386227742392171,0.0,4.8828125E-4,0.08319503759995746,0.0,0.04671154087988519,0.12630208333333337,14,15
1775942898724,0.24485364831367204,0.27869906319510973,0.9488095116416978,1.7541467907354336,0.0,0.19999999999999996,0,0.07911925561646904,0.9541984732824427,4.8828125E-4,0.08319503759995744,0.0,0.03736923270390815,0.12677878395860287,13,15
1775942898979,0.24409519883560543,0.2576934455602352,1.0,1.66549899600536,0.0,0.2727272727272727,0,0.07006332288589485,0.0,4.8828125E-4,0.08319503759995744,0.0,0.029895386163126522,0.12716763005780352,14,15
1775942899234,0.24101759328157216,0.01335589454344936,1.0,1.5671235495051983,0.0,0.09999999999999998,1,0.0767561160494887,0.9803921568627451,4.8828125E-4,0.08319503759995746,0.0,0.02391630893050122,0.12699425654116148,13,15
1775942899490,0.22775986530230333,0.1323381105572786,1.0,1.48323169891662,0.0,0.2727272727272727,1,0.0692490093902639,0.0,4.8828125E-4,0.08319503759995743,0.0,0.019133047144400978,0.12737642585551334,15,15
1775942899753,0.22300143327174873,0.2778316960847294,1.0,1.3980197945841268,0.0,0.09999999999999998,0,0.07367967537341136,0.9505703422053231,4.8828125E-4,0.08319503759995744,0.0,0.015306437715520782,0.12657430730478592,13,15
1775942900009,0.2210989419114047,0.1340152788980699,0.9191560706041477,1.325301631933427,0.0,0.18181818181818177,1,0.07222404536826757,0.0,4.8828125E-4,0.08319503759995746,0.0,0.012245150172416626,0.12695434646654158,15,15
1775942900264,0.21085826651378942,0.011031345187787039,0.8764234041620674,1.2572325953991748,0.0,0.4,0,0.08577726683153092,0.9803921568627451,4.8828125E-4,0.08319503759995746,0.0,0.009796120137933302,0.1280298321939093,13,15
1775942900519,0.20653856362469758,0.15899957633493322,0.755832949427195,1.1993555070811874,0.0,0.2727272727272727,0,0.07382018809332029,0.0,4.8828125E-4,0.08319503759995744,0.0,0.007836896110346643,0.1283950617283951,14,15
1775942900783,0.2030920640334309,0.010181291368846183,1.0,1.5803681478139537,1.0,0.30000000000000004,0,0.07226495297370839,0.9469696969696969,4.8828125E-4,0.07959690536471503,0.37717197926294976,0.08170391274086727,0.12944785276073623,13,15
1775942901038,0.21073436554970623,0.25559168656097514,0.7887138428104542,1.510420921285257,0.0,0.36363636363636365,0,0.06622992900855557,0.0,4.8828125E-4,0.07959690536471503,0.0,0.06536313019269382,0.12979890310786102,14,15
1775942901300,0.20331267806341624,0.2703038316228545,0.8528606272742942,1.4374164000604506,0.0,0.5,1,0.06681428025908463,0.9541984732824427,4.8828125E-4,0.07959690536471503,0.0,0.052290504154155065,0.1302241066020594,13,15
1775942901554,0.20869523689722155,0.3273331109518462,0.7304599812414225,1.375675742836396,0.0,0.18181818181818177,1,0.06937868523766073,0.0,4.8828125E-4,0.07959690536471503,0.0,0.04183240332332405,0.1305655836341757,15,15
1775942901815,0.2172961872743199,0.08089196948750092,1.0,1.7401442121059028,1.0,0.09999999999999998,0,0.07594798647231059,0.9578544061302682,4.8828125E-4,0.08304997169360015,0.38055242306359816,0.10957640727137888,0.13038277511961727,13,15
1775942902071,0.21973403509841052,0.2515577334374349,0.932312457119486,1.6524237440529235,0.0,0.2727272727272727,1,0.07421197436247387,0.0,4.8828125E-4,0.08304997169360015,0.0,0.08766112581710311,0.13012477718360071,15,15
1775942902328,0.22027553274818623,0.009716381497713719,0.9879917111866849,1.5627039412288812,0.0,0.4,0,0.06511503321321409,0.9727626459143969,4.8828125E-4,0.08304997169360015,0.0,0.07012890065368249,0.13112817483756645,13,15
1775942902578,0.21788393655696645,0.009345397604443634,0.6672121083112256,1.5011845222346358,0.0,0.5714285714285714,0,0.0763053276640389,0.0,4.8828125E-4,0.08304997169360015,0.0,0.056103120522946,0.1317647058823529,14,15
1775942902839,0.21841142845547135,0.14103818774953078,0.9150349003531252,1.4217098232612748,0.0,0.5,0,0.06590744592286371,0.9578544061302682,4.8828125E-4,0.08304997169360015,0.0,0.0448824964183568,0.1333333333333333,13,15
1775942903094,0.20833688104615147,0.0076309460480097225,1.0,2.1645255775846652,1.0,0.5454545454545454,0,0.07354386990944271,0.0,4.8828125E-4,0.08321124913316576,0.6248360531164665,0.16087320775797875,0.1359674607786171,14,15
1775942903351,0.20495529307666538,0.14379204805180068,1.0,2.0172244629179192,0.0,0.30000000000000004,1,0.06603809874495463,0.9727626459143969,4.8828125E-4,0.08321124913316576,0.0,0.128698566206383,0.13691507798960134,13,15
1775942903605,0.2026951727466899,0.1281424942731591,1.0,1.901138679275064,0.0,0.2727272727272727,1,0.07169234668337947,0.0,4.8828125E-4,0.08321124913316576,0.0,0.10295885296510641,0.13834672789896674,15,15
1775942903867,0.19340138809691124,0.0015873015873015875,1.0,1.7936957164604577,0.0,0.09999999999999998,0,0.06541245702790591,0.9541984732824427,4.8828125E-4,0.08321124913316576,0.0,0.08236708237208513,0.14269406392694062,13,15
1775942904123,0.18245017775056208,0.12984116833161893,0.9660570367908947,1.6940421635488576,0.0,0.18181818181818177,1,0.07283682256910678,0.0,4.8828125E-4,0.08321124913316577,0.0,0.06589366589766811,0.14463981849120822,15,15
1775942904379,0.17863892406666088,0.009051522497847353,1.0,1.5857113689617452,0.0,0.19999999999999996,0,0.07038682597887008,0.9765625,4.8828125E-4,0.08321124913316576,0.0,0.05271493271813449,0.14608009024252677,13,15
1775942904634,0.16624480627438304,0.009008139519652649,0.948500764341007,1.4931697083602102,0.0,0.5454545454545454,0,0.06339051945307961,0.0,4.8828125E-4,0.08321124913316576,0.0,0.04217194617450759,0.14798206278026904,14,15
1775942904894,0.16283050194661736,0.010181291368846183,0.8994598110788904,1.4072550481418078,0.0,0.4,0,0.06442106600938087,0.9615384615384615,4.8828125E-4,0.08321124913316577,0.0,0.033737556939606075,0.1488294314381271,13,15
1775942905150,0.16680888373957595,0.010451140962654091,0.8537485317913635,1.3273585628101836,0.0,0.36363636363636365,0,0.0699338852421152,0.0,4.8828125E-4,0.08321124913316577,0.0,0.02699004555168486,0.14958448753462605,14,15
1775942905410,0.16730541743231636,0.1415124502355226,0.8110641490886896,1.2529423988864052,0.0,0.5,1,0.06780218284834431,0.9615384615384615,4.8828125E-4,0.08321124913316578,0.0,0.02159203644134789,0.15096418732782368,13,15
1775942905665,0.17028257332359137,0.18801861046993182,1.0,1.5920214180847982,1.0,0.6363636363636364,1,0.06665814741376262,0.0,4.8828125E-4,0.07835076606459934,0.3874937168619954,0.0947723725254774,0.15279299014238779,15,15
1775942905923,0.18155669470168612,0.20704063921626065,1.0,1.491639124330526,0.0,0.30000000000000004,1,0.07094515723621478,0.9689922480620154,4.8828125E-4,0.07835076606459934,0.0,0.07581789802038193,0.1541394335511983,13,15
1775942906177,0.18307259679216076,0.013753082681659486,0.8739854605171935,1.4058328113938434,0.0,0.36363636363636365,1,0.06685161601295034,0.0,4.8828125E-4,0.07835076606459934,0.0,0.060654318416305544,0.15430427720628048,15,15
1775942906438,0.18584047589707203,0.07299225139496249,1.0,1.7146144005423753,1.0,0.5,0,0.06643148486901922,0.9578544061302682,4.8828125E-4,0.07087828201144822,0.38055242306359816,0.12463393934576407,0.156165858912224,13,15
1775942906694,0.17637276615795955,0.06864488429502635,0.9679223205546501,1.612592627418491,0.0,0.5454545454545454,0,0.06597449428916954,0.0,4.8828125E-4,0.07087828201144822,0.0,0.09970715147661126,0.15792291220556742,14,15
1775942906953,0.18527028999246528,0.0114962550589195,0.9968568740886523,1.5106220912273804,0.0,0.30000000000000004,0,0.07760751878259431,0.9652509652509652,4.8828125E-4,0.07087828201144823,0.0,0.07976572118128901,0.15814696485623003,13,15
1775942907209,0.18313621548220824,0.009255719426223804,1.0,1.8034127872661472,1.0,0.4545454545454546,0,0.07656135141149958,0.0,4.8828125E-4,0.06294157359530471,0.38631974880164144,0.14107652670535953,0.15934356802541028,14,15
1775942907465,0.18265138037269327,0.012800785876580923,1.0,2.0365246615946497,1.0,0.4,0,0.06934902495323163,0.9765625,4.8828125E-4,0.05638783241635406,0.38631974880164144,0.1901251711246159,0.15955766192733012,13,15
1775942907727,0.17976047390849675,0.011337868480725625,0.7097817139038827,1.9474878737523573,0.0,0.5714285714285714,0,0.06856870343677293,0.0,4.8828125E-4,0.056387832416354075,0.0,0.15210013689969273,0.16002098635886675,14,15
1775942907996,0.1858229726134556,0.013613478131018214,0.9722808879368722,1.8366223357839575,0.0,0.30000000000000004,1,0.0649429020320651,0.929368029739777,4.8828125E-4,0.056387832416354075,0.0,0.12168010951975419,0.16022964509394577,13,15
1775942908252,0.19352167846569832,0.12888103005285065,0.9261401130959819,1.7338809376317517,0.0,0.36363636363636365,1,0.06586245414636224,0.0,4.8828125E-4,0.056387832416354075,0.0,0.09734408761580336,0.16087182148417234,15,15
1775942908516,0.189605945267535,0.015858261563356464,0.967190393683522,1.6304173479504624,0.0,0.5,0,0.06269432471983559,0.9469696969696969,4.8828125E-4,0.056387832416354075,0.0,0.0778752700926427,0.1600413009808983,14,15
1775942908772,0.18372269555566426,0.007215007215007216,1.0,1.884430042586656,1.0,0.18181818181818177,1,0.0632955783530506,0.0,4.8828125E-4,0.04972279092762847,0.38631974880164144,0.13956416583444245,0.16221765913757702,15,15
1775942909032,0.1779578953465369,0.008129079910412132,1.0,1.7694779633344746,0.0,0.09999999999999998,1,0.06583714375101164,0.9615384615384615,4.8828125E-4,0.049722790927628484,0.0,0.11165133266755396,0.16343207354443312,15,15
1775942909288,0.18359312588930038,0.0085854941822595,0.974332270556194,1.663333474077133,0.0,0.2727272727272727,0,0.06444860170331457,0.0,4.8828125E-4,0.049722790927628484,0.0,0.08932106613404317,0.16455053326561708,15,15
1775942909552,0.1748997830635941,0.011111111111111113,0.9235032928425206,1.5651178352119657,0.0,0.19999999999999996,1,0.06300561203011178,0.9469696969696969,4.8828125E-4,0.049722790927628484,0.0,0.07145685290723454,0.16523496715512886,15,15
1775942909807,0.18184823577633524,0.011712370470442898,0.8761701926820735,1.4740638563742463,0.0,0.5454545454545454,0,0.06465457520428972,0.0,4.8828125E-4,0.049722790927628484,0.0,0.05716548232578764,0.16582914572864327,15,15
1775942910071,0.17406330619206914,0.010181291368846183,1.0,1.7440556336500965,1.0,0.30000000000000004,1,0.06803162461413488,0.9469696969696969,4.8828125E-4,0.07515485318998284,0.37717197926294976,0.12116678171322007,0.16649999999999998,14,15
1775942910325,0.17406330619206914,0.00781271798322236,0.9519406824976046,1.6398280124864946,0.0,0.2727272727272727,1,0.06613336976322673,0.0,4.8828125E-4,0.07515485318998284,0.0,0.09693342537057606,0.16807558428642466,15,15
1775942910588,0.17670584827183836,0.1468052844814088,0.7446119439248726,1.558649235926696,0.0,0.0,0,0.07404455685455183,0.9505703422053231,4.8828125E-4,0.07515485318998287,0.0,0.07754674029646086,0.1682335477486393,14,15
1775942910843,0.1663418147512144,0.13072004368345516,1.0,2.1554245398815577,1.0,0.2727272727272727,1,0.07529483799036386,0.0,4.8828125E-4,0.0830178729293689,0.6248360531164665,0.187004602860462,0.1692913385826772,15,15
1775942911100,0.1696287168369836,0.01130368308501531,0.995568892154209,2.028743345603486,0.0,0.09999999999999998,1,0.06723766055295985,0.9727626459143969,4.8828125E-4,0.08301787292936891,0.0,0.1496036822883696,0.16944172380019584,15,15
1775942911356,0.17474781299739353,0.1305142451755827,0.9479024133096894,1.9117871440397067,0.0,0.0,0,0.07021672422393924,0.0,4.8828125E-4,0.08301787292936891,0.0,0.11968294583069568,0.16999512907939596,15,15
1775942911614,0.1766400142729107,0.011753838646488358,1.0,1.7858919590023528,0.0,0.0,1,0.06714683212072294,0.9689922480620154,4.8828125E-4,0.08301787292936891,0.0,0.09574635666455655,0.17159476490547743,15,15
1775942911870,0.17643870183942223,0.00781271798322236,1.0,1.99957343750668,1.0,0.2727272727272727,0,0.06912971320837245,0.0,4.8828125E-4,0.08269788015468084,0.38631974880164144,0.15386103509197355,0.17309546769527484,15,15
1775942912138,0.17721049500999175,0.009981342240112281,1.0,1.875569643688409,0.0,0.09999999999999998,1,0.0746262589770058,0.9328358208955223,4.8828125E-4,0.08269788015468084,0.0,0.12308882807357885,0.17418426103646834,14,15
1775942912393,0.18328592099820304,0.012739433080441835,0.970919939378633,1.7613045989317535,0.0,0.09090909090909094,1,0.06848122978437365,0.0,4.8828125E-4,0.08269788015468084,0.0,0.09847106245886308,0.17422434367541761,15,15
1775942912651,0.19338126930924177,0.010566435316654573,1.0,1.98139609787796,1.0,0.30000000000000004,0,0.07190770453512539,0.9689922480620154,4.8828125E-4,0.07956960262303236,0.38399249004097413,0.1555753479752853,0.17529691211401421,14,15
1775942912905,0.19747415162591253,0.23363430843610836,0.47421154589917036,1.9145040913082987,0.0,0.0,1,0.06961367886779976,0.0,4.8828125E-4,0.07956960262303236,0.0,0.12446027838022825,0.1752723827569872,15,15
1775942913161,0.18264908680808392,0.004761904761904763,1.0,1.797209945765353,0.0,0.19999999999999996,0,0.06415093232493765,0.9765625,4.8828125E-4,0.07956960262303238,0.0,0.0995682227041826,0.17774634606317774,14,15
1775942913417,0.18575153638480482,0.1298498100731142,0.8668054794699052,1.6973048237264605,0.0,0.4545454545454546,1,0.06765224369012732,0.0,4.8828125E-4,0.07956960262303236,0.0,0.07965457816334609,0.1782363977485929,15,15
1775942913681,0.17724527426502895,0.00905889965267706,0.827332609997382,1.604467167447742,0.0,0.4,1,0.0644359714777008,0.9469696969696969,4.8828125E-4,0.07956960262303238,0.0,0.06372366253067688,0.17927170868347342,15,15
1775942913937,0.17510851404349467,0.01087378630004724,0.8657901085131552,1.5105641456407986,0.0,0.36363636363636365,0,0.06378597592286712,0.0,4.8828125E-4,0.07956960262303238,0.0,0.050978930024541506,0.1792847189967487,15,15
1775942914201,0.16919673474160066,0.0049544767358089565,0.8223155517561673,1.42341529318698,0.0,0.09999999999999998,0,0.1526522183751439,0.9469696969696969,4.8828125E-4,0.07956960262303236,0.0,0.040783144019633205,0.18122977346278313,14,15
1775942914456,0.17789542344880216,0.00924901292183316,1.0,2.226539365522991,1.0,0.09090909090909094,1,0.09768345524653996,0.0,4.8828125E-4,0.07941943060518923,0.7702097253269832,0.1866684602811032,0.1826126954921803,15,15
1775942914715,0.1721104687639936,0.011103733956281408,1.0,2.0738195399849633,0.0,0.19999999999999996,0,0.0925436973664188,0.9652509652509652,4.8828125E-4,0.07941943060518926,0.0,0.14933476822488256,0.18315018315018317,14,15
1775942914971,0.17137668473451972,0.012310081238658043,1.0,1.943857631318098,0.0,0.4545454545454546,1,0.07692491254791625,0.0,4.8828125E-4,0.07941943060518925,0.0,0.11946781457990606,0.1826879271070615,15,15
1775942915229,0.16536973935922614,0.00905889965267706,1.0,1.8153067002876833,0.0,0.19999999999999996,0,0.07075184266914768,0.9689922480620154,4.8828125E-4,0.07941943060518926,0.0,0.09557425166392486,0.18367346938775508,14,15
1775942915485,0.17372476770732517,0.012128309303445405,1.0,1.9909718019054685,1.0,0.09090909090909094,1,0.0886476614897446,0.0,4.8828125E-4,0.07524880370534787,0.38631974880164144,0.15372335109146817,0.18411552346570392,15,15
1775942915742,0.17625335661537686,0.008129079910412132,0.9774721830036482,1.8676521284045537,0.0,0.19999999999999996,1,0.07865892949356877,0.9727626459143969,4.8828125E-4,0.07524880370534787,0.0,0.12297868087317454,0.18508535489667566,15,15
1775942915998,0.1835286099017782,0.008228656816224866,1.0,2.0309204667855596,1.0,0.0,0,0.07030902417140997,0.0,4.8828125E-4,0.0815156297736248,0.38631974880164144,0.17564689445886794,0.18641037103263303,15,15
1775942916263,0.1860668778919576,0.012426074801184432,1.0,1.9044127311816712,0.0,0.19999999999999996,0,0.066771472176548,0.9433962264150942,4.8828125E-4,0.0815156297736248,0.0,0.14051751556709435,0.18647085002225194,14,15
1775942916518,0.17801107058183493,0.010516948934012608,0.9495187892807118,1.787906216283485,0.0,0.2727272727272727,1,0.06342765464814173,0.0,4.8828125E-4,0.0815156297736248,0.0,0.1124140124536755,0.18733392382639502,15,15
1775942916780,0.1908231152872977,0.014470909104788774,0.9782740353802925,1.6721038639072772,0.0,0.09999999999999998,0,0.06091626287159281,0.9541984732824427,4.8828125E-4,0.0815156297736248,0.0,0.0899312099629404,0.18738977072310403,14,15
1775942917036,0.18676661365050262,0.011296431637440393,0.8491067105542127,1.5732405286851228,0.0,0.4545454545454546,1,0.08225642058534932,0.0,4.8828125E-4,0.0815156297736248,0.0,0.07194496797035232,0.18736287845546296,15,15
1775942917291,0.18488876659356362,0.01222612567245053,0.7362641444907094,1.4889350302676827,0.0,0.19999999999999996,0,0.07625772498091743,0.9803921568627451,4.8828125E-4,0.0815156297736248,0.0,0.05755597437628186,0.18741808650065528,14,15
1775942917546,0.19096566078004043,0.01628224820162774,0.7719598230153292,1.4033200408853272,0.0,0.2727272727272727,1,0.07186585449804732,0.0,4.8828125E-4,0.0815156297736248,0.0,0.04604477950102549,0.18695652173913047,15,15
1775942917809,0.19530415329888698,0.015200779718319802,0.7345060001952519,1.3236961015148196,0.0,0.19999999999999996,1,0.07285013638949388,0.9505703422053231,4.8828125E-4,0.0815156297736248,0.0,0.0368358236008204,0.18658008658008662,15,15
1775942918068,0.19791877663856217,0.23736791456305356,0.32512797832075296,1.287188103073303,0.0,0.33333333333333337,0,0.06983499377601562,0.0,4.8828125E-4,0.0815156297736248,0.0,0.02946865888065632,0.1860967184801382,15,15
1775942918332,0.19506347790127168,0.008593989781544596,0.6310293161004935,1.2215182824850934,0.0,0.09999999999999998,1,0.06565074765769233,0.9469696969696969,4.8828125E-4,0.0815156297736248,0.0,0.023574927104525058,0.1870163370593293,14,15
1775942918587,0.1912030825043151,0.01087378630004724,0.6630862392927512,1.154188994995093,0.0,0.0,1,0.06469759738713797,0.0,4.8828125E-4,0.0815156297736248,0.0,0.018859941683620048,0.1874197689345315,15,15
1775942918854,0.19524938620700374,0.010373863342750377,0.6322245865228843,1.0912650963128847,0.0,0.09999999999999998,0,0.06877930836787435,0.9363295880149812,4.8828125E-4,0.0815156297736248,0.0,0.015087953346896039,0.1874733702599063,14,15
1775942919109,0.20262902173280742,0.011537305039620903,0.6031542700514798,1.032385874800915,0.0,0.2727272727272727,1,0.06641752212587808,0.0,4.8828125E-4,0.0815156297736248,0.0,0.012070362677516832,0.18787107718405427,15,15
1775942919368,0.20215076690763453,0.012418697646354723,0.5252380198394381,0.9820902868160435,0.0,0.09999999999999998,1,0.07698829138284063,0.9652509652509652,4.8828125E-4,0.0815156297736248,0.0,0.009656290142013467,0.1875,15,15
1775942919623,0.2021339545605902,0.011296431637440393,0.5531504649700133,0.9300622015373994,0.0,0.4545454545454546,1,0.06656225606988753,0.0,4.8828125E-4,0.0815156297736248,0.0,0.007725032113610773,0.187473728457335,15,15
1775942919881,0.201983857884098,0.010181291368846183,0.5285134576312477,0.8812245974154721,0.0,0.5,1,0.0648300801342042,0.9689922480620154,4.8828125E-4,0.0815156297736248,0.0,0.006180025690888619,0.18836333193804944,15,15
1775942920137,0.1970348015353917,0.009671658259226308,0.5052116190844508,0.8353379949816809,0.0,0.36363636363636365,0,0.07067399503683539,0.0,4.8828125E-4,0.0815156297736248,0.0,0.004944020552710896,0.1891666666666667,15,15
1775942920393,0.18748823629819314,0.010181291368846183,0.48315238380807335,0.7921853509930026,0.0,0.6,1,0.06686723012113194,0.9765625,4.8828125E-4,0.0815156297736248,0.0,0.003955216442168717,0.1896265560165975,14,15
1775942920649,0.1890993009164492,0.013330437344266336,0.4622513623985554,0.7515694931957045,0.0,0.09090909090909094,1,0.06395080371933273,0.0,4.8828125E-4,0.08151562977362478,0.0,0.0031641731537349737,0.19041718298223875,15,15
1775942920913,0.19108415432264098,0.013276128620125284,0.40352739577386254,0.7168696810054875,0.0,0.30000000000000004,0,0.06592619839060927,0.9469696969696969,4.8828125E-4,0.0815156297736248,0.0,0.002531338522987979,0.19004524886877827,14,15
1775942921169,0.1916330168002861,0.011114659702227754,0.4260640840316799,0.6806016248702349,0.0,0.2727272727272727,1,0.07473412708944398,0.0,4.8828125E-4,0.0815156297736248,0.0,0.002025070818390383,0.1904176904176904,15,15
1775942921429,0.1955587591868768,0.01043887495641504,1.0,0.9283045878536763,1.0,0.09999999999999998,0,0.10267328243805152,0.9615384615384615,4.8828125E-4,0.07221975148091747,0.38169241239324847,0.07795853913336201,0.19168026101141922,14,15
1775942921684,0.18333730458973177,0.0028860028860028864,0.5362247702892028,0.8795739236852428,0.0,0.18181818181818177,1,0.08712351935295379,0.0,4.8828125E-4,0.07221975148091746,0.0,0.06236683130668961,0.1944782785221275,15,15
1775942921944,0.17489002803501946,0.010638824085148942,0.4674995093627622,0.8379410927140742,0.0,0.4,1,0.06890102992144045,0.9615384615384615,4.8828125E-4,0.07221975148091746,0.0,0.04989346504535169,0.19490497371613424,15,15
1775942922200,0.17664958021093094,0.012135015807836047,0.4929430740712195,0.7946343588834642,0.0,0.4545454545454546,0,0.06290535338372347,0.0,4.8828125E-4,0.07221975148091746,0.0,0.039914772036281354,0.19484702093397743,15,15
1775942922458,0.1852318403456769,0.013276128620125284,0.43008959709548034,0.7576350399274421,0.0,0.19999999999999996,0,0.06810248611415222,0.9689922480620154,4.8828125E-4,0.07221975148091746,0.0,0.03193181762902508,0.194065757818765,14,15
1775942922713,0.19412606651028302,0.013330437344266335,0.453855189898564,0.7190262877596841,0.0,0.18181818181818177,1,0.07007755944810128,0.0,4.8828125E-4,0.07221975148091744,0.0,0.025545454103220067,0.1944111776447106,15,15
1775942922973,0.1922059179030961,0.010838773213882841,0.47242485407182894,0.6792451550526861,0.0,0.30000000000000004,1,0.06448392717796883,0.9615384615384615,4.8828125E-4,0.07221975148091746,0.0,0.020436363282576055,0.1944333996023857,14,15
1775942923224,0.1887172533583396,0.008593989781544596,0.19172071399036528,0.6646767120103958,0.0,0.4,1,0.06545070634539961,0.0,4.8828125E-4,0.07221975148091744,0.0,0.016349090626060846,0.19484126984126982,15,15
1775942923486,0.1869321317170027,0.010173914214016477,1.0,0.903949475087737,1.0,0.30000000000000004,0,0.0777273940183044,0.9541984732824427,4.8828125E-4,0.08332879796452643,0.3794190581306538,0.08896308412697945,0.1952569169960474,14,15
1775942923742,0.17828971765930635,0.00739007264582921,0.5374196622729583,0.8566950105678109,0.0,0.5454545454545454,1,0.0667878393873382,0.0,4.8828125E-4,0.08332879796452643,0.0,0.07117046730158356,0.19637937819756002,15,15
1775942923999,0.1858694969562842,0.011296305930185602,0.4685314961394406,0.8163230315960945,0.0,0.0,1,0.06898661663874034,0.9727626459143969,4.8828125E-4,0.08332879796452643,0.0,0.05693637384126685,0.1967855742845943,15,15
1775942924255,0.1984454897548687,0.013759789186050128,0.4940204751183389,0.7742923050377225,0.0,0.2727272727272727,0,0.06771409694969631,0.0,4.8828125E-4,0.08332879796452643,0.0,0.04554909907301349,0.19672131147540983,15,15
1775942924511,0.2092346414412619,0.011768592956147772,0.472551032303629,0.7347185583629119,0.0,0.30000000000000004,0,0.0662933500873699,0.9765625,4.8828125E-4,0.08332879796452643,0.0,0.03643927925841079,0.1971228615863142,14,15
1775942924767,0.21020427058270147,0.013578017250837491,0.45220035305805867,0.6974293015567896,0.0,0.2727272727272727,0,0.06500042169431064,0.0,4.8828125E-4,0.08332879796452643,0.0,0.029151423406728633,0.19667053813395274,15,15
1775942925036,0.2097048572052786,0.01651574340839312,0.3948225414989688,0.6655728363061139,0.0,0.30000000000000004,1,0.06461913092261787,0.929368029739777,4.8828125E-4,0.08332879796452643,0.0,0.023321138725382908,0.19591207096027763,14,15
1775942925291,0.20373586752704392,0.010873786300047242,0.4169497142789925,0.6322078986184809,0.0,0.18181818181818177,1,0.06230384123234259,0.0,4.8828125E-4,0.08332879796452643,0.0,0.018656910980306328,0.19585253456221197,15,15
1775942925556,0.21085039610737402,0.015135768104655141,0.39941857325351865,0.6007059116798468,0.0,0.4,0,0.06778864101169452,0.9433962264150942,4.8828125E-4,0.08332879796452643,0.0,0.014925528784245063,0.19510328997704662,14,15
1775942925811,0.22364599895229217,0.02034077518581427,0.3827531089606821,0.5709445190157509,0.0,0.09090909090909094,1,0.0695657510096175,0.0,4.8828125E-4,0.08332879796452643,0.0,0.011940423027396051,0.19428571428571428,15,15
1775942926069,0.22632924348645253,0.01314856825988575,0.3669001883839386,0.5428111701178344,0.0,0.4,1,0.07554700548738726,0.9689922480620154,4.8828125E-4,0.08332879796452643,0.0,0.009552338421916842,0.19430740037950667,15,15
1775942926324,0.22478906944126478,0.011712370470442898,1.0,0.8055083061782105,1.0,0.36363636363636365,0,0.07956982760271708,0.0,4.8828125E-4,0.0750642795616269,0.3874937168619954,0.08514061410993257,0.19463340891912317,15,15
1775942926588,0.21992970816006183,0.011768592956147772,0.4984399069724793,0.7641127883324914,0.0,0.4,0,0.06841376469591158,0.9469696969696969,4.8828125E-4,0.0750642795616269,0.0,0.06811249128794605,0.19465361445783136,14,15
1775942926844,0.20519853024178547,0.009255719426223804,0.4767380948270197,0.7251293541421266,0.0,0.36363636363636365,0,0.064984024301585,0.0,4.8828125E-4,0.0750642795616269,0.0,0.05448999303035684,0.19535058117735282,15,15
1775942927100,0.2079728169743105,0.009251471626581256,0.41606851271489814,0.6918247514016749,0.0,0.30000000000000004,1,0.0740699663114311,0.9765625,4.8828125E-4,0.0750642795616269,0.0,0.04359199442428548,0.19574150168098614,14,15
1775942927357,0.20497569151749462,0.011712370470442898,0.43918930173978665,0.6569799900354102,0.0,0.36363636363636365,1,0.06758075099027346,0.0,4.8828125E-4,0.0750642795616269,0.0,0.034873595539428384,0.19568452380952384,15,15
1775942927616,0.2068420520954828,0.012611269620258918,0.4205438815787852,0.6240967478858943,0.0,0.0,0,0.06523621107425051,0.9652509652509652,4.8828125E-4,0.0750642795616269,0.0,0.027898876431542707,0.19570051890289109,14,15
1775942927871,0.21347267847212584,0.008833074088830653,1.0,1.177741803903195,1.0,0.09090909090909094,1,0.07307152555126654,0.0,4.8828125E-4,0.05256730338697905,0.6248360531164665,0.14728631176852747,0.19638242894056845,15,15
1775942928128,0.20041374589421518,0.013141191105056044,0.6213237351708697,1.1188177513266877,0.0,0.0,1,0.08670244670243595,0.9727626459143969,4.8828125E-4,0.05256730338697905,0.0,0.11782904941482197,0.19713129827142328,15,15
1775942928392,0.19626313039233093,0.01176859295614777,0.3034291483229319,1.090132213764331,0.0,0.8,0,0.0771018587934448,0.0,4.8828125E-4,0.05256730338697905,0.0,0.09426323953185758,0.19713656387665202,15,15
1775942928656,0.18754627428129625,0.0070066881942430085,0.6460029802000622,1.0313251693023266,0.0,0.4,0,0.07821518752881723,0.9469696969696969,4.8828125E-4,0.05256730338697906,0.0,0.07541059162548608,0.19824433065106073,14,15
1775942928911,0.17817534719976577,0.010276075531832097,0.6161371388353789,0.9762335881089959,0.0,0.4545454545454546,0,0.07889763120087576,0.0,4.8828125E-4,0.05256730338697906,0.0,0.06032847330038887,0.19854280510018218,15,15
1775942929169,0.18457182424914106,0.015128390949825432,0.639187180261344,0.9199867463041171,0.0,0.19999999999999996,1,0.07779468568939531,0.9689922480620154,4.8828125E-4,0.05256730338697905,0.0,0.048262778640311095,0.19891107078039927,14,15
1775942929425,0.18735624237886436,0.0045040697598263246,1.0,1.1660565610059117,1.0,0.36363636363636365,1,0.12886020750868593,0.0,4.8828125E-4,0.07939857745978905,0.38631974880164144,0.11587417267257719,0.20065075921908893,15,15
1775942929689,0.18355076056214842,0.005611958580845616,0.6824615583411404,1.1023619758710335,0.0,0.30000000000000004,0,0.11451582023291566,0.9469696969696969,4.8828125E-4,0.07939857745978905,0.0,0.09269933813806175,0.20172910662824206,14,15
1775942929945,0.18410776888751515,0.016282248201627738,0.6504578056626977,1.042774549144558,0.0,0.36363636363636365,1,0.08694481206983502,0.0,4.8828125E-4,0.07939857745978905,0.0,0.0741594705104494,0.20093290276282738,15,15
1775942930203,0.18915811786511563,0.013806050104922411,0.5659645500700934,0.991874824084458,0.0,0.19999999999999996,1,0.08704319026278112,0.9689922480620154,4.8828125E-4,0.07939857745978905,0.0,0.05932757640835952,0.20057204147300678,15,15
1775942930458,0.19952172476176927,0.01747766973805803,0.5955304475389658,0.9392413518264504,0.0,0.18181818181818177,0,0.0818077696317154,0.0,4.8828125E-4,0.07939857745978905,0.0,0.04746206112668762,0.20049857549857553,15,15
1775942930728,0.20127011031966813,0.015128390949825436,0.6180738396001026,0.8854345313841425,0.0,0.6,0,0.08020528966088047,0.9259259259259258,4.8828125E-4,0.07939857745978905,0.0,0.0379696489013501,0.20014194464158974,14,15
1775942930982,0.20405618897769437,0.00967165825922631,0.5398414129140274,0.839295217128655,0.0,0.18181818181818177,0,0.06860628566081858,0.0,4.8828125E-4,0.07939857745978905,0.0,0.030375719121080082,0.20113114174620006,15,15
1775942931240,0.20375573864001198,0.008593989781544596,0.515928396910504,0.7959082778556955,0.0,0.30000000000000004,1,0.06212915686873977,0.9689922480620154,4.8828125E-4,0.07939857745978905,0.0,0.024300575296864066,0.20183163085593514,14,15
1775942931496,0.21527712092007759,0.015255185591628802,0.4933001159673956,0.7550748728776492,0.0,0.18181818181818177,1,0.07400984927168375,0.0,4.8828125E-4,0.07939857745978905,0.0,0.019440460237491256,0.2014035087719298,15,15
1775942931753,0.22680082474746613,0.015785872794862096,1.0,1.0017930493317035,1.0,0.09999999999999998,0,0.07719104301526002,0.9727626459143969,7.32421875E-4,0.1288705627807195,0.3851526927871777,0.09258290674742854,0.20104895104895104,14,15
1775942932008,0.22801742871912653,0.012914498511263828,0.6022085156714978,0.9485441835161913,0.0,0.18181818181818177,1,0.06674613574693271,0.0,7.32421875E-4,0.1288705627807195,0.0,0.07406632539794283,0.20062695924764895,15,15
1775942932269,0.23402601815385915,0.0071992601681472035,0.6249180769524384,0.8941260127887574,0.0,0.0,1,0.0642985934157173,0.9578544061302682,7.32421875E-4,0.1288705627807195,0.0,0.05925306031835427,0.20166608816383202,15,15
1775942932525,0.22782730253407646,0.008826367584440012,0.5457540943007856,0.847463973068022,0.0,0.18181818181818177,0,0.06509551307042392,0.0,7.32421875E-4,0.1288705627807195,0.0,0.04740244825468342,0.2022821576763485,15,15
1775942932787,0.22366752799367826,0.01596801189635439,0.5215202281340285,0.8035925039335763,0.0,0.19999999999999996,0,0.0671063903571526,0.9541984732824427,7.32421875E-4,0.1288705627807195,0.0,0.03792195860374674,0.2022742935906272,14,15
1775942933043,0.22505021038141007,0.009846723690048305,1.0,1.0528429980154739,1.0,0.2727272727272727,0,0.07437830707573462,0.0,7.32421875E-4,0.11445875696258628,0.38631974880164144,0.10760151664332569,0.20254033642293168,15,15
1775942933303,0.22438748345066145,0.015393351692224,0.5734196634570702,1.0013559137200532,0.0,0.30000000000000004,1,0.07048135999684471,0.9615384615384615,7.32421875E-4,0.11445875696258628,0.0,0.08608121331466057,0.2021895313034554,14,15
1775942933560,0.2285881015846904,0.010742487226930745,0.22494256188281977,0.9816603047526896,0.0,0.0,1,0.06620614270631661,0.0,7.32421875E-4,0.11445875696258628,0.0,0.06886497065172846,0.20225486846600615,15,15
1775942933818,0.23386731950551637,0.013806050104922411,0.6006894195531418,0.9296587832046271,0.0,0.19999999999999996,0,0.06820166841883005,0.9689922480620154,7.32421875E-4,0.11445875696258628,0.0,0.05509197652138277,0.2019067075246851,14,15
1775942934073,0.22640840512721463,0.011114659702227754,0.5734141464485895,0.8808457285668568,0.0,0.18181818181818177,1,0.06611575539606805,0.0,7.32421875E-4,0.11445875696258627,0.0,0.04407358121710622,0.2025101763907734,15,15
1775942934330,0.21760971081817518,0.008129079910412132,0.4995985385326356,0.8391425314619232,0.0,0.09999999999999998,1,0.06631612773221636,0.9727626459143969,7.32421875E-4,0.11445875696258627,0.0,0.03525886497368498,0.20317782285327923,15,15
1775942934586,0.2221242484450062,0.009846723690048305,0.5264327333114764,0.7957646372785796,0.0,0.18181818181818177,1,0.08227132945694368,0.0,7.32421875E-4,0.11445875696258628,0.0,0.028207091978947985,0.2037723139104075,15,15
1775942934848,0.22130977238885383,0.013813427259752117,1.0,1.0589517191075404,1.0,0.09999999999999998,0,0.10627306255720115,0.9541984732824427,7.32421875E-4,0.1217490948556088,0.3794190581306538,0.09844948520928916,0.20375965088956027,14,15
1775942935103,0.2268168249681077,0.012369182705625916,1.0,1.2897070847189012,1.0,0.2727272727272727,0,0.10761637998870818,0.0,7.32421875E-4,0.11346416598349131,0.3874937168619954,0.15625833153983043,0.20401337792642138,15,15
1775942935364,0.22537699271453465,0.012026176543716629,1.0,1.5033338055144496,1.0,0.0,0,0.07996065164692251,0.9578544061302682,9.765625E-4,0.15049701841764912,0.38055242306359816,0.20111714984458398,0.20433333333333337,14,15
1775942935619,0.22482732993698934,0.010873786300047242,0.8608923623127481,1.4166986157082821,0.0,0.0,1,0.0703608058355267,0.0,9.765625E-4,0.15049701841764912,0.0,0.1608937198756672,0.2042510793756227,15,15
1775942935885,0.224350707800123,0.01308355664622109,0.874981843992725,1.3308224300734406,0.0,0.09999999999999998,0,0.10294873581324815,0.9398496240601504,9.765625E-4,0.15054286688539056,0.0,0.12871497590053377,0.20423700761337304,14,15
1775942936140,0.2236426833723505,0.014832540254235655,0.7603761262606821,1.2573741779676468,0.0,0.09999999999999998,1,0.0720869664015983,0.0,9.765625E-4,0.15058838540220854,0.0,0.10297198072042701,0.20382585751978888,15,15
1775942936398,0.2291117828469869,0.009251471626581253,0.7367602893961176,1.1876661601356673,0.0,0.0,1,0.06633052568111447,0.9689922480620154,9.765625E-4,0.15058838540220856,0.0,0.08237758457634162,0.2044707429322814,15,15
1775942936653,0.24309726192548117,0.13507679318205956,0.6281195791719955,1.1292255496151933,0.0,0.18181818181818177,0,0.07340114107332397,0.0,9.765625E-4,0.15063357114442824,0.0,0.0659020676610733,0.2037340320995742,15,15
1775942936915,0.24026046164763296,0.011361317543850263,0.6732917882464454,1.0679146578015521,0.0,0.0,0,0.06828354463012448,0.9541984732824427,9.765625E-4,0.1506335711444282,0.0,0.052721654128858646,0.2043747959516814,14,15
1775942937170,0.22972355147285553,0.0055244258654346175,0.6418302369566055,1.0105185378935404,0.0,0.09090909090909094,0,0.07122611217171143,0.0,9.765625E-4,0.1506335711444282,0.0,0.04217732330308692,0.20559531554977228,15,15
1775942937429,0.2404303460989028,0.08277305143277881,0.6017721639970157,0.9576534437842613,0.0,0.0,1,0.07077175177326682,0.9652509652509652,9.765625E-4,0.15067842128309064,0.0,0.033741858642469535,0.2055771725032426,14,15
1775942937685,0.23644331080339684,0.07444254622130046,0.5648809941431172,0.9088994215493806,0.0,0.2727272727272727,1,0.06388341494366397,0.0,9.765625E-4,0.15076710340812802,0.0,0.02699348691397563,0.20516962843295639,15,15
1775942937943,0.24225519136864856,0.016050833537260657,0.5894139300271212,0.8587622562804546,0.0,0.09999999999999998,0,0.06548550513280324,0.9689922480620154,9.765625E-4,0.15085440904403982,0.0,0.021594789531180505,0.2048309178743961,14,15
1775942938198,0.24082128328047597,0.013753082681659487,0.5329628660386411,0.8142186679045481,0.0,0.18181818181818177,1,0.07459325409397669,0.0,9.765625E-4,0.15085440904403982,0.0,0.017275831624944404,0.2044287548138639,15,15
1775942938459,0.2428272032026537,0.016115845150925318,0.5450404995483786,0.7692406901097014,0.0,0.0,1,0.06864731867487336,0.9578544061302682,9.765625E-4,0.15089753855310234,0.0,0.013820665299955523,0.20441458733205375,15,15
1775942938728,0.2419470156755756,0.013548466517353553,0.18051637976797183,0.7558304319045882,0.0,0.25,0,0.06842927400212032,0.0,9.765625E-4,0.15089753855310234,0.0,0.011056532239964419,0.20415335463258788,15,15
1775942938987,0.24013945674098083,0.014270959976054874,0.4322273481836481,0.721621572680478,0.0,0.0,0,0.06711604677515362,0.9652509652509652,9.765625E-4,0.1509403153799262,0.0,0.008845225791971535,0.20414012738853504,14,15
1775942939243,0.24454296717026774,0.02045673914966839,0.44912003522168314,0.6864543043338801,0.0,0.0,0,0.06974465701878894,0.0,9.765625E-4,0.15102479953083725,0.0,0.0070761806335772285,0.20374484290701367,15,15
1775942939509,0.251240201464665,0.01810304499569471,0.43866403936630466,0.6525699421398266,0.0,0.0,0,0.06489499301085339,0.9398496240601504,9.765625E-4,0.15106650111602726,0.0,0.005660944506861783,0.20341664030370132,14,15
1775942939764,0.2537653960180622,0.008826367584440012,0.4204370196897572,0.620560556163126,0.0,0.09090909090909094,1,0.06429342044008982,0.0,9.765625E-4,0.1511078385414165,0.0,0.004528755605489427,0.2042875157629256,15,15
1775942940025,0.2553412390863344,0.014935818975921241,0.40310973159918917,0.5903033434993317,0.0,0.0,0,0.07499964203931017,0.9578544061302682,9.765625E-4,0.15114880892719432,0.0,0.0036230044843915416,0.20364550597108733,14,15
1775942940280,0.25612383965372404,0.13796428228354876,0.35904815503906773,0.5639165757952146,0.0,0.09999999999999998,1,0.07337929267021949,0.0,9.765625E-4,0.15114880892719432,0.0,0.0028984035875132333,0.2032571249608519,15,15
1775942940537,0.2541999684867659,0.017282975586427708,0.4456343823527408,0.5308454954040674,0.0,0.0,1,0.0695861971247725,0.9727626459143969,9.765625E-4,0.15114880892719432,0.0,0.0023187228700105866,0.202934748673119,15,15
1775942940793,0.25172050499058257,0.014169021514661992,0.34018686830101147,0.5064346300433139,0.0,0.09090909090909094,0,0.07338988189297978,0.0,9.765625E-4,0.15126948899049994,0.0,0.0018549782960084694,0.20255133789670188,15,15
1775942941054,0.24710967790669858,0.012226125672450528,1.0,0.7838559150842863,1.0,0.09999999999999998,0,0.08627007910206619,0.9578544061302682,9.765625E-4,0.11950806192248146,0.38055242306359816,0.0775944672495264,0.20254342431761785,14,15
1775942941310,0.250689070695969,0.01249185317387068,0.49647231349229737,0.7446676959414306,0.0,0.09090909090909094,1,0.0833262620367856,0.0,9.765625E-4,0.11967168297283039,0.0,0.06207557379962112,0.20278207109737245,15,15
1775942941567,0.23612290557378357,0.005876919323244179,1.0,1.327308064503234,1.0,0.0,1,0.12972182313889696,0.9727626459143969,9.765625E-4,0.07991831312665744,0.6219627888131413,0.17405301680232516,0.20431432973805852,14,15
1775942941822,0.22349462428046604,0.012135015807836047,1.0,1.8491382622917838,1.0,0.09090909090909094,1,0.10911597303852291,0.0,9.765625E-4,0.06036761093034813,0.6248360531164665,0.26420962406515347,0.20454545454545459,15,15
1775942942090,0.2201746693925101,0.008129079910412132,0.8986568449387452,1.745490479668063,0.0,0.4,0,0.07701994465374057,0.9328358208955223,9.765625E-4,0.06036761093034811,0.0,0.2113676992521228,0.20514390691977957,14,15
1775942942345,0.2230815076568135,0.01705502440066488,0.9352148372959181,1.6415336287333182,0.0,0.09090909090909094,1,0.07335331009095492,0.0,9.765625E-4,0.06043978815158618,0.0,0.16909415940169825,0.20445529447665545,15,15
1775942942616,0.2133920016766277,0.010638824085148942,0.8872713935391447,1.5452806340676022,0.0,0.09999999999999998,1,0.06848488026257771,0.9225092250922509,9.765625E-4,0.0605121586249967,0.0,0.1352753275213586,0.20474596896866448,15,15
1775942942871,0.20811409100456998,0.01357801725083749,0.8460281212700888,1.4556526905502394,0.0,0.0,0,0.07191836029697413,0.0,9.765625E-4,0.0605121586249967,0.0,0.10822026201708689,0.2046694966646453,15,15
1775942943140,0.20519845462158587,0.01532096292372963,0.8038476467532778,1.372381958719876,0.0,0.0,0,0.06823819567567792,0.929368029739777,9.765625E-4,0.06051215862499668,0.0,0.08657620961366952,0.2043530834340992,14,15
1775942943396,0.21008125442384099,0.013818890653018003,0.8306848125819025,1.288500286017839,0.0,0.18181818181818177,1,0.06729540625294456,0.9765625,9.765625E-4,0.06051215862499667,0.0,0.06926096769093562,0.20427839710756257,13,15
1775942943654,0.2140570043681468,0.014728492692357632,0.6566230924242761,1.223034332999925,0.0,0.19999999999999996,0,0.0696272801071722,0.0,9.765625E-4,0.06058472245082631,0.0,0.0554087741527485,0.20426554520877138,14,15
1775942943922,0.21592098071110818,0.0173981249273584,0.19473035651790077,1.202318265870105,0.0,0.33333333333333337,1,0.06809148985775931,0.0,9.765625E-4,0.06058472245082632,0.0,0.044327019322198805,0.20408163265306123,15,15
1775942944191,0.22305972781688002,0.017638135124562245,0.6909100874225932,1.1365207179543244,0.0,0.09999999999999998,0,0.0710315403177567,0.929368029739777,9.765625E-4,0.060657479725663474,0.0,0.03546161545775905,0.20377019748653502,14,15
1775942944446,0.23891467595805516,0.01519608412466093,0.7133102796819676,1.069930559910485,0.0,0.09090909090909094,1,0.06800460471418852,0.9803921568627451,9.765625E-4,0.06080357499022165,0.0,0.02836929236620724,0.2031016999701759,13,15
1775942944711,0.24673073350795913,0.01811785173112477,0.5667933010130214,1.0179299213580577,0.0,0.09999999999999998,1,0.06691742931650359,0.0,9.765625E-4,0.06095044511693828,0.0,0.022695433892965793,0.20279512340172468,15,15
1775942944967,0.2351204025746293,0.009671658259226308,0.6547089044232237,0.9589039053677275,0.0,0.18181818181818177,0,0.06576426603505517,0.9765625,9.765625E-4,0.060950445116938264,0.0,0.018156347114372636,0.20331950207468885,13,15
1775942945228,0.23823223524375509,0.009709004342884013,0.5213420043489697,0.9128262825565187,0.0,0.19999999999999996,0,0.07422587620114078,0.0,9.765625E-4,0.060950445116938264,0.0,0.01452507769149811,0.2036052009456265,14,15
1775942945484,0.24848994395135132,0.016334643164204972,1.0,1.1381401202297396,1.0,0.18181818181818177,0,0.08424823622757724,0.9765625,9.765625E-4,0.04926176859276195,0.38631974880164144,0.0888840119135268,0.2038291605301915,13,15
1775942945746,0.24661672166187762,0.010903784827547504,1.0,1.3684739845761114,1.0,0.0,0,0.07539456188669502,0.0,9.765625E-4,0.0410536373810925,0.3794190581306538,0.1469910211569522,0.20440528634361232,14,15
1775942946001,0.2511648439994258,0.016034668295056585,0.9074288644164322,1.2787188842562471,0.0,0.0,1,0.0708696140858222,0.9803921568627451,9.765625E-4,0.04110939975062169,0.0,0.11759281692556177,0.20403981264637006,13,15
1775942946260,0.24720988164157737,0.012226125672450528,0.6649076238415116,1.2135786828263808,0.0,0.30000000000000004,0,0.07829053025628305,0.0,9.765625E-4,0.04110939975062169,0.0,0.09407425354044942,0.20402802101576178,14,15
1775942946515,0.24769818410903133,0.014657474823413659,0.6946439897524354,1.147103880686443,0.0,0.0,1,0.08152843510632474,0.9803921568627451,9.765625E-4,0.04122146119563276,0.0,0.07525940283235955,0.2039569391911551,13,15
1775942946774,0.24200629480258723,0.012418697646354724,0.605493895016418,1.0901884012862342,0.0,0.09999999999999998,0,0.07555646752577747,0.0,9.765625E-4,0.04127776099741808,0.0,0.06020752226588764,0.20394545982013346,14,15
1775942947030,0.2328188345630105,0.01557308866365899,0.6923955408041984,1.02642382986362,0.0,0.18181818181818177,1,0.06546277859300326,0.9765625,9.765625E-4,0.041334240667988874,0.0,0.04816601781271011,0.20358588779641407,13,15
1775942947289,0.23690035128623993,0.011496255058919502,0.5508256043083285,0.9766175864868287,0.0,0.30000000000000004,0,0.06550518254276257,0.0,9.765625E-4,0.041390900568064534,0.0,0.03853281425016809,0.20357554786620535,14,15
1775942947544,0.2375982814959845,0.013759789186050128,0.6321750446591924,0.9203452899207132,0.0,0.18181818181818177,0,0.06629551982827496,0.9803921568627451,9.765625E-4,0.041390900568064534,0.0,0.030826251400134477,0.20321931589537223,13,15
1775942947803,0.24608857744161478,0.018495566098332805,0.5035791052585785,0.876442205751773,0.0,0.0,0,0.06951897414440188,0.0,9.765625E-4,0.04139090056806454,0.0,0.024661001120107582,0.20292347377472053,14,15
1775942948058,0.23957546926921963,0.013571310746446848,0.5768424966500072,0.8267224260687148,0.0,0.18181818181818177,0,0.06674036776489092,0.9803921568627451,9.765625E-4,0.041390900568064534,0.0,0.019728800896086068,0.20257142857142862,13,15
1775942948325,0.244793561463558,0.014013376388486019,0.4572567170063006,0.7882217317498389,0.0,0.0,0,0.06718648204086634,0.0,9.765625E-4,0.04150476249456123,0.0,0.015783040716868854,0.20227920227920226,14,15
1775942948580,0.241189853196285,0.012739433080441835,0.5695895177921142,0.7404327701665575,0.0,0.18181818181818177,1,0.06331815617360091,0.9803921568627451,9.765625E-4,0.04150476249456124,0.0,0.012626432573495085,0.20221527975007103,13,15
1775942948838,0.24740196527233815,0.0114962550589195,0.41848166654424174,0.7063221671380424,0.0,0.0,0,0.06294288809543239,0.0,9.765625E-4,0.04150476249456123,0.0,0.010101146058796069,0.20192580005664118,14,15
1775942949094,0.24550996914162562,0.018160679454529663,0.08272866707393532,0.7013858262217246,0.0,0.0,1,0.062376209807643364,0.0,9.765625E-4,0.04150476249456123,0.0,0.008080916847036856,0.20181149165015566,15,15
1775942949352,0.2420531800198284,0.014728492692357632,0.4843716407506346,0.6626911103209995,0.0,0.09999999999999998,0,0.0620197859457767,0.9689922480620154,9.765625E-4,0.04150476249456123,0.0,0.006464733477629485,0.20180637877504937,14,15
1775942949607,0.2403900747574394,0.012907792006873187,0.42405292024978325,0.6294878631222485,0.0,0.5454545454545454,1,0.07936059313251888,0.0,9.765625E-4,0.041504762494561205,0.0,0.005171786782103588,0.20146314012380417,15,15
1775942949868,0.25550525830454984,0.02483001813787974,0.3682687926340179,0.601304929982944,0.0,0.09999999999999998,0,0.06840963113346311,0.9578544061302682,9.765625E-4,0.04161934964221534,0.0,0.004137429425682871,0.2008978675645342,14,15
1775942950124,0.26134109574738773,0.014357499954265272,0.3904824703920119,0.5715970157206881,0.0,0.0,1,0.06528884259453296,0.0,9.765625E-4,0.041676916064756764,0.0,0.0033099435405462966,0.20083916083916087,15,15
1775942950390,0.26008499582952566,0.014013376388486019,0.4397785817798131,0.5381183862250924,0.0,0.0,0,0.08482226888809308,0.9398496240601504,9.765625E-4,0.04173466485934777,0.0,0.0026479548324370374,0.20083682008368198,14,15
1775942950645,0.25947918645776225,0.017230089831486873,0.35584727695081503,0.5117622620911783,0.0,0.0,0,0.07524490858154378,0.0,9.765625E-4,0.04173466485934777,0.0,0.00211836386594963,0.20022246941045607,15,15
1775942950909,0.26190995646005677,0.017238236867094442,0.34036661964334597,0.48689342592549656,0.0,0.4,0,0.0678082237578214,0.9469696969696969,9.765625E-4,0.04179259637927489,0.0,0.0016946910927597041,0.19994453688297287,14,15
1775942951164,0.2632300859841012,0.01423482948602051,0.3256901249388428,0.4634145604438773,0.0,0.0,1,0.06439227853605974,0.0,9.765625E-4,0.041909009002574396,0.0,0.0013557528742077635,0.199889411114183,15,15
1775942951421,0.2695551579077234,0.01678808130562139,0.3134849222827876,0.4410990443927388,0.0,0.0,1,0.0608549717616801,0.9727626459143969,9.765625E-4,0.041967490806752265,0.0,0.001084602299366211,0.19988971601874828,14,15
1775942951677,0.2727797394185735,0.016391505661091217,0.30094313793891037,0.4199476396209055,0.0,0.0,1,0.06267849444277575,0.0,9.765625E-4,0.04202615673783786,0.0,8.676818394929688E-4,0.19956019791094004,15,15
1775942951937,0.26900363012785317,0.010373863342750377,0.3151706385167503,0.3978374669838614,0.0,0.0,0,0.06447699860698564,0.9615384615384615,9.765625E-4,0.04202615673783787,0.0,6.941454715943751E-4,0.1998355263157895,14,15
1775942952193,0.26500472042822876,0.016814150998484365,0.27597854707499103,0.37891687644679906,0.0,0.18181818181818177,1,0.06318416476104673,0.0,9.765625E-4,0.04208500714323224,0.0,5.553163772755E-4,0.19950806231210716,15,15
1775942952452,0.258209576667983,0.014863430207426873,0.28918111715017947,0.3591065530505344,0.0,0.19999999999999996,0,0.06525697412020746,0.9652509652509652,9.765625E-4,0.042085007143232246,0.0,4.4425310182040007E-4,0.19896429544835104,14,15
1775942952707,0.253800613558892,0.015255185591628802,0.25191228092008733,0.34226303824934723,0.0,0.18181818181818177,0,0.08792182958814411,0.0,9.765625E-4,0.04226266866060926,0.0,3.5540248145632007E-4,0.19864130434782612,15,15
1775942952971,0.25201929105799176,0.013213579873550414,1.0,0.6341445919646269,1.0,0.09999999999999998,0,0.08163653388254827,0.9469696969696969,9.765625E-4,0.025034638026953864,0.37717197926294976,0.07571871783775501,0.19918699186991873,14,15
1775942953226,0.24361117964249454,0.014175728019052636,0.4248417401950363,0.602584761385207,0.0,0.0,1,0.07025431671700712,0.0,9.765625E-4,0.025073500611479543,0.0,0.06057497427020401,0.199135368819238,15,15
1775942953483,0.24154480153705168,0.013076179491391383,1.0,0.8808596863327925,1.0,0.19999999999999996,1,0.06808521601344092,0.9727626459143969,0.001220703125,0.09466979221144603,0.3851526927871777,0.12549051797359875,0.1994071678792778,14,15
1775942953739,0.2448164916948178,0.02000683525802628,0.5653966669426193,0.83499497211033,0.0,0.2727272727272727,1,0.0665921139120569,0.0,0.001220703125,0.09466979221144603,0.0,0.10039241437887901,0.19908651262761956,15,15
1775942953998,0.24791949448375078,0.14966159022021516,0.41011418507300745,0.802666917229531,0.0,0.09999999999999998,0,0.07333128832691416,0.9652509652509652,0.001220703125,0.0947687623174557,0.0,0.08031393150310322,0.1988210075026795,14,15
1775942954254,0.2462379772290394,0.028059792904228078,0.09837612656237736,0.7962954145929536,0.0,0.0,1,0.07160978718646584,0.0,0.001220703125,0.0947687623174557,0.0,0.06425114520248258,0.19871451526513118,15,15
1775942954517,0.24789116263722522,0.01651574340839312,0.5744463601887518,0.7517301867272792,0.0,0.0,0,0.06519152500904576,0.9505703422053231,0.001220703125,0.0947927615521152,0.0,0.05140091616198607,0.19871794871794868,14,15
1775942954772,0.2407646176764601,0.007806011478831717,0.5025712950913588,0.7134623241082829,0.0,0.18181818181818177,1,0.13468135792929448,0.0,0.001220703125,0.0947927615521152,0.0,0.04112073292958886,0.1994673768308921,15,15
1775942955038,0.23810450187361154,0.012883607517487187,1.0,0.9903595970829437,1.0,0.09999999999999998,1,0.11887295653303184,0.9398496240601504,0.001220703125,0.07937956487562087,0.3749507372988633,0.10788673380344374,0.19973439575033203,15,15
1775942955293,0.23836297564094702,0.015021018693838933,0.6337190530151613,0.9378537902930105,0.0,0.2727272727272727,1,0.09277225143960603,0.0,0.001220703125,0.07939822344601138,0.0,0.086309387042755,0.19941737288135597,15,15
1775942955557,0.24597996704938804,0.013141191105056044,1.0,1.2056794640025348,1.0,0.19999999999999996,0,0.08931901404558265,0.9469696969696969,0.001220703125,0.06655163859377698,0.37717197926294976,0.14448190548679396,0.19968304278922344,14,15
1775942955812,0.2560531112409545,0.018563833815024838,0.7429979316345515,1.1394854149686262,0.0,0.09090909090909094,0,0.06893788321045885,0.0,0.001220703125,0.0665972943081658,0.0,0.11558552438943517,0.19910455622860157,15,15
1775942956076,0.2604489884515871,0.018632966480491835,0.6457305509310843,1.082927780827425,0.0,0.09999999999999998,1,0.06921602664294957,0.9469696969696969,0.001220703125,0.06662802864378856,0.0,0.09246841951154815,0.19884423430522724,14,15
1775942956332,0.2607968730515554,0.01519608412466093,0.6787504901794645,1.0246072812102809,0.0,0.18181818181818177,1,0.07554319453299006,0.0,0.001220703125,0.06664348559917661,0.0,0.07397473560923852,0.19853326348873757,15,15
1775942956591,0.2585299782954895,0.019665159400924982,0.6927171889108712,0.9660617107520993,0.0,0.0,0,0.11147309592815291,0.9652509652509652,0.001220703125,0.0668006100660499,0.0,0.05917978848739082,0.19801462904911182,14,15
1775942956847,0.2571907500622192,0.015436957526841441,0.6140363629135834,0.915047114336585,0.0,0.18181818181818177,1,0.12915286838758933,0.0,0.001220703125,0.06681623332406189,0.0,0.04734383078991266,0.19796822089085697,15,15
1775942957104,0.26006830060386543,0.016432921767486855,0.585730715282632,0.8671699382839162,0.0,0.19999999999999996,0,0.08253475897491604,0.9727626459143969,0.001220703125,0.06684766221152588,0.0,0.03787506463193013,0.19745388412574694,14,15
1775942957359,0.2686131638277042,0.01757744276805615,0.5595998339976027,0.8221479440509144,0.0,0.0,1,0.08383212206813082,0.0,0.001220703125,0.06686346826809417,0.0,0.030300051705544107,0.1974093264248704,15,15
1775942957615,0.2716942800927517,0.020159003250601628,0.534354752210639,0.7798186458809914,0.0,0.09090909090909094,1,0.0774891997529775,0.0,0.001220703125,0.06689526467912614,0.0,0.024240041364435288,0.1971066907775768,15,15
1775942957878,0.28015178761686016,0.021452410116960474,0.5189942820793467,0.7392888823660567,0.0,0.11111111111111116,0,0.06908363421977265,0.9505703422053231,0.001220703125,0.06679557736236481,0.0,0.01939203309154823,0.19685648028858538,14,15
1775942958132,0.27240065965825805,0.015496058993809314,0.48790247465227604,0.7017782809286971,0.0,0.0,1,0.08322583291265571,0.0,0.001220703125,0.06682802777999867,0.0,0.015513626473238585,0.19707091469681393,15,15
1775942958390,0.2727021463365427,0.015328340078559337,0.5078170469091664,0.6630790047982317,0.0,0.0,1,0.07174645607063398,0.9689922480620154,0.001220703125,0.06684434729330735,0.0,0.012410901178590868,0.19682214249103025,15,15
1775942958645,0.27031233257356696,0.01291449851126383,0.4441553360012049,0.6298914359547036,0.0,0.18181818181818177,1,0.06916951074866001,0.0,0.001220703125,0.06687717602594731,0.0,0.009928720942872695,0.19677996422182464,15,15
1775942958903,0.2717835264720782,0.1436004113612216,0.4559390494829371,0.5961028515199239,0.0,0.19999999999999996,0,0.06927401305171808,0.9689922480620154,0.001220703125,0.06701950889441381,0.0,0.007942976754298156,0.1965332653581443,14,15
1775942959158,0.2806578528549253,0.016573277596303858,0.4052252428503731,0.5666456885796839,0.0,0.0,0,0.06563568352779144,0.0,0.001220703125,0.06706937462975618,0.0,0.006354381403438525,0.1962379257752923,15,15
1775942959449,0.2798497021052806,0.015873015873015876,0.1022333154953599,0.5611777293701495,0.0,0.5,0,0.06953903096094562,0.859106529209622,0.001220703125,0.06719509929821732,0.0,0.00508350512275082,0.19613821138211385,13,15
1775942959705,0.2800188600822525,0.017295897802845392,0.3900708190735776,0.5336078310992831,0.0,0.09090909090909094,0,0.06754105842135225,0.0,0.001220703125,0.06722863315294678,0.0,0.004066804098200656,0.19559158854826453,14,15
1775942959964,0.2740122048195457,0.023587443216300796,0.40662891691954844,0.5050009515765754,0.0,0.0,1,0.07738298380461825,0.9652509652509652,0.001220703125,0.06726242627519848,0.0,0.0032534432785605253,0.19509729593126102,13,15
1775942960219,0.26182000451980286,0.009678364763616953,0.3510878050913751,0.48085918174443104,0.0,0.18181818181818177,0,0.06599401430096527,0.0,0.001220703125,0.06738803305414312,0.0,0.0026027546228484205,0.19556451612903225,14,15
1775942960477,0.2573160354512373,0.016050833537260657,0.31241586445416275,0.4598453834168464,0.0,0.30000000000000004,1,0.08473790425264568,0.9689922480620154,0.001220703125,0.06738803305414312,0.0,0.0020822036982787364,0.19532428355957765,13,15
1775942960732,0.265074404526376,0.015371149555482924,0.3251350731962146,0.43805228886915504,0.0,0.09090909090909094,0,0.08027510545495475,0.0,0.001220703125,0.06751358312938276,0.0,0.0016657629586229893,0.1952870393582351,14,15
1775942960990,0.268601887936212,0.018767903995561074,0.3672698520926064,0.41327280325860277,0.0,0.09999999999999998,0,0.08321234923431864,0.9689922480620154,0.001220703125,0.06769010771969437,0.0,0.0013326103668983916,0.1947986996749187,13,15
1775942961246,0.27340672272625977,0.02143642369224644,0.29160075421716897,0.3942447828474893,0.0,0.2727272727272727,0,0.07947681094092289,0.0,0.001220703125,0.06795791298845441,0.0,0.0010660882935187132,0.1942643391521197,14,15
1775942961501,0.27834760306691536,0.019743064417599123,0.2900734709110726,0.37546094448698336,0.0,0.0,1,0.07744703224560562,0.0,0.001220703125,0.06797508847622681,0.0,8.528706348149706E-4,0.19423029097239497,15,15
1775942961763,0.27222837461350285,0.015121013794995726,0.3031534720639237,0.35584295645105374,0.0,0.09999999999999998,1,0.06844959552591774,0.9541984732824427,0.001220703125,0.0679750884762268,0.0,6.822965078519765E-4,0.1939965269163979,14,15
1775942962018,0.2612432875473094,0.01195324387262341,0.2662466265825924,0.339002025284097,0.0,0.18181818181818177,1,0.06378801156970376,0.0,0.001220703125,0.06797508847622681,0.0,5.458372062815812E-4,0.19421078673923797,15,15
1775942962279,0.26249096197177507,0.012346308877860354,0.30024687993816646,0.3198186385793316,0.0,0.19999999999999996,0,0.06519758577543754,0.9578544061302682,0.001220703125,0.06800963793623811,0.0,4.3666976502526497E-4,0.1939782823297137,14,15
1775942962534,0.2669300743236755,0.01944308954845074,0.24301594891723208,0.3047970280750642,0.0,0.2727272727272727,1,0.06247776786395942,0.0,0.001220703125,0.06802701236402597,0.0,3.49335812020212E-4,0.19345311346295846,15,15
1775942962795,0.27136398170582765,0.017045664893190246,0.21295233977296382,0.2919782578648655,0.0,0.19999999999999996,0,0.07125192835326417,0.9578544061302682,0.001220703125,0.0680444535616918,0.0,2.794686496161696E-4,0.19346918733120555,14,15
1775942963051,0.2806087535745423,0.1385734640701064,0.19842887384594618,0.280250284984322,0.0,0.0,0,0.07809513054431635,0.0,0.001220703125,0.06829468079565436,0.0,2.235749196929357E-4,0.1929480901077375,15,15
1775942963306,0.28020355279172693,0.014278337130884581,0.23802560260601732,0.26584698203628965,0.0,0.19999999999999996,0,0.09921066415728917,0.9803921568627451,0.001220703125,0.06829468079565434,0.0,1.7885993575434856E-4,0.19272105520273575,14,15
1775942963563,0.2732992518251292,0.010203561056082937,1.0,0.6198226919939509,1.0,0.18181818181818177,1,0.1252816408936283,0.0,0.001220703125,0.03763734319870242,0.3851526927871777,0.07717362650603901,0.1936662606577345,15,15
1775942963828,0.2686179582805809,0.015858261563356464,0.44717968973115285,0.5890149518508557,0.0,0.09999999999999998,0,0.08358036666290336,0.9433962264150942,0.001220703125,0.03764633679141849,0.0,0.06173890120483121,0.1934386391251519,14,15
1775942964083,0.26027844361173047,0.01705502440066488,0.4281346829350233,0.5599024400284761,0.0,0.18181818181818177,1,0.07206711795254127,0.0,0.001220703125,0.03765536729313843,0.0,0.04939112096386497,0.1931652932622394,15,15
1775942964344,0.2584976617051954,0.010373863342750379,0.37386545887031297,0.5350443368683596,0.0,0.4,1,0.0699497676845616,0.9578544061302682,0.001220703125,0.03767353959634668,0.0,0.03951289677109198,0.19318181818181823,15,15
1775942964604,0.2590673796931033,0.015873015873015876,0.03710124181151169,0.5348703257547216,0.0,0.0,1,0.06863199223294643,0.0,0.001220703125,0.03767353959634669,0.0,0.03161031741687358,0.1931351220691322,15,15
1775942964863,0.26737056705025664,0.020620166325261226,0.43558698527006834,0.506186000168952,0.0,0.0,0,0.06671702543392635,0.9652509652509652,0.001220703125,0.0377103334391628,0.0,0.02528825393349887,0.19291053773812394,14,15
1775942965118,0.26550282093297334,0.019395711481029854,0.3818391315316687,0.4815534218333342,0.0,0.0,0,0.07021963540228995,0.0,0.001220703125,0.03772895730393,0.0,0.020230603146799097,0.19240019240019235,15,15
1775942965385,0.2701689720887111,0.022382229859225403,0.36110777628758706,0.4585777139853835,0.0,0.11111111111111116,0,0.07533509345879696,0.9363295880149812,0.001220703125,0.037948649380685165,0.0,0.01618448251743928,0.19193857965451055,14,15
1775942965641,0.27267417195276084,0.020136259890453187,0.3513892581020603,0.4364536146225653,0.0,0.18181818181818177,1,0.06687072850395531,0.0,0.001220703125,0.037958047930650635,0.0,0.012947586013951424,0.191433357262503,15,15
1775942965898,0.2706470811707377,0.02210989196199713,0.3367894123209127,0.4155021240344083,0.0,0.30000000000000004,0,0.06587520215033832,0.9727626459143969,0.001220703125,0.03799602834072225,0.0,0.01035806881116114,0.1912150871329673,14,15
1775942966154,0.2805875155857454,0.01883867227584495,0.323302220353301,0.39562424993349676,0.0,0.2727272727272727,1,0.07819959564590365,0.0,0.001220703125,0.03801525236314267,0.0,0.008286455048928913,0.19071428571428573,15,15
1775942966416,0.279211073466644,0.019090499196794588,0.36450219833172604,0.3730245158247244,0.0,0.0,0,0.07025407555859327,0.9541984732824427,0.001220703125,0.03803463386956041,0.0,0.0066291640391431305,0.19049881235154398,14,15
1775942966671,0.2790397552950239,0.01501431218944829,0.2944925030014436,0.3553279734724758,0.0,0.0,0,0.06585667444436014,0.0,0.001220703125,0.038064004071123016,0.0,0.0053033312313145045,0.19047619047619047,15,15
1775942966931,0.28235391648089114,0.016123222305755025,0.2809760722016614,0.3386510374035142,0.0,0.09999999999999998,0,0.06335617539025436,0.9615384615384615,0.001220703125,0.03817931620108146,0.0,0.004242664985051604,0.1902623493264004,14,15
1775942967187,0.28264060758353565,0.01880470721720535,0.26982171193597704,0.3228184495018659,0.0,0.09090909090909094,0,0.07529897053127876,0.0,0.001220703125,0.03831480867232529,0.0,0.0033941319880412832,0.19000471475719005,15,15
1775942967445,0.2821015849514528,0.01832517801468838,0.2364521658511832,0.3093009502552646,0.0,0.0,1,0.06573858255773311,0.9689922480620154,0.001220703125,0.038420688927080573,0.0,0.0027153055904330266,0.18979303857008467,14,15
1775942967702,0.27712260978553416,0.015975566828088712,0.2523817383321529,0.2948068948901115,0.0,0.0,1,0.07170921992534869,0.0,0.001220703125,0.03845086461137544,0.0,0.0021722444723464213,0.18930330752990854,15,15
1775942967960,0.2770662135114264,0.01929044832552849,0.2850819551400548,0.27823124687723827,0.0,0.09999999999999998,0,0.0632471953053173,0.9689922480620154,0.001220703125,0.03847118728605969,0.0,0.001737795577877137,0.1890943131289492,14,15
1775942968215,0.27555721887353773,0.015602538528198073,0.22573621361147414,0.26559062997554683,0.0,0.0,1,0.07543472940633959,0.0,0.001220703125,0.038820857349056104,0.0,0.0013902364623017097,0.18930905695611577,15,15
1775942968473,0.27514729408359706,0.014198571207560505,0.26096692436686636,0.25072699996949305,0.0,0.0,1,0.06762150108208949,0.9689922480620154,0.001220703125,0.03884156672908428,0.0,0.0011121891698413677,0.18933395435491385,15,15
1775942968729,0.27829751731980906,0.02146761082581132,0.21119071982575338,0.23911180053553885,0.0,0.09090909090909094,1,0.07720076933821422,0.0,0.001220703125,0.038872947803274834,0.0,8.897513358730942E-4,0.1888501742160279,15,15
1775942968987,0.2820675080004294,0.01929044832552849,0.1838256534182087,0.2292886514903333,0.0,0.0,0,0.06830856893476142,0.9689922480620154,0.001220703125,0.03899020344423272,0.0,7.118010686984755E-4,0.18841251448435692,14,15
1775942969243,0.29314540795809113,0.018375355375421554,0.19651421283704942,0.21871153041776928,0.0,0.18181818181818177,0,0.06975617460449254,0.0,0.001220703125,0.03902208212381109,0.0,5.694408549587804E-4,0.18839574664817382,15,15
1775942969500,0.2890563358061989,0.017300785613669312,0.18916753232304034,0.20863660234104542,0.0,0.0,0,0.07443102616810204,0.9727626459143969,0.001220703125,0.03903279479339865,0.0,4.555526839670243E-4,0.1881918819188192,14,15
1775942969783,0.2915338788396619,0.04046840883803798,0.01564757782486832,0.2093364843691763,0.0,0.0,1,0.07354173867398692,0.0,0.001220703125,0.03913970776473373,0.0,3.6444214717361946E-4,0.1881484897394512,15,15
1775942970047,0.2948407793154044,0.020486001162440034,0.19961520395029292,0.19880240564602006,0.0,0.09999999999999998,1,0.06636090591325212,0.9469696969696969,0.001220703125,0.03927921169165591,0.0,2.9155371773889556E-4,0.18794570968484015,14,15
1775942970303,0.3004338476202637,0.020618006694814207,0.174351717212549,0.18983971820722512,0.0,0.09090909090909094,1,0.06545596996301775,0.0,0.001220703125,0.039515897056484096,0.0,2.3324297419111646E-4,0.18770078017439196,15,15
1775942970557,0.30363358860863265,0.02186577553403023,0.1704109470964066,0.18114783475969184,0.0,0.0,0,0.06508548622820233,0.0,0.001220703125,0.03953784992251436,0.0,1.8659437935289317E-4,0.18745708400091554,15,15
1775942970816,0.30602948536099245,0.01744556315065805,0.16397507548005502,0.1728713033544871,0.0,0.09999999999999998,1,0.0746339517955053,0.9652509652509652,0.001220703125,0.03957111395059928,0.0,1.4927550348231455E-4,0.18725736469513588,14,15
1775942971072,0.3043386895498566,0.019161544583239983,0.15790050525053173,0.16498318045740057,0.0,0.09090909090909094,1,0.0673352439060821,0.0,0.001220703125,0.03959351510101721,0.0,1.1942040278585165E-4,0.18701594533029609,15,15
1775942971344,0.30377949416397565,0.019814903651424288,0.1375529611263413,0.1583168174711626,0.0,0.0,0,0.06224639344594522,0.9191176470588235,0.001220703125,0.03970125321542189,0.0,9.553632222868132E-5,0.18681818181818177,14,15
1775942971599,0.3046792273891512,0.022515881264822606,0.14617561259771428,0.15117398168922788,0.0,0.0,1,0.08439924028746251,0.0,0.001220703125,0.03982047015813603,0.0,7.642905778294506E-5,0.18657900702788488,15,15
1775942971867,0.30276243731061864,0.0225748018331296,1.0,0.595636733828216,1.0,0.0,0,0.08154452624244066,0.9328358208955223,0.00146484375,0.07589836583974835,0.372754903013537,0.07461212384893376,0.1863831712282289,14,15
1775942972122,0.29952853803050494,0.017220605402021513,0.4558693091550034,0.5683031835773065,0.0,0.09090909090909094,0,0.0761010555839873,0.0,0.00146484375,0.0757349986204246,0.0,0.05968969907914701,0.1865974729241877,15,15
1775942972378,0.2975101537041046,0.020340451273203247,0.2780796316596454,0.5527963476397492,0.0,0.30000000000000004,0,0.07166322827517228,0.9765625,0.00146484375,0.07475557974472123,0.0,0.04775175926331761,0.18640252138676272,14,15
1775942972634,0.2947378905785338,0.01992483635281176,0.39889396677560607,0.5296886093813155,0.0,0.0,0,0.06469297871882093,0.0,0.00146484375,0.07443363845903836,0.0,0.03820140741065409,0.18616662923871552,15,15
1775942972891,0.2949968740548588,0.017355364354922076,0.502126135311471,0.500133325572549,0.0,0.09999999999999998,1,0.06319135888302989,0.9727626459143969,0.00146484375,0.07411785001229945,0.0,0.03056112592852327,0.18597356038539103,14,15
1775942973146,0.2975969919247627,0.0131486654090537,0.393539684641421,0.47768916498939246,0.0,0.0,1,0.06922061609962321,0.0,0.00146484375,0.07399530067853319,0.0,0.024448900742818618,0.18618685739830132,15,15
1775942973408,0.3014897768038354,0.16502580825857216,0.3070782073753532,0.4608862281725387,0.0,0.09999999999999998,0,0.06833995751119411,0.9541984732824427,0.00146484375,0.07383711320292236,0.0,0.019559120594254895,0.18599464763603923,14,15
1775942973664,0.30790076523859616,0.14150348281885208,0.22284482340448206,0.44951021827262844,0.0,0.0,1,0.07117834321931303,0.0,0.00146484375,0.07309525124067183,0.0,0.015647296475403916,0.18576195773081206,15,15
1775942973926,0.3133853288935711,0.02059497914318991,0.363648155545769,0.42951681733318603,0.0,0.09999999999999998,1,0.072313283312534,0.9541984732824427,0.00146484375,0.07293307115918989,0.0,0.012517837180323134,0.18557158712541622,15,15
1775942974181,0.3084117469486688,0.024428906112638083,0.29814324750158905,0.41369825288467044,0.0,0.18181818181818177,1,0.0651220630981261,0.0,0.00146484375,0.07244611265135499,0.0,0.010014269744258508,0.18511957484499553,15,15
1775942974441,0.30589403527171904,0.010057247219830392,0.24965754273956403,0.4009656555189983,0.0,0.11111111111111116,1,0.06340392702190399,0.9615384615384615,0.00146484375,0.07211455036400885,0.0,0.008011415795406807,0.185414364640884,14,15
1775942974697,0.30360345678078626,0.016557086662447852,0.28298851822326465,0.38632478494921835,0.0,0.0,0,0.06243406931853719,0.0,0.00146484375,0.0716168387450757,0.0,0.006409132636325446,0.185626102292769,15,15
1775942975049,0.300436703463614,0.022447834323382463,0.032547516283790004,0.3867741614561391,0.0,0.0,0,0.06185788886011498,0.7102272727272728,0.00146484375,0.0716168387450757,0.0,0.005127306109060357,0.18558518845051797,13,15
1775942975306,0.29432996412213647,0.020408895264548074,0.21556008595453227,0.37646096796840556,0.0,0.11111111111111116,0,0.062167254999034235,0.0,0.00146484375,0.07112524046962673,0.0,0.004101844887248286,0.1852177738671359,14,15
1775942975560,0.2935671323418979,0.021617202631201655,0.36425563321293153,0.3574982857162941,0.0,0.09090909090909094,1,0.07000873848287438,0.984251968503937,0.00146484375,0.07070471638491584,0.0,0.0032814759097986286,0.18520956769804697,13,15
1775942975810,0.2964800556085838,0.014529088323768202,0.20205374839336418,0.348091801663529,0.0,0.0,0,0.06734030065042333,0.0,0.00146484375,0.07021519220546174,0.0,0.0026251807278389033,0.1850635129215944,14,15
1775942976065,0.2905120247125889,0.01858831444419908,0.3873246390771439,0.3280374348040801,0.0,0.0,1,0.06476323668478867,0.9803921568627451,0.00146484375,0.07009895639170269,0.0,0.0021001445822711228,0.18483722962639282,13,15
1775942976330,0.28579828538626206,0.019865108529658886,0.21533625196101494,0.3179464101605529,0.0,0.09999999999999998,0,0.06514446276351726,0.0,0.00146484375,0.06963940102983032,0.0,0.0016801156658168984,0.184652278177458,14,15
1775942976586,0.28465897586707767,0.01435079344987463,1.0,0.8014634559762329,1.0,0.0,0,0.06388282002724878,0.0,0.001708984375,0.10633415905054026,0.38631974880164144,0.07860804229298182,0.18442801217920834,15,15
1775942976854,0.28743499355419294,0.01897528270489533,0.4576219526761346,0.773366456643726,0.0,0.09999999999999998,1,0.06470322301302314,0.9328358208955223,0.001708984375,0.10568743221463943,0.0,0.06288643383438546,0.18424479166666663,14,15
1775942977109,0.2980469709691987,0.02366561434306631,0.46420253462563216,0.7452455189709323,0.0,0.09090909090909094,1,0.06905011315860256,0.0,0.001708984375,0.10520080655283345,0.0,0.050309147067508365,0.1840225156960381,15,15
1775942977364,0.2961632239750138,0.02085217359260408,0.5192849783038936,0.713945717294086,0.0,0.0,1,0.06750530369856694,0.9803921568627451,0.001708984375,0.10505167991445327,0.0,0.040247317654006694,0.18380129589632832,13,15
1775942977626,0.3051656510635149,0.15676122671939882,0.3768201318046501,0.692120979987032,0.0,0.0,0,0.06705177576438587,0.0,0.001708984375,0.10466863727570898,0.0,0.032197854123205354,0.18340517241379306,14,15
1775942977882,0.3092411352362998,0.028378377375250837,0.4256818601733375,0.667507079123081,0.0,0.09090909090909094,0,0.06373960262168332,0.9765625,0.001708984375,0.1041594782290626,0.0,0.025758283298564284,0.18297140399914003,13,15
1775942978145,0.310144567431731,0.16450922954051606,0.31057458050761144,0.6504143388131866,0.0,0.0,0,0.06473944206562494,0.0,0.001708984375,0.10366730009466762,0.0,0.02060662663885143,0.18279339197597078,14,15
1775942978401,0.31719993504787525,0.0759738190056135,0.437500308475375,0.6256835032215575,0.0,0.19999999999999996,1,0.06946233920764382,0.9765625,0.001708984375,0.1036860523002155,0.0,0.016485301311081144,0.18257705479452058,13,15
1775942978667,0.31898656499423683,0.08367841246840549,0.4380529660852637,0.6011799265272166,0.0,0.0,0,0.0724755195638129,0.0,0.001708984375,0.10366335483662117,0.0,0.013188241048864915,0.18218709953011536,14,15
1775942978923,0.32122343618081434,0.022283451636058535,0.42502320841985586,0.5777175005634928,0.0,0.0,1,0.06601689478789105,0.0,0.001708984375,0.1032992529392314,0.0,0.010550592839091932,0.18176006818666102,15,15
1775942979180,0.3203830535616465,0.02232459540039045,0.4903866298954632,0.5504854664291339,0.0,0.09999999999999998,1,0.06384422344493274,0.9727626459143969,0.001708984375,0.10326820588876531,0.0,0.008440474271273547,0.18158622156070592,15,15
1775942979434,0.3195711334479643,0.02269541422995362,0.31494497309542896,0.5340774433046049,0.0,0.0,1,0.07142821957248491,0.0,0.001708984375,0.102974292986699,0.0,0.006752379417018838,0.1813746287653797,15,15
1775942979690,0.32269757306544494,0.01968396295063125,0.35931367962531385,0.5151925553619902,0.0,0.09090909090909094,1,0.06721031278510119,0.0,0.001708984375,0.1024466576810266,0.0,0.005401903533615071,0.18095238095238098,15,15
1775942979945,0.3183394204686159,0.022401654569994284,0.3915883772373704,0.4945605424932468,0.0,0.09090909090909094,0,0.0644070106645874,0.9803921568627451,0.001708984375,0.10255305723757509,0.0,0.004321522826892057,0.1807432432432432,13,15
1775942980266,0.3183394204686159,0.011223917161691232,0.042439662565972924,0.49459986226460645,0.0,0.0,1,0.06509577097022509,0.0,0.001708984375,0.10255305723757507,0.0,0.0034572182615136456,0.18070508760819082,15,15
1775942980521,0.31614726035127144,0.020638511084881024,0.34445687558713745,0.4772002400759143,0.0,0.09090909090909094,1,0.07125573743732527,0.0,0.001708984375,0.10229467544170438,0.0,0.0027657746092109164,0.18070766638584668,15,15
1775942980783,0.31697938295913325,0.021292454905727946,0.3755747255009275,0.45814938069834066,0.0,0.0,0,0.06802300104933269,0.9541984732824427,0.001708984375,0.1023238733772869,0.0,0.0022126196873687334,0.18053804119377892,14,15
1775942981039,0.3188456727263087,0.022563259332243492,0.35964706615739633,0.4401480445823646,0.0,0.09090909090909094,0,0.07032869042120683,0.0,0.001708984375,0.10216650820025527,0.0,0.0017700957498949868,0.18012161878800592,15,15
1775942981294,0.3161448361497446,0.023287616807810822,0.26656119169675074,0.42756875703870734,0.0,0.09090909090909094,1,0.08095654257126075,0.0,0.001708984375,0.10191748597863298,0.0,0.0014160765999159896,0.17991631799163177,15,15
1775942981556,0.30598816281773716,0.021135333500398937,0.3804359591163664,0.40867943918102323,0.0,0.19999999999999996,0,0.06990852142834152,0.9541984732824427,0.001708984375,0.10193095476619801,0.0,0.0011328612799327918,0.17954070981210857,14,15
1775942981811,0.30787722164215303,0.021859771168046903,0.2953719955502818,0.3946654114549246,0.0,0.36363636363636365,0,0.08635640108387126,0.0,0.001708984375,0.10169336760457191,0.0,9.062890239462335E-4,0.17933763799208502,15,15
1775942982081,0.3029720840567182,0.0225748018331296,0.3327375028210006,0.3786752401097648,0.0,0.0,0,0.07469901537160915,0.9259259259259258,0.001708984375,0.10164850285463495,0.0,7.250312191569868E-4,0.17917272916233629,14,15
1775942982335,0.29973961958216905,0.01687325246545224,0.2986294266376837,0.36466035990000734,0.0,0.0,1,0.06669491142577715,0.984251968503937,0.001708984375,0.1012763397903421,0.0,5.800249753255894E-4,0.17897138116963918,13,15
1775942982603,0.2969966236969397,0.022027070321090865,0.24774816162684127,0.3535170734834627,0.0,0.09999999999999998,0,0.0789813670750196,0.0,0.001708984375,0.10124989286231241,0.0,4.6401998026047157E-4,0.17860099337748347,14,15
1775942982858,0.3030055127544903,0.01805918957241717,0.28323921218475356,0.3405313384732541,0.0,0.09090909090909094,1,0.06536656472612101,0.0,0.001708984375,0.10089644646989743,0.0,3.712159842083773E-4,0.17819533347098904,15,15
1775942983116,0.30778411531573274,0.02026500678712669,0.25724886331094593,0.32902138785896956,0.0,0.09999999999999998,0,0.06417450468782923,0.9689922480620154,0.001708984375,0.10031317886806604,0.0,2.9697278736670184E-4,0.17803420564599215,14,15
1775942983371,0.30458118249365196,0.02579661515481565,0.27800144252889253,0.3164756457204775,0.0,0.0,1,0.06615584401349152,0.0,0.001708984375,0.1004262032359797,0.0,2.375782298933615E-4,0.17763157894736847,15,15
1775942983628,0.3000012069468751,0.027908585419031882,0.20529874607856916,0.3078452582638078,0.0,0.0,0,0.06673536967535139,0.9727626459143969,0.001708984375,0.10018134779218829,0.0,1.900625839146892E-4,0.17726713171932706,14,15
1775942983884,0.3102061287075653,0.1383516909340205,0.23566221297768603,0.2976866803980155,0.0,0.0,0,0.06651441515550317,0.0,0.001708984375,0.10003509197456317,0.0,1.5205006713175137E-4,0.17686796315250763,15,15
1775942984144,0.3108170991735321,0.022375625056643745,0.2949055430260831,0.28450196040276204,0.0,0.09999999999999998,0,0.06469635596419165,0.9615384615384615,0.001708984375,0.09973540529731212,0.0,1.216400537054011E-4,0.1767109295199183,14,15
1775942984398,0.3055794648736011,0.014175728019052635,0.20579388955726044,0.27597426609015285,0.0,0.09090909090909094,1,0.06352547422447581,0.0,0.001708984375,0.09935574285110572,0.0,9.731204296432088E-5,0.1767223807582552,15,15
1775942984660,0.3014201875732523,0.01929044832552849,0.2344781139999919,0.26603099245591005,0.0,0.09999999999999998,1,0.0683291144133495,0.9541984732824427,0.001708984375,0.09926293562455271,0.0,7.784963437145671E-5,0.17656631407648493,14,15
1775942984915,0.2995123252023769,0.021849584600174228,0.22771040270789764,0.2564802859380815,0.0,0.09090909090909094,1,0.0640043036574854,0.0,0.001708984375,0.09918530869060553,0.0,6.227970749716538E-5,0.17637507611122383,15,15
1775942985178,0.303064758741315,0.02186711510985834,0.19758696448143764,0.24849291256040165,0.0,0.0,0,0.06543638598716027,0.9505703422053231,0.001708984375,0.09877509345444899,0.0,4.9823765997732306E-5,0.17601782458983184,14,15
1775942985482,0.3006505210518958,0.025097441747368093,0.025203439769285203,0.24912573462399887,0.0,0.0,1,0.06474258518994128,0.0,0.001708984375,0.09877509345444899,0.0,3.985901279818585E-5,0.17598217901984614,15,15
1775942985738,0.2971981977919715,0.023128742310844833,0.1802179275668842,0.24216101083700753,0.0,0.18181818181818177,1,0.06186439667473685,0.0,0.001708984375,0.0982059880525516,0.0,3.188721023854868E-5,0.17559102849060415,15,15
1775942985999,0.29961192577240114,0.019800096915994225,0.2073704209981961,0.2339112565703563,0.0,0.09999999999999998,0,0.06465404285481417,0.9578544061302682,0.001708984375,0.09792371392260578,0.0,2.5509768190838946E-5,0.17523694293204273,14,15
1775942986254,0.3004374354029222,0.08648632809213785,0.19373992575388044,0.22636132602059125,0.0,0.0,0,0.06658146146572351,0.0,0.001708984375,0.09777331461621798,0.0,2.040781455267116E-5,0.17484909456740438,15,15
1775942986514,0.2943955003882152,0.09070226675100065,0.21097478210888773,0.21801967955471713,0.0,0.0,1,0.06341895474191912,0.9615384615384615,0.001708984375,0.09735581971459273,0.0,1.6326251642136927E-5,0.17449799196787152,14,15
1775942986769,0.30060646693899334,0.014409894916842504,0.20565841422744283,0.20996511790681494,0.0,0.09090909090909094,1,0.07378142708890993,0.0,0.001708984375,0.09721068502449401,0.0,1.3061001313709542E-5,0.1745141254257664,15,15
1775942987026,0.305759668509777,0.020105051575894164,0.17809896827307262,0.20324582389584758,0.0,0.0,0,0.0654772914367575,0.9727626459143969,0.001708984375,0.09673838811676337,0.0,1.0448801050967634E-5,0.17436512697460504,14,15
1775942987282,0.3050614979209511,0.017613800874875577,0.1758989150783407,0.19666094097521464,0.0,0.18181818181818177,1,0.06779653362371862,0.0,0.001708984375,0.09680490897848099,0.0,8.359040840774107E-6,0.17418196328810853,15,15
1775942987541,0.3127234058698828,0.09715628814414257,0.1492967546880582,0.19134163556523084,0.0,0.19999999999999996,0,0.06916348582056304,0.9652509652509652,0.001708984375,0.09665748552396634,0.0,6.687232672619286E-6,0.1738351254480287,14,15
1775942987797,0.3106737685557436,0.09408071817001012,0.16055724302989532,0.18553295282066787,0.0,0.0,1,0.06402167446677179,0.0,0.001708984375,0.09624643152753985,0.0,5.34978613809543E-6,0.17345519570832502,15,15
1775942988062,0.31274921057955285,0.01854276768475586,0.1698956223184172,0.17932517371055062,0.0,0.19999999999999996,0,0.0788565225786843,0.9433962264150942,0.001708984375,0.09631532117993813,0.0,4.2798289104763435E-6,0.17330953797342852,14,15
1775942988318,0.3172330677752768,0.020206381318022514,0.16495157973736957,0.17336640541865447,0.0,0.09090909090909094,0,0.06699641762886292,0.0,0.001708984375,0.09608506530919805,0.0,3.423863128381075E-6,0.1731301939058172,15,15
1775942988582,0.31567201649734683,0.016780704150791685,0.15503598710087874,0.1678765903068602,0.0,0.09999999999999998,1,0.0660599019044365,0.9469696969696969,0.001708984375,0.09557897878088736,0.0,2.7390905027048604E-6,0.17318325434439175,14,15
1775942988837,0.3132805813776771,0.023528490209991332,0.14559287819040098,0.1628299101448876,0.0,0.09090909090909094,1,0.07072418908655657,0.0,0.001708984375,0.09517114624834158,0.0,2.1912724021638883E-6,0.172807881773399,15,15
1775942989094,0.3151413981208464,0.02033001840079135,0.14886867286702005,0.15766115634867267,0.0,0.09999999999999998,0,0.06746888395883427,0.9727626459143969,0.001708984375,0.09497121045629195,0.0,1.7530179217311107E-6,0.17266470009832846,14,15
1775942989350,0.30564579159951594,0.0186865519430611,0.16215387518378907,0.1519325358912752,0.0,0.09090909090909094,1,0.06654624611024926,0.0,0.001708984375,0.09483161387459094,0.0,1.4024143373848885E-6,0.17229199372056514,15,15
1775942989613,0.29763186190806795,0.017162792381017884,0.1457361922583772,0.146934401303194,0.0,0.09999999999999998,1,0.06574257765336274,0.9505703422053231,0.001708984375,0.09461624270807296,0.0,1.1219314699079108E-6,0.17215041128084607,15,15
1775942989868,0.30209820903607726,0.01873219274145619,0.1537287378469624,0.14161143828846748,0.0,0.09090909090909094,1,0.07255473425912302,0.0,0.001708984375,0.09447930374048077,0.0,8.975451759263287E-7,0.17197576705100648,15,15
1775942990124,0.2995958406255392,0.019677256446240604,0.1233038920425374,0.13760140500417725,0.0,0.18181818181818177,1,0.06511455839507889,0.0,0.001708984375,0.09413943061407692,0.0,7.180361407410631E-7,0.17199687987519496,15,15
1775942990386,0.30229120130528836,0.017703146738226906,0.13073375468143084,0.13329554773034177,0.0,0.0,0,0.07154277693014127,0.9541984732824427,0.001708984375,0.09400458968058487,0.0,5.744289125928504E-7,0.17166212534059944,14,15
1775942990703,0.3027480733768021,0.025097441747368093,0.016129332898280835,0.13378951743501147,0.0,0.0,1,0.07071570796854384,0.0,0.001708984375,0.09400458968058487,0.0,4.5954313007428037E-7,0.17162872154115583,15,15
1775942990959,0.3007561071054994,0.019545255626628684,0.14525150719721525,0.12896365643083912,0.0,0.09090909090909094,1,0.06407366238214336,0.0,0.001708984375,0.09388210791330412,0.0,3.6763450405942433E-7,0.17145631067961165,15,15
1775942991216,0.30128201627736745,0.022714113211217003,0.09547443574955924,0.1261934638046072,0.0,0.0,1,0.06499767637833818,0.9727626459143969,0.001708984375,0.09333365335938687,0.0,2.9410760324753947E-7,0.17151162790697672,14,15
1775942991472,0.3007002602110368,0.01579379489287607,0.07736298863283103,0.12417385944101017,0.0,0.0,0,0.14017098720242405,0.0,0.001708984375,0.09200731639746339,0.0,2.3528608259803158E-7,0.17172693869657707,15,15
1775942991732,0.28882652271410897,0.013323330206548342,1.0,0.8647810373756126,1.0,0.0,1,0.1516882347268647,0.9615384615384615,0.001708984375,0.05741607896915457,0.38169241239324847,0.07633867070751578,0.17216753522486006,14,15
1775942991988,0.2936663589760168,0.015536730556839557,0.7468546693092136,0.8256722655462709,0.0,0.09090909090909094,1,0.10618510610300264,0.0,0.001708984375,0.0579074449556651,0.0,0.061070936566012625,0.17218798151001535,15,15
1775942992252,0.29165984175126985,0.015785872794862096,0.7055374666999833,0.7891947015163917,0.0,0.09999999999999998,0,0.0835958435665593,0.9469696969696969,0.001708984375,0.058579384324572735,0.0,0.048856749252810104,0.17204921184159938,14,15
1775942992507,0.29283536366568663,0.021929392195098617,0.7549916276925519,0.7503697735289897,0.0,0.09090909090909094,1,0.07188832100036105,0.0,0.001708984375,0.05908130055662298,0.0,0.03908539940224809,0.17168616919240365,15,15
1775942992764,0.28865165728654496,0.02259961743906292,0.7327926053646079,0.7130306897056014,0.0,0.09999999999999998,0,0.07260734268343172,0.0,0.001708984375,0.05936785559148246,0.0,0.031268319521798475,0.17132465543644715,15,15
1775942993019,0.2942267037946958,0.020622320151025022,0.683327545686036,0.6786162799446904,0.0,0.09090909090909094,1,0.06916641833722662,0.0,0.001708984375,0.05993885604734048,0.0,0.02501465561743878,0.1711556829035339,15,15
1775942993274,0.30359481169531183,0.02067105613600726,0.6573799408883905,0.645829411108075,0.0,0.09090909090909094,1,0.08834064147979842,0.0,0.001708984375,0.0604902246690916,0.0,0.020011724493951027,0.17098741898589398,15,15
1775942993536,0.30428086777099245,0.02524909699379577,1.0,1.3638924450351466,1.0,0.0,0,0.08690840585026799,0.9541984732824427,0.001708984375,0.0904547132958284,0.3794190581306538,0.0918931912212916,0.1708523592085236,14,15
1775942993791,0.30526597546043505,0.029316686915853107,0.857870986636708,1.302829774007832,0.0,0.0,1,0.07212592359756184,0.0,0.001708984375,0.09025716185877485,0.0,0.07351455297703328,0.1704955382570723,15,15
1775942994053,0.317254182252412,0.17816210024646284,0.6978660606498988,1.2536139073991257,0.0,0.19999999999999996,0,0.09061549402102859,0.9541984732824427,0.001708984375,0.09002812715784661,0.0,0.05881164238162663,0.170172446465795,14,15
1775942994309,0.3303668259310254,0.023409252145437112,0.8015448131310302,1.1987211915088796,0.0,0.0,0,0.07536884813979416,0.0,0.001708984375,0.08973877020647739,0.0,0.04704931390530131,0.16981845688350983,15,15
1775942994597,0.32941001603634334,0.02627165545478603,0.7880864103648652,1.1457566481579051,0.0,0.0,1,0.06929857369021335,0.8680555555555556,0.001708984375,0.089662278411509,0.0,0.03763945112424105,0.1694659369692395,14,15
1775942994852,0.3289699452702227,0.022138037807665323,0.7898513884227195,1.0936261990062572,0.0,0.09090909090909094,1,0.06415021695869715,0.0,0.001708984375,0.08949030330418542,0.0,0.030111560899392844,0.16930320150659128,15,15
1775942995140,0.31779745900823564,0.019336610014061974,0.8864851542411256,1.03608862249964,0.0,0.0,0,0.06355230794609923,0.8680555555555556,0.001708984375,0.08940808503341985,0.0,0.024089248719514275,0.16914113888366844,14,15
1775942995396,0.31448550122967717,0.021631608636240366,0.7225239516643571,0.9898813173447445,0.0,0.0,1,0.06357999362960068,0.0,0.001708984375,0.08915266843005283,0.0,0.01927139897561142,0.1687921980495124,15,15
1775942995660,0.31784463829439663,0.021285025325127587,0.6158735984666263,0.9511802030308503,0.0,0.0,1,0.06787662895298975,0.9469696969696969,0.001708984375,0.08900076953518174,0.0,0.015417119180489137,0.1688506177461625,15,15
1775942995990,0.3155679876284864,0.011223917161691232,0.07467937040731557,0.9470227587082214,0.0,0.0,1,0.06824805506829162,0.0,0.001708984375,0.08903818924197489,0.0,0.012333695344391311,0.16881901553434397,15,15
1775942996245,0.31039292549292563,0.02294026387124155,0.676149042537625,0.9059104562657039,0.0,0.0,1,0.06656249097541427,0.0,0.001708984375,0.08888171089315479,0.0,0.00986695627551305,0.16865894658199476,15,15
1775942996510,0.3090129978518275,0.023331601138752288,0.6243304478409417,0.8685645927280206,0.0,0.19999999999999996,0,0.07488583164414375,0.9433962264150942,0.001708984375,0.08882643527988265,0.0,0.00789356502041044,0.16834451901565994,14,15
1775942996766,0.3035012710323971,0.02287942513524788,0.6867133531981165,0.8278705316510846,0.0,0.0,0,0.067109270314579,0.0,0.001708984375,0.08898007478861848,0.0,0.006314852016328353,0.16800000000000004,15,15
1775942997022,0.31162665835036046,0.08699031645479216,0.6565512311933488,0.7894761424459678,0.0,0.0,0,0.06608828908161825,0.9765625,0.001708984375,0.0891739649064591,0.0,0.0050518816130626825,0.16787372330547823,14,15
1775942997278,0.3123889240301744,0.07935832944196607,0.49986630119238,0.7610455616853428,0.0,0.0,0,0.07517073469318727,0.0,0.001708984375,0.08872057635509428,0.0,0.0040415052904501465,0.16753150481838397,15,15
1775942997542,0.3190238668474338,0.03028092921160966,0.48154704535465986,0.7340936187339858,0.0,0.0,1,0.06876966906906538,0.9469696969696969,0.001708984375,0.08833084956631941,0.0,0.003233204232360117,0.1672216056233814,14,15
1775942997798,0.3226707001915371,0.031011629381428017,0.5434437559591112,0.7037721265172027,0.0,0.0,1,0.0704389572650766,0.0,0.001708984375,0.08811309547263325,0.0,0.002586563385888094,0.16688203802842905,15,15
1775942998057,0.3271633278086662,0.023846937799798025,0.5063514642469146,0.6759809814954311,0.0,0.19999999999999996,0,0.07029758325670374,0.9652509652509652,0.001708984375,0.08792502588071179,0.0,0.002069250708710475,0.16657453473373873,14,15
1775942998312,0.32967029968149403,0.02231567942567234,0.43525482619795103,0.6526885170913389,0.0,0.18181818181818177,1,0.06611316199064812,0.0,0.001708984375,0.08746611260405535,0.0,0.0016554005669683802,0.16642147848473698,15,15
1775942998573,0.3232049454483159,0.018847722344655798,0.5578610908140055,0.6224542683834363,0.0,0.0,1,0.06501919738897824,0.9578544061302682,0.001708984375,0.08758840705448209,0.0,0.0013243204535747042,0.1664831130690162,15,15
1775942998828,0.32610152904072465,0.020206381318022517,0.47399830161221823,0.5973651550326158,0.0,0.0,1,0.06934219530870292,0.0,0.001708984375,0.08727155136048209,0.0,0.0010594563628597634,0.16633082982231173,15,15
1775942999085,0.3215376787284963,0.021070321886734276,0.5397121594075258,0.568674805787772,0.0,0.09999999999999998,1,0.06967862408425059,0.9727626459143969,0.001708984375,0.0870323902047429,0.0,8.475650902878108E-4,0.1660266959224721,14,15
1775942999341,0.31855290854650514,0.026163301871619575,0.4785384653745123,0.5437153640041421,0.0,0.09090909090909094,0,0.07138967956536389,0.0,0.001708984375,0.08727417191425725,0.0,6.780520722302486E-4,0.1658759124087591,15,15
1775942999596,0.32204281239874244,0.02158596783784527,0.3598163500811792,0.5257514413545669,0.0,0.0,1,0.06755385566679692,0.0,0.001708984375,0.08674576592868273,0.0,5.424416577841989E-4,0.16554361682753593,15,15
1775942999854,0.32385554465758787,0.02791596257386159,0.30487922291450176,0.5110787210206552,0.0,0.0,0,0.06412592613715232,0.9689922480620154,0.001708984375,0.08657618997304906,0.0,4.3395332622735914E-4,0.16560625340847124,14,15
1775943000109,0.31532788413334334,0.02813233299981577,0.39910379676956587,0.4912578343115984,0.0,0.09090909090909094,0,0.06572030216957832,0.0,0.001708984375,0.08636317030049717,0.0,3.471626609818873E-4,0.16527576197387517,15,15
1775943000369,0.3154046572654554,0.023371595056253663,0.3438140847919925,0.47468134844668636,0.0,0.0,0,0.06440892624326422,0.9615384615384615,0.001708984375,0.08614635269631034,0.0,2.777301287855099E-4,0.16533864541832666,14,15
1775943000625,0.31299861972741244,0.02375868086867378,0.41904968656772795,0.45406450179708996,0.0,0.0,0,0.07180202435982769,0.0,0.001708984375,0.08622844388486942,0.0,2.221841030284079E-4,0.16500994035785288,15,15
1775943000887,0.3099720210590375,0.02534950675026497,0.3514363620568401,0.4373049309134351,0.0,0.09999999999999998,1,0.07094614640387886,0.9541984732824427,0.001708984375,0.08601442918471253,0.0,1.7774728242272634E-4,0.16471224968428644,14,15
1775943001230,0.3097177361897409,0.011223917161691232,0.013258498930217837,0.43906340213797285,0.0,0.0,1,0.07003115677089924,0.0,0.001708984375,0.08588474552425958,0.0,1.4219782593818107E-4,0.16468253968253965,15,15
1775943001485,0.313831162523435,0.024035912377673725,0.2662008941800132,0.42729227060405744,0.0,0.09999999999999998,1,0.06622410934792651,0.0,0.001708984375,0.08531319089649494,0.0,1.1375826075054486E-4,0.1645364536453645,15,15
1775943001741,0.31831057563954546,0.022563259332243492,0.3771107755551454,0.4097015259986689,0.0,0.09090909090909094,1,0.06632530122969102,0.0,0.001708984375,0.08517303202018062,0.0,9.100660860043589E-5,0.16421128278835784,15,15
1775943001996,0.3172622272847336,0.02136113129142256,0.2628024956679419,0.39828143661846716,0.0,0.09090909090909094,0,0.0684061129550081,0.0,0.001708984375,0.08445009683230156,0.0,7.280528688034872E-5,0.16406670252824096,15,15
1775943002259,0.30602789437414574,0.02397887202305572,0.21785160459801123,0.3893184184645609,0.0,0.19999999999999996,0,0.07718798313813802,0.9505703422053231,0.001708984375,0.08379402820565944,0.0,5.824422950427898E-5,0.16413101843565425,14,15
1775943002515,0.30505715665444116,0.021918170496607464,0.36622111637857746,0.3727129160091058,0.0,0.0,1,0.08363982535186,0.0,0.001708984375,0.08387618227292627,0.0,4.6595383603423186E-5,0.16398713826366562,15,15
1775943002770,0.3168970444093774,0.15490061566011037,0.2944964848388321,0.35990566936503654,0.0,0.0,0,0.08703837901754463,0.0,0.001708984375,0.08382057035825831,0.0,3.7276306882738554E-5,0.16366553752897128,15,15
1775943003028,0.31809046356712073,0.024979762388379047,0.23750085136856347,0.35010500536257,0.0,0.0,0,0.06831427299446541,0.9689922480620154,0.001708984375,0.08298199478730973,0.0,2.9821045506190844E-5,0.16337426588360915,14,15
1775943003283,0.3173974090788131,0.029166149773996855,0.25403714581257403,0.3395400824287311,0.0,0.09090909090909094,0,0.06373053682314277,0.0,0.001708984375,0.08235400089957315,0.0,2.3856836404952676E-5,0.16305506216696275,15,15
1775943003543,0.3218138231842858,0.02490978406120382,0.3058099855965193,0.3264332457532501,0.0,0.09999999999999998,1,0.0752620246363719,0.9615384615384615,0.001708984375,0.08237616944750448,0.0,1.908546912396214E-5,0.16276595744680855,14,15
1775943003799,0.3303220360935169,0.01883867227584495,0.25306524371159045,0.3160353060908501,0.0,0.09090909090909094,1,0.06600778865398663,0.0,0.001708984375,0.08202585539423418,0.0,1.5268375299169712E-5,0.16244912404884093,15,15
1775943004054,0.333149086323806,0.01693976257521808,0.27543821532484397,0.3045887782875656,0.0,0.0,0,0.06689822745440498,0.0,0.001708984375,0.08179863773665215,0.0,1.221470023933577E-5,0.16248675379724475,15,15
1775943004310,0.3310537074583095,0.01987248905002603,0.2472902586665114,0.29458876114025073,0.0,0.09090909090909094,1,0.06540710004713932,0.0,0.001708984375,0.08133632855582626,0.0,9.771760191468617E-6,0.16234796404019036,15,15
1775943004576,0.328784400730764,0.01989772529233055,0.22846587679405322,0.2855651912177984,0.0,0.19999999999999996,1,0.06857297119272446,0.9398496240601504,0.001708984375,0.08052775937835159,0.0,7.817408153174895E-6,0.16223825444307582,15,15
1775943004832,0.3330961740409693,0.022797426230033363,0.21519867039172907,0.2772380711816426,0.0,0.0,1,0.06383898466972528,0.0,0.001708984375,0.07981896101057288,0.0,6.253926522539916E-6,0.16210045662100458,15,15
1775943005098,0.3238881280053444,0.021884925137099945,0.2305197298932943,0.26822539397570005,0.0,0.09999999999999998,0,0.062160592000626,0.9398496240601504,0.001708984375,0.07925459998395297,0.0,5.003141218031934E-6,0.1618162692847125,14,15
1775943005352,0.319053867589271,0.016886665474233523,0.24265377347405112,0.25868105152953624,0.0,0.09090909090909094,0,0.06364980989914527,0.0,0.001708984375,0.07896405789306547,0.0,4.002512974425547E-6,0.1618547681539807,15,15
1775943005608,0.32142708317277574,0.0212563890260596,0.23510764817185142,0.24953690597772538,0.0,0.09090909090909094,1,0.0663731848583465,0.0,0.001708984375,0.078711307426961,0.0,3.2020103795404376E-6,0.16171847712190013,15,15
1775943005871,0.3199280083890903,0.024576808413329054,0.17224598918299613,0.24338216819614764,0.0,0.09999999999999998,0,0.06316297768963318,0.9505703422053231,0.001708984375,0.07790672298498207,0.0,2.5616083036323502E-6,0.16161087866108792,14,15
1775943006126,0.3150036189183547,0.02109080802470296,0.2061481055869734,0.2356930565095982,0.0,0.0,0,0.0703124164412444,0.0,0.001708984375,0.07744996731195208,0.0,2.04928664290588E-6,0.16164955629023836,15,15
1775943006482,0.314831280505421,0.011223917161691232,0.006603959382926192,0.23720632156243948,0.0,0.0,0,0.07333273687021158,0.702247191011236,0.001708984375,0.07729275093565205,0.0,1.6394293143247043E-6,0.16162143354210157,13,15
1775943006745,0.2992687640943439,0.02150721076989191,1.0,1.148034650843903,1.0,0.19999999999999996,0,0.07659808202675324,0.0,0.001953125,0.07548777252253457,0.37829226189802256,0.07565976392305597,0.16168808614102115,14,15
1775943007001,0.3108690118195961,0.02600803869245707,0.8781199897598547,1.0917659888514366,0.0,0.0,1,0.07018205688506272,0.0,0.001953125,0.07562790232583452,0.0,0.06052781113844478,0.16137978852487433,15,15
1775943007256,0.3178432343341834,0.029528158113286032,0.8051885726624302,1.0409164990377868,0.0,0.09090909090909094,0,0.08150172936318509,0.0,0.001953125,0.07603294397959254,0.0,0.048422248910755826,0.16107266435986156,15,15
1775943007518,0.323593994618202,0.1524264470542983,0.8210794806526054,0.9898124179895187,0.0,0.09999999999999998,1,0.07908411946073844,0.9541984732824427,0.001953125,0.0767351542393554,0.0,0.038737799128604665,0.1607944732297064,14,15
1775943007773,0.32973059065557,0.02646759019697877,0.5165167673261042,0.9583150626606575,0.0,0.09090909090909094,1,0.0753239286421965,0.0,0.001953125,0.07617298402755111,0.0,0.030990239302883735,0.16048957076366144,15,15
1775943008035,0.3281079736348353,0.023564167030157856,0.6753202726385298,0.9176264708511919,0.0,0.09999999999999998,0,0.0688548760828911,0.9541984732824427,0.001953125,0.07619334119041507,0.0,0.024792191442306988,0.16038547582171747,14,15
1775943008290,0.32514641140826134,0.017966825185217014,0.6691708766788986,0.8778755578069916,0.0,0.0,1,0.06496514375879092,0.0,0.001953125,0.07683331407379158,0.0,0.01983375315384559,0.16008244589488152,15,15
1775943008547,0.3239504976552093,0.02414451530486825,0.6329381762924129,0.8408434355828037,0.0,0.0,0,0.06726881413953742,0.9727626459143969,0.001953125,0.07683198144464932,0.0,0.015867002523076473,0.15980795610425236,14,15
1775943008803,0.32958694089042456,0.026127978895418617,0.49361951610800586,0.8127032497587532,0.0,0.09090909090909094,0,0.06602768906413638,0.0,0.001953125,0.07657514683791443,0.0,0.012693602018461179,0.1595071025158309,15,15
1775943009069,0.33137142943557996,0.02321447365092465,0.4886681278314316,0.7852740121047853,0.0,0.09999999999999998,1,0.07978686790549384,0.9398496240601504,0.001953125,0.07628125012821793,0.0,0.010154881614768943,0.15940543311122501,14,15
1775943009325,0.32663301680028606,0.02130202982445469,0.4783263720951168,0.7588448506126572,0.0,0.2727272727272727,0,0.07171661775408898,0.0,0.001953125,0.07593865616096605,0.0,0.008123905291815154,0.15910641200545705,15,15
1775943009579,0.32487710118184704,0.17207235049096367,0.5811574853686599,0.7267022912052898,0.0,0.0,1,0.06966497297363525,0.0,0.001953125,0.07651906340353556,0.0,0.006499124233452124,0.15880851063829782,15,15
1775943009835,0.3281383889409234,0.0245126899466699,0.4572987110927895,0.7021629004664358,0.0,0.09090909090909094,1,0.07042148505962735,0.0,0.001953125,0.07608724977281386,0.0,0.0051992993867617,0.15868161739721376,15,15
1775943010091,0.3233649398055195,0.020059932359010834,0.49136829217299527,0.6759465127473087,0.0,0.09090909090909094,0,0.07049847651422521,0.0,0.001953125,0.0765700965754504,0.0,0.00415943950940936,0.15872477530947937,15,15
1775943010347,0.31803219247113135,0.025046784053816655,0.4693935620328987,0.6512848077449686,0.0,0.09090909090909094,1,0.07476690940614093,0.0,0.001953125,0.07638680571794508,0.0,0.003327551607527488,0.15859851049424512,15,15
1775943010601,0.32049779834475034,0.01579379489287607,0.4755491810337462,0.6265323088020129,0.0,0.0,0,0.06758688552084645,0.984251968503937,0.001953125,0.07592445443797757,0.0,0.002662041286021991,0.15864166244298028,13,15
1775943010861,0.31719591115642265,0.026819360906103804,0.40390007534223854,0.6061021746916357,0.0,0.19999999999999996,0,0.06324729655597065,0.0,0.001953125,0.07626999208002548,0.0,0.0021296330288175925,0.15871141845167824,14,15
1775943011117,0.31546669772548247,0.022464188440652694,0.4938881894566622,0.5808075168691067,0.0,0.0,1,0.0761965464411106,0.9765625,0.001708984375,0.07670199658954044,0.0,0.0017037064230540741,0.1585858585858586,13,15
1775943011379,0.3238782081511411,0.028739638141280163,0.3942434394385462,0.5613154686908906,0.0,0.09999999999999998,0,0.06876926509854622,0.0,0.001708984375,0.07687539263696669,0.0,0.0013629651384432593,0.15831932773109247,14,15
1775943011754,0.3238782081511411,0.025097441747368093,0.04227753055752373,0.5614706661538555,0.0,0.0,1,0.07075193386991159,0.0,0.001708984375,0.07699161795042014,0.0,0.0010903721107546076,0.1582927239119476,15,15
1775943012010,0.3232734190206914,0.030143393608603578,0.35249840324041004,0.5447809559775921,0.0,0.0,1,0.08203607266968554,0.0,0.001708984375,0.07693110201981573,0.0,8.722976886036861E-4,0.15800067091580006,15,15
1775943012265,0.32114154987742294,0.028007086344385996,0.45801890292678893,0.5225225709971306,0.0,0.09090909090909094,1,0.06488782508311997,0.0,0.001708984375,0.0774353711470356,0.0,6.978381508829489E-4,0.15770969362129583,15,15
1775943012522,0.32098611656126974,0.15643366265002695,0.396003706198609,0.5037807248211807,0.0,0.09999999999999998,0,0.07187885665904431,0.9727626459143969,0.001708984375,0.0771450107720647,0.0,5.582705207063591E-4,0.15761323750626777,14,15
1775943012777,0.31850332175583507,0.022840490841243434,0.46575591013023265,0.4814369180133394,0.0,0.0,1,0.06540919258267804,0.0,0.001708984375,0.07776513693954569,0.0,4.466164165650873E-4,0.1576576576576577,15,15
1775943013033,0.3192062652529944,0.02525150108706744,0.285518765477114,0.4688441352652698,0.0,0.19999999999999996,1,0.06463435493124667,0.0,0.001708984375,0.07736312768077669,0.0,3.5729313325206987E-4,0.15753538717735216,15,15
1775943013288,0.32311442430026044,0.020869900057596175,0.3893683016310398,0.45089040363794247,0.0,0.09090909090909094,0,0.08071959613137955,0.0,0.001708984375,0.07735272220485574,0.0,2.858345066016559E-4,0.15741356382978722,15,15
1775943013544,0.3272415357463428,0.020024609382809876,0.3766809682665608,0.43372248700539606,0.0,0.09090909090909094,1,0.06904543409174523,0.0,0.001708984375,0.07736963795752243,0.0,2.2866760528132473E-4,0.15712626514020245,15,15
1775943013799,0.3288418862846985,0.03051575169917966,0.3186780367739419,0.4196910900487166,0.0,0.0,0,0.07547480664773344,0.0,0.001708984375,0.07746176621849503,0.0,1.829340842250598E-4,0.15684001324942032,15,15
1775943014054,0.3250759646678712,0.020060967489629305,0.3252899042677825,0.40542362239157487,0.0,0.09090909090909094,1,0.06671507150468181,0.0,0.001708984375,0.07730929846871012,0.0,1.4634726738004786E-4,0.15688543560919155,15,15
1775943014319,0.32887062285541074,0.02369719354929872,0.26226452314240273,0.3944871662170814,0.0,0.0,0,0.06719598847673541,0.9433962264150942,0.001708984375,0.0767537925420647,0.0,1.1707781390403829E-4,0.15662650602409633,14,15
1775943014574,0.32927371858405624,0.024066064380620124,0.3389809283386558,0.37974177008625204,0.0,0.0,0,0.06818460781239251,0.0,0.001708984375,0.0768297496038661,0.0,9.366225112323063E-5,0.15634266886326198,15,15
1775943014832,0.32328862640999867,0.029301774975314627,0.32190181475003643,0.36594425398573677,0.0,0.09999999999999998,0,0.06805503877548134,0.9689922480620154,0.001708984375,0.07703615545477961,0.0,7.492980089858451E-5,0.15608552631578942,14,15
1775943015088,0.32166428583088325,0.021295323320064043,0.3010054926582231,0.35327445162789867,0.0,0.2727272727272727,1,0.06547934420138155,0.0,0.001708984375,0.07738125208700555,0.0,5.9943840718867616E-5,0.15596782137580034,15,15
1775943015345,0.32262595827695256,0.020861850881516854,0.3303565474481537,0.3392175158061938,0.0,0.0,1,0.06656788084928005,0.9727626459143969,0.001708984375,0.07775764643721332,0.0,4.79550725750941E-5,0.1560399934436978,14,15
1775943015600,0.320698021498412,0.016847778840020575,0.26283984340892164,0.3285643558363579,0.0,0.09090909090909094,1,0.07016208721984102,0.0,0.001708984375,0.07783066697925117,0.0,3.836405806007528E-5,0.15625,15,15
1775943015858,0.33037628329805363,0.02794398356183642,0.2991199460188589,0.31619945794955034,0.0,0.0,0,0.0704071003878414,0.9689922480620154,0.001708984375,0.07779191571870284,0.0,3.069124644806023E-5,0.1559947729500163,14,15
1775943016114,0.32996877433514626,0.021384028729669206,0.22328418703345304,0.3075821547411203,0.0,0.0,1,0.07420486452788948,0.0,0.001708984375,0.0770784412519489,0.0,2.4552997158448184E-5,0.15571498451002774,15,15
1775943016368,0.3289169728344146,0.027458294700158276,0.2386705363625277,0.2982835695887911,0.0,0.18181818181818177,1,0.06729450717276061,0.0,0.00146484375,0.07724591447443914,0.0,1.964239772675855E-5,0.15543619791666663,15,15
1775943016624,0.3326490842576808,0.030804383820783716,0.2909848577554513,0.2865386296290561,0.0,0.0,0,0.06602314441379395,0.0,0.00146484375,0.07757149256078401,0.0,1.5713918181406842E-5,0.15515840779853773,15,15
1775943017009,0.33397710762720856,0.033671751485073696,0.03059756165819385,0.2871588050224077,0.0,0.0,1,0.06534605075418262,0.0,0.00146484375,0.07757149256078401,0.0,1.2571134545125474E-5,0.15513320337881742,15,15
1775943017406,0.33356858679748097,0.011223917161691232,0.031046601816305787,0.2877785340174611,0.0,0.0,1,0.06450398869871489,0.0,0.00146484375,0.07757149256078402,0.0,1.0056907636100379E-5,0.15510800714633755,15,15
1775943017806,0.33469872157182,0.015873015873015876,0.06280687715257095,0.2869599640936686,0.0,0.0,1,0.06572630817346041,0.3125,0.00146484375,0.07757152201642749,0.0,8.045526108880304E-6,0.15508281909710941,15,15
1775943018208,0.33356858679748097,0.015873015873015876,0.031630080385319635,0.28758682131755803,0.0,0.0,1,0.06795037822816763,0.0,0.00146484375,0.07758523112777367,0.0,6.4364208871042435E-6,0.15505763922714721,15,15
1775943018604,0.33356858679748097,0.011223917161691232,0.032250602890420414,0.28820623751855495,0.0,0.0,1,0.07339772177206193,0.0,0.00146484375,0.07758523112777366,0.0,5.149136709683395E-6,0.15503246753246758,15,15
1775943019004,0.33425533075878705,0.015873015873015876,0.007412496922999767,0.28994471588158877,0.0,0.0,1,0.07258901478221723,0.0,0.00146484375,0.07740404329183588,0.0,4.119309367746717E-6,0.15500730400908946,15,15
1775943019404,0.33367803292040343,0.025097441747368093,0.033347317449679885,0.2905623505604164,0.0,0.0,1,0.07578998748070223,0.0,0.00146484375,0.07740407278085776,0.0,3.2954474941973734E-6,0.15498214865303472,15,15
1775943019820,0.3354110157153811,0.025097441747368093,0.033834965321087644,0.29117949249568476,0.0,0.0,1,0.07497244308763222,0.3004807692307692,0.00146484375,0.07740407278085777,0.0,2.636357995357899E-6,0.15495700146032776,15,15
1775943020246,0.3354110157153811,0.011223917161691232,0.0343292612099656,0.2917961404948081,0.0,0.0,1,0.0742677096796896,0.0,0.00146484375,0.07740407278085777,0.0,2.109086396286319E-6,0.15493186242699541,15,15
1775943020649,0.33931931232862517,0.6847509400039045,0.0,0.29387737755386234,0.0,0.0,1,0.07303598632018983,0.0,0.00146484375,0.07740407278085777,0.0,1.6872691170290554E-6,0.1549067315490673,15,15
1775943021043,0.338540702056753,0.6959733735998017,0.02874069444416743,0.29477424772963967,0.0,0.0,1,0.07443023062198433,0.0,0.00146484375,0.07752046518960745,0.0,1.3498152936232444E-6,0.1548816088225754,15,15
1775943021482,0.3344025335537167,0.0,0.029163582745535984,0.29567234512164614,0.0,0.0,1,0.07355093773280763,0.0,0.00146484375,0.07763674753484301,0.0,1.0798522348985956E-6,0.15501864764066808,15,15
1775943021887,0.33403880256149765,0.033671751485073696,0.07291585696964603,0.2948152628323989,0.0,0.0,1,0.07368228751566173,0.6172839506172839,0.00146484375,0.07765044623541544,0.0,8.638817879188766E-7,0.1549935149156939,13,15
1775943022318,0.3342111409744314,0.011223917161691232,0.008221963424214409,0.2965801610787893,0.0,0.0,1,0.07410557834276181,0.0,0.00146484375,0.07748327807650467,0.0,6.911054303351013E-7,0.15496839033879073,15,15
1775943022748,0.3331409638784778,0.011223917161691232,0.03769211520602864,0.2971921676417845,0.0,0.0,1,0.07710030193937209,0.0,0.00146484375,0.07748330767664842,0.0,5.52884344268081E-7,0.15494327390599671,15,15
1775943023197,0.3331409638784779,0.03549314249999667,0.03089315973745688,0.2980904367150664,0.0,1.0,1,0.07472866827164988,0.0,0.00146484375,0.07759962590761894,0.0,4.4230747541446486E-7,0.1549181656133528,15,15
1775943023624,0.3354367034636141,0.04046840883803798,0.0075024203171127546,0.2999086407446347,0.0,0.0,1,0.07545171307966225,0.0,0.00146484375,0.07748313782147787,0.0,3.5384598033157193E-7,0.15489306545690218,15,15
1775943024032,0.33482097423764745,0.015873015873015876,0.008766029903449449,0.3016898742276114,0.0,0.0,1,0.07594927581302027,0.30637254901960786,0.00146484375,0.07731591684170427,0.0,2.830767842652576E-7,0.15486797343269076,15,15
1775943024445,0.33467029968149403,0.011223917161691232,0.040341421511136885,0.30229694614594244,0.0,0.0,1,0.07482348184082405,0.0,0.00146484375,0.0773159466115571,0.0,2.2646142741220606E-7,0.15484288953676706,15,15
1775943024874,0.3349001715712864,0.03549314249999667,0.033093795272726545,0.3031939828020045,0.0,1.0,1,0.07544240896163658,0.0,0.00146484375,0.07743242394718151,0.0,1.8116914192976486E-7,0.15481781376518222,15,15
1775943025324,0.3360303063456254,0.015873015873015876,0.04156387532463581,0.3037994960674965,0.0,0.0,1,0.07787506817725581,0.0,0.00146484375,0.07743242394718151,0.0,1.449353135438119E-7,0.15479274611398963,15,15
1775943025737,0.3358579679326917,0.025097441747368093,0.009332592123120261,0.30559204973077436,0.0,0.0,1,0.07628742331538209,0.0,0.00146484375,0.07726530862820102,0.0,1.1594825083504953E-7,0.15476768657924556,15,15
1775943026141,0.3361122528019882,0.0,0.009473642555093958,0.3073909601959681,0.0,0.0,1,0.07455361065626916,0.6188118811881188,0.00146484375,0.07709814301130764,0.0,9.275860066803963E-8,0.15490449983813537,13,15
1775943026605,0.3361122528019882,0.011223917161691232,0.04357457880519131,0.3079994388273163,0.0,0.0,1,0.07381098902302466,0.0,0.00146484375,0.0771119462822669,0.0,7.420688053443172E-8,0.15487943032853213,15,15
1775943027086,0.33587017442244377,0.03549314249999667,0.0359511768345756,0.30889465218458323,0.0,0.0,1,0.07235233290740037,0.0,0.00146484375,0.07722877882398028,0.0,5.936550442754538E-8,0.15485436893203886,15,15
1775943027515,0.33587017442244377,0.03174603174603175,0.0451101457765493,0.30949387786501664,0.0,0.0,1,0.07329510636427405,0.0,0.00146484375,0.07722880873972597,0.0,4.749240354203631E-8,0.1548293156447177,15,15
1775943027928,0.3346661382240635,0.03549314249999667,0.03700057611422672,0.3103899436704834,0.0,1.0,1,0.07178265639963344,0.0,0.00146484375,0.0773453700860495,0.0,3.7993922833629045E-8,0.15480427046263345,15,15
1775943028334,0.33587017442244377,0.011223917161691232,0.03753742390658128,0.31128706046549476,0.0,0.0,1,0.07017415259444598,0.30788177339901474,0.00146484375,0.07746198585262506,0.0,3.039513826690324E-8,0.1547792333818535,15,15
1775943028741,0.33561588955314725,0.04046840883803798,0.04718944755008211,0.3118834508571867,0.0,0.0,1,0.07097390209500211,0.0,0.00146484375,0.07746201584793143,0.0,2.4316110613522593E-8,0.15475420439844756,15,15
1775943029169,0.3366365782045638,0.04046840883803798,0.03862893646599191,0.312781419984771,0.0,0.0,1,0.06957987949332109,0.0,0.00146484375,0.07757851945610189,0.0,1.9452888490818075E-8,0.1547291835084883,15,15
1775943029562,0.3371824298979418,0.04627739599083572,0.010821870831777686,0.31459654198003206,0.0,0.0,1,0.06834787532161524,0.6361323155216285,0.00146484375,0.07741194904031323,0.0,1.556231079265446E-8,0.15470417070805043,13,15
1775943029999,0.3371824298979418,0.025097441747368093,0.010985097695927717,0.3164177876588375,0.0,0.0,1,0.06784475680127092,0.0,0.00146484375,0.0772453225341441,0.0,1.244984863412357E-8,0.15467916599321152,15,15
1775943030391,0.3371824298979418,0.025097441747368093,0.050475578511865786,0.3170077047682915,0.0,0.0,1,0.06709808603547242,0.0,0.00146484375,0.0772453225341441,0.0,9.959878907298857E-9,0.15465416936005172,15,15
1775943030787,0.3394240598445191,0.033671751485073696,0.009858378330512195,0.3188816295605735,0.0,0.0,1,0.06650910810776113,0.0,0.00146484375,0.07712849679161501,0.0,7.967903125839085E-9,0.15462918080465338,15,15
1775943031182,0.33913952618593907,0.04046840883803798,0.042189995047971704,0.3197748554495165,0.0,0.0,1,0.06569467735101632,0.0,0.00146484375,0.07724515487731184,0.0,6.3743225006712686E-9,0.15460420032310174,15,15
1775943031585,0.33988669031280555,0.011223917161691232,0.05298299153162333,0.3203602562130418,0.0,0.0,1,0.06439919334245393,0.31017369727047145,0.00146484375,0.07724515487731186,0.0,5.099458000537015E-9,0.15457922791148437,15,15
1775943032009,0.33913952618593907,0.011223917161691232,0.04340612937751038,0.3212541544789126,0.0,0.0,1,0.06876085732580771,0.0,0.00146484375,0.07736186683311075,0.0,4.079566400429612E-9,0.15455426356589153,15,15
1775943032404,0.33755608074436394,0.022447834323382463,0.05456307082567014,0.3218374934368573,0.0,0.0,1,0.068265101016535,0.0,0.00146484375,0.07736186683311075,0.0,3.2636531203436897E-9,0.15452930728241565,15,15
1775943032809,0.3374356549774941,0.022447834323382463,0.05533667302685219,0.32242001416230565,0.0,0.0,1,0.06693021676625491,0.0,0.00146484375,0.07736189697626662,0.0,2.610922496274952E-9,0.1545043590571521,15,15
1775943033211,0.3369787829059803,0.03549314249999667,0.0452906208819777,0.32331419869703193,0.0,1.0,1,0.0661741721141676,0.0,0.00146484375,0.07747833273556612,0.0,2.0887379970199616E-9,0.15447941888619854,15,15
1775943033614,0.33677747047249185,0.015873015873015876,0.04594002236613773,0.3242092699747843,0.0,0.0,1,0.06543798528187862,0.31017369727047145,0.00146484375,0.07759481737132345,0.0,1.6709903976159695E-9,0.1544544867656552,15,15
1775943034022,0.33978550420118914,0.050194883494736185,0.011278164947468052,0.3260983226927715,0.0,0.0,1,0.06790635276063864,0.0,0.00146484375,0.07747832885146338,0.0,1.3367923180927757E-9,0.154429562691625,15,15
1775943034420,0.3403628020395728,0.025097441747368093,0.01340581096745521,0.32793915063328466,0.0,0.0,1,0.06696243299680585,0.0,0.00146484375,0.07729816623076596,0.0,1.0694338544742206E-9,0.15440464666021292,15,15
1775943034833,0.3406473356981528,0.033671751485073696,0.048485389291420634,0.32883054025479286,0.0,0.0,1,0.06705371963978925,0.0,0.00146484375,0.07741482722759249,0.0,8.555470835793766E-10,0.15437973866752697,15,15
1775943035225,0.33962664704673634,0.015873015873015876,0.04918077476309211,0.3297226511771435,0.0,0.0,1,0.06686711844445252,0.0,0.00146484375,0.077531209562899,0.0,6.844376668635013E-10,0.15435483870967737,15,15
1775943035611,0.3380140900186286,0.03174603174603175,0.06163274762647962,0.3303013890263806,0.0,0.0,1,0.0684523104850855,0.0,0.00146484375,0.07754495453205502,0.0,5.475501334908011E-10,0.154329946782777,15,15
1775943036004,0.3366727229565979,0.025097441747368093,0.06280443462310652,0.33087116586243914,0.0,1.0,1,0.06746790974512476,0.31806615776081426,0.00146484375,0.07754495453205502,0.0,4.3804010679264093E-10,0.154305062882941,14,15
1775943036411,0.33711611376963074,0.015873015873015876,0.05129291907705396,0.33176336493211694,0.0,0.0,1,0.06741266557448908,0.0,0.00146484375,0.07766136957612768,0.0,3.5043208543411274E-10,0.15428018700628732,15,15
1775943036826,0.33869955921120587,0.03549314249999667,0.06465490618519192,0.33233079645337704,0.0,0.0,1,0.0675617760003502,0.0,0.00146484375,0.07766136957612768,0.0,2.803456683472902E-10,0.1542553191489362,15,15
1775943037220,0.3385901130882834,0.033671751485073696,0.05275285447700006,0.3332233208497498,0.0,0.0,1,0.06607029248388482,0.0,0.00146484375,0.07777750006438804,0.0,2.2427653467783217E-10,0.15423045930701051,15,15
1775943037626,0.33974579804487737,0.04046840883803798,0.01308253794440208,0.33513182668952907,0.0,0.0,1,0.06657436490077226,0.0,0.00146484375,0.0776612018593487,0.0,1.7942122774226574E-10,0.15420560747663548,15,15
1775943038033,0.3397457980448774,0.015873015873015876,0.015185997103186041,0.3369988978179224,0.0,0.0,1,0.06642153978363906,0.30712530712530717,0.00146484375,0.07749527455369735,0.0,1.435369821938126E-10,0.15418076365393907,15,15
1775943038454,0.34064606092942407,0.025097441747368093,0.06911186459594487,0.33755758019792875,0.0,0.0,1,0.06575408802046663,0.0,0.00146484375,0.07749527455369735,0.0,1.148295857550501E-10,0.1541559278350515,15,15
1775943038853,0.340361527270844,0.025097441747368093,0.015627907839183813,0.339431357376625,0.0,0.0,1,0.06606258827984901,0.0,0.00146484375,0.07732928542000292,0.0,9.186366860404008E-11,0.15413110001610564,15,15
1775943039244,0.34047097339376653,0.0,0.01586207671770279,0.34131058054883945,0.0,0.0,0,0.06615665647502444,0.639386189258312,0.00146484375,0.07716323752219717,0.0,7.349093488323207E-11,0.15426731078904987,13,15
1775943039677,0.3417954353590166,0.015873015873015876,0.014078244992784667,0.3432427316501302,0.0,0.0,1,0.06612480960231838,0.0,0.00146484375,0.07704633154695634,0.0,5.879274790658566E-11,0.1542424730317179,15,15
1775943040067,0.34179543535901663,0.025097441747368093,0.07413838128927104,0.3437902706311687,0.0,0.0,1,0.0655981938849767,0.0,0.00146484375,0.07704636173907085,0.0,4.7034198325268534E-11,0.15421764327108822,15,15
1775943040460,0.3419967477925051,0.015873015873015876,0.07516032295310768,0.344336787156369,0.0,0.0,1,0.06463354944324239,0.0,0.00146484375,0.07704636173907085,0.0,3.762735866021483E-11,0.1541928215032995,15,15
1775943040856,0.3419967477925051,0.025097441747368093,0.06154424566013533,0.34521476876789237,0.0,0.0,1,0.06402069672782673,0.0,0.00146484375,0.07716326390223349,0.0,3.0101886928171864E-11,0.15416800772449313,15,15
1775943041245,0.34133856328750284,0.04046840883803798,0.07696016837351728,0.3457670982105159,0.0,0.0,1,0.06438718620398362,0.3213367609254499,0.00146484375,0.07717709761140668,0.0,2.4081509542537493E-11,0.15414320193081255,15,15
1775943041659,0.34133856328750284,0.033671751485073696,0.06326892892792131,0.3466450537025094,0.0,0.0,1,0.06407886999292844,0.0,0.00146484375,0.07729371253985073,0.0,1.9265207634029995E-11,0.15411840411840416,15,15
1775943042070,0.3390428237023666,0.03174603174603175,0.06415490770295927,0.34752354027004,0.0,0.0,1,0.06403716312398944,0.0,0.00146484375,0.07741021257217104,0.0,1.5412166107223996E-11,0.1540936142834164,15,15
1775943042467,0.3402468599007469,0.0,0.065052124328987,0.3484025529953131,0.0,0.0,1,0.06338114974662047,0.0,0.00146484375,0.07752659498593996,0.0,1.2329732885779197E-11,0.15422965583788995,15,15
1775943042869,0.3392261712493303,0.03549314249999667,0.01833027600280851,0.3502973887292641,0.0,0.0,0,0.0647928554339474,0.6218905472636815,0.00146484375,0.07736099575786304,0.0,9.863786308623358E-12,0.1542048560861875,13,15
1775943043304,0.3380960364749913,0.0,0.018603916638814007,0.3521973450392468,0.0,0.0,1,0.06615676421925165,0.0,0.00146484375,0.07719533489234923,0.0,7.891029046898687E-12,0.15434083601286175,15,15
1775943043703,0.340203807319142,0.033671751485073696,0.01888190174468606,0.35410236362541536,0.0,0.0,1,0.06590423371716508,0.0,0.00146484375,0.07702958527225937,0.0,6.3128232375189504E-12,0.15431602636232122,15,15
1775943044099,0.33719577359044467,0.03174603174603175,0.08670166636020567,0.35462864388385934,0.0,0.0,1,0.06863190750246513,0.0,0.00146484375,0.07702958527225937,0.0,5.0502585900151605E-12,0.15429122468659595,15,15
1775943044492,0.3381501461135502,0.03174603174603175,0.01942304263678984,0.35653963292864305,0.0,0.0,1,0.0677948699153407,0.0,0.00146484375,0.07686378019259972,0.0,4.040206872012129E-12,0.15426643098184156,15,15
1775943044884,0.3390382025083448,0.011223917161691232,0.020154440975426728,0.3584467568590885,0.0,0.0,0,0.07042128056944513,0.6377551020408163,0.00146484375,0.07668404864655805,0.0,3.232165497609703E-12,0.1542416452442159,13,15
1775943045307,0.3379080677340058,0.025097441747368093,0.09121486470055454,0.3589638830434277,0.0,0.0,1,0.07272001927476894,0.0,0.00146484375,0.07668407861601555,0.0,2.5857323980877627E-12,0.1542168674698795,15,15
1775943045702,0.3379080677340058,0.0,0.09243979105775342,0.35947989350391507,0.0,0.0,1,0.07192620363171855,0.0,0.00146484375,0.07668410872320479,0.0,2.0685859184702102E-12,0.15435271442338583,15,15
1775943046092,0.3380804061469395,0.025097441747368093,0.021007901059214858,0.3613936338574732,0.0,0.0,0,0.07100434302464767,0.641025641025641,0.00146484375,0.07650434949263894,0.0,1.6548687347761682E-12,0.15432792677051554,13,15
1775943046514,0.3380804061469395,0.011223917161691232,0.020852921930217542,0.3633210134662231,0.0,0.0,1,0.07376612281078664,0.0,0.00146484375,0.0763383640137038,0.0,1.3238949878209347E-12,0.15430314707771353,15,15
1775943046922,0.337776632833106,0.011223917161691232,0.0787583975733427,0.36417414000907644,0.0,0.0,1,0.07824885814032573,0.0,0.00146484375,0.07645576839026572,0.0,1.0591159902567478E-12,0.1542783753411463,15,15
1775943047318,0.337776632833106,0.025097441747368093,0.09818048250129624,0.3646875379052945,0.0,0.0,1,0.0766142413259012,0.0,0.00146484375,0.0764696071278427,0.0,8.472927922053982E-13,0.15425361155698236,15,15
1775943047705,0.34122805737483625,0.6571505252217287,0.0,0.3670192297274688,0.0,0.0,1,0.07633941378311385,0.0,0.00146484375,0.0764696071278427,0.0,6.778342337643186E-13,0.154228855721393,15,15
1775943048103,0.3403085548350359,0.6571505252217287,0.10151108598967776,0.36752621199753704,0.0,0.0,1,0.07556756104411821,0.31407035175879394,0.00146484375,0.07648349990298035,0.0,5.422673870114549E-13,0.15420410783055194,14,15
1775943048512,0.33935418231193043,0.04046840883803798,0.08363937514464685,0.368375141809235,0.0,0.0,1,0.07327867620722735,0.0,0.00146484375,0.07660093166519155,0.0,4.3381390960916394E-13,0.15417936788063535,15,15
1775943048909,0.34069554937396107,0.056119585808456156,0.020159340253637727,0.3703622447788711,0.0,0.0,1,0.07399169906687666,0.0,0.00146484375,0.07648349624438025,0.0,3.4705112768733115E-13,0.15415463586782163,15,15
1775943049304,0.3439456614822028,0.060442643697332606,0.08646785776099793,0.3712071737306426,0.0,0.0,1,0.07623992868410048,0.0,0.00146484375,0.07660093064761073,0.0,2.7764090214986496E-13,0.15412991178829194,15,15
1775943049694,0.3421609036071392,0.015873015873015876,0.08763750143549058,0.3720523230954843,0.0,0.0,1,0.07520539886920569,0.0,0.00146484375,0.0767182564918439,0.0,2.2211272171989198E-13,0.15410519563822966,15,15
1775943050081,0.3421609036071392,0.011223917161691232,0.08882374770961265,0.3728976402347615,0.0,0.0,0,0.07326779095241077,0.6459948320413437,0.00146484375,0.07683531492898868,0.0,1.776901773759136E-13,0.15408048741382074,13,15
1775943050502,0.3421609036071393,0.04046840883803798,0.024620494579282615,0.374839024521025,0.0,0.0,1,0.07498709726889541,0.0,0.00146484375,0.07666995351590054,0.0,1.421521419007309E-13,0.15405578711125356,15,15
1775943050890,0.3410307688328002,0.011223917161691232,0.11365357676120932,0.37531818517504495,0.0,0.0,1,0.07356902603638625,0.0,0.00146484375,0.07666998346967258,0.0,1.1372171352058472E-13,0.15403109472671905,15,15
1775943051277,0.34025215856092816,0.03549314249999667,0.09298525605427287,0.37615865791167963,0.0,1.0,1,0.07208614753695887,0.0,0.00146484375,0.07678708869925126,0.0,9.097737081646778E-14,0.15400641025641026,15,15
1775943051666,0.3389241351914004,0.011223917161691232,0.09422749272013915,0.3769993592514702,0.0,0.0,1,0.07118376038641785,0.0,0.00146484375,0.07690424022147944,0.0,7.278189665317424E-14,0.15398173369652302,15,15
1775943052054,0.3386820568118561,0.022447834323382463,0.09549018448449915,0.3778401860342921,0.0,0.0,1,0.07356862812350719,0.0,0.00146484375,0.07702111926349882,0.0,5.822551732253939E-14,0.15395706504325535,15,15
1775943052445,0.33970274546327245,0.03174603174603175,0.023483350912874186,0.3798362239680942,0.0,0.0,1,0.07243884760555888,0.319693094629156,0.00146484375,0.07690407864592858,0.0,4.6580413858031514E-14,0.15393240429280797,14,15
1775943052858,0.3412861909048476,0.011223917161691232,0.027101631549868933,0.38178585979924673,0.0,0.0,1,0.07486120283014767,0.0,0.00146484375,0.0767389789624394,0.0,3.7264331086425215E-14,0.1539077514413837,15,15
1775943053249,0.3419019201308142,0.044895668646764926,0.10062432712914716,0.38261760742076995,0.0,0.0,1,0.07298732885796158,0.0,0.00146484375,0.0768561765546377,0.0,2.981146486914017E-14,0.1538831064851881,15,15
1775943053640,0.34056055306878363,0.011223917161691232,0.12648236612308203,0.38307686603325586,0.0,0.0,1,0.07265029905626107,0.0,0.00146484375,0.07685617655463771,0.0,2.384917189531214E-14,0.15385846942042902,15,15
1775943054033,0.3379887477961333,0.03174603174603175,0.02834522832810521,0.385030792952528,0.0,1.0,1,0.07304350546382127,0.0,0.00146484375,0.0766911793368138,0.0,1.9079337516249713E-14,0.1538338402433168,15,15
1775943054436,0.3377466694165889,0.03174603174603175,0.1304788094260342,0.3854836341348921,0.0,0.0,1,0.07116259266949085,0.0,0.00146484375,0.0766911793368138,0.0,1.526347001299977E-14,0.15380921895006405,15,15
1775943054835,0.3382610749649612,0.025097441747368093,0.13147621585817565,0.38594478188652354,0.0,0.0,1,0.07076422248695712,0.6265664160401002,0.00146484375,0.07670509391905928,0.0,1.2210776010399817E-14,0.1537846055368859,13,15
1775943055256,0.3388768041909279,0.033671751485073696,0.10795867965910982,0.3867694581164458,0.0,0.0,1,0.07647778083368828,0.0,0.00146484375,0.07682216718410564,0.0,9.768620808319854E-15,0.15376,15,15
1775943055648,0.33945410202931153,0.015873015873015876,0.13567554675907445,0.38721760323751225,0.0,0.0,1,0.07434359898911444,0.0,0.00146484375,0.07682216718410563,0.0,7.814896646655884E-15,0.15373540233562633,15,15
1775943056041,0.33945410202931153,0.011223917161691232,0.11074102744400378,0.38804156956503577,0.0,0.0,1,0.07208360101239825,0.0,0.00146484375,0.07693912617787596,0.0,6.251917317324707E-15,0.1537108125399872,15,15
1775943056431,0.33966385158851464,0.0,0.11218377181391044,0.388865606360325,0.0,0.0,1,0.07094896119437726,0.0,0.00146484375,0.07705596817537565,0.0,5.001533853859766E-15,0.15384615384615385,15,15
1775943056826,0.3386431629370981,0.03549314249999667,0.1412450002298942,0.38930801796836206,0.0,0.0,0,0.07437087305197972,0.6329113924050632,0.00146484375,0.07705599815819299,0.0,4.001227083087813E-15,0.15382155420530863,13,15
1775943057246,0.33593890252223435,0.03549314249999667,0.031854703465239845,0.39126645508814206,0.0,0.0,1,0.0734182654109863,0.0,0.00146484375,0.07689141425426199,0.0,3.200981666470251E-15,0.15379696243005592,15,15
1775943057646,0.33561588955314725,0.022447834323382463,0.1449346770531685,0.39171187091378207,0.0,0.0,1,0.07245415720272018,0.0,0.00146484375,0.0769053585891921,0.0,2.560785333176201E-15,0.15377237851662406,15,15
1775943058033,0.33561588955314725,0.022447834323382463,0.03272069723264067,0.3936745986016736,0.0,0.0,1,0.07162712812599141,0.0,0.00146484375,0.0767407299603612,0.0,2.0486282665409607E-15,0.15374780246124342,15,15
1775943058419,0.33665348330134426,0.04046840883803798,0.1501880380816365,0.3941034982365218,0.0,0.0,0,0.0704322376266659,0.6476683937823834,0.00146484375,0.0767407299603612,0.0,1.6389026132327687E-15,0.153723234260147,13,15
1775943058841,0.3361894488728447,0.022447834323382463,0.033605454054791935,0.39607040134440163,0.0,1.0,1,0.06951628925459342,0.0,0.00146484375,0.07657607319700252,0.0,1.311122090586215E-15,0.15369867390957026,15,15
1775943059229,0.3361894488728447,0.015873015873015876,0.15004980459827869,0.3965540019863228,0.0,0.0,1,0.06938595678220139,0.0,0.00146484375,0.07663747713640755,0.0,1.048897672468972E-15,0.15367412140575076,15,15
1775943059614,0.3352699463330445,0.050194883494736185,0.12648915187916268,0.39735923249935623,0.0,0.0,1,0.06825936330470196,0.0,0.00146484375,0.07675477136279762,0.0,8.391181379751777E-16,0.15364957674492896,15,15
1775943060015,0.3358472441714282,0.015873015873015876,0.15890274042782412,0.3977774729876882,0.0,0.0,1,0.0680883450700762,0.0,0.00146484375,0.07675477136279762,0.0,6.712945103801422E-16,0.1536250399233472,15,15
1775943060411,0.33604855660491667,0.011223917161691232,0.1296395073102671,0.39858186291794634,0.0,0.0,1,0.06715614602830525,0.0,0.00146484375,0.07687195179154119,0.0,5.370356083041138E-16,0.15360051093725047,15,15
1775943060799,0.3344217732089702,0.04046840883803798,0.036162753682826364,0.4005515800986076,0.0,0.0,1,0.06727209493679338,0.3221649484536082,0.00146484375,0.07670747121408264,0.0,4.2962848664329106E-16,0.15357598978288634,15,15
1775943061209,0.332126033623834,0.025097441747368093,0.03668932276458253,0.4025247941866528,0.0,0.0,1,0.07001578399085034,0.0,0.00146484375,0.076542932651186,0.0,3.4370278931463285E-16,0.15355147645650435,15,15
1775943061596,0.3313788694969675,0.044895668646764926,0.1364337594505418,0.4033181195035021,0.0,0.0,1,0.06854806540328132,0.0,0.00146484375,0.0766603188837813,0.0,2.749622314517063E-16,0.15352697095435686,15,15
1775943061985,0.3299001715712864,0.011223917161691232,0.13813932231578702,0.4041113797357875,0.0,0.0,1,0.06794746730891588,0.0,0.00146484375,0.07677759144750859,0.0,2.1996978516136504E-16,0.15350247327269828,15,15
1775943062375,0.3300725099842201,0.015873015873015876,0.17366735572355171,0.4045093840378026,0.0,0.0,1,0.06870037885971463,0.0,0.00146484375,0.07677759144750858,0.0,1.7597582812909203E-16,0.15347798340778562,15,15
1775943062766,0.33077979084036635,0.0,0.17570589796621583,0.40490616697086523,0.0,0.0,1,0.07103579544794048,0.0,0.00146484375,0.07677759144750859,0.0,1.4078066250327365E-16,0.15361301643005265,15,15
1775943063167,0.33198382703874657,0.011223917161691232,0.17776103643810928,0.4053017291336988,0.0,0.0,1,0.06996731149473694,0.6234413965087281,0.00146484375,0.07677759144750858,0.0,1.126245300026189E-16,0.1535885167464115,13,15
1775943063590,0.33238878646419645,0.022447834323382463,0.17893731900374013,0.4057062171584962,0.0,0.0,1,0.06843043650031723,0.0,0.00146484375,0.07679165265652517,0.0,9.009962400209514E-17,0.1535640248764153,15,15
1775943063989,0.3310657763820836,0.011223917161691232,0.04033464682339563,0.4076823754173413,0.0,0.0,1,0.06814004113932212,0.0,0.00146484375,0.07662739164938329,0.0,7.207969920167611E-17,0.15353954081632648,15,15
1775943064375,0.3310657763820836,0.0,0.04091849925392033,0.4096617844400496,0.0,0.0,1,0.06743644272268404,0.0,0.00146484375,0.07646307273532223,0.0,5.76637593613409E-17,0.15367447792124977,15,15
1775943064768,0.334840213892901,0.011223917161691232,0.036655192928380764,0.41169706514524984,0.0,0.0,1,0.06907234870973149,0.6361323155216285,0.00146484375,0.07634549539159419,0.0,4.613100748907272E-17,0.153649984061205,13,15
1775943065194,0.3364527709210088,0.04046840883803798,0.15523636962117116,0.4124689864607279,0.0,0.0,1,0.06811941553704906,0.0,0.00146484375,0.07646291547438432,0.0,3.6904805991258174E-17,0.1536254980079681,15,15
1775943065592,0.3343315188183772,0.03549314249999667,0.04283967079517853,0.41445347655128334,0.0,0.0,1,0.06724880519317203,0.0,0.00146484375,0.07629854221442695,0.0,2.952384479300654E-17,0.1536010197578075,15,15
1775943065994,0.334840213892901,0.04046840883803798,0.16015098943190983,0.4152191504876328,0.0,1.0,1,0.06647249715397575,0.0,0.00146484375,0.0764160078881318,0.0,2.3619075834405234E-17,0.15357654930699383,15,15
1775943066385,0.3353968201928938,0.03549314249999667,0.20084868970400904,0.41558189380276506,0.0,0.0,1,0.0661678021952057,0.0,0.00146484375,0.07641603798805398,0.0,1.8895260667524187E-17,0.15355208665179998,15,15
1775943066784,0.336316322732694,0.03174603174603175,0.044671445091769166,0.4175685079144138,0.0,0.0,1,0.06614787867744751,0.3132832080200501,0.00146484375,0.07625176677119802,0.0,1.5116208534019352E-17,0.15352763178850137,15,15
1775943067205,0.33747200768928803,0.022447834323382463,0.2068126686033165,0.4179234672075698,0.0,0.0,1,0.06568745962928126,0.0,0.00146484375,0.07625176677119802,0.0,1.2092966827215483E-17,0.15350318471337576,15,15
1775943067594,0.3385421847852416,0.0,0.20910003557100595,0.4182772420157866,0.0,0.0,1,0.06630135863117717,0.0,0.00146484375,0.07625176677119803,0.0,9.674373461772387E-18,0.15363795573953187,15,15
1775943067982,0.3424504813984856,0.7480553439967098,0.0,0.42072465064674847,0.0,0.0,0,0.06635520154636365,0.6443298969072164,0.00146484375,0.07625176677119803,0.0,7.73949876941791E-18,0.1536134988857052,13,15
1775943068406,0.3423166222960589,0.7529232524210427,0.17423051819288993,0.4214754803889178,0.0,0.0,1,0.06637634773128341,0.0,0.00146484375,0.07636927787279979,0.0,6.191599015534328E-18,0.15358904981696642,15,15
1775943068793,0.34323612483585914,0.025097441747368093,0.1762736613586745,0.4222261238686371,0.0,0.0,1,0.06617005135997471,0.0,0.00146484375,0.0764866778551101,0.0,4.953279212427463E-18,0.15356460852959897,15,15
1775943069184,0.3434084632487929,0.011223917161691232,0.17832775904914355,0.42297663516872186,0.0,0.0,1,0.06659354538140909,0.0,0.00146484375,0.07660411711802353,0.0,3.96262336994197E-18,0.1535401750198886,15,15
1775943069576,0.3417816798528464,0.04046840883803798,0.04960294689899297,0.4249640109653005,0.0,0.0,1,0.06648913023837437,0.0,0.00146484375,0.07644026290955432,0.0,3.1700986959535763E-18,0.15351574928412348,15,15
1775943069982,0.34444605699699005,0.7489809992002556,0.0,0.427421795759061,0.0,0.0,1,0.06844028709542618,0.0,0.00146484375,0.07644026290955432,0.0,2.5360789567628614E-18,0.15349133131859394,15,15
1775943070378,0.3471503174118538,0.7740435136658165,0.2315323896702716,0.4277537215822207,0.0,0.0,1,0.06948485029564741,0.31565656565656564,0.00146484375,0.07645443692960029,0.0,2.028863165410289E-18,0.15346692111959293,14,15
1775943070780,0.3458258554466037,0.044895668646764926,0.18959329938527678,0.4284903175780518,0.0,0.0,1,0.06787326223142216,0.0,0.00146484375,0.07657175454184319,0.0,1.6230905323282312E-18,0.15344251868341552,15,15
1775943071169,0.34552353401590735,0.04046840883803798,0.05270788163978488,0.4304799761736223,0.0,0.0,1,0.06724309059092201,0.0,0.00146484375,0.07640801806090276,0.0,1.298472425862585E-18,0.15341812400635935,15,15
1775943071566,0.3451185745904574,0.04046840883803798,0.19541905420481262,0.4312095432135741,0.0,0.0,1,0.08034270004685463,0.0,0.00146484375,0.07652538098754934,0.0,1.038777940690068E-18,0.15339373708472426,15,15
1775943071955,0.34627425954705143,0.033671751485073696,0.24536008688774533,0.43151718167453224,0.0,0.0,1,0.08083707885647866,0.6426735218508998,0.00146484375,0.07652538098754934,0.0,8.310223525520545E-19,0.15336935791481243,13,15
1775943072374,0.34627425954705143,0.03549314249999667,0.048616193171873205,0.4335622153228435,0.0,0.0,1,0.07924748640358892,0.0,0.00146484375,0.07640786273667458,0.0,6.648178820416437E-19,0.1533449864929286,15,15
1775943072765,0.34671765036008434,0.044895668646764926,0.20351878124654252,0.4342835969739982,0.0,0.0,1,0.07788314898181352,0.0,0.00146484375,0.07652522581499673,0.0,5.31854305633315E-19,0.15332062281537973,15,15
1775943073156,0.34804211232533444,0.04627739599083572,0.05655132180782497,0.43627497728330117,0.0,0.0,1,0.08227892182115899,0.0,0.00146484375,0.07636159101150412,0.0,4.2548344450665203E-19,0.15329626687847497,15,15
1775943073557,0.3468752327458084,0.025097441747368093,0.0573510433757138,0.43826860004727813,0.0,0.0,1,0.08003642883323515,0.0,0.00146484375,0.0761978985514506,0.0,3.4038675560532165E-19,0.15327191867852608,15,15
1775943073948,0.34451317703236123,0.04046840883803798,0.21368005456564176,0.4389755035309758,0.0,0.0,1,0.07758972167225817,0.0,0.00146484375,0.07631546546369934,0.0,2.723094044842573E-19,0.15324757821184687,15,15
1775943074338,0.3423117157292706,0.04046840883803798,0.05905968752359815,0.4409697181543019,0.0,0.0,1,0.07580494746508083,0.3205128205128205,0.00146484375,0.07615187404271508,0.0,2.1784752358740587E-19,0.15322324547475386,15,15
1775943074747,0.3420696373497262,0.033671751485073696,0.05989300846133032,0.4429660017797772,0.0,0.0,1,0.07533420921513295,0.0,0.00146484375,0.07598819772905532,0.0,1.7427801886992471E-19,0.15319892046356565,15,15
1775943075151,0.34152596947879355,0.033671751485073696,0.06073467885808213,0.4449643051431384,0.0,0.0,1,0.07468682910016172,0.0,0.00146484375,0.07582450009366061,0.0,1.3942241509593979E-19,0.15317460317460319,15,15
1775943075545,0.3419693602918265,0.04046840883803798,0.22851651386615732,0.44564885664847764,0.0,0.0,1,0.07359129288603537,0.6345177664974619,0.00146484375,0.07594256881658,0.0,1.1153793207675183E-19,0.15315029360418986,13,15
1775943075966,0.3413920624534429,0.015873015873015876,0.23094964729431355,0.4463330851470338,0.0,0.0,1,0.07245691862655194,0.0,0.00146484375,0.07606038046130145,0.0,8.923034566140147E-20,0.15312599174865127,15,15
1775943076365,0.3413920624534429,0.03549314249999667,0.28919306013079854,0.4465839321988489,0.0,0.0,1,0.07616415080744238,0.0,0.00146484375,0.07606041073431723,0.0,7.138427652912118E-20,0.15310169760431536,15,15
1775943076754,0.3406797683098818,0.03174603174603175,0.06406345938586276,0.44858077403045166,0.0,0.0,1,0.07862193825284666,0.0,0.00146484375,0.07589696590075627,0.0,5.710742122329695E-20,0.15307741116751272,15,15
1775943077145,0.34108472773533166,0.03174603174603175,0.29712474564865027,0.44882278999805736,0.0,0.0,1,0.07851052114712422,0.0,0.00146484375,0.07589699634684142,0.0,4.568593697863756E-20,0.15305313243457574,15,15
1775943077542,0.34053887604195365,0.03174603174603175,0.06556107235823853,0.4508214234975121,0.0,0.0,0,0.07682798236435212,0.6297229219143576,0.00146484375,0.07573350003724093,0.0,3.654874958291005E-20,0.15302886140183947,13,15
1775943077977,0.3428155267078639,0.04046840883803798,0.30521773739234576,0.45105452604452134,0.0,1.0,1,0.0754974374994287,0.0,0.00146484375,0.07573350003724096,0.0,2.923899966632804E-20,0.15300459806564137,15,15
1775943078382,0.3416598417512699,0.04046840883803798,0.06708206538060385,0.4530548550911615,0.0,0.0,1,0.07676004400309833,0.0,0.00146484375,0.07556992469860582,0.0,2.3391199733062435E-20,0.15298034242232084,15,15
1775943078825,0.34212832025938283,0.022447834323382463,0.2537133282692389,0.45371342770962986,0.0,0.0,1,0.07513019191028757,0.0,0.00146484375,0.07568808197544052,0.0,1.8712959786449948E-20,0.15295609446822,15,15
1775943079213,0.34212832025938283,0.04046840883803798,0.06901046579724802,0.4557136039423144,0.0,0.0,1,0.07335985200788411,0.0,0.00146484375,0.07552463779287169,0.0,1.497036782915996E-20,0.15293185419968303,15,15
1775943079608,0.34028589134148274,0.04046840883803798,0.26108107473660513,0.4563639426996743,0.0,0.0,1,0.07187468009713822,0.3164556962025316,0.00146484375,0.07564283893378063,0.0,1.1976294263327969E-20,0.1529076216130566,15,15
1775943080016,0.34065954218790495,0.015873015873015876,0.2636713772978653,0.4570140646326503,0.0,0.0,1,0.07073358231604804,0.0,0.00146484375,0.07576108207302086,0.0,9.581035410662376E-21,0.15288339670468953,15,15
1775943080407,0.34295528177304113,0.025097441747368093,0.009684799547996469,0.45944231524182394,0.0,0.0,1,0.07167212237678194,0.0,0.00146484375,0.07570194721014313,0.0,7.6648283285299E-21,0.15285917947093297,15,15
1775943080800,0.34295528177304113,0.015873015873015876,0.2715850069067827,0.4600844971687787,0.0,0.0,1,0.07004632692923901,0.0,0.00146484375,0.07582014057509195,0.0,6.13186266282392E-21,0.1528349699081406,15,15
1775943081189,0.34350113346641914,0.03549314249999667,0.33979375712923005,0.46027972879068385,0.0,0.0,1,0.06875757658902672,0.0,0.00146484375,0.07582014057509194,0.0,4.9054901302591366E-21,0.15281076801266824,15,15
1775943081578,0.34421342760998025,0.011223917161691232,0.3426305550557615,0.4604741435778505,0.0,0.0,1,0.06884238650692505,0.0,0.00146484375,0.07582014057509194,0.0,3.92439210420731E-21,0.152786573780874,15,15
1775943081967,0.3434662634831138,0.015873015873015876,0.2788177511641527,0.4611148056303415,0.0,0.0,1,0.06720401035406035,0.3213367609254499,0.00146484375,0.07593822396873993,0.0,3.139513683365848E-21,0.15276238720911828,14,15
1775943082369,0.3415235311289331,0.015873015873015876,0.28150021758629373,0.461755150770141,0.0,0.0,1,0.06604257667321861,0.0,0.00146484375,0.0760560460460013,0.0,2.5116109466926783E-21,0.15273820829376383,15,15
1775943082757,0.3415235311289331,0.04046840883803798,0.07787195878037942,0.46374671473792806,0.0,0.0,1,0.06503231675374341,0.0,0.00146484375,0.07589339526421542,0.0,2.009288757354143E-21,0.1527140370311758,15,15
1775943083147,0.3436447832315646,0.03549314249999667,0.2894586526591767,0.4643785293567234,0.0,0.0,1,0.06513666380280347,0.0,0.00146484375,0.07601126120513464,0.0,1.6074310058833144E-21,0.15268987341772156,15,15
1775943083540,0.3436447832315646,0.015873015873015876,0.3626963790322023,0.464555624595027,0.0,0.0,1,0.06421950654759011,0.0,0.00146484375,0.07601126120513464,0.0,1.2859448047066516E-21,0.15266571744977064,15,15
1775943083928,0.34269041070845907,0.025097441747368093,0.36372920088946115,0.46474366208232326,0.0,0.0,1,0.06365337782090029,0.0,0.00146484375,0.07602542045064228,0.0,1.0287558437653212E-21,0.1526415691236951,15,15
1775943084332,0.3424890982749706,0.0,0.3665888701082855,0.46493095927618555,0.0,0.0,1,0.06782607630319304,0.3094059405940594,0.00146484375,0.07603963488783977,0.0,8.230046750122571E-22,0.1527755812114503,15,15
1775943084744,0.3411477312129399,0.025097441747368093,0.3713232602845857,0.4651056938696685,0.0,0.0,1,0.06714755086079913,0.0,0.00146484375,0.0760396348878398,0.0,6.584037400098057E-22,0.15275142314990509,15,15
1775943085140,0.34097539280000616,0.025097441747368093,0.3014349282324782,0.46573488709253974,0.0,0.0,1,0.06640861325878497,0.6313131313131313,0.00146484375,0.0761575050737293,0.0,5.267229920078446E-22,0.1527272727272727,13,15
1775943085569,0.34097539280000616,0.03174603174603175,0.37796307756459885,0.4659061861561367,0.0,0.0,1,0.0665561587235169,0.0,0.00146484375,0.07615753528291201,0.0,4.213783936062757E-22,0.1527031299399304,15,15
1775943085967,0.34097539280000616,0.011223917161691232,0.38082700830414956,0.46607673928185517,0.0,0.0,1,0.06562870770159722,0.0,0.00146484375,0.07615753528291201,0.0,3.3710271488502056E-22,0.15267899478425795,15,15
1775943086360,0.33956643484093574,0.015873015873015876,0.08498979746569577,0.4680650808650368,0.0,0.0,1,0.06766308810241776,0.0,0.00146484375,0.07599517568239535,0.0,2.6968217190801647E-22,0.15265486725663713,15,15
1775943086770,0.3373649735378451,0.0,0.08614199292866363,0.4700545311733808,0.0,0.0,1,0.06884001106040107,0.0,0.00146484375,0.07583275581176702,0.0,2.1574573752641317E-22,0.1527887501975036,15,15
1775943087181,0.3373649735378451,0.011223917161691232,0.39515558405792545,0.4702190576505282,0.0,0.0,1,0.06922954123034532,0.6082725060827251,0.00146484375,0.07584704455290939,0.0,1.7259659002113054E-22,0.15276461295418642,13,15
1775943087610,0.3327925832867986,0.011223917161691232,0.0879424261544253,0.47220947732293994,0.0,0.0,1,0.0711399108640027,0.0,0.00146484375,0.0756845838491316,0.0,1.3807727201690444E-22,0.1527404833359659,15,15
1775943087998,0.3327925832867986,0.011223917161691232,0.4049170086682855,0.47236464795171684,0.0,0.0,1,0.07262282447169933,0.0,0.00146484375,0.07569894473179367,0.0,1.1046181761352356E-22,0.15271636133922928,15,15
1775943088388,0.33139954395778554,0.011223917161691232,0.08975955425795855,0.4743559611346637,0.0,0.0,1,0.07140253515057393,0.0,0.00146484375,0.07553644620858185,0.0,8.836945409081885E-23,0.15269224696036632,15,15
1775943088784,0.3291038043726493,0.025097441747368093,0.41695350110888935,0.47448949712575106,0.0,0.0,1,0.07103193429401629,0.6313131313131313,0.00146484375,0.07553644620858185,0.0,7.069556327265509E-23,0.1526681401957689,13,15
1775943089202,0.32548004141798537,0.022447834323382463,0.41763679691738054,0.4746346647116481,0.0,0.0,1,0.07059612822548726,0.0,0.00146484375,0.07555087952984874,0.0,5.655645061812407E-23,0.15264404104183105,15,15
1775943089588,0.3237780978721273,0.011223917161691232,0.09221262228215814,0.47662671802673406,0.0,0.0,1,0.07066504674925643,0.0,0.00146484375,0.07538834618940222,0.0,4.524516049449926E-23,0.1526199494949495,15,15
1775943089981,0.3237780978721273,0.04046840883803798,0.3477285569959895,0.47720914081544075,0.0,0.0,1,0.06933668271344233,0.0,0.00146484375,0.07550668965935947,0.0,3.619612839559941E-23,0.15259586555152282,15,15
1775943090372,0.3247136376358654,0.03174603174603175,0.43163580853070693,0.47734221637584734,0.0,1.0,1,0.07001670135820279,0.0,0.00146484375,0.0755211816417383,0.0,2.8956902716479527E-23,0.152571789207952,15,15
1775943090764,0.32495571601540985,0.04046840883803798,0.3528533218217571,0.4779239984041348,0.0,0.0,0,0.06827202580087031,0.6377551020408163,0.00146484375,0.07563954929968904,0.0,2.3165522173183622E-23,0.15254772046064047,13,15
1775943091178,0.32495571601540985,0.011223917161691232,0.355716080905671,0.47850551581363376,0.0,0.0,1,0.06775115852263697,0.0,0.00146484375,0.07575766098849251,0.0,1.8532417738546898E-23,0.15252365930599365,15,15
1775943091562,0.3236327059332969,0.0,0.3585706632949747,0.4790868307532992,0.0,0.0,1,0.07201836122813099,0.0,0.00146484375,0.07587565981910545,0.0,1.4825934190837517E-23,0.15265730957262258,15,15
1775943091966,0.32229133887126626,0.022447834323382463,0.09890014388987788,0.48107080025351234,0.0,0.0,0,0.07247155010792813,0.6188118811881188,0.00146484375,0.07571367058519435,0.0,1.1860747352670015E-23,0.1526332387259539,13,15
1775943092391,0.32395800553793286,0.04627739599083572,0.3679611093345099,0.4816429736121672,0.0,0.0,1,0.07143438029370722,0.0,0.00146484375,0.07583186019358844,0.0,9.488597882136012E-24,0.15260917546902097,15,15
1775943092793,0.3242000839174773,0.015873015873015876,0.3708225314684978,0.4822149621558074,0.0,1.0,1,0.06977241186213666,0.0,0.00146484375,0.0759499323727499,0.0,7.59087830570881E-24,0.15258511979823453,15,15
1775943093204,0.3234068551843735,0.011223917161691232,0.37369574416484336,0.4827867123410088,0.0,0.0,1,0.06872821841798935,0.0,0.00146484375,0.0760677402003466,0.0,6.0727026445670485E-24,0.15256107171000788,15,15
1775943093604,0.323608167617862,0.03549314249999667,0.10394789810146501,0.4847645093408585,0.0,0.0,1,0.06807720576587506,0.0,0.00146484375,0.07590619831982663,0.0,4.858162115653639E-24,0.15253703120075635,15,15
1775943094007,0.32524328532641955,0.04627739599083572,0.38333658702913515,0.48532694850796193,0.0,0.0,1,0.06803484842260286,0.31017369727047145,0.00146484375,0.07602404919366605,0.0,3.8865296925229114E-24,0.1525129982668978,15,15
1775943094421,0.3239961965464345,0.025097441747368093,0.3861977672442873,0.4858892279456378,0.0,0.0,1,0.06695912276576015,0.0,0.00146484375,0.0761417791105136,0.0,3.1092237540183294E-24,0.15248897290485197,15,15
1775943094823,0.32431920951552157,0.03549314249999667,0.10785949062963378,0.48786287770898545,0.0,0.0,1,0.06636547719921317,0.0,0.00146484375,0.0759804989448371,0.0,2.4873790032146637E-24,0.15246495511104108,15,15
1775943095223,0.323703480289555,0.0,0.1092710683149041,0.48983694001136285,0.0,0.0,1,0.06751402094391354,0.0,0.00146484375,0.07581915257814206,0.0,1.9899032025717312E-24,0.1525984251968504,15,15
1775943095616,0.3220683625809974,0.025097441747368093,0.1106979533913571,0.491811347256287,0.0,0.0,1,0.06613006323075378,0.6361323155216285,0.00146484375,0.07565774303753031,0.0,1.591922562057385E-24,0.15257439773264048,13,15
1775943096039,0.3220683625809974,0.04046840883803798,0.4103113685223332,0.49234544729336477,0.0,0.0,1,0.06552659942663266,0.0,0.00146484375,0.07577584028886691,0.0,1.2735380496459081E-24,0.15255037783375314,15,15
1775943096436,0.32185558619466886,0.04046840883803798,0.11342789443334186,0.49431773395969647,0.0,0.0,1,0.06538063066285618,0.0,0.00146484375,0.07561452827001705,0.0,1.0188304397167266E-24,0.1525263654966158,15,15
1775943096832,0.32185558619466886,0.03174603174603175,0.5218202588461335,0.4943581716155244,0.0,0.0,1,0.07049261375101364,0.0,0.00146484375,0.07561452827001705,0.0,8.150643517733814E-25,0.15250236071765821,15,15
1775943097221,0.32486361992336615,0.025097441747368093,0.4224542108362891,0.4948825326609962,0.0,0.0,1,0.07352421226672452,0.0,0.00146484375,0.0757328122709029,0.0,6.520514814187051E-25,0.15247836349331234,15,15
1775943097610,0.32547934914933274,0.011223917161691232,0.42528471040880717,0.49540674634734944,0.0,0.0,1,0.0724471688018587,0.0,0.00146484375,0.07585083388747127,0.0,5.2164118513496415E-25,0.1524543738200126,15,15
1775943098004,0.32547934914933274,0.04046840883803798,0.1180441479796198,0.4973743069930999,0.0,0.0,1,0.0714478006141171,0.31725888324873097,0.00146484375,0.07568974890632833,0.0,4.173129481079713E-25,0.15243039169419537,14,15
1775943098411,0.3239901819898033,0.022447834323382463,0.43567466387388637,0.49788879514116885,0.0,0.0,1,0.0697577286715876,0.0,0.00146484375,0.0758078129504927,0.0,3.3385035848637707E-25,0.15240641711229952,15,15
1775943098801,0.3250763963096947,0.03174603174603175,0.5423437390995297,0.4979246433002032,0.0,1.0,1,0.0690507950664463,0.0,0.00146484375,0.07582230723591703,0.0,2.6708028678910165E-25,0.1523824500707659,15,15
1775943099191,0.32145263335503077,0.03549314249999667,0.4403311948741355,0.4984389745411163,0.0,0.0,1,0.06768750258358261,0.0,0.00146484375,0.07594037946179447,0.0,2.1366422943128135E-25,0.15235849056603779,15,15
1775943099581,0.3197506898091727,0.04046840883803798,0.1227121978555412,0.5004016597097448,0.0,0.0,1,0.07015984232329635,0.0,0.00146484375,0.07577960070517738,0.0,1.709313835450251E-25,0.1523345385945606,15,15
1775943099971,0.3181863332868235,0.04046840883803798,0.45092146785846393,0.5009061245545637,0.0,0.0,1,0.06897432861815801,0.0,0.00146484375,0.07589757195456028,0.0,1.3674510683602008E-25,0.15231059415278214,15,15
1775943100362,0.31880206251279014,0.011223917161691232,0.5645657124084889,0.5009140927940094,0.0,0.0,1,0.06833249238252641,0.639386189258312,0.00146484375,0.07589757195456026,0.0,1.0939608546881607E-25,0.1522866572371523,13,15
1775943100777,0.31988827683268156,0.011223917161691232,0.45538305438023413,0.5014185529360125,0.0,0.0,1,0.06686243452892304,0.0,0.00146484375,0.07601556286507068,0.0,8.751686837505287E-26,0.1522627278441232,15,15
1775943101172,0.3205040060586482,0.03174603174603175,0.570663760997974,0.5014239696694769,0.0,0.0,1,0.06946519646717836,0.0,0.00146484375,0.07601559289505828,0.0,7.00134947000423E-26,0.15223880597014927,15,15
1775943101566,0.3208776569050704,0.0,0.572761229503267,0.5014293589530004,0.0,0.0,1,0.06836009341113648,0.0,0.00146484375,0.0760156230630601,0.0,5.601079576003384E-26,0.15237197612315423,15,15
1775943101961,0.3205738835912369,0.03549314249999667,0.1283650877447681,0.5033869676942201,0.0,0.0,1,0.06850147048152423,0.6329113924050632,0.00146484375,0.07585507588367471,0.0,4.4808636608027073E-26,0.15234804460499451,13,15
1775943102384,0.320130492778204,0.03549314249999667,0.5843084083561968,0.5033824957847255,0.0,0.0,1,0.06960950199340685,0.0,0.00146484375,0.07585510608568147,0.0,3.584690928642166E-26,0.15232412060301503,15,15
1775943102776,0.3192109902384038,0.0,0.5862954421589932,0.5033780460727909,0.0,0.0,1,0.06845393732335085,0.0,0.00146484375,0.07585513642648772,0.0,2.867752742913733E-26,0.15245721463338047,15,15
1775943103168,0.3182566177152983,0.025097441747368093,0.472747644401697,0.5038725534935588,0.0,0.0,0,0.0677555580986381,0.6377551020408163,0.00146484375,0.07597302632567657,0.0,2.2942021943309867E-26,0.15243328100470954,13,15
1775943103588,0.31810594315914487,0.025097441747368093,0.5921652934945556,0.5038656294631375,0.0,1.0,1,0.06951267226999001,0.0,0.00146484375,0.0759730567756191,0.0,1.8353617554647895E-26,0.15240935488934237,15,15
1775943103978,0.31810594315914487,0.03549314249999667,0.4769648712108898,0.5043601635767047,0.0,1.0,1,0.06913891454467373,0.0,0.00146484375,0.07609082055575331,0.0,1.4682894043718317E-26,0.15238543628374135,15,15
1775943104380,0.32038259382505513,0.022447834323382463,0.5979776063707213,0.5043507619446849,0.0,0.0,1,0.06969091671245986,0.0,0.00146484375,0.07609082055575331,0.0,1.1746315234974654E-26,0.15236152518437152,15,15
1775943104776,0.3167588308703912,0.022447834323382463,0.5967681223246952,0.504354504815659,0.0,0.0,1,0.06960523220134944,0.0,0.00146484375,0.0761053327321379,0.0,9.397052187979725E-27,0.15233762158770003,15,15
1775943105167,0.3167588308703912,0.033671751485073696,0.48265729946403757,0.5048490519804892,0.0,0.0,1,0.07256630501315187,0.319693094629156,0.00146484375,0.07622295316162704,0.0,7.51764175038378E-27,0.15231372549019606,15,15
1775943105575,0.31824799802992065,0.015873015873015876,0.6056242520883306,0.504837171933578,0.0,0.0,1,0.07102246431733536,0.0,0.00146484375,0.07622295316162704,0.0,6.0141134003070236E-27,0.1522898368883312,15,15
1775943105975,0.31898285285393146,0.011223917161691232,0.6074213470429691,0.504825362599812,0.0,0.0,1,0.0700677894198728,0.0,0.00146484375,0.0762229836893486,0.0,4.811290720245619E-27,0.15226595577857927,15,15
1775943106372,0.3192673865125116,0.03174603174603175,0.13700849833893,0.5067752579616759,0.0,0.0,1,0.06860789210861648,0.0,0.00146484375,0.07606291920124639,0.0,3.8490325761964955E-27,0.15224208215741608,15,15
1775943106764,0.3212244828005088,0.011223917161691232,0.12499300817713728,0.5087806908414098,0.0,0.0,1,0.06910624350223778,0.0,0.00146484375,0.07594498292126797,0.0,3.0792260609571967E-27,0.1522182160213199,15,15
1775943107166,0.32289114946717556,0.015873015873015876,0.14387062480689752,0.5107164656550618,0.0,0.0,1,0.07433609064122217,0.31094527363184077,0.00146484375,0.07577009924544331,0.0,2.4633808487657574E-27,0.15219435736677112,15,15
1775943107573,0.3201868890523118,0.03549314249999667,0.5140268755323462,0.5111807996842458,0.0,0.0,1,0.09218446322496887,0.0,0.00146484375,0.07588821456108143,0.0,1.970704679012606E-27,0.1521705061902523,15,15
1775943107966,0.3172104042817236,0.011223917161691232,0.5165183203727851,0.511645157263467,0.0,0.0,1,0.09847214300662496,0.0,0.00146484375,0.0760060625975901,0.0,1.576563743210085E-27,0.15214666248824815,15,15
1775943108363,0.3172104042817236,0.0,0.5189808447137619,0.5121096034024913,0.0,0.0,1,0.1099438121092577,0.0,0.00146484375,0.0761237818846505,0.0,1.261250994568068E-27,0.15227949240169203,15,15
1775943108754,0.3172104042817236,0.025097441747368093,0.5214293057215672,0.5125741432790968,0.0,0.0,1,0.10406029663002372,0.639386189258312,0.00146484375,0.07624136962996862,0.0,1.0090007956544546E-27,0.1522556390977443,13,15
1775943109173,0.3189951621567872,0.025097441747368093,0.6509776031311902,0.5125357817829013,0.0,0.0,1,0.10350019364092723,0.0,0.00146484375,0.07625588886185998,0.0,8.072006365235637E-28,0.152231793265466,15,15
1775943109562,0.3234121538445549,0.011223917161691232,0.6381666183306142,0.5125536951823289,0.0,0.0,1,0.09916377617031234,0.0,0.00146484375,0.0763125388737812,0.0,6.45760509218851E-28,0.15220795490134664,15,15
1775943109960,0.3234121538445549,0.7642984884129203,0.0,0.5150642662592227,0.0,0.0,1,0.09626158244149596,0.0,0.00146484375,0.0763125388737812,0.0,5.166084073750808E-28,0.15218412400187886,15,15
1775943110359,0.3216273959694913,0.7731478652671464,0.5368952831364464,0.5155182281811288,0.0,0.0,1,0.09160488592315023,0.0,0.00146484375,0.07642992097876775,0.0,4.132867259000647E-28,0.15216030056355667,15,15
1775943110759,0.32264678445208217,0.0,0.5392341456745676,0.5159723264698053,0.0,0.0,0,0.09524886386713295,0.625,0.00146484375,0.07654716581329292,0.0,3.3062938072005177E-28,0.15229300359993736,13,15
1775943111201,0.32320339075207505,0.033671751485073696,0.6742028315894943,0.5159162717900068,0.0,0.0,1,0.09196991153425377,0.0,0.00146484375,0.0765617349026325,0.0,2.6450350457604145E-28,0.15226917057902978,15,15
1775943111598,0.32320339075207505,0.03174603174603175,0.5424408718353602,0.5163707377555905,0.0,0.0,1,0.08802827255450123,0.0,0.00146484375,0.07667882493858204,0.0,2.1160280366083315E-28,0.1522453450164294,15,15
1775943111994,0.3235071640659087,0.022447834323382463,0.6823532528504573,0.5162990945379682,0.0,0.0,1,0.08449239621301234,0.0,0.00146484375,0.07667882493858204,0.0,1.6928224292866652E-28,0.15222152690863577,15,15
1775943112388,0.32155006777791134,0.03549314249999667,0.15595610263976814,0.5182257436544266,0.0,0.0,1,0.08294179915359588,0.0,0.00146484375,0.07651960294693366,0.0,1.3542579434293324E-28,0.15219771625215084,15,15
1775943112777,0.3205306792953205,0.03549314249999667,0.5547415078716076,0.5186703112686217,0.0,0.0,1,0.08018099440628743,0.3213367609254499,0.00146484375,0.076636735331588,0.0,1.083406354743466E-28,0.15217391304347827,15,15
1775943113184,0.3241544422499844,0.015873015873015876,0.6976300304959874,0.5185864239978334,0.0,0.0,1,0.07880510084505002,0.0,0.00146484375,0.07663673533158802,0.0,8.667250837947728E-29,0.1521501172791243,15,15
1775943113582,0.3244846175760574,0.022447834323382463,0.6984111361394398,0.5185029959652785,0.0,0.0,1,0.0769470795944741,0.0,0.00146484375,0.07663676602213357,0.0,6.933800670358183E-29,0.1521263289555973,15,15
1775943113972,0.32611973528461485,0.011223917161691232,0.6991881786500169,0.5184200020815014,0.0,0.0,1,0.07509818803874267,0.0,0.00146484375,0.07663676602213357,0.0,5.547040536286547E-29,0.15210254806940748,15,15
1775943114372,0.32561475235039633,0.033671751485073696,0.5588176735775282,0.5188658309855975,0.0,0.0,1,0.08060954447403253,0.0,0.00146484375,0.07675375548654792,0.0,4.437632429029238E-29,0.15207877461706787,15,15
1775943114762,0.3249990231244298,0.03549314249999667,0.16108755741528688,0.5207868030435748,0.0,0.0,1,0.08306386057055927,0.0,0.00146484375,0.07659481339677882,0.0,3.5501059432233903E-29,0.15205500859509302,15,15
1775943115158,0.32736107883787696,0.025097441747368093,0.7144656628768762,0.520691552501399,0.0,0.0,1,0.08024620836471423,0.31565656565656564,0.00146484375,0.07659481339677882,0.0,2.840084754578712E-29,0.15203124999999995,15,15
1775943115571,0.32590121367156333,0.025097441747368093,0.5708728299501791,0.5211275435037565,0.0,0.0,1,0.07756069507634158,0.0,0.00146484375,0.07671184514040079,0.0,2.27206780366297E-29,0.1520074988283081,15,15
1775943115978,0.32683675343530133,0.03549314249999667,0.16449476616771969,0.5230452335385981,0.0,0.0,1,0.07910764636261516,0.0,0.00146484375,0.07655299744628123,0.0,1.817654242930376E-29,0.1519837550765386,15,15
1775943116368,0.32683675343530133,0.03174603174603175,0.7296218110970832,0.5229377718763976,0.0,0.0,1,0.0771555269863572,0.0,0.00146484375,0.0765530282858173,0.0,1.4541233943443008E-29,0.151960018741215,15,15
1775943116756,0.3267028943328747,0.015873015873015876,0.7262021148083576,0.5228445981617112,0.0,0.0,1,0.07677740745679562,0.0,0.00146484375,0.0765676462938614,0.0,1.1632987154754407E-29,0.1519362898188632,15,15
1775943117155,0.32658246856600476,0.011223917161691232,0.16663074265836136,0.5247618684040976,0.0,0.0,1,0.07724592035793962,0.0,0.00146484375,0.0764087252428095,0.0,9.306389723803526E-30,0.15191256830601096,15,15
1775943117550,0.3285395648540021,0.03549314249999667,0.5928908079886407,0.5251778412603655,0.0,0.0,1,0.07633204174329497,0.3164556962025316,0.00146484375,0.07652596905482364,0.0,7.44511177904282E-30,0.1518888541991883,15,15
1775943117951,0.3285395648540021,0.03549314249999667,0.7449472214533817,0.5250587329107077,0.0,0.0,1,0.07458114467874069,0.0,0.00146484375,0.07652596905482364,0.0,5.9560894232342565E-30,0.1518651474949274,15,15
1775943118346,0.3271056567658296,0.022447834323382463,0.16995595328356178,0.5269726297671156,0.0,1.0,1,0.07289686065591486,0.0,0.00146484375,0.07636714223312568,0.0,4.764871538587406E-30,0.15184144818976275,15,15
1775943118736,0.328740774474387,0.025097441747368093,0.7566676211010583,0.5268436597960413,0.0,0.0,1,0.07706182072834032,0.0,0.00146484375,0.07636714223312568,0.0,3.811897230869925E-30,0.15181775628023098,15,15
1775943119129,0.328740774474387,0.025097441747368093,0.1719537207942047,0.5287568910791066,0.0,0.0,1,0.07518897499484574,0.0,0.00146484375,0.0762082279743052,0.0,3.04951778469594E-30,0.15179407176287052,15,15
1775943119522,0.33331316472543354,0.6757693002351747,0.0,0.5312603136978574,0.0,0.0,0,0.07551084240616981,0.6361323155216285,0.00146484375,0.0762082279743052,0.0,2.439614227756752E-30,0.15177039463422248,13,15
1775943119938,0.3346545317874642,0.6716555584646251,0.18169911005418743,0.5331542177737624,0.0,0.0,1,0.07726151870390405,0.0,0.00146484375,0.07603452680502927,0.0,1.951691382205402E-30,0.15174672489082974,15,15
1775943120330,0.33103076883280025,0.03549314249999667,0.6373852087270854,0.5335279046705186,0.0,0.0,1,0.0797122195511714,0.0,0.00146484375,0.07615218713118314,0.0,1.5613531057643216E-30,0.1517230625292375,15,15
1775943120730,0.32949655730834704,0.03549314249999667,0.18080892668935755,0.535432017236566,0.0,0.0,1,0.07917604149696199,0.0,0.00146484375,0.07599326549888485,0.0,1.2490824846114573E-30,0.1516994075459931,15,15
1775943121140,0.3287301535262271,0.03549314249999667,0.6493288998690314,0.5357951440466133,0.0,0.0,1,0.07678710485655994,0.0,0.00146484375,0.07611096715650179,0.0,9.992659876891658E-31,0.15167575993764615,15,15
1775943121532,0.327165797003878,0.025097441747368093,0.6506879761655602,0.5361587317813425,0.0,0.0,1,0.09189880030691484,0.6377551020408163,0.00146484375,0.07622853199344916,0.0,7.994127901513327E-31,0.1516521197007481,13,15
1775943121959,0.32596176080549777,0.03549314249999667,0.815651981926566,0.5359782978188049,0.0,0.0,1,0.08785641790289757,0.0,0.00146484375,0.07622856288401708,0.0,6.395302321210662E-31,0.15162848683185293,15,15
1775943122368,0.3265054286764304,0.0,0.8146436265705146,0.5357988905615819,0.0,0.0,1,0.08486310053622712,0.0,0.00146484375,0.07622859391651712,0.0,5.11624185696853E-31,0.1517606731068869,15,15
1775943122764,0.3261715103647008,0.03549314249999667,0.6504288074734103,0.5361646290635415,0.0,1.0,1,0.0819133245915698,0.6313131313131313,0.00146484375,0.07634601904769794,0.0,4.092993485574824E-31,0.15173703069013866,13,15
1775943123196,0.32783817703136753,0.6827242275430657,0.0,0.5386630276652318,0.0,0.0,1,0.07955123872499305,0.0,0.00146484375,0.07634601904769794,0.0,3.2743947884598597E-31,0.1517133956386293,15,15
1775943123603,0.3258954446771868,0.655711192563011,0.18989270706391873,0.5405535744582519,0.0,0.0,1,0.07747683747637035,0.0,0.00146484375,0.07618755031693543,0.0,2.619515830767888E-31,0.15168976794891764,15,15
1775943124003,0.3281370746237641,0.015873015873015876,0.17415831399793671,0.5424994692666076,0.0,0.0,1,0.07990363126143248,0.0,0.00146484375,0.07606980628969974,0.0,2.0956126646143104E-31,0.15166614761756458,15,15
1775943124400,0.3272683606973266,0.04046840883803798,0.6868869552378912,0.542831242993229,0.0,0.0,1,0.0842800058814595,0.0,0.00146484375,0.07618741246700741,0.0,1.6764901316914484E-31,0.15164253464113342,15,15
1775943124796,0.325262643837635,0.0,0.6878068999676265,0.5431636141584819,0.0,0.0,0,0.08086584803914872,0.6313131313131313,0.00146484375,0.07630487906080692,0.0,1.3411921053531589E-31,0.15177459526774595,13,15
1775943125211,0.32755838342277116,0.6846589468631651,0.0,0.5456562553532383,0.0,0.0,1,0.081703742958716,0.0,0.00146484375,0.07630487906080692,0.0,1.0729536842825272E-31,0.15175097276264593,15,15
1775943125604,0.32888284538802126,0.6625914750711683,0.20069812786422545,0.547533129885941,0.0,0.0,1,0.08238163843105047,0.0,0.00146484375,0.07614647310147617,0.0,8.583629474260219E-32,0.15172735760971057,15,15
1775943125992,0.3267750745438706,0.022447834323382463,0.8880524043833142,0.5473010006798658,0.0,0.0,1,0.07999240859178534,0.0,0.00146484375,0.07616112208244813,0.0,6.866903579408175E-32,0.15170374980550805,15,15
1775943126384,0.3271052498699435,0.033671751485073696,0.7118818715687429,0.5476116582921194,0.0,0.0,1,0.0784135536687423,0.0,0.00146484375,0.07627861509132901,0.0,5.49352286352654E-32,0.15168014934660856,15,15
1775943126781,0.3295767517063132,0.025097441747368093,0.8919319274329979,0.5473646835701053,0.0,0.0,1,0.07657363605265093,0.0,0.00146484375,0.07627861509132901,0.0,4.394818290821232E-32,0.15165655622958474,15,15
1775943127177,0.32932246683701666,0.025097441747368093,0.7105080485744129,0.5476772504016842,0.0,0.0,1,0.07746818900855937,0.31565656565656564,0.00146484375,0.07639596571590204,0.0,3.515854632656986E-32,0.15163297045101087,14,15
1775943127585,0.32932246683701666,0.03549314249999667,0.20400948163112795,0.5495480074656477,0.0,0.0,1,0.07584016295137258,0.0,0.00146484375,0.07623788446269739,0.0,2.812683706125589E-32,0.15160939200746382,15,15
1775943127985,0.3288080612886443,0.0,0.20627751183275433,0.551417205055534,0.0,0.0,1,0.07484650968749107,0.0,0.00146484375,0.07607971274511101,0.0,2.2501469649004715E-32,0.15174129353233834,15,15
1775943128374,0.33127956312501394,0.015873015873015876,0.8943183268260216,0.5512190434015892,0.0,0.0,1,0.072948864262602,0.6426735218508998,0.00146484375,0.07613495359855932,0.0,1.8001175719203773E-32,0.15171770558060005,13,15
1775943128799,0.33168808395474153,0.04046840883803798,0.7318849492405082,0.5515104048136783,0.0,0.0,1,0.07150507154260587,0.0,0.00146484375,0.07625260597622353,0.0,1.440094057536302E-32,0.15169412496114387,15,15
1775943129196,0.3310013399934354,0.04046840883803798,0.20910155507323586,0.5533753956132509,0.0,0.0,1,0.07130657355319629,0.0,0.00146484375,0.0760944514528677,0.0,1.1520752460290417E-32,0.15167055167055166,15,15
1775943129582,0.3311107861163579,0.011223917161691232,0.9300646527833236,0.553093965273613,0.0,0.0,1,0.0707950241753601,0.0,0.00146484375,0.07609448264136082,0.0,9.216601968232334E-33,0.15164698570540713,15,15
1775943129991,0.3341540967242466,0.033671751485073696,0.7411490701585888,0.5533759332004355,0.0,0.0,1,0.06923372524007616,0.0,0.00146484375,0.0762120427117074,0.0,7.373281574585867E-33,0.15162342706229615,15,15
1775943130392,0.33469994841762457,0.022447834323382463,0.7413160452991774,0.5536587902652629,0.0,0.0,1,0.06825849433522943,0.31172069825436405,0.00146484375,0.0763295934395971,0.0,5.8986252596686935E-33,0.15159987573780676,15,15
1775943130816,0.33326604032945206,0.04046840883803798,0.9291240191416189,0.5533756467202877,0.0,0.0,1,0.0673551012814814,0.0,0.00146484375,0.07632962470756442,0.0,4.718900207734955E-33,0.15157633172852925,15,15
1775943131220,0.334285428812043,0.03174603174603175,0.21192267172986684,0.555234577376913,0.0,0.0,1,0.06673944431264016,0.0,0.00146484375,0.07617174570649358,0.0,3.775120166187964E-33,0.1515527950310559,15,15
1775943131659,0.334285428812043,0.03549314249999667,0.7505289281617045,0.5555080505234251,0.0,0.0,1,0.06563607598535771,0.0,0.00146484375,0.07628920417780868,0.0,3.0200961329503714E-33,0.1515292656419811,15,15
1775943132068,0.33698968922690675,0.6827242275430657,0.0,0.5579881357264477,0.0,0.0,1,0.06820886071293998,0.0,0.00146484375,0.07628920417780868,0.0,2.4160769063602972E-33,0.15150574355790125,15,15
1775943132463,0.3323465377896519,0.6827242275430657,0.765660667771441,0.5582498577150773,0.0,0.0,1,0.06729867783662791,0.3164556962025316,0.00146484375,0.07640651757035433,0.0,1.932861525088238E-33,0.15148222877541517,14,15
1775943132868,0.3323465377896519,0.011223917161691232,0.9600231211936078,0.5579387488393255,0.0,0.0,1,0.06684770584285121,0.0,0.00146484375,0.07640651757035433,0.0,1.5462892200705906E-33,0.15145872129112348,15,15
1775943133263,0.3332152517160894,0.033671751485073696,0.21963129488544092,0.5597853780276907,0.0,0.0,1,0.0673979349152076,0.0,0.00146484375,0.07624891681973028,0.0,1.2370313760564725E-33,0.1514352211016292,15,15
1775943133653,0.33373957711866503,0.015873015873015876,0.9648894136180571,0.5594796470587624,0.0,0.0,1,0.06955873886246765,0.0,0.00146484375,0.07626365903978984,0.0,9.896251008451781E-34,0.1514117282035371,15,15
1775943134045,0.33547255991364267,0.04046840883803798,0.7709121129810139,0.5597338181143959,0.0,0.0,1,0.06849821497161558,0.0,0.00146484375,0.07638113047508101,0.0,7.917000806761425E-34,0.1513882425934543,15,15
1775943134434,0.34004495016468905,0.033671751485073696,0.9665001435512358,0.5594136563784964,0.0,0.0,1,0.06923973956167943,0.0,0.00146484375,0.07638129470638619,0.0,6.333600645409141E-34,0.15136476426799006,15,15
1775943134825,0.3396399907392392,0.011223917161691232,0.7673905682436762,0.5596703906638723,0.0,0.0,1,0.06942055573706843,0.319693094629156,0.00146484375,0.076498485690697,0.0,5.066880516327313E-34,0.15134129322375567,14,15
1775943135239,0.3403871548661057,0.011223917161691232,0.7671606173442551,0.5599281585297624,0.0,0.0,1,0.07527329560684776,0.0,0.00146484375,0.07661565908647264,0.0,4.05350441306185E-34,0.15131782945736438,15,15
1775943135640,0.3403871548661057,0.04046840883803798,0.2229245362045523,0.5617659165768962,0.0,0.0,1,0.07495494715551039,0.0,0.00146484375,0.07645854640255216,0.0,3.2428035304494804E-34,0.1512943729654317,15,15
1775943136042,0.34321768908766587,0.015873015873015876,0.9777614791561209,0.5614331142228872,0.0,0.0,1,0.07312260973769387,0.0,0.00146484375,0.07645854640255216,0.0,2.5942428243595845E-34,0.1512709237445753,15,15
1775943136432,0.34495067188264356,0.015873015873015876,0.2295316965447497,0.5632548540975412,0.0,0.0,1,0.07190568923274482,0.0,0.00146484375,0.07628657085728906,0.0,2.0753942594876677E-34,0.1512474817914149,15,15
1775943136820,0.34321768908766587,0.022447834323382463,0.2266732062434626,0.5650895988511687,0.0,0.0,1,0.0719078115403794,0.0,0.00146484375,0.07612924444066141,0.0,1.6603154075901342E-34,0.1512240471025721,15,15
1775943137222,0.3415510224209992,0.025097441747368093,0.9962272203127438,0.5647510436680828,0.0,0.0,1,0.07532659887934978,0.6218905472636815,0.00146484375,0.07614402555978245,0.0,1.3282523260721074E-34,0.1512006196746708,13,15
1775943137638,0.3425717110724157,0.03549314249999667,0.7954948176261143,0.5649779846877823,0.0,0.0,1,0.07299886617367889,0.0,0.00146484375,0.07626161822377886,0.0,1.0626018608576859E-34,0.15117719950433706,15,15
1775943138037,0.34216319024268815,0.011223917161691232,0.7948313781062234,0.565206041903524,0.0,0.0,1,0.07135442352800343,0.0,0.00146484375,0.07637906348681488,0.0,8.500814886861487E-35,0.1511537865881989,15,15
1775943138432,0.3442844423453197,0.04627739599083572,0.9918014840418296,0.5648668016217708,0.0,0.0,1,0.07117543381182076,0.0,0.00146484375,0.07639387177674146,0.0,6.80065190948919E-35,0.15113038092288633,15,15
1775943138824,0.34483029403869775,0.011223917161691232,0.9923057264237651,0.564514663438812,0.0,0.0,1,0.07060240219355021,0.0,0.00146484375,0.07639387177674145,0.0,5.440521527591352E-35,0.15110698250503174,15,15
1775943139217,0.3437001592643587,0.022447834323382463,0.22745538627698744,0.566344349513027,0.0,1.0,1,0.07030703196010935,0.0,0.00146484375,0.07623685864435457,0.0,4.3524172220730816E-35,0.15108359133126936,15,15
1775943139605,0.34554258818225886,0.03549314249999667,0.7987849631337375,0.566565192680909,0.0,0.0,1,0.06967535913777465,0.3221649484536082,0.00146484375,0.076354196223361,0.0,3.4819337776584655E-35,0.15106020739823556,14,15
1775943140004,0.345635160053752,0.033671751485073696,1.0,0.5662023962343913,0.0,0.0,1,0.06905497098661523,0.0,0.00146484375,0.07635422788006478,0.0,2.785547022126773E-35,0.1510368307025689,15,15
1775943140400,0.3431636582173823,0.011223917161691232,0.22955586467240344,0.5680281525975446,0.0,0.0,1,0.07017453100813839,0.0,0.00146484375,0.07619730594235577,0.0,2.2284376177014184E-35,0.15101346124090975,15,15
1775943140789,0.34153687482143597,0.011223917161691232,1.0,0.567656118925096,0.0,0.0,1,0.07241910890886588,0.0,0.00146484375,0.07619733778103707,0.0,1.7827500941611348E-35,0.150990099009901,15,15
1775943141181,0.3442012519655795,0.025097441747368093,1.0,0.5672864246096572,0.0,0.0,1,0.07225693874171847,0.6377551020408163,0.00146484375,0.07619733778103707,0.0,1.4262000753289078E-35,0.15096674400618715,13,15
1775943141604,0.3451896117966547,0.025097441747368093,0.995664629063622,0.5669342245260517,0.0,0.0,1,0.07132600286700425,0.0,0.00146484375,0.07621219077311259,0.0,1.1409600602631263E-35,0.15094339622641506,15,15
1775943141996,0.3451896117966547,0.022447834323382463,0.22848660217608557,0.5687606510825047,0.0,0.0,1,0.0701555172046654,0.0,0.00146484375,0.07605515765866698,0.0,9.127680482105011E-36,0.15092005566723365,15,15
1775943142395,0.3452990579195772,0.04046840883803798,0.8064782640157803,0.568966455492909,0.0,0.0,1,0.07077300988711482,0.0,0.00146484375,0.07617270795584671,0.0,7.302144385684009E-36,0.15089672232529372,15,15
1775943142791,0.3458763557579609,0.04627739599083572,0.23171369803242595,0.5707880227304242,0.0,0.0,1,0.0722827568641132,0.0,0.00146484375,0.0760157976490203,0.0,5.841715508547208E-36,0.15087339619724838,15,15
1775943143186,0.3472008177232109,0.011223917161691232,0.23974349168864975,0.5725920914311275,0.0,0.0,1,0.07446946942726043,0.3164556962025316,0.00146484375,0.07584387203702318,0.0,4.673372406837766E-36,0.15085007727975275,15,15
1775943143612,0.3481010806077576,0.03174603174603175,1.0,0.5721909538727817,0.0,0.0,1,0.07368109757352824,0.0,0.00146484375,0.07584387203702318,0.0,3.7386979254702136E-36,0.15082676556946373,15,15
1775943144030,0.3523395525470745,0.6682709344451075,0.0,0.5746492057888525,0.0,0.0,1,0.07306268968672633,0.0,0.00146484375,0.07584387203702318,0.0,2.990958340376171E-36,0.15080346106304077,15,15
1775943144446,0.3506065697520968,0.6780026391801125,0.8421369472886722,0.5748210675452832,0.0,0.0,1,0.07169038195880403,0.0,0.00146484375,0.07596166181860224,0.0,2.392766672300937E-36,0.1507801637571451,15,15
1775943144885,0.3506065697520968,0.033671751485073696,1.0,0.5744209511480088,0.0,0.0,1,0.07351180198525878,0.0,0.00146484375,0.07597653659422966,0.0,1.9142133378407495E-36,0.15075687364843993,15,15
1775943145291,0.35162725840351333,0.04046840883803798,0.8357257944788699,0.5745964414097251,0.0,0.0,1,0.07225555984981093,0.30788177339901474,0.00146484375,0.07609429719446763,0.0,1.5313706702725997E-36,0.15073359073359072,15,15
1775943145703,0.3519310317173469,0.022447834323382463,0.8343801878102288,0.5747732624931622,0.0,0.0,1,0.07178082219511633,0.0,0.00146484375,0.07621177957766852,0.0,1.2250965362180799E-36,0.15071031500926502,15,15
1775943146105,0.3519310317173469,0.033671751485073696,1.0,0.5743580869173985,0.0,0.0,1,0.07676788303792795,0.0,0.00146484375,0.07621181124830378,0.0,9.80077228974464E-37,0.15068704647213216,15,15
1775943146498,0.35114398431976024,0.011223917161691232,0.23921652421449788,0.5761638887307463,0.0,0.0,1,0.07609677749390883,0.0,0.00146484375,0.07605526904248941,0.0,7.840617831795712E-37,0.1506637851188638,15,15
1775943146893,0.3498026172577296,0.022447834323382463,0.24744660529110546,0.5779519299926154,0.0,0.0,1,0.07435162449890002,0.0,0.00146484375,0.07588371920186691,0.0,6.27249426543657E-37,0.1506405309461336,15,15
1775943147281,0.34857217904710996,0.025097441747368093,0.8532807103492092,0.5781081468523501,0.0,1.0,1,0.07264289811066776,0.0,0.00146484375,0.07600144343002156,0.0,5.017995412349256E-37,0.15061728395061724,15,15
1775943147669,0.347249168964997,0.0,0.8515856816859428,0.5782658645021554,0.0,0.0,1,0.07097928770616205,0.3221649484536082,0.00146484375,0.0761190203034342,0.0,4.014396329879405E-37,0.15074834130535408,15,15
1775943148074,0.347249168964997,0.0,0.849922775287465,0.5784250824215151,0.0,0.0,1,0.07015929820583666,0.0,0.00146484375,0.0762364469600073,0.0,3.2115170639035246E-37,0.15087935822277077,15,15
1775943148463,0.3488759523609435,0.015873015873015876,0.848268944474606,0.5785858613670696,0.0,0.0,1,0.06853501178972757,0.6426735218508998,0.00146484375,0.07635385015954271,0.0,2.56921365112282E-37,0.15085608514576587,13,15
1775943148885,0.34845320516337736,0.04046840883803798,0.24672718684354447,0.5803761090462685,0.0,0.0,1,0.06820402936910089,0.0,0.00146484375,0.07619785270625666,0.0,2.055370920898256E-37,0.15083281924737812,15,15
1775943149279,0.34729752020678334,0.025097441747368093,0.24925478674166698,0.5821639926153804,0.0,0.0,1,0.06848029165627117,0.0,0.00146484375,0.07604175232884926,0.0,1.644296736718605E-37,0.15080956052428685,15,15
1775943149672,0.34551276233171985,0.015873015873015876,1.0,0.581716045671014,0.0,0.0,1,0.06750593706828524,0.0,0.00146484375,0.07605660546411311,0.0,1.315437389374884E-37,0.15078630897317302,15,15
1775943150063,0.3432170227465835,0.022447834323382463,0.2500948327682826,0.583502768058666,0.0,0.0,1,0.06762870579837471,0.0,0.00146484375,0.07590039104380433,0.0,1.0523499114999074E-37,0.15076306459071986,15,15
1775943150451,0.3426604164465906,0.022447834323382463,0.8793277976176612,0.5836306174528094,0.0,0.0,1,0.08227717616452043,0.0,0.00146484375,0.07601807065153153,0.0,8.418799291999259E-38,0.1507398273736128,15,15
1775943150847,0.34357991898639084,0.022447834323382463,0.25315150558522265,0.5854121933583141,0.0,0.0,1,0.07987770805456314,0.31565656565656564,0.00146484375,0.0758619458302238,0.0,6.735039433599408E-38,0.15071659731853904,14,15
1775943151254,0.3426143518403533,0.033671751485073696,0.25570669506862076,0.5871912856299246,0.0,0.0,1,0.07727871502771283,0.0,0.00146484375,0.07570575564651864,0.0,5.388031546879526E-38,0.150693374422188,15,15
1775943151644,0.3439373619224662,0.04046840883803798,0.9032969545631283,0.5872960501018428,0.0,0.0,1,0.08462655370925057,0.0,0.00146484375,0.07582378822541799,0.0,4.3104252375036213E-38,0.150670158681251,15,15
1775943152049,0.34235391648089114,0.0,0.9006034464614656,0.5874026179974731,0.0,0.0,1,0.08256653156315173,0.0,0.00146484375,0.07594167402026009,0.0,3.4483401900028973E-38,0.15080098582871226,15,15
1775943152443,0.3418970444093774,0.03174603174603175,1.0,0.5869042401286287,0.0,0.0,1,0.08012113990051249,0.6345177664974619,0.00146484375,0.0759417054273501,0.0,2.758672152002318E-38,0.15077776066533188,13,15
1775943152874,0.3431274826199969,0.033671751485073696,0.8913048914715268,0.5870153807083027,0.0,0.0,1,0.0788541668560423,0.0,0.00146484375,0.07605931287309499,0.0,2.2069377216018545E-38,0.15075454265475818,15,15
1775943153271,0.3405556773473467,0.011223917161691232,0.8888596912840764,0.5871283027419969,0.0,0.0,1,0.07667095321789974,0.0,0.00146484375,0.076176767483953,0.0,1.7655501772814836E-38,0.15073133179368747,15,15
1775943153669,0.34101254941886044,0.015873015873015876,0.886441335659602,0.5872430653703112,0.0,0.0,1,0.07546718394130988,0.0,0.00146484375,0.07629419478132113,0.0,1.412440141825187E-38,0.15070812807881773,15,15
1775943154074,0.340265385291994,0.03549314249999667,1.0,0.5867614572063325,0.0,0.0,1,0.07487431385443669,0.0,0.00146484375,0.07630906602899416,0.0,1.1299521134601497E-38,0.15068493150684936,15,15
1775943154470,0.34283719056464423,0.011223917161691232,0.23559066256131192,0.588582751174114,0.0,0.0,1,0.07387232256061767,0.31565656565656564,0.00146484375,0.07619165152124577,0.0,9.039616907681198E-39,0.15066174207448446,14,15
1775943154879,0.3430792689441887,0.050194883494736185,0.8913409178776383,0.5886892155802336,0.0,0.0,1,0.07220963970295292,0.0,0.00146484375,0.07630906346318951,0.0,7.231693526144959E-39,0.15063855977842744,15,15
1775943155277,0.34050746367153845,0.011223917161691232,0.8889182504154464,0.5887974445412352,0.0,0.0,1,0.07082136606390375,0.0,0.00146484375,0.07642618823968293,0.0,5.7853548209159674E-39,0.1506153846153846,15,15
1775943155665,0.34245019602571913,0.04046840883803798,0.23912116141596337,0.5906105517631528,0.0,0.0,1,0.07061137158661372,0.0,0.00146484375,0.07630893251170717,0.0,4.628283856732774E-39,0.15059221658206434,15,15
1775943156058,0.34379156308774983,0.03174603174603175,1.0,0.5901620477850932,0.0,0.0,1,0.07329579622656675,0.0,0.00146484375,0.07636188796060651,0.0,3.7026270853862194E-39,0.15056905567517687,15,15
1775943156454,0.34527026101343095,0.03549314249999667,1.0,0.5896450514297452,0.0,0.0,1,0.07147292831914925,0.0,0.00146484375,0.07636188796060651,0.0,2.9621016683089754E-39,0.15054590189143469,15,15
1775943156843,0.3450979226004972,0.011223917161691232,0.8872039609848676,0.589747801807764,0.0,0.0,1,0.07131510888191091,0.3213367609254499,0.00146484375,0.07647908659384746,0.0,2.3696813346471803E-39,0.15052275522755232,14,15
1775943157251,0.3478482476215983,0.015873015873015876,1.0,0.5892336056248757,0.0,0.0,1,0.07007833883060796,0.0,0.00146484375,0.07647908659384746,0.0,1.8957450677177445E-39,0.15049961568024595,15,15
1775943157645,0.34643928966252785,0.025097441747368093,0.2581270969384737,0.5909898261337219,0.0,1.0,1,0.06908339358475336,0.0,0.00146484375,0.0763238903677978,0.0,1.5165960541741958E-39,0.1504764832462342,15,15
1775943158043,0.34873502924766414,0.011223917161691232,0.23926178609289914,0.5927991119891426,0.0,0.0,1,0.0679259165669853,0.0,0.00146484375,0.07620649249444841,0.0,1.2132768433393567E-39,0.15045335792223757,15,15
1775943158435,0.35014398720673456,0.033671751485073696,0.269780704524695,0.5945336554848607,0.0,0.0,1,0.07374541052181816,0.0,0.00146484375,0.07603599929894495,0.0,9.706214746714855E-40,0.15043023970497849,15,15
1775943158829,0.349514914288265,0.03174603174603175,1.0,0.5939868810437937,0.0,0.0,1,0.07270466563542069,0.0,0.00146484375,0.07603599929894496,0.0,7.764971797371883E-40,0.15040712859118144,15,15
1775943159222,0.35007152058825786,0.011223917161691232,1.0,0.5934438637653409,0.0,0.0,1,0.07311734044697538,0.31806615776081426,0.00146484375,0.07603603082018981,0.0,6.211977437897507E-40,0.15038402457757294,14,15
1775943159629,0.34616322397501387,0.0,1.0,0.5929045588604172,0.0,0.0,1,0.07166181351789888,0.0,0.00146484375,0.0760360624862409,0.0,4.969581950318006E-40,0.15051451389955461,15,15
1775943160027,0.34646699728884733,0.025097441747368093,1.0,0.5923689218033213,0.0,0.0,1,0.06973947986486723,0.6281407035175879,0.00146484375,0.0760360624862409,0.0,3.975665560254405E-40,0.15049140049140053,13,15
1775943160455,0.34991842183057764,0.7030868123920667,0.0,0.5947933006000315,0.0,0.0,1,0.06866948362172037,0.0,0.00146484375,0.0760360624862409,0.0,3.180532448203524E-40,0.15046829418086904,15,15
1775943160855,0.35070546922816437,0.68502684530286,1.0,0.5942607711036516,0.0,0.0,1,0.06743094135585172,0.0,0.00146484375,0.07605102437192131,0.0,2.5444259585628194E-40,0.15044519496469144,15,15
1775943161252,0.35070546922816437,0.033671751485073696,0.9011498678488397,0.5943320272676407,0.0,0.0,1,0.06666243148000255,0.0,0.00146484375,0.07616848730282627,0.0,2.0355407668502557E-40,0.1504221028396009,15,15
1775943161646,0.3512198747765367,0.033671751485073696,1.0,0.5938027091030151,0.0,0.0,1,0.06572146955622304,0.0,0.00146484375,0.07618349176463367,0.0,1.6284326134802046E-40,0.15039901780233267,15,15
1775943162040,0.3551281713897807,0.04046840883803798,0.027811589628503643,0.5961525029403918,0.0,0.0,1,0.06485032175256711,0.6345177664974619,0.00146484375,0.07613067487318871,0.0,1.3027460907841638E-40,0.15037593984962405,13,15
1775943162454,0.3546641369612811,0.050194883494736185,0.26458379877226923,0.597893316273261,0.0,0.0,1,0.06400819498460525,0.0,0.00146484375,0.07597535159979954,0.0,1.0421968726273311E-40,0.1503528689782142,15,15
1775943162849,0.3552414347996647,0.03549314249999667,0.9224198287742803,0.597943398236028,0.0,0.0,1,0.06504009935042968,0.0,0.00146484375,0.07609289196530451,0.0,8.337574981018649E-41,0.1503298051848443,15,15
1775943163250,0.35223340107096734,0.015873015873015876,1.0,0.5973731294354091,0.0,0.0,1,0.06498157858896161,0.0,0.00146484375,0.07609289196530453,0.0,6.67005998481492E-41,0.1503067484662577,15,15
1775943163637,0.35244315063017045,0.011223917161691232,0.9119454172250285,0.5974287377430599,0.0,0.0,1,0.06564746751827158,0.0,0.00146484375,0.07621027672579912,0.0,5.336047987851936E-41,0.15028369881919956,15,15
1775943164041,0.35060072171227036,0.0,0.9090693230658674,0.597486489070957,0.0,0.0,1,0.06526588042486806,0.3094059405940594,0.00146484375,0.07632750299104578,0.0,4.268838390281549E-41,0.15041398344066237,15,15
1775943164467,0.3505004182759897,0.04046840883803798,0.26608331551932496,0.5992185599516158,0.0,0.0,1,0.06472526314973838,0.0,0.00146484375,0.07617265923499746,0.0,3.4150707122252397E-41,0.15039092442127855,15,15
1775943164892,0.35286247398943693,0.025097441747368093,1.0,0.5986394455472611,0.0,0.0,1,0.06441852057323462,0.5882352941176471,0.00146484375,0.07617265923499746,0.0,2.732056569780192E-41,0.1503678724708768,13,15
1775943165321,0.34961236188119516,0.011223917161691232,1.0,0.5980643501716157,0.0,0.0,1,0.06466242682759099,0.0,0.00146484375,0.07617265923499746,0.0,2.1856452558241534E-41,0.15034482758620693,15,15
1775943165734,0.3488651977543286,0.0,1.0,0.5974932393390872,0.0,0.0,1,0.06535764466131963,0.0,0.00146484375,0.07617265923499746,0.0,1.7485162046593228E-41,0.15047502298498316,15,15
1775943166133,0.3488651977543286,0.025097441747368093,1.0,0.596942231020722,0.0,0.0,1,0.0649155785516561,0.6265664160401002,0.00146484375,0.0761876545888909,0.0,1.3988129637274583E-41,0.15045196874521216,13,15
1775943166556,0.34828789991594505,0.03174603174603175,0.8913332684413342,0.5970028764365085,0.0,0.0,1,0.06416645772164876,0.0,0.00146484375,0.07630490403241108,0.0,1.1190503709819667E-41,0.15042892156862742,15,15
1775943166946,0.3448364753742148,0.025097441747368093,0.8888874612294284,0.5970656415698645,0.0,0.0,1,0.06372258058863,0.0,0.00146484375,0.07642199210861483,0.0,8.952402967855733E-42,0.15040588145198341,15,15
1775943167352,0.3445134624051277,0.033671751485073696,1.0,0.5965176200313883,0.0,0.0,1,0.0631311678158826,0.0,0.00146484375,0.07643701441701732,0.0,7.161922374284587E-42,0.15038284839203675,15,15
1775943167741,0.347085267677778,0.011223917161691232,1.0,0.5959571912738303,0.0,0.0,1,0.0633450776413556,0.0,0.00146484375,0.07643701441701732,0.0,5.72953789942767E-42,0.1503598223855459,15,15
1775943168143,0.347085267677778,0.015873015873015876,0.25755498563919643,0.5976918178778943,0.0,0.0,1,0.0628588893479525,0.31094527363184077,0.00146484375,0.07628249358465783,0.0,4.583630319542136E-42,0.15033680342927125,15,15
1775943168558,0.3453005098027144,0.03549314249999667,0.8868168561667187,0.5977505745173514,0.0,0.0,1,0.06239116098984566,0.0,0.00146484375,0.0763996046754461,0.0,3.666904255633709E-42,0.15031379151997548,15,15
1775943168954,0.34591623902868107,0.04627739599083572,0.26062985890032364,0.5994798495630792,0.0,0.0,1,0.06426580347343235,0.0,0.00146484375,0.07624517111878747,0.0,2.933523404506967E-42,0.15029078665442297,15,15
1775943169344,0.34591623902868107,0.025097441747368093,0.2632259307135327,0.6012063481812637,0.0,0.0,1,0.06430606331424986,0.0,0.00146484375,0.07609062504464602,0.0,2.346818723605574E-42,0.1502677888293803,15,15
1775943169735,0.3472442623982088,0.015873015873015876,1.0,0.6006133755953568,0.0,0.0,1,0.06409006527739193,0.0,0.00146484375,0.07609062504464603,0.0,1.8774549788844594E-42,0.1502447980416156,15,15
1775943170131,0.3463247598584086,0.011223917161691232,1.0,0.6000245549384344,0.0,1.0,1,0.06388292100306486,0.0,0.00146484375,0.07609065666271858,0.0,1.5019639831075676E-42,0.1502218142878996,15,15
1775943170517,0.34509432164778897,0.011223917161691232,0.26168110253926136,0.6017519760119822,0.0,0.0,1,0.0634946117790838,0.6476683937823834,0.00146484375,0.07593600122736352,0.0,1.2015711864860542E-42,0.15019883756500463,13,15
1775943170929,0.3457100508737556,0.022447834323382463,0.2706346797316817,0.6034600936054818,0.0,0.0,1,0.0634986685905083,0.0,0.00146484375,0.07576611272303421,0.0,9.612569491888435E-43,0.15017586786970483,15,15
1775943171329,0.3457100508737556,0.03549314249999667,0.9228599064745576,0.603477417307895,0.0,0.0,1,0.06273589928249887,0.0,0.00146484375,0.07588399080759993,0.0,7.690055593510748E-43,0.15015290519877678,15,15
1775943171723,0.3457100508737556,0.011223917161691232,0.9197722612223564,0.6034970648295418,0.0,0.0,1,0.0625551131505204,0.0,0.00146484375,0.07600158993606104,0.0,6.152044474808599E-43,0.1501299495489986,15,15
1775943172123,0.3420862879190916,0.015873015873015876,0.9167054616173682,0.6035191509434095,0.0,0.0,1,0.061992273795785584,0.0,0.00146484375,0.07611915469936026,0.0,4.9216355798468795E-43,0.15010700091715068,15,15
1775943172520,0.3461150102992055,0.022447834323382463,1.0,0.6029099610283152,0.0,0.0,1,0.06315259192387286,0.3148614609571788,0.00146484375,0.07611915469936029,0.0,3.937308463877504E-43,0.15008405930001534,14,15
1775943172925,0.3456581382276917,0.015873015873015876,1.0,0.6023214191270427,0.0,0.0,1,0.06796591488043488,0.0,0.00146484375,0.07613420307321576,0.0,3.1498467711020032E-43,0.1500611246943765,15,15
1775943173324,0.34433367626244166,0.03174603174603175,0.8996150987041042,0.6023529626249722,0.0,0.0,1,0.06880660619951902,0.0,0.00146484375,0.0762514671602512,0.0,2.5198774168816027E-43,0.1500381970970206,15,15
1775943173717,0.3446182099210217,0.03549314249999667,1.0,0.6017519712293344,0.0,0.0,1,0.0701155721607159,0.0,0.00146484375,0.07625149871903793,0.0,2.0159019335052823E-43,0.15001527650473567,15,15
1775943174113,0.34400248069505507,0.025097441747368093,0.8902358198207443,0.6017894142210956,0.0,0.0,1,0.06878489537307306,0.0,0.00146484375,0.076368598742667,0.0,1.612721546804226E-43,0.14999236291431195,15,15
1775943174506,0.3402280431842378,0.011223917161691232,0.8877900878999243,0.6018292053871264,0.0,0.0,1,0.06738938102400742,0.0,0.00146484375,0.07648565581061871,0.0,1.290177237443381E-43,0.14996945632254122,15,15
1775943174896,0.3399435095256577,0.0,0.8854165584123855,0.6018712778241339,0.0,0.0,1,0.06630037411216169,0.3205128205128205,0.00146484375,0.07660254330394539,0.0,1.0321417899547048E-43,0.15009925179416705,14,15
1775943175308,0.3399435095256577,0.0,0.883091182848334,0.6019156255225606,0.0,0.0,1,0.06545969329340931,0.0,0.00146484375,0.07671925828848236,0.0,8.257134319637639E-44,0.15022900763358782,15,15
1775943175703,0.3405582185103107,0.011223917161691232,0.8808352875619281,0.6019621811478193,0.0,0.0,1,0.06511936450219188,0.6329113924050632,0.00146484375,0.07683567253785407,0.0,6.605707455710111E-44,0.15020607540833464,13,15
1775943176127,0.33960384598720506,0.03549314249999667,0.270737419491865,0.6036502945485913,0.0,0.0,1,0.06765909712026627,0.0,0.00146484375,0.07666762074996362,0.0,5.28456596456809E-44,0.1501831501831502,15,15
1775943176521,0.33894566148220284,0.011223917161691232,1.0,0.6030564763157549,0.0,0.0,1,0.06700909211286801,0.0,0.00146484375,0.07668259274223252,0.0,4.227652771654472E-44,0.15016023195482986,15,15
1775943176918,0.3393093924744219,0.033671751485073696,0.8847729853997021,0.6030962945918129,0.0,0.0,1,0.06723269527319103,0.0,0.00146484375,0.07679904530830035,0.0,3.3821222173235777E-44,0.15013732072017094,15,15
1775943177332,0.3369473367609747,0.011223917161691232,0.8824381767085666,0.6031384816380323,0.0,0.0,1,0.06681632022602822,0.0,0.00146484375,0.07691544382696074,0.0,2.7056977738588623E-44,0.15011441647597257,15,15
1775943177734,0.3369473367609747,0.0,0.88017291021906,0.6031829699538444,0.0,0.0,1,0.0662900648323521,0.31094527363184077,0.00146484375,0.07703166103639514,0.0,2.16455821908709E-44,0.15024405125076268,15,15
1775943178146,0.3364014850675967,0.033671751485073696,0.27291765180582744,0.6048623400162647,0.0,0.0,1,0.06531213331131995,0.0,0.00146484375,0.0768641602310266,0.0,1.731646575269672E-44,0.15022113771541867,15,15
1775943178590,0.33369722465273294,0.011223917161691232,0.26938585286149136,0.6065552297283802,0.0,0.0,1,0.06635340427319007,0.5630630630630631,0.00146484375,0.07671144938734908,0.0,1.3853172602157378E-44,0.150198231168039,13,15
1775943179031,0.3332887038230054,0.033671751485073696,0.9035574074329346,0.6065768063504717,0.0,0.0,1,0.06843091179892045,0.0,0.00146484375,0.07682793985689812,0.0,1.1082538081725903E-44,0.15017533160542762,15,15
1775943179426,0.33430939247442193,0.0,0.9008583862983484,0.6066008204036535,0.0,0.0,1,0.08501015220452217,0.0,0.00146484375,0.07694424915123088,0.0,8.866030465380723E-45,0.15030487804878045,15,15
1775943179822,0.3325764096794443,0.047619047619047616,0.2728914872863907,0.6082856695415584,0.0,0.0,0,0.0818389107847671,0.6313131313131313,0.00146484375,0.07679187292592346,0.0,7.092824372304579E-45,0.1502819692120103,13,15
1775943180243,0.33390443304897205,0.03549314249999667,0.9112237560482068,0.6082993500224028,0.0,0.0,1,0.08349132975506038,0.0,0.00146484375,0.07690809505633225,0.0,5.674259497843663E-45,0.15025906735751293,15,15
1775943180635,0.3356374158439497,0.03549314249999667,1.0,0.6076562994558952,0.0,0.0,1,0.08268695262769044,0.0,0.00146484375,0.07690809505633225,0.0,4.5394075982749305E-45,0.15023617248209664,15,15
1775943181033,0.3349506718826436,0.033671751485073696,0.9011025217701853,0.6076763688464928,0.0,0.0,1,0.07989473109618106,0.0,0.00146484375,0.07702413280069774,0.0,3.6315260786199446E-45,0.15021328458257155,15,15
1775943181425,0.33474935944915507,0.03549314249999667,1.0,0.6070377660714,0.0,0.0,1,0.07854490647071843,0.0,0.00146484375,0.0770241638201615,0.0,2.9052208628959556E-45,0.1501904036557502,15,15
1775943181817,0.3363619164772628,0.015873015873015876,1.0,0.6064036886217115,0.0,0.0,1,0.07643528212141727,0.0,0.00146484375,0.07702416382016151,0.0,2.3241766903167645E-45,0.1501675296984465,15,15
1775943182217,0.3363619164772628,0.011223917161691232,1.0,0.6057741096350765,0.0,0.0,1,0.07592264947839505,0.3125,0.00146484375,0.07702416382016151,0.0,1.859341352253412E-45,0.15014466270747673,15,15
1775943182628,0.3374320935732164,0.03549314249999667,0.878137769667673,0.6058080956384395,0.0,0.0,1,0.0792136506343104,0.0,0.00146484375,0.07714001416993502,0.0,1.4874730818027297E-45,0.1501218026796589,15,15
1775943183039,0.3374320935732164,0.025097441747368093,0.26843507279315154,0.6074907178442104,0.0,0.0,1,0.0773728217851829,0.0,0.00146484375,0.07698817016454751,0.0,1.1899784654421838E-45,0.15009894961181303,15,15
1775943183437,0.33690776817064083,0.04627739599083572,0.888706034704501,0.6075144270102006,0.0,0.0,1,0.07579520692736964,0.0,0.00146484375,0.07710405853047055,0.0,9.519827723537471E-46,0.15007610350076106,15,15
1775943183827,0.33598826563084067,0.025097441747368093,1.0,0.6068769706471744,0.0,1.0,1,0.07455668040388558,0.0,0.00146484375,0.0771040896619753,0.0,7.615862178829978E-46,0.15005326434332678,15,15
1775943184283,0.33221382812002326,0.0,1.0,0.6062440427700039,0.0,0.0,1,0.07326896593651061,0.2741228070175438,0.00146484375,0.07710412093650033,0.0,6.092689743063983E-46,0.15018259281801583,15,15
1775943184814,0.3318500971278043,0.03174603174603175,0.8732137607873391,0.6062779093470708,0.0,0.0,1,0.07170054408907074,0.4708097928436911,0.00146484375,0.07721994306405694,0.0,4.8741517944511864E-46,0.15015974440894564,13,15
1775943185280,0.33159581225850776,0.04046840883803798,0.26811183443300823,0.6079566310525797,0.0,0.0,1,0.06997248969315764,0.0,0.00146484375,0.07706841093360182,0.0,3.899321435560949E-46,0.1501369029510191,15,15
1775943185684,0.3306955493739611,0.011223917161691232,1.0,0.6073160242735058,0.0,0.0,1,0.0686631742002424,0.0,0.00146484375,0.07706844235509831,0.0,3.1194571484487595E-46,0.15011406844106467,15,15
1775943186082,0.3306955493739611,0.03174603174603175,0.26870582831183276,0.6089940234882154,0.0,0.0,1,0.07414202667634026,0.0,0.00146484375,0.0769167659145525,0.0,2.4955657187590077E-46,0.1500912408759124,15,15
1775943186480,0.3315958122585077,0.04627739599083572,0.8900152412809778,0.6090088055270918,0.0,0.0,1,0.07256705645796752,0.0,0.00146484375,0.0770328534366282,0.0,1.996452575007206E-46,0.15006842025239475,15,15
1775943186867,0.33292027422375786,0.03549314249999667,1.0,0.6083606793840906,0.0,0.0,1,0.07144601339089716,0.32299741602067183,0.00146484375,0.0770328534366282,0.0,1.597162060005765E-46,0.15004560656734567,14,15
1775943187284,0.3318995855723413,0.022447834323382463,0.26977417028942874,0.6100353724757842,0.0,1.0,1,0.07020487875450952,0.0,0.00146484375,0.07688126023661408,0.0,1.277729648004612E-46,0.15002279981760147,15,15
1775943187680,0.3321294574621337,0.011223917161691232,1.0,0.609379916495062,0.0,0.0,1,0.07130539687299914,0.0,0.00146484375,0.07688129184329925,0.0,1.0221837184036897E-46,0.15000000000000002,15,15
1775943188070,0.33202001133921116,0.011223917161691232,0.27030020235250424,0.6110539141197745,0.0,0.0,1,0.07049658536121531,0.0,0.00146484375,0.07672955751152903,0.0,8.177469747229518E-47,0.1499772071113813,15,15
1775943188460,0.33322404753759144,0.025097441747368093,1.0,0.6103911377389872,0.0,0.0,1,0.0696690885474349,0.641025641025641,0.00146484375,0.07672955751152902,0.0,6.541975797783615E-47,0.14995442114858704,13,15
1775943188878,0.33312374410131085,0.025097441747368093,0.270788841561766,0.6120644481082357,0.0,1.0,1,0.06988841923674514,0.0,0.00146484375,0.07657768519451463,0.0,5.233580638226892E-47,0.14993164210846122,15,15
1775943189270,0.3334539194273838,0.04046840883803798,0.905718614742527,0.6120554078033237,0.0,0.0,1,0.06853025512584549,0.0,0.00146484375,0.07669413254962812,0.0,4.186864510581514E-47,0.14990886998784936,15,15
1775943189659,0.3331501461135502,0.022447834323382463,1.0,0.6113854258613973,0.0,0.0,1,0.0677933636693744,0.0,0.00146484375,0.07669413254962812,0.0,3.3494916084652116E-47,0.1498861047835991,15,15
1775943190054,0.33299947155739684,0.011223917161691232,0.8958758478136982,0.6113831418554113,0.0,0.0,1,0.06728411656438883,0.0,0.00146484375,0.07681039583295503,0.0,2.6795932867721696E-47,0.14986334649255995,15,15
1775943190447,0.335295211142533,0.690521801084324,0.0,0.6137680934805579,0.0,0.0,1,0.06949747432074176,0.0,0.00146484375,0.07681039583295503,0.0,2.1436746294177357E-47,0.14984059511158343,15,15
1775943190839,0.33690776817064083,0.6605921284661845,0.27767749531705577,0.6154274462666427,0.0,0.0,1,0.06980157146200616,0.31887755102040816,0.00146484375,0.0766587965588078,0.0,1.7149397035341888E-47,0.14981785063752273,14,15
1775943191244,0.3351747853756632,0.03549314249999667,1.0,0.6147330765853658,0.0,0.0,1,0.06867189625326464,0.0,0.00146484375,0.07665882820949571,0.0,1.3719517628273512E-47,0.14979511306723325,15,15
1775943191635,0.3360628417704578,0.04046840883803798,0.9165368921577363,0.6147103155786435,0.0,0.0,1,0.06905090142382016,0.0,0.00146484375,0.07677525097506968,0.0,1.097561410261881E-47,0.14977238239757207,15,15
1775943192025,0.3368414520423299,0.025097441747368093,1.0,0.6140211376102382,0.0,0.0,1,0.06861626992227327,0.0,0.00146484375,0.07677525097506968,0.0,8.780491282095049E-48,0.14974965862539824,15,15
1775943192415,0.3372983241138437,0.025097441747368093,0.9061149893327491,0.6140053877983953,0.0,0.0,1,0.07535901449967909,0.0,0.00146484375,0.07689148703332008,0.0,7.024393025676039E-48,0.14972694174757284,15,15
1775943192811,0.3374187498807135,0.011223917161691232,0.903384991164727,0.6139922957033562,0.0,0.0,0,0.07349684287019123,0.6313131313131313,0.00146484375,0.0770074103174775,0.0,5.619514420540831E-48,0.1497042317609586,13,15
1775943193237,0.33609072651118577,0.03174603174603175,1.0,0.6133248034205171,0.0,1.0,1,0.07576634640533371,0.0,0.00146484375,0.0770223069828413,0.0,4.4956115364326654E-48,0.14968152866242035,15,15
1775943193624,0.33609072651118577,0.03549314249999667,0.8937105129429121,0.6133185682656204,0.0,0.0,1,0.07670257068111505,0.0,0.00146484375,0.07713814425592562,0.0,3.5964892291461323E-48,0.14965883244882483,15,15
1775943194017,0.33597030074431594,0.03174603174603175,1.0,0.6126394761225733,0.0,0.0,1,0.07531477716825333,0.0,0.00146484375,0.07713817591296668,0.0,2.877191383316906E-48,0.14963614311704065,15,15
1775943194412,0.3356857670857359,0.03174603174603175,0.8843853674714672,0.6126400763558285,0.0,0.0,1,0.07417963566770648,0.0,0.00146484375,0.07725381743966582,0.0,2.301753106653525E-48,0.1496134606639381,15,15
1775943194810,0.3356857670857359,0.04046840883803798,1.0,0.6120338607579636,0.0,0.0,0,0.07227888810340202,0.6281407035175879,0.00146484375,0.07730376120941643,0.0,1.8414024853228203E-48,0.1495907850863898,13,15
1775943195248,0.3352288950142221,0.03174603174603175,0.8760794118678566,0.612040664436322,0.0,0.0,1,0.07038238381126723,0.0,0.00146484375,0.07741902673893217,0.0,1.4731219882582563E-48,0.14956811638126988,15,15
1775943195644,0.3362990721101756,0.04627739599083572,0.27238081687343163,0.6136931582825397,0.0,0.0,1,0.0797444773376554,0.0,0.00146484375,0.07726864586688,0.0,1.1784975906066052E-48,0.14954545454545454,15,15
1775943196046,0.3322703497300618,0.04627739599083572,0.8865935171505551,0.6136898527527607,0.0,0.0,1,0.0843943811994097,0.0,0.00146484375,0.07738394889036333,0.0,9.427980724852843E-49,0.14952279957582182,15,15
1775943196435,0.3309289826680311,0.04627739599083572,0.2755646369850161,0.6153368189153731,0.0,0.0,1,0.08276765531662555,0.6426735218508998,0.00146484375,0.07723365022935766,0.0,7.542384579882274E-49,0.14950015146925177,13,15
1775943196875,0.33031325344206447,0.015873015873015876,1.0,0.6146597303645682,0.0,0.0,1,0.0856838614543263,0.0,0.00146484375,0.07724863230518832,0.0,6.03390766390582E-49,0.14947751022262612,15,15
1775943197265,0.33031325344206447,0.03549314249999667,0.890076626565878,0.6146505754911874,0.0,0.0,1,0.08308202822049317,0.0,0.00146484375,0.07736407921667202,0.0,4.8271261311246564E-49,0.14945487583282857,15,15
1775943197659,0.3297889280394889,0.015873015873015876,0.8876789333889165,0.6146440698227512,0.0,0.0,1,0.08006173832371904,0.0,0.00146484375,0.07747920129021896,0.0,3.8617009048997256E-49,0.14943224829674484,15,15
1775943198051,0.3297889280394889,0.04046840883803798,0.2771055615341399,0.6162853072067365,0.0,0.0,1,0.07835036682661836,0.0,0.00146484375,0.07732924161860776,0.0,3.0893607239197807E-49,0.14940962761126253,15,15
1775943198449,0.32565075953645256,0.0,0.2797726138410144,0.6179235653269053,0.0,0.0,1,0.07662127164470443,0.31407035175879394,0.00146484375,0.07717912450445065,0.0,2.4714885791358248E-49,0.1495383683971545,15,15
1775943198861,0.325346986222619,0.03174603174603175,1.0,0.6172109566997575,0.0,0.0,1,0.07580130515268658,0.0,0.00146484375,0.07717912450445066,0.0,1.9771908633086598E-49,0.1495157384987893,15,15
1775943199249,0.32805124663748275,0.03549314249999667,0.2607008625437137,0.6188998324843418,0.0,0.0,1,0.07399842532116839,0.6443298969072164,0.00146484375,0.0770634030140648,0.0,1.581752690646928E-49,0.14949311544863064,13,15
1775943199673,0.32937570860273285,0.03549314249999667,1.0,0.618180067706803,0.0,0.0,1,0.0726612578296863,0.0,0.00146484375,0.0770634030140648,0.0,1.2654021525175425E-49,0.14947049924357036,15,15
1775943200062,0.32937570860273285,0.011223917161691232,1.0,0.6174655920331391,0.0,0.0,1,0.07270371814653263,0.0,0.00146484375,0.07706343497007037,0.0,1.012321722014034E-49,0.14944788988050217,15,15
1775943200451,0.32835501995131633,0.0,1.0,0.6167563425927851,0.0,0.0,1,0.07142784508143651,0.0,0.00146484375,0.07706346707285064,0.0,8.098573776112273E-50,0.14957652752571082,15,15
1775943200844,0.32444672333807234,0.03549314249999667,0.8946726931855221,0.6167316120591769,0.0,1.0,1,0.07049861068155183,0.6361323155216285,0.00146484375,0.07717906452743346,0.0,6.478859020889818E-50,0.1495539089671859,13,15
1775943201261,0.3257747467076001,0.025097441747368093,1.0,0.6160277058085836,0.0,0.0,1,0.06935110859941161,0.0,0.00146484375,0.07717906452743346,0.0,5.1830872167118555E-50,0.1495312972482613,15,15
1775943201661,0.3275077295025777,0.022447834323382463,0.8852766051767899,0.6160101445311492,0.0,0.0,1,0.07041190060105156,0.0,0.00146484375,0.07729446307329103,0.0,4.146469773369485E-50,0.1495086923658352,15,15
1775943202047,0.3275077295025777,0.025097441747368093,1.0,0.6153282298910917,0.0,0.0,1,0.06912527236413045,0.0,0.00146484375,0.0773094908331001,0.0,3.317175818695588E-50,0.1494860943168077,15,15
1775943202438,0.32347900712246386,0.033671751485073696,0.8764630058927941,0.6153176298908565,0.0,0.0,1,0.06837864818873557,0.0,0.00146484375,0.07742467119396489,0.0,2.6537406549564705E-50,0.14946350309808065,15,15
1775943202833,0.32347900712246386,0.025097441747368093,1.0,0.6146240278211541,0.0,0.0,1,0.07023735930898037,0.0,0.00146484375,0.07742470333677554,0.0,2.1229925239651765E-50,0.14944091870655785,15,15
1775943203223,0.32347900712246386,0.03174603174603175,0.8679027688452946,0.6146204890220118,0.0,0.0,1,0.06924504676990564,0.3205128205128205,0.00146484375,0.0775398000167892,0.0,1.6983940191721413E-50,0.14941834113914487,15,15
1775943203631,0.32215454515721376,0.011223917161691232,0.8659475760133073,0.6146195803970036,0.0,0.0,1,0.06883187853086901,0.0,0.00146484375,0.0776545672347039,0.0,1.358715215337713E-50,0.1493957703927492,15,15
1775943204030,0.32192467326742147,0.011223917161691232,0.8639871232392109,0.6146214144079989,0.0,0.0,1,0.06800933948411786,0.0,0.00146484375,0.0777692450223469,0.0,1.0869721722701704E-50,0.14937320646428032,15,15
1775943204431,0.32224768623650857,0.011223917161691232,0.862086471821439,0.6146259210789629,0.0,0.0,0,0.0672468813131624,0.6234413965087281,0.00146484375,0.07788370901035892,0.0,8.695777378161363E-51,0.14935064935064934,13,15
1775943204858,0.32265264566195845,0.0,0.8602226284706391,0.61463309140964,0.0,0.0,1,0.06712141506333437,0.0,0.00146484375,0.07799795614959192,0.0,6.956621902529091E-51,0.14947908802657406,15,15
1775943205247,0.3214222074513388,0.04046840883803798,1.0,0.6139444521079962,0.0,0.0,1,0.06628055699432067,0.0,0.00146484375,0.07799798826040527,0.0,5.565297522023273E-51,0.1494565217391305,15,15
1775943205644,0.3237179470364751,0.022447834323382463,1.0,0.6132608630323029,0.0,0.0,1,0.06594293324582251,0.0,0.00146484375,0.07799814350920552,0.0,4.4522380176186186E-51,0.14943396226415095,15,15
1775943206046,0.3253846137031417,0.044895668646764926,0.8464972710782369,0.6132790803380237,0.0,0.0,1,0.06564216223776913,0.0,0.00146484375,0.07811217268089653,0.0,3.561790414094895E-51,0.14941140959855115,15,15
1775943206437,0.3265402986597357,0.03549314249999667,0.2716628025894536,0.614909706329846,0.0,0.0,1,0.06762111225257424,0.319693094629156,0.00146484375,0.07796385875683651,0.0,2.8494323312759165E-51,0.14938886373924853,14,15
1775943206843,0.32638962410358235,0.033671751485073696,0.8571837588801139,0.6149178879647821,0.0,0.0,1,0.0667856935054709,0.0,0.00146484375,0.07807792360703913,0.0,2.2795458650207334E-51,0.14936632468316235,15,15
1775943207258,0.32638962410358235,0.047619047619047616,0.27500569550764653,0.6165429427188893,0.0,0.0,1,0.06641437560158685,0.0,0.00146484375,0.07792972177434272,0.0,1.823636692016587E-51,0.14934379242721374,15,15
1775943207671,0.32573143959858014,0.047619047619047616,0.8677602751232049,0.616541131444613,0.0,0.0,1,0.06898860728598821,0.0,0.00146484375,0.0780438237407239,0.0,1.4589093536132695E-51,0.14932126696832582,15,15
1775943208065,0.32388901068068005,0.047619047619047616,0.2783169345657554,0.6181606028685412,0.0,0.0,1,0.0694621583258542,0.6345177664974619,0.00146484375,0.07789570159253326,0.0,1.1671274828906156E-51,0.14929874830342327,13,15
1775943208494,0.3263605125170497,0.015873015873015876,0.2624091496695655,0.6198271457150942,0.0,0.0,1,0.06805120456051635,0.0,0.00146484375,0.07778134068826986,0.0,9.337019863124926E-52,0.1492762364294331,15,15
1775943208885,0.3270186970220519,0.011223917161691232,0.2838705939242766,0.6214403006281424,0.0,0.0,1,0.07049556416364501,0.0,0.00146484375,0.0776327879804919,0.0,7.46961589049994E-52,0.14925373134328357,15,15
1775943209285,0.32726077540159637,0.04046840883803798,1.0,0.6207018034319335,0.0,1.0,1,0.06928594292244267,0.0,0.00146484375,0.0776327879804919,0.0,5.975692712399952E-52,0.14923123304190533,15,15
1775943209684,0.3273812011684662,0.015873015873015876,0.896567912208506,0.6206687678073517,0.0,0.0,1,0.06864688173250394,0.0,0.00146484375,0.07774727756033539,0.0,4.780554169919962E-52,0.14920874152223063,15,15
1775943210084,0.32501914545501903,0.03549314249999667,0.2847039663685771,0.6222790492028331,0.0,0.0,1,0.06809982866325093,0.3125,0.00146484375,0.07759880490542476,0.0,3.82444333593597E-52,0.14918625678119346,15,15
1775943210495,0.3265533569794722,0.03549314249999667,0.9067347615599011,0.6222361704234313,0.0,0.0,1,0.0680654567981237,0.0,0.00146484375,0.07771333127185354,0.0,3.059554668748776E-52,0.14916377881572995,15,15
1775943210893,0.3265533569794722,0.03549314249999667,0.28784854282348216,0.6238409025448244,0.0,0.0,1,0.06770444669365257,0.0,0.00146484375,0.07756493848206986,0.0,2.447643734999021E-52,0.149141307622778,15,15
1775943211283,0.3246106246252915,0.011223917161691232,1.0,0.623084620875305,0.0,0.0,0,0.06998994536275313,0.641025641025641,0.00146484375,0.07756497083196878,0.0,1.9581149879992168E-52,0.14911884319927704,13,15
1775943211714,0.3262231816533993,0.025097441747368093,0.2945170818160453,0.6246721313763077,0.0,0.0,1,0.07418912288174717,0.0,0.00146484375,0.07740138303239245,0.0,1.5664919903993734E-52,0.14909638554216864,15,15
1775943212111,0.32642449408688773,0.011223917161691232,1.0,0.6239265666143906,0.0,0.0,1,0.07270531813532716,0.0,0.00146484375,0.07741637508695258,0.0,1.2531935923194988E-52,0.14907393464839636,15,15
1775943212515,0.32731255048168234,0.025097441747368093,1.0,0.6231696299644706,0.0,0.0,1,0.07095757052305275,0.0,0.00146484375,0.07741637508695258,0.0,1.0025548738555991E-52,0.14905149051490518,15,15
1775943212915,0.3238611259399521,0.033671751485073696,0.9063340995308118,0.6231185237177557,0.0,0.0,1,0.06957134419682207,0.0,0.00146484375,0.07753118840406974,0.0,8.020438990844793E-53,0.14902905313864223,15,15
1775943213306,0.3232029414349498,0.011223917161691232,0.9035540949185206,0.623070522655744,0.0,0.0,1,0.07274297790052764,0.319693094629156,0.00146484375,0.07764590899641811,0.0,6.416351192675835E-53,0.14900662251655628,14,15
1775943213709,0.3226256435965662,0.022447834323382463,0.9008776600654187,0.623025491789536,0.0,0.0,1,0.08123381700479587,0.0,0.00146484375,0.07776029166242432,0.0,5.133080954140668E-53,0.1489841986455982,15,15
1775943214101,0.3236140034276413,0.04627739599083572,0.28720559781079996,0.6246250037266444,0.0,0.0,1,0.08042142028013834,0.0,0.00146484375,0.07761231085561728,0.0,4.1064647633125343E-53,0.14896178152272044,15,15
1775943214501,0.32419130126602497,0.03549314249999667,0.9109702992354483,0.6245702063079578,0.0,0.0,1,0.10504559006563795,0.0,0.00146484375,0.07772673000329153,0.0,3.285171810650028E-53,0.14893937114487743,15,15
1775943214897,0.32496991153789706,0.03174603174603175,1.0,0.6238254177193298,0.0,0.0,1,0.09961935566980974,0.0,0.00146484375,0.07774173258512586,0.0,2.6281374485200223E-53,0.14891696750902528,15,15
1775943215301,0.32484948577102724,0.04046840883803798,0.9006999030613503,0.6237784576941997,0.0,1.0,1,0.09478667700951314,0.0,0.00146484375,0.07785603616176094,0.0,2.102509958816018E-53,0.14889457061212208,15,15
1775943215707,0.3250001603271806,0.011223917161691232,0.8980830323935964,0.6237344797329084,0.0,0.0,1,0.0903994660149536,0.30788177339901474,0.00146484375,0.07796999597639179,0.0,1.6820079670528145E-53,0.14887218045112782,15,15
1775943216115,0.32513401942960724,0.0,0.8954980154317559,0.6236935332365128,0.0,0.0,1,0.08749962350746582,0.0,0.00146484375,0.07808372983903157,0.0,1.3456063736422517E-53,0.14900015035333036,15,15
1775943216518,0.32742975901474347,0.015873015873015876,1.0,0.6229383167822428,0.0,0.0,1,0.08388965567845225,0.6203473945409429,0.00146484375,0.07808372983903158,0.0,1.0764850989138015E-53,0.14897775105231514,13,15
1775943216936,0.32654170261994886,0.025097441747368093,0.8858082268029257,0.6229051994732661,0.0,0.0,1,0.08081606678158387,0.0,0.00146484375,0.07819735555288675,0.0,8.611880791310412E-54,0.14895535848489405,15,15
1775943217341,0.32654170261994886,0.011223917161691232,0.8834748061818355,0.6228750557506116,0.0,0.0,1,0.08713966701181236,0.0,0.00146484375,0.07831074942812236,0.0,6.88950463304833E-54,0.1489329726480313,15,15
1775943217738,0.32607766819144923,0.011223917161691232,0.8811885468327183,0.6228478741046862,0.0,0.0,1,0.08367561899126891,0.0,0.00146484375,0.07842390837637934,0.0,5.511603706438665E-54,0.14891059353869274,15,15
1775943218145,0.32537038733530305,0.0,0.8789482890976852,0.62282364313671,0.0,0.0,0,0.08030055652261936,0.6142506142506143,0.00146484375,0.07853682930344423,0.0,4.409282965150932E-54,0.14903846153846156,13,15
1775943218614,0.3235856294602395,0.04627739599083572,0.28949009777347007,0.6244051271957951,0.0,0.0,1,0.07865349578238551,0.0,0.00146484375,0.07839080281415266,0.0,3.5274263721207456E-54,0.14901607330629407,15,15
1775943219007,0.32225760609071175,0.044895668646764926,0.8891500073588695,0.6243711675064435,0.0,0.0,1,0.07773374350956859,0.0,0.00146484375,0.0785037603135102,0.0,2.821941097696597E-54,0.1489936917993392,15,15
1775943219403,0.3249219832348553,0.033671751485073696,0.29909206512953856,0.6259301474862367,0.0,0.0,1,0.07625144891183344,0.0,0.00146484375,0.07834287266277606,0.0,2.2575528781572774E-54,0.14897131701456678,15,15
1775943219805,0.325709030632442,0.03174603174603175,1.0,0.6251582470093016,0.0,0.0,1,0.0744345775402772,0.0,0.00146484375,0.07834287266277605,0.0,1.806042302525822E-54,0.14894894894894894,15,15
1775943220193,0.3254992810732389,0.03549314249999667,0.8916852266436908,0.6251196114808077,0.0,0.0,1,0.0732120267767037,0.3221649484536082,0.00146484375,0.07845588335442162,0.0,1.4448338420206576E-54,0.14892658759945954,14,15
1775943220619,0.3245797785334387,0.03549314249999667,1.0,0.6243537623199072,0.0,0.0,1,0.07485541275661449,0.0,0.00146484375,0.07845588335442162,0.0,1.1558670736165261E-54,0.1489042329630742,15,15
1775943221019,0.32495342937986094,0.025097441747368093,1.0,0.623610426611524,0.0,0.0,1,0.07385556084850142,0.625,0.00146484375,0.07847077328361024,0.0,9.24693658893221E-55,0.14888188503677025,13,15
1775943221440,0.32495342937986094,0.03174603174603175,0.8753766561344973,0.6235842448963751,0.0,0.0,1,0.07198460420952305,0.0,0.00146484375,0.078583403702593,0.0,7.397549271145769E-55,0.14885954381752697,15,15
1775943221837,0.32506287550278334,0.04046840883803798,0.2895420606152264,0.6251605053832987,0.0,0.0,1,0.07198179144131875,0.0,0.00146484375,0.07843780953528622,0.0,5.9180394169166156E-55,0.14883720930232558,15,15
1775943222228,0.3241433729629832,0.025097441747368093,0.292255394357094,0.6267337767478097,0.0,0.0,1,0.07242463442734487,0.0,0.00146484375,0.07829201502554899,0.0,4.734431533533293E-55,0.1488148814881488,15,15
1775943222619,0.3252990579195772,0.015873015873015876,0.29498334341721205,0.6283040137463947,0.0,0.0,1,0.07301147504136378,0.0,0.00146484375,0.07814599164278255,0.0,3.787545226826634E-55,0.1487925603719814,15,15
1775943223013,0.3234566290016771,0.033671751485073696,0.29770956495987067,0.6298712140075042,0.0,0.0,1,0.07198807792531614,0.0,0.00146484375,0.07799980627641974,0.0,3.0300361814613077E-55,0.1487702459508098,15,15
1775943223419,0.3233059544455237,0.03549314249999667,0.9233884472241531,0.6297971214196361,0.0,0.0,1,0.0702474921253036,0.6157635467980295,0.00146484375,0.07811329611039801,0.0,2.4240289451690464E-55,0.14874793822162247,13,15
1775943223841,0.3233059544455237,0.011223917161691232,0.9202430371942795,0.6297263697336195,0.0,0.0,1,0.06876537245411726,0.0,0.00146484375,0.07822667170412537,0.0,1.939223156135237E-55,0.1487256371814093,15,15
1775943224247,0.3234263802123936,0.0,0.9171888710903793,0.6296588828222391,0.0,0.0,1,0.06707160747916664,0.0,0.00146484375,0.07833980955819063,0.0,1.5513785249081898E-55,0.14885324539049616,15,15
1775943224643,0.3230962048863206,0.04046840883803798,0.301631960732613,0.6312155451132158,0.0,0.0,1,0.06683292058752602,0.6313131313131313,0.00146484375,0.07819424536630872,0.0,1.2411028199265519E-55,0.14883093525179858,13,15
1775943225070,0.32267345768875444,0.0,0.30438429298963976,0.6327691310493423,0.0,0.0,1,0.06816166301100483,0.0,0.00146484375,0.07804848405835643,0.0,9.928822559412416E-56,0.14895848943503676,15,15
1775943225469,0.3230962048863206,0.04046840883803798,0.939716898608341,0.632679350701376,0.0,0.0,1,0.0672766131200944,0.0,0.00146484375,0.07816193118229364,0.0,7.9430580475299325E-56,0.14893617021276595,15,15
1775943225859,0.3245749028120018,0.033671751485073696,0.3141102362366519,0.6342102556672335,0.0,0.0,1,0.06664489732125681,0.0,0.00146484375,0.0780012786652992,0.0,6.354446438023946E-56,0.14891385767790266,15,15
1775943226255,0.328026327353732,0.04627739599083572,0.9489657834342342,0.6341112069126582,0.0,0.0,1,0.06998700244055756,0.0,0.00146484375,0.07811477868719169,0.0,5.0835571504191575E-56,0.14889155182744163,15,15
1775943226649,0.32849036178223157,0.011223917161691232,0.945298975448559,0.6340155701925962,0.0,1.0,1,0.06862707914598166,0.31725888324873097,0.00146484375,0.0782279194484924,0.0,4.066845720335326E-56,0.14886925265837947,15,15
1775943227060,0.327966036379656,0.025097441747368093,1.0,0.6331825562381147,0.0,0.0,1,0.06868446175143017,0.0,0.00146484375,0.0782279510649726,0.0,3.253476576268261E-56,0.14884696016771493,15,15
1775943227453,0.327966036379656,0.011223917161691232,0.30769128228869236,0.6347260173905861,0.0,0.0,1,0.06809464720307495,0.0,0.00146484375,0.07808259708639548,0.0,2.6027812610146087E-56,0.14882467435244795,15,15
1775943227841,0.33174047389047334,0.050194883494736185,0.9457045708217857,0.634626500834171,0.0,0.0,1,0.06763612103589835,0.0,0.00146484375,0.07819589550466993,0.0,2.082225008811687E-56,0.14880239520958083,15,15
1775943228243,0.3327288337215485,0.03174603174603175,1.0,0.6337887989111126,0.0,0.0,1,0.06771304098241573,0.0,0.00146484375,0.07819589550466995,0.0,1.6657800070493495E-56,0.1487801227361173,15,15
1775943228636,0.3315731487649545,0.0,1.0,0.632957496649544,0.0,0.0,1,0.06900592069800973,0.0,0.00146484375,0.07819589550466993,0.0,1.3326240056394798E-56,0.14890751272074232,15,15
1775943229032,0.33404465060132416,0.025097441747368093,1.0,0.6321325313930697,0.0,0.0,0,0.07281213095246877,0.6313131313131313,0.00146484375,0.07819589550466993,0.0,1.0660992045115839E-56,0.1488852311836002,13,15
1775943229460,0.3339107914988975,0.025097441747368093,0.9165251696346304,0.6320525743877117,0.0,0.0,1,0.07353570619825553,0.0,0.00146484375,0.0783088308466269,0.0,8.528793636092671E-57,0.1488629563135847,15,15
1775943229856,0.33212603362383397,0.033671751485073696,1.0,0.6312514920543757,0.0,0.0,1,0.07271509023956008,0.0,0.00146484375,0.0783237181892318,0.0,6.823034908874137E-57,0.1488406881077038,15,15
1775943230246,0.3325829056953477,0.015873015873015876,0.29997346202400255,0.6327999050613341,0.0,0.0,1,0.07289201035258533,0.0,0.00146484375,0.07817873486903396,0.0,5.45842792709931E-57,0.1488184265629674,15,15
1775943230633,0.32880846818453036,0.03174603174603175,1.0,0.6319761484033636,0.0,0.0,1,0.07122414124467451,0.0,0.00146484375,0.07817876663541189,0.0,4.366742341679448E-57,0.14879617167638703,15,15
1775943231034,0.3274804448150026,0.011223917161691232,1.0,0.6311586408783035,0.0,0.0,1,0.07100696956081651,0.31172069825436405,0.00146484375,0.07817876663541189,0.0,3.4933938733435584E-57,0.14877392344497609,15,15
1775943231454,0.3289591427406837,0.025097441747368093,1.0,0.6303473358925893,0.0,0.0,1,0.07054417573976364,0.0,0.00146484375,0.07817876663541189,0.0,2.794715098674847E-57,0.14875168186574972,15,15
1775943231849,0.32932287373290275,0.015873015873015876,0.8950473538058025,0.630278881527889,0.0,0.0,1,0.07958166891673907,0.0,0.00146484375,0.07829172076564371,0.0,2.2357720789398776E-57,0.14872944693572498,15,15
1775943232257,0.3254145771196587,0.0,0.8925250527085217,0.6302136953132276,0.0,0.0,1,0.0916008345585956,0.0,0.00146484375,0.07840443091198707,0.0,1.7886176631519023E-57,0.14885667314302797,15,15
1775943232663,0.3277766328331059,0.011223917161691232,1.0,0.6294095405645272,0.0,0.0,1,0.08818652562555339,0.6157635467980295,0.00146484375,0.07840443091198707,0.0,1.430894130521522E-57,0.14883442916915723,13,15
1775943233095,0.3289806690314861,0.022447834323382463,0.29990503595187423,0.6309454619628915,0.0,0.0,1,0.08811936033155388,0.0,0.00146484375,0.07824488031329259,0.0,1.1447153044172177E-57,0.14881219184222327,15,15
1775943233522,0.32840337119310253,0.033671751485073696,0.8951108672142843,0.630876133967889,0.0,0.0,1,0.08496783238748275,0.0,0.00146484375,0.07835776258488501,0.0,9.157722435337742E-58,0.14878996115924714,15,15
1775943233916,0.3289806690314861,0.03549314249999667,1.0,0.6300839138826687,0.0,0.0,1,0.08335009788123385,0.0,0.00146484375,0.07837263659977535,0.0,7.326177948270194E-58,0.14876773711725166,15,15
1775943234314,0.33030869240101385,0.025097441747368093,0.8854771809187518,0.6300228612364301,0.0,0.0,1,0.0811593082119018,0.0,0.00146484375,0.0784851351050627,0.0,5.8609423586161554E-58,0.14874551971326166,15,15
1775943234717,0.33007882051122156,0.03549314249999667,0.29502367032371474,0.6315708022635622,0.0,0.0,1,0.07879782527493549,0.31017369727047145,0.00146484375,0.07834086449254878,0.0,4.688753886892925E-58,0.1487233089443034,15,15
1775943235121,0.3270707867825242,0.022447834323382463,0.3041486118606369,0.6330986208885918,0.0,0.0,1,0.0767323946220702,0.0,0.00146484375,0.07818146083611961,0.0,3.75100310951434E-58,0.14870110480740517,15,15
1775943235524,0.3272214613386776,0.011223917161691232,0.30045744587666245,0.6346404752115308,0.0,0.0,1,0.07689877770656972,0.0,0.00146484375,0.07803676058622813,0.0,3.000802487611472E-58,0.14867890729959699,15,15
1775943235921,0.3270707867825242,0.04627739599083572,0.9205481710314681,0.634544540275344,0.0,0.0,1,0.07636448593573643,0.0,0.00146484375,0.07814987259673117,0.0,2.4006419900891775E-58,0.14865671641791045,15,15
1775943236366,0.3268165019132277,0.022447834323382463,0.9174646531184206,0.6344521382887744,0.0,0.0,1,0.07514157403946368,0.0,0.00146484375,0.0782628595760219,0.0,1.9205135920713423E-58,0.14863453215937916,15,15
1775943236769,0.3263596298417139,0.011223917161691232,0.9144930636992505,0.6343631307674691,0.0,0.0,1,0.07289266395874416,0.31017369727047145,0.00146484375,0.0783754807915255,0.0,1.5364108736570739E-58,0.1486123545210385,15,15
1775943237182,0.32981105438344416,0.04627739599083572,1.0,0.6335904146648175,0.0,0.0,1,0.07201988052637064,0.0,0.00146484375,0.07842177020733827,0.0,1.2291286989256591E-58,0.14859018349992537,15,15
1775943237579,0.3295567695141476,0.04627739599083572,0.904202672920554,0.6335097695885409,0.0,0.0,1,0.07138691430442931,0.0,0.00146484375,0.07853408940760895,0.0,9.833029591405273E-59,0.1485680190930787,15,15
1775943237967,0.3312897523091252,0.011223917161691232,1.0,0.6326805626220477,0.0,0.0,0,0.0712310194466014,0.6443298969072164,0.00146484375,0.07853408940760895,0.0,7.866423673124219E-59,0.1485458612975391,13,15
1775943238393,0.3312897523091252,0.03174603174603175,0.2999430863769977,0.6342156610646328,0.0,1.0,1,0.07000554175717427,0.0,0.00146484375,0.07839025406668815,0.0,6.293138938499376E-59,0.14852371011034893,15,15
1775943238798,0.3354279208121616,0.011223917161691232,0.2853166671876045,0.6357936359281087,0.0,0.0,1,0.0708400156394408,0.0,0.00146484375,0.07827752941635234,0.0,5.034511150799501E-59,0.1485015655285522,15,15
1775943239196,0.3377236603972978,0.6286395666131064,0.0,0.638117280494453,0.0,0.0,1,0.07239605275196571,0.0,0.00146484375,0.07827752941635234,0.0,4.027608920639601E-59,0.14847942754919496,15,15
1775943239585,0.33525215856092816,0.6398617260554404,0.3118384689801724,0.639636540330142,0.0,0.0,1,0.07046132736319712,0.0,0.00146484375,0.07813320192480994,0.0,3.222087136511681E-59,0.1484572961693248,15,15
1775943239971,0.3354244969738619,0.011223917161691232,1.0,0.6387775187274853,0.0,0.0,1,0.06941606043343426,0.6476683937823834,0.00146484375,0.07814815730039193,0.0,2.577669709209345E-59,0.14843517138599105,13,15
1775943240397,0.3354244969738619,0.015873015873015876,0.3115995741853964,0.6402971275021218,0.0,0.0,1,0.07064379519161502,0.0,0.00146484375,0.07800364439701225,0.0,2.062135767367476E-59,0.14841305319624498,15,15
1775943240792,0.3386746090821036,0.8013908292929739,0.0,0.6426081792661499,0.0,0.0,1,0.07119389687006165,0.0,0.00146484375,0.07800364439701225,0.0,1.6497086138939808E-59,0.1483909415971395,15,15
1775943241188,0.33933279358710594,0.8103792554519882,0.3277462783708866,0.6440976732068833,0.0,0.0,1,0.07019855138005368,0.0,0.00146484375,0.07784390667031274,0.0,1.3197668911151848E-59,0.1483688365857292,15,15
1775943241580,0.33570903063244195,0.011223917161691232,0.3235108413876816,0.6456015017789163,0.0,0.0,1,0.07141647268911765,0.0,0.00146484375,0.07769897711645084,0.0,1.055813512892148E-59,0.14834673815907062,15,15
1775943241975,0.3342303327067608,0.0,0.32631868754333915,0.6471020906886905,0.0,0.0,0,0.07034116015862324,0.6329113924050632,0.00146484375,0.07755385344867063,0.0,8.446508103137185E-60,0.14847356664184663,13,15
1775943242406,0.333773460635247,0.03549314249999667,1.0,0.6469152213254316,0.0,0.0,1,0.06890277487940778,0.0,0.00146484375,0.0776678347798712,0.0,6.757206482509749E-60,0.14845145920190594,15,15
1775943242795,0.33315875165059405,0.04046840883803798,0.3289493015003734,0.6484104967385095,0.0,0.0,1,0.06987697653133002,0.0,0.00146484375,0.0775227856850689,0.0,5.405765186007799E-60,0.148429358344499,15,15
1775943243187,0.3320286168762551,0.047619047619047616,1.0,0.6482148816194248,0.0,0.0,1,0.06843129356204795,0.0,0.00146484375,0.07763691694319363,0.0,4.32461214880624E-60,0.14840726406668647,15,15
1775943243582,0.33220095528918886,0.04046840883803798,1.0,0.6472889413954976,0.0,0.0,1,0.06685343516229995,0.0,0.00146484375,0.07765193126172883,0.0,3.459689719044992E-60,0.1483851763655306,15,15
1775943243971,0.33162365745080524,0.03174603174603175,1.0,0.6471037203607987,0.0,0.0,1,0.066398628915114,0.0,0.00146484375,0.07776569573575907,0.0,2.7677517752359937E-60,0.1483630952380952,15,15
1775943244361,0.33340841532586885,0.04046840883803798,0.3090675311363914,0.6486412706095694,0.0,0.0,1,0.06573828951616213,0.641025641025641,0.00146484375,0.07765181372811991,0.0,2.214201420188795E-60,0.14834102068144617,13,15
1775943244782,0.3358799171622385,0.011223917161691232,0.31184087569021746,0.6501753502724074,0.0,0.0,1,0.06662845759160549,0.0,0.00146484375,0.07753769774195761,0.0,1.7713611361510362E-60,0.14831895269265105,15,15
1775943245171,0.3364572150006221,0.025097441747368093,0.34115376876349074,0.6516421285616776,0.0,0.0,1,0.06586736808954838,0.0,0.00146484375,0.07737739540663606,0.0,1.417088908920829E-60,0.14829689126877887,15,15
1775943245567,0.33502330691244947,0.025097441747368093,1.0,0.6514215805432397,0.0,1.0,1,0.06530688609928353,0.0,0.00146484375,0.07749167646331048,0.0,1.1336711271366632E-60,0.14827483640690065,15,15
1775943245958,0.3306922631016393,0.04046840883803798,0.3361695848746984,0.652900966945797,0.0,0.0,1,0.0651631215959828,0.0,0.00146484375,0.07734651120293651,0.0,9.069369017093307E-61,0.14825278810408926,15,15
1775943246349,0.33069226310163935,0.025097441747368093,1.0,0.6519200957688293,0.0,0.0,1,0.06551115240455031,0.0,0.00146484375,0.07734651120293652,0.0,7.255495213674646E-61,0.14823074635741895,15,15
1775943246738,0.32794193808053823,0.025097441747368093,0.33488980961694764,0.6534003639263715,0.0,1.0,1,0.06723119400644617,0.3213367609254499,0.00146484375,0.07720115830132752,0.0,5.804396170939717E-61,0.14820871116396606,14,15
1775943247141,0.3273530338055554,0.0,0.3377188767177884,0.6548772922638885,0.0,0.0,1,0.06711532069027223,0.0,0.00146484375,0.07705562101339587,0.0,4.643516936751774E-61,0.14833531510107012,15,15
1775943247543,0.3282264717391183,0.022447834323382463,0.34816576048938885,0.6563329837215067,0.0,0.0,1,0.0680922868415338,0.6218905472636815,0.00146484375,0.07689482287778542,0.0,3.7148135494014195E-61,0.1483132709169267,13,15
1775943247968,0.3285494847082054,0.033671751485073696,1.0,0.656071661577706,0.0,0.0,1,0.06689210914143598,0.0,0.00146484375,0.07701004329407843,0.0,2.9718508395211357E-61,0.1482912332838039,15,15
1775943248357,0.3302622159811094,0.03174603174603175,1.0,0.6550652946228879,0.0,0.0,1,0.06847812176406814,0.0,0.00146484375,0.07701007488539025,0.0,2.3774806716169086E-61,0.1482692021987817,15,15
1775943248753,0.3296331430626398,0.022447834323382463,0.31914925479745415,0.6565835960319292,0.0,0.0,1,0.06956064529996298,0.0,0.00146484375,0.07689485264787704,0.0,1.901984537293527E-61,0.14824717765894235,15,15
1775943249152,0.32978381761879316,0.033671751485073696,1.0,0.6555730749236051,0.0,0.0,1,0.06877868501789808,0.0,0.00146484375,0.07689485264787704,0.0,1.5215876298348217E-61,0.1482251596613694,15,15
1775943249544,0.33039954684475986,0.011223917161691232,1.0,0.6545707265514225,0.0,0.0,1,0.07037487221791094,0.0,0.00146484375,0.07689488442021343,0.0,1.2172701038678574E-61,0.14820314820314817,15,15
1775943249940,0.32987522144218423,0.025097441747368093,0.34043355621507865,0.6560307942035318,0.0,0.0,1,0.07162496449420548,0.31565656565656564,0.00146484375,0.07673392989032385,0.0,9.73816083094286E-62,0.148181143281366,14,15
1775943250346,0.32987522144218423,0.022447834323382463,0.3357639636749367,0.6575053169972361,0.0,0.0,1,0.0703639578982724,0.0,0.00146484375,0.07658782251831671,0.0,7.790528664754287E-62,0.14815914489311166,15,15
1775943250732,0.32791812515418695,0.04046840883803798,1.0,0.6572301642364162,0.0,0.0,1,0.06971751462467406,0.0,0.00146484375,0.07670355930170603,0.0,6.23242293180343E-62,0.1481371530354757,15,15
1775943251133,0.32801069702568014,0.015873015873015876,1.0,0.6569597545150144,0.0,0.0,1,0.06946440134169804,0.0,0.00146484375,0.07681896822859322,0.0,4.985938345442744E-62,0.14811516770555055,15,15
1775943251526,0.3266876869435673,0.0,1.0,0.6566941181989409,0.0,0.0,1,0.06875145398056,0.0,0.00146484375,0.07693415872285692,0.0,3.988750676354195E-62,0.14824157886926848,15,15
1775943251920,0.3261310806435745,0.04046840883803798,0.336948605927253,0.65816024237035,0.0,0.0,0,0.06788889852144749,0.6345177664974619,0.00146484375,0.07678862510414798,0.0,3.1910005410833562E-62,0.14821958456973294,13,15
1775943252345,0.3261310806435745,0.011223917161691232,1.0,0.6571547319766794,0.0,0.0,1,0.06743703775148609,0.0,0.00146484375,0.07680362002213577,0.0,2.552800432866685E-62,0.14819759679572764,15,15
1775943252740,0.3272867656001685,0.025097441747368093,1.0,0.656139575221011,0.0,0.0,1,0.06617014997637367,0.0,0.00146484375,0.07680362002213577,0.0,2.042240346293348E-62,0.14817561554434888,15,15
1775943253141,0.32836769730273696,0.015873015873015876,1.0,0.655879672232148,0.0,0.0,1,0.06642248577101792,0.0,0.00146484375,0.07691882716533611,0.0,1.6337922770346786E-62,0.14815364081269466,15,15
1775943253541,0.3282170227465836,0.04627739599083572,0.33112455227116855,0.6573495292649087,0.0,0.0,1,0.06607687140183562,0.0,0.00146484375,0.07677338526280698,0.0,1.307033821627743E-62,0.14813167259786475,15,15
1775943253942,0.32801571031309507,0.04046840883803798,1.0,0.6563327899542347,0.0,1.0,1,0.06895158474560265,0.31172069825436405,0.00146484375,0.07677338526280698,0.0,1.0456270573021944E-62,0.14810971089696068,15,15
1775943254350,0.3273731561361447,0.022447834323382463,0.3299229268610055,0.6578036844144749,0.0,0.0,1,0.06941907853609126,0.0,0.00146484375,0.07662776536117523,0.0,8.365016458417555E-63,0.14808775570708566,15,15
1775943254770,0.32798786512079764,0.022447834323382463,1.0,0.6567832610276779,0.0,0.0,1,0.07143838227429694,0.0,0.00146484375,0.07662776536117524,0.0,6.692013166734045E-63,0.14806580702534455,15,15
1775943255185,0.32818917755428606,0.015873015873015876,1.0,0.6565160843600565,0.0,0.0,1,0.07239527164063912,0.6024096385542169,0.00146484375,0.07674325693276544,0.0,5.353610533387237E-63,0.14804386484884413,13,15
1775943255620,0.32818917755428606,0.022447834323382463,1.0,0.6562537130735067,0.0,0.0,1,0.07086013892474387,0.0,0.00146484375,0.07685864130428137,0.0,4.28288842670979E-63,0.1480219291746926,15,15
1775943256044,0.3296230856424587,0.015873015873015876,1.0,0.6552458292875741,0.0,0.0,1,0.07023277483861347,0.0,0.00146484375,0.07685864130428137,0.0,3.426310741367832E-63,0.14800000000000002,15,15
1775943256479,0.33365180802257255,0.025097441747368093,0.025542129740846607,0.6574500179202726,0.0,0.0,1,0.07383017907721813,0.0,0.00146484375,0.07681374783016397,0.0,2.7410485930942654E-63,0.1479780773218783,15,15
1775943256884,0.33191882522759486,0.015873015873015876,1.0,0.6571840449059041,0.0,0.0,1,0.07285327662786895,0.0,0.00146484375,0.07692884902041747,0.0,2.1928388744754125E-63,0.1479561611374408,15,15
1775943257275,0.3312320812662888,0.0,1.0,0.6569228303378937,0.0,0.0,1,0.07118865366567897,0.319693094629156,0.00146484375,0.07704372581737222,0.0,1.75427109958033E-63,0.1480823337775803,14,15
1775943257674,0.3312320812662888,0.015873015873015876,1.0,0.6566664039490586,0.0,0.0,1,0.06961718374386391,0.0,0.00146484375,0.07715848639834107,0.0,1.403416879664264E-63,0.14806040864672787,15,15
1775943258069,0.32998499248630375,0.04046840883803798,0.3297815761344421,0.6581247192248538,0.0,0.0,1,0.06978819760707583,0.6329113924050632,0.00146484375,0.07701401622999418,0.0,1.1227335037314113E-63,0.14803849000740188,13,15
1775943258516,0.3292185887041837,0.04046840883803798,1.0,0.6578599675607537,0.0,0.0,1,0.06804004345202702,0.0,0.00146484375,0.07712880961359775,0.0,8.981868029851291E-64,0.14801657785671996,15,15
1775943258946,0.3282699614078013,0.04046840883803798,0.3323028411755473,0.6593132095658832,0.0,0.0,1,0.06792512684862362,0.0,0.00146484375,0.07698441137315204,0.0,7.185494423881033E-64,0.14799467219180107,15,15
1775943259384,0.32903636518992124,0.047619047619047616,1.0,0.6590401976743586,0.0,0.0,1,0.06864432704274337,0.0,0.00146484375,0.07709923744997461,0.0,5.7483955391048265E-64,0.1479727730097662,15,15
1775943259799,0.3288856906337679,0.011223917161691232,1.0,0.658772025209108,0.0,0.0,1,0.07044034348334414,0.0,0.00146484375,0.0772138333030185,0.0,4.598716431283861E-64,0.14795088030773784,15,15
1775943260214,0.33084278692176516,0.025097441747368093,1.0,0.6585086030601883,0.0,0.0,1,0.07256846635378278,0.6024096385542169,0.00146484375,0.07732808380531934,0.0,3.6789731450270895E-64,0.14792899408284022,13,15
1775943260653,0.3296123487111456,0.011223917161691232,1.0,0.6582499613634235,0.0,0.0,1,0.09581226912912182,0.0,0.00146484375,0.07744209763935016,0.0,2.943178516021672E-64,0.14790711433219939,15,15
1775943261041,0.33306377325287584,0.7399277473528041,0.0,0.6605067192690077,0.0,0.0,1,0.09240515461408373,0.0,0.00146484375,0.07744209763935016,0.0,2.3545428128173376E-64,0.14788524105294287,15,15
1775943261426,0.33198284155030733,0.7399277473528041,1.0,0.6602370624409771,0.0,0.0,1,0.08918811141592348,0.0,0.00146484375,0.07755587169921437,0.0,1.8836342502538702E-64,0.1478633742422002,15,15
1775943261820,0.33198284155030733,0.0,1.0,0.6599722598454684,0.0,0.0,1,0.08653398184026315,0.6345177664974619,0.00146484375,0.07766940287340508,0.0,1.5069074002030962E-64,0.14798935541099945,13,15
1775943262236,0.33425949221621765,0.011223917161691232,1.0,0.6597122815879808,0.0,0.0,1,0.08331369090755412,0.0,0.00146484375,0.07778268804493606,0.0,1.205525920162477E-64,0.14796747967479673,15,15
