t_ms,entropy_ema,churn01,dCurv01,meanAbsCurv01,two1_eff_rate01,tmr01,feedback_tick,roi_amp01,roi_deqRate01,roi_curvCover01,roi_curvEntropy01,roi_two1RawRate01,two1_exp01,bmu_stability,queue_size,queue_cap
1770320564114,0.4166666666666667,0.4411422098738549,0.0,0.0,0.0,0.5,1,0.061099778686523436,0.0,0.0,0.0,0.0,0.0,0.125,2,5
1770320564370,0.5302277214819099,0.32070355203427625,0.0,0.0,0.0,0.16666666666666663,0,0.06454499151111098,0.0,0.0,0.0,0.0,0.0,0.1578947368421053,3,5
1770320564624,0.5476529299175825,0.16157439034225568,0.0,0.0,0.0,0.0,0,0.06684739119628011,0.984251968503937,0.0,0.0,0.0,0.0,0.1333333333333333,2,5
1770320564880,0.5147319908523743,0.167501335880135,0.0,0.0,0.0,0.18181818181818177,0,0.06950764054771591,0.0,0.0,0.0,0.0,0.0,0.14634146341463417,3,5
1770320565138,0.5030093650255537,0.11085108968743816,0.0,0.0,0.0,0.18181818181818177,0,0.06597174736112851,0.9689922480620154,0.0,0.0,0.0,0.0,0.13461538461538458,2,5
1770320565391,0.49685625124668475,0.10594324743669693,0.0,0.0,0.0,0.09090909090909094,0,0.07321076390726272,0.0,0.0,0.0,0.0,0.0,0.17460317460317465,3,5
1770320565646,0.5008147094747577,0.11617012806185868,0.0,0.0,0.0,0.2222222222222222,0,0.06453301073172013,0.9803921568627451,0.0,0.0,0.0,0.0,0.17567567567567566,2,5
1770320565902,0.4964600373173965,0.13887225920205717,0.0,0.0,0.0,0.30000000000000004,0,0.06808231094256935,0.0,0.0,0.0,0.0,0.0,0.15294117647058825,3,5
1770320566157,0.5060708818048784,0.13296094908541004,0.0,0.0,0.0,0.09999999999999998,0,0.07049430926814546,0.9803921568627451,0.0,0.0,0.0,0.0,0.14583333333333337,2,5
1770320566412,0.49553225581276156,0.15191963072858594,0.0,0.0,0.0,0.2727272727272727,0,0.06402837257790903,0.0,0.0,0.0,0.0,0.0,0.14018691588785048,3,5
1770320566668,0.46680129352420424,0.1857465997639292,0.0,0.0,0.0,0.18181818181818177,0,0.07260438172755208,0.9765625,0.0,0.0,0.0,0.0,0.13559322033898302,2,5
1770320566923,0.4637708298360334,0.1679724616052066,0.0,0.0,0.0,0.4,0,0.07081954154306802,0.0,0.0,0.0,0.0,0.0,0.12403100775193798,3,5
1770320567179,0.47979002095416595,0.14969141156944557,0.0,0.0,0.0,0.09999999999999998,0,0.07099132783740655,0.9765625,0.0,0.0,0.0,0.0,0.11428571428571432,2,5
1770320567434,0.4995342963991109,0.12752119363195794,0.0,0.0,0.0,0.4,0,0.06912352206928074,0.0,0.0,0.0,0.0,0.0,0.10596026490066224,3,5
1770320567690,0.5128679048644001,0.13064737006108137,0.0,0.0,0.0,0.09999999999999998,0,0.0628593924791581,0.9765625,0.0,0.0,0.0,0.0,0.11111111111111116,2,5
1770320567946,0.5242244625599081,0.1848486424939462,0.0,0.0,0.0,0.09090909090909094,0,0.06146850864056032,0.0,0.0,0.0,0.0,0.0,0.11560693641618502,3,5
1770320568201,0.5346059864615791,0.11839834722099905,0.0,0.0,0.0,0.09090909090909094,0,0.06978418731402665,0.9803921568627451,0.0,0.0,0.0,0.0,0.13043478260869568,2,5
1770320568456,0.5521789819246039,0.20185978918006567,0.0,0.0,0.0,0.0,0,0.06874486146690803,0.0,0.0,0.0,0.0,0.0,0.1333333333333333,3,5
1770320568711,0.5497986394826041,0.1765633948134546,0.0,0.0,0.0,0.09090909090909094,1,0.06272156829576722,0.9803921568627451,0.0,0.0,0.0,0.0,0.1310679611650486,3,5
1770320568967,0.5487955907965154,0.17926316863579006,0.0,0.0,0.0,0.18181818181818177,1,0.0612689039149678,0.0,0.0,0.0,0.0,0.0,0.12442396313364057,5,5
1770320569223,0.5469251194346042,0.18357873914430461,0.0,0.0,0.0,0.09999999999999998,1,0.0641858736396441,0.9765625,0.0,0.0,0.0,0.0,0.1228070175438597,3,5
1770320569478,0.5455685057634213,0.16574424244606623,0.0,0.0,0.0,0.18181818181818177,1,0.06340295323320994,0.0,0.0,0.0,0.0,0.0,0.12552301255230125,5,5
1770320569733,0.5381952460742645,0.19320849743230184,0.0,0.0,0.0,0.30000000000000004,0,0.06269982094528914,0.9803921568627451,0.0,0.0,0.0,0.0,0.12,3,5
1770320569988,0.5454252915231661,0.20709346768929793,0.0,0.0,0.0,0.09999999999999998,0,0.06619167355875634,0.0,0.0,0.0,0.0,0.0,0.12260536398467436,4,5
1770320570244,0.5584068098853471,0.17394413026136957,0.0,0.0,0.0,0.0,0,0.06467864494459875,0.9765625,0.0,0.0,0.0,0.0,0.12132352941176472,3,5
1770320570500,0.5656361769507373,0.21067695006326814,0.0,0.0,0.0,0.09999999999999998,0,0.06571348215657662,0.0,0.0,0.0,0.0,0.0,0.11660777385159016,4,5
1770320570755,0.5744343515713634,0.16375788638311245,0.0,0.0,0.0,0.18181818181818177,1,0.06799293667243858,0.9803921568627451,0.0,0.0,0.0,0.0,0.11564625850340138,3,5
1770320571010,0.5888340533580353,0.2019451490452539,0.0,0.0,0.0,0.0,0,0.06881004495720067,0.0,0.0,0.0,0.0,0.0,0.11147540983606552,4,5
1770320571266,0.6004538119629739,0.23178705482519288,0.0,0.0,0.0,0.0,1,0.08001721397731174,0.0,0.0,0.0,0.0,0.0,0.10759493670886078,5,5
1770320571521,0.6335408746139809,0.2690141860368282,0.0,0.0,0.0,0.0,1,0.07228945342109329,0.0,0.0,0.0,0.0,0.0,0.10397553516819569,5,5
1770320571777,0.6519800057734887,0.2593736751415068,0.0,0.0,0.0,0.09090909090909094,0,0.06684982481683696,0.9765625,0.0,0.0,0.0,0.0,0.10650887573964496,3,5
1770320572032,0.6739140041755255,0.19570358101330138,0.0,0.0,0.0,0.0,1,0.06427642940991926,0.0,0.0,0.0,0.0,0.0,0.10601719197707737,5,5
1770320572288,0.7101854027066449,0.331899251874296,0.0,0.0,0.0,0.0,0,0.06182325249451342,0.0,0.0,0.0,0.0,0.0,0.10277777777777775,5,5
1770320572542,0.7247244320812555,0.3165383013234386,0.0,0.0,0.0,0.09999999999999998,1,0.06627751425837915,0.0,0.0,0.0,0.0,0.0,0.09973045822102422,5,5
1770320572799,0.7416901734547275,0.26340224220227154,0.0,0.0,0.0,0.18181818181818177,1,0.0805725192073114,0.0,0.0,0.0,0.0,0.0,0.10209424083769636,5,5
1770320573054,0.7557708084809049,0.230412546708219,0.0,0.0,0.0,0.0,0,0.0995491089737529,0.0,0.0,0.0,0.0,0.0,0.0992366412213741,5,5
1770320573309,0.7576795535271162,0.32239842770323995,0.0,0.0,0.0,0.0,1,0.08973605953385722,0.0,0.0,0.0,0.0,0.0,0.09653465346534651,5,5
1770320573565,0.7524130621680675,0.26258964479747676,0.0,0.0,0.0,0.0,1,0.08003298963172581,0.0,0.0,0.0,0.0,0.0,0.09397590361445785,5,5
1770320573820,0.7717823026672018,0.42136792740465484,0.0,0.0,0.0,0.0,1,0.10812659864469024,0.49019607843137253,0.0,0.0,0.0,0.0,0.09154929577464788,4,5
1770320574076,0.7781160844335023,0.1719965953043131,0.0,0.0,0.0,0.09090909090909094,1,0.0755674270653332,0.0,0.0,0.0,0.0,0.0,0.09382151029748287,5,5
1770320574330,0.7545849521480341,0.3064028785722936,0.0,0.0,0.0,0.09090909090909094,0,0.0648185813825531,0.984251968503937,0.0,0.0,0.0,0.0,0.0959821428571429,3,5
1770320574586,0.7562457228519501,0.2876711707065691,0.0,0.0,0.0,0.0,0,0.06469241220051036,0.0,0.0,0.0,0.0,0.0,0.0958605664488017,4,5
1770320574842,0.7230452969071948,0.3941589698373087,0.0,0.0,0.0,0.09090909090909094,1,0.06469986949480813,0.9765625,0.0,0.0,0.0,0.0,0.09361702127659577,3,5
1770320575098,0.7192579632104186,0.27442747151387975,0.0,0.0,0.0,0.0,0,0.06803075116520402,0.0,0.0,0.0,0.0,0.0,0.0935550935550935,4,5
1770320575353,0.7010582138475561,0.26219269739214573,0.0,0.0,0.0,0.09090909090909094,1,0.06347901900050679,0.0,0.0,0.0,0.0,0.0,0.0955284552845529,5,5
1770320575608,0.7120732337452538,0.31207978601937986,0.0,0.0,0.0,0.18181818181818177,0,0.06880021246028269,0.9803921568627451,0.0,0.0,0.0,0.0,0.09343936381709739,3,5
1770320575863,0.716541989638329,0.2044662736645304,0.0,0.0,0.0,0.0,0,0.06413363340772442,0.0,0.0,0.0,0.0,0.0,0.09533073929961089,4,5
1770320576119,0.6778729584942611,0.13512880970503463,0.0,0.0,0.0,0.2727272727272727,0,0.06811953813221756,0.9765625,0.0,0.0,0.0,0.0,0.09523809523809523,3,5
1770320576374,0.7031623367943584,0.35241675990820964,0.0,0.0,0.0,0.0,0,0.06487945221042375,0.0,0.0,0.0,0.0,0.0,0.09328358208955223,4,5
1770320576629,0.7246018880901661,0.25503163465659173,0.0,0.0,0.0,0.0,1,0.0670500537510604,0.0,0.0,0.0,0.0,0.0,0.09323583180987205,5,5
1770320576884,0.7353222272660488,0.2869635095065558,0.0,0.0,0.0,0.18181818181818177,0,0.06454922685125265,0.0,0.0,0.0,0.0,0.0,0.09318996415770608,5,5
1770320577140,0.7468891992526668,0.2888193536479142,0.0,0.0,0.0,0.09999999999999998,1,0.06607827707702454,0.0,0.0,0.0,0.0,0.0,0.0913884007029877,5,5
1770320577396,0.759173881780849,0.29348576174059227,0.0,0.0,0.0,0.09999999999999998,1,0.0695926351093719,0.0,0.0,0.0,0.0,0.0,0.08965517241379306,5,5
1770320577652,0.773099591150389,0.2892715151186504,0.0,0.0,0.0,0.0,0,0.07519123307192983,0.0,0.0,0.0,0.0,0.0,0.08798646362098139,5,5
1770320577906,0.7757730828864067,0.2957503414428409,0.0,0.0,0.0,0.0,1,0.06566483785139789,0.0,0.0,0.0,0.0,0.0,0.08637873754152825,5,5
1770320578162,0.780441424831845,0.3407819401924249,0.0,0.0,0.0,0.0,1,0.06595976929885727,0.48828125,0.0,0.0,0.0,0.0,0.08482871125611746,5,5
1770320578418,0.7929390769036224,0.37025482790973535,0.0,0.0,0.0,0.0,1,0.064380410466393,0.0,0.0,0.0,0.0,0.0,0.08333333333333337,5,5
1770320578672,0.7813910987479221,0.24190933068302228,0.0,0.0,0.0,0.0,0,0.0642085212060809,0.984251968503937,0.0,0.0,0.0,0.0,0.08346456692913384,3,5
1770320578928,0.7816040682915175,0.28549341952023677,0.0,0.0,0.0,0.18181818181818177,0,0.06720316457949232,0.0,0.0,0.0,0.0,0.0,0.08359133126934981,4,5
1770320579183,0.7807959147912891,0.36109782140772395,0.0,0.0,0.0,0.0,1,0.06531675462457137,0.0,0.0,0.0,0.0,0.0,0.0821917808219178,5,5
1770320579439,0.7841921404146337,0.3235955298150839,0.0,0.0,0.0,0.0,0,0.06651267376339931,0.9765625,0.0,0.0,0.0,0.0,0.08083832335329344,3,5
1770320579694,0.7762386000433947,0.2872411967787393,0.0,0.0,0.0,0.0,0,0.06413869713462317,0.0,0.0,0.0,0.0,0.0,0.07952871870397649,4,5
1770320579950,0.7837991711446826,0.36385640967425986,0.0,0.0,0.0,0.0,1,0.06682820001467563,0.0,0.0,0.0,0.0,0.0,0.07826086956521738,5,5
1770320580205,0.7801981196064959,0.24665995325100662,0.0,0.0,0.0,0.0,0,0.06573935792544625,0.9803921568627451,0.0,0.0,0.0,0.0,0.0784593437945792,3,5
1770320580461,0.7623407726639994,0.38539088853691367,0.0,0.0,0.0,0.09090909090909094,0,0.07249374481262982,0.0,0.0,0.0,0.0,0.0,0.0786516853932584,4,5
1770320580716,0.7689830263511619,0.2605846066545164,0.0,0.0,0.0,0.0,1,0.07292359083695381,0.0,0.0,0.0,0.0,0.0,0.0774550484094052,5,5
1770320580972,0.7732998437941333,0.37397036111678394,0.0,0.0,0.0,0.09090909090909094,0,0.07687251400934408,0.0,0.0,0.0,0.0,0.0,0.07629427792915533,5,5
1770320581226,0.7921267043611134,0.2300871393878514,0.0,0.0,0.0,0.19999999999999996,1,0.06679516648138814,0.0,0.0,0.0,0.0,0.0,0.07651006711409392,5,5
1770320581482,0.8067764067044513,0.40541104120380167,0.0,0.0,0.0,0.0,0,0.07031586134543182,0.0,0.0,0.0,0.0,0.0,0.07539682539682535,5,5
1770320581739,0.8168148860149583,0.3960148256835111,0.0,0.0,0.0,0.09999999999999998,1,0.06583907903426645,0.0,0.0,0.0,0.0,0.0,0.0743155149934811,5,5
1770320581994,0.8346745318230511,0.4150577853975036,0.0,0.0,0.0,0.0,1,0.06623414204323254,0.0,0.0,0.0,0.0,0.0,0.07326478149100257,5,5
1770320582249,0.8385884492670899,0.3234264677533027,0.0,0.0,0.0,0.0,0,0.06531436744508226,0.49019607843137253,0.0,0.0,0.0,0.0,0.07224334600760451,4,5
1770320582504,0.8378296307806999,0.3380895981453726,0.0,0.0,0.0,0.09999999999999998,1,0.06689155588263851,0.0,0.0,0.0,0.0,0.0,0.07250000000000001,5,5
1770320582760,0.845219186160707,0.35490624679214794,0.0,0.0,0.0,0.0,1,0.0630036425377309,0.0,0.0,0.0,0.0,0.0,0.07151664611590625,5,5
1770320583014,0.8483860770438572,0.27481366631188653,0.0,0.0,0.0,0.0,1,0.0692099922018926,0.0,0.0,0.0,0.0,0.0,0.07177615571776153,5,5
1770320583270,0.8528622141284564,0.2617056110566655,0.0,0.0,0.0,0.0,1,0.06944508812121526,0.0,0.0,0.0,0.0,0.0,0.07082833133253297,5,5
1770320583526,0.8570125891212448,0.38065507820489486,0.0,0.0,0.0,0.09090909090909094,0,0.06635844394835415,0.0,0.0,0.0,0.0,0.0,0.06990521327014221,5,5
1770320583781,0.8456962201112402,0.3973650796618166,0.0,0.0,0.0,0.0,1,0.06471476626332641,0.0,0.0,0.0,0.0,0.0,0.07017543859649122,5,5
1770320584037,0.8360291050116068,0.4304958516080216,0.0,0.0,0.0,0.0,1,0.06831899095357438,0.0,0.0,0.0,0.0,0.0,0.06928406466512704,5,5
1770320584293,0.83803455254139,0.35851764950722814,0.0,0.0,0.0,0.09090909090909094,0,0.06671437917680859,0.48828125,0.0,0.0,0.0,0.0,0.06841505131128844,5,5
1770320584547,0.8309652610077465,0.3748955991911853,0.0,0.0,0.0,0.0,1,0.06486461717343683,0.0,0.0,0.0,0.0,0.0,0.06869369369369371,5,5
1770320584803,0.8281473450896057,0.39793951230748614,0.0,0.0,0.0,0.18181818181818177,0,0.06829424232150527,0.0,0.0,0.0,0.0,0.0,0.06785317018909898,5,5
1770320585059,0.8241634125470004,0.4411021327408936,0.0,0.0,0.0,0.0,1,0.06855532997756025,0.0,0.0,0.0,0.0,0.0,0.06703296703296702,5,5
1770320585313,0.8241634125470004,0.3502543332088074,0.0,0.0,0.0,0.09090909090909094,1,0.06561406973179157,0.0,0.0,0.0,0.0,0.0,0.0662323561346363,5,5
1770320585569,0.8059326776599902,0.2888946390458667,0.0,0.0,0.0,0.09090909090909094,0,0.06657288820541034,0.0,0.0,0.0,0.0,0.0,0.0665236051502146,5,5
1770320585825,0.8290295534445737,0.357334470924556,0.0,0.0,0.0,0.09090909090909094,1,0.06611261669364576,0.0,0.0,0.0,0.0,0.0,0.0657476139978791,5,5
1770320586080,0.8514376258413341,0.38043225828795335,0.0,0.0,0.0,0.0,0,0.07517121315458816,0.0,0.0,0.0,0.0,0.0,0.06498951781970652,5,5
1770320586335,0.8352889261273176,0.3450218050498304,0.0,0.0,0.0,0.09090909090909094,1,0.06430208553541392,0.49019607843137253,0.0,0.0,0.0,0.0,0.06735751295336789,5,5
1770320586591,0.8346383269180455,0.2815967510839512,0.0,0.0,0.0,0.0,1,0.06632785097888416,0.0,0.0,0.0,0.0,0.0,0.06762295081967218,5,5
1770320586847,0.8413049935847122,0.40860652327555774,0.0,0.0,0.0,0.0,0,0.06839398601018462,0.9765625,0.0,0.0,0.0,0.0,0.0678824721377913,4,5
1770320587102,0.845831306059472,0.2992783480912034,0.0,0.0,0.0,0.0,1,0.06731188351310169,0.0,0.0,0.0,0.0,0.0,0.06813627254509014,5,5
1770320587357,0.8518135633233054,0.34440867851767515,0.0,0.0,0.0,0.0,1,0.07177540946997894,0.0,0.0,0.0,0.0,0.0,0.06838453914767095,5,5
1770320587612,0.8587887019108341,0.43623847907552915,0.0,0.0,0.0,0.0,1,0.06524348543467326,0.0,0.0,0.0,0.0,0.0,0.0676470588235294,5,5
1770320587869,0.8588538686063469,0.39298310554138677,0.0,0.0,0.0,0.0,1,0.06276351037120562,0.0,0.0,0.0,0.0,0.0,0.06692531522793399,5,5
1770320588124,0.8504971943133008,0.32594473701896726,0.0,0.0,0.0,0.0,0,0.06950031631533353,0.0,0.0,0.0,0.0,0.0,0.06717850287907867,5,5
1770320588378,0.8410151612659508,0.2665887771709108,0.0,0.0,0.0,0.0,1,0.06251460922425334,0.0,0.0,0.0,0.0,0.0,0.06647673314339986,5,5
1770320588634,0.8370941210133569,0.3561174255798712,0.0,0.0,0.0,0.18181818181818177,1,0.06342163849271444,0.0,0.0,0.0,0.0,0.0,0.06672932330827064,5,5
1770320588890,0.8419487451173848,0.32942366260079764,0.0,0.0,0.0,0.0,0,0.06238082893686817,0.48828125,0.0,0.0,0.0,0.0,0.06604651162790698,5,5
1770320589145,0.8386154117840515,0.4145630115149042,0.0,0.0,0.0,0.0,1,0.07095018551227415,0.0,0.0,0.0,0.0,0.0,0.06537753222836096,5,5
1770320589400,0.8521151875675678,0.4214002710890821,0.0,0.0,0.0,0.0,0,0.06510211458816768,0.0,0.0,0.0,0.0,0.0,0.06472196900638105,5,5
1770320589655,0.8419754325023906,0.2984058252493857,0.0,0.0,0.0,0.0,1,0.06404550293974759,0.0,0.0,0.0,0.0,0.0,0.06498194945848379,5,5
1770320589912,0.8597338025558132,0.3869771934813302,0.0,0.0,0.0,0.0,0,0.06757964387015496,0.9727626459143969,0.0,0.0,0.0,0.0,0.06523681858802499,3,5
1770320590167,0.8724595892614794,0.3432284167133223,0.0,0.0,0.0,0.0,0,0.06846179511856512,0.0,0.0,0.0,0.0,0.0,0.06460176991150446,4,5
1770320590422,0.8615728076354136,0.32605115168979926,0.0,0.0,0.0,0.0,1,0.06548132470430779,0.0,0.0,0.0,0.0,0.0,0.06397896581945661,5,5
1770320590677,0.861878730018818,0.41713503474092894,0.0,0.0,0.0,0.0,0,0.06503751742822102,0.0,0.0,0.0,0.0,0.0,0.06336805555555558,5,5
1770320590933,0.8698035425224239,0.35168506551872547,0.0,0.0,0.0,0.09090909090909094,1,0.06932349275613306,0.0,0.0,0.0,0.0,0.0,0.06276870163370596,5,5
1770320591188,0.8790877766176389,0.3186441553558929,0.0,0.0,0.0,0.0,1,0.06788492465630638,0.0,0.0,0.0,0.0,0.0,0.06218057921635434,5,5
1770320591445,0.8734045940606106,0.33552100281571695,0.0,0.0,0.0,0.0,0,0.06301242171355323,0.0,0.0,0.0,0.0,0.0,0.06244725738396628,5,5
1770320591699,0.8717392500855967,0.32990200034739725,0.0,0.0,0.0,0.0,1,0.06619427299832693,0.984251968503937,0.0,0.0,0.0,0.0,0.06270903010033446,3,5
1770320591955,0.8725293292280901,0.25535586068806615,0.0,0.0,0.0,0.0,1,0.06691324402739424,0.0,0.0,0.0,0.0,0.0,0.06296603148301572,5,5
1770320592210,0.8730671358891466,0.45241470491619734,0.0,0.0,0.0,0.0,1,0.06458894901848161,0.0,0.0,0.0,0.0,0.0,0.06239737274220036,5,5
1770320592465,0.880384401765085,0.38291986859299076,0.0,0.0,0.0,0.0,1,0.0646673729871135,0.0,0.0,0.0,0.0,0.0,0.06183889340927584,5,5
1770320592721,0.8642868024155786,0.3083869457838138,0.0,0.0,0.0,0.0,0,0.06454626628715202,0.0,0.0,0.0,0.0,0.0,0.06129032258064515,5,5
1770320592977,0.8595988958936894,0.4451886918423303,0.0,0.0,0.0,0.0,1,0.06374154670066616,0.0,0.0,0.0,0.0,0.0,0.06075139888089531,5,5
1770320593232,0.8577598908140893,0.4274573902224039,0.0,0.0,0.0,0.0,1,0.06470053005702933,0.0,0.0,0.0,0.0,0.0,0.060221870047543535,5,5
1770320593487,0.8457929225948128,0.2408834312597512,0.0,0.0,0.0,0.09090909090909094,0,0.1059672782653538,0.0,0.0,0.0,0.0,0.0,0.061272584446190104,5,5
1770320593743,0.8286222594606509,0.2707202371069475,0.0,0.0,0.0,0.18181818181818177,0,0.11394359091399273,0.9765625,0.0,0.0,0.0,0.0,0.06074766355140182,3,5
1770320593998,0.8299619371897019,0.2860385075813907,0.0,0.0,0.0,0.09090909090909094,0,0.08323844651188811,0.0,0.0,0.0,0.0,0.0,0.061003861003861015,4,5
1770320594253,0.8364435218040848,0.3950099709113291,0.0,0.0,0.0,0.0,1,0.07391195133197102,0.0,0.0,0.0,0.0,0.0,0.061255742725880524,5,5
1770320594509,0.8584104900233612,0.4279926949471581,0.0,0.0,0.0,0.0,1,0.07524804609829353,0.0,0.0,0.0,0.0,0.0,0.0607441154138193,5,5
1770320594764,0.8667764067044509,0.4130239299037824,0.0,0.0,0.0,0.0,0,0.07501535557162245,0.0,0.0,0.0,0.0,0.0,0.06024096385542166,5,5
1770320595020,0.8479693858458772,0.4932189185784427,0.0,0.0,0.0,0.0,1,0.0722291056977722,0.0,0.0,0.0,0.0,0.0,0.0597460791635549,5,5
1770320595275,0.8594324534435066,0.4500622288276851,0.0,0.0,0.0,0.0,0,0.06843058707602293,0.0,0.0,0.0,0.0,0.0,0.059259259259259234,5,5
1770320595530,0.8473885266032161,0.25068166469899417,0.0,0.0,0.0,0.0,1,0.06764877383998723,0.0,0.0,0.0,0.0,0.0,0.059515062454077894,5,5
1770320595785,0.8804110891500911,0.3814463218067138,0.0,0.0,0.0,0.0,1,0.06755916791817426,0.49019607843137253,0.0,0.0,0.0,0.0,0.05903790087463556,5,5
1770320596041,0.8932335783393296,0.30333477183125246,0.0,0.0,0.0,0.0,0,0.06566080383936272,0.0,0.0,0.0,0.0,0.0,0.05929139551699203,5,5
1770320596297,0.8807172866654513,0.3168304484919053,0.0,0.0,0.0,0.09090909090909094,1,0.06176838682076583,0.0,0.0,0.0,0.0,0.0,0.05954088952654235,5,5
1770320596553,0.8718787300188182,0.5531314695894881,0.0,0.0,0.0,0.0,1,0.06602058893455576,0.9765625,0.0,0.0,0.0,0.0,0.05907473309608546,5,5
1770320596807,0.8736792557879113,0.3964284821665872,0.0,0.0,0.0,0.0,1,0.06381591252009919,0.0,0.0,0.0,0.0,0.0,0.05861581920903958,5,5
1770320597063,0.870830079213667,0.3144944422779731,0.0,0.0,0.0,0.0,1,0.07215424935681776,0.0,0.0,0.0,0.0,0.0,0.0581639803784163,5,5
1770320597318,0.871437625841334,0.44581068602218266,0.0,0.0,0.0,0.09090909090909094,0,0.06818460536408325,0.0,0.0,0.0,0.0,0.0,0.05771905424200274,5,5
1770320597575,0.8782707349581838,0.5170744448523389,0.0,0.0,0.0,0.0,1,0.06663937202946502,0.0,0.0,0.0,0.0,0.0,0.057280883367839874,5,5
1770320597830,0.88013642742279,0.34946992877185296,0.0,0.0,0.0,0.0,0,0.06548248757080656,0.9803921568627451,0.0,0.0,0.0,0.0,0.05684931506849311,3,5
1770320598085,0.8597768551374181,0.34476693468855346,0.0,0.0,0.0,0.0,0,0.0673138763154133,0.0,0.0,0.0,0.0,0.0,0.05710401087695449,4,5
1770320598340,0.8582707349581838,0.42908627720532605,0.0,0.0,0.0,0.0,1,0.06139838636636214,0.0,0.0,0.0,0.0,0.0,0.05668016194331982,5,5
1770320598596,0.859528880795123,0.2928557086050729,0.0,0.0,0.0,0.0,0,0.06438969636009159,0.0,0.0,0.0,0.0,0.0,0.057602143335566014,5,5
1770320598851,0.877825057509602,0.4742024189503606,0.0,0.0,0.0,0.0,1,0.0736076112085756,0.0,0.0,0.0,0.0,0.0,0.05718085106382975,5,5
1770320599106,0.876566911672663,0.35525918219164765,0.0,0.0,0.0,0.0,1,0.06922411219734749,0.0,0.0,0.0,0.0,0.0,0.05676567656765674,5,5
1770320599362,0.8596953232453062,0.3558902062804958,0.0,0.0,0.0,0.0,0,0.06322021194275805,0.0,0.0,0.0,0.0,0.0,0.057011795543905674,5,5
1770320599618,0.8483522668502957,0.41568260651624794,0.0,0.0,0.0,0.0,1,0.06355099725776805,0.0,0.0,0.0,0.0,0.0,0.05660377358490565,5,5
1770320599873,0.8671208083983626,0.33961038793577203,0.0,0.0,0.0,0.0,0,0.06455176810161635,0.49019607843137253,0.0,0.0,0.0,0.0,0.05620155038759689,4,5
1770320600129,0.8595406727206244,0.5047633153421308,0.0,0.0,0.0,0.0,1,0.06780891377633017,0.0,0.0,0.0,0.0,0.0,0.05580500320718407,5,5
1770320600384,0.8791262559281461,0.32877307544517254,0.0,0.0,0.0,0.0,1,0.06853372783229703,0.0,0.0,0.0,0.0,0.0,0.05541401273885349,5,5
1770320600639,0.8724211099509723,0.3240048701898226,0.0,0.0,0.0,0.0,0,0.0685081763224868,0.0,0.0,0.0,0.0,0.0,0.055660974067046176,5,5
1770320600895,0.8755449482525177,0.3368108075582883,0.0,0.0,0.0,0.0,1,0.06981985917734455,0.0,0.0,0.0,0.0,0.0,0.055276381909547756,5,5
1770320601150,0.8805508442152683,0.4878596432803852,0.0,0.0,0.0,0.09090909090909094,1,0.0728875002769747,0.0,0.0,0.0,0.0,0.0,0.05489706799750471,5,5
1770320601405,0.8766366516392736,0.5300014876216805,0.0,0.0,0.0,0.0,1,0.08089651719459244,0.0,0.0,0.0,0.0,0.0,0.054522924411400275,5,5
1770320601661,0.8941203599653955,0.41813315140560514,0.0,0.0,0.0,0.0,1,0.06623561707074327,0.0,0.0,0.0,0.0,0.0,0.05415384615384611,5,5
1770320601916,0.9085453966854848,0.3404910777741582,0.0,0.0,0.0,0.0,0,0.06285889029332363,0.49019607843137253,0.0,0.0,0.0,0.0,0.05378973105134477,4,5
1770320602172,0.9158196099798184,0.3500937609593678,0.0,0.0,0.0,0.0,1,0.06303301607676774,0.0,0.0,0.0,0.0,0.0,0.05403764420157864,5,5
1770320602426,0.9118356774372132,0.3961989375261388,0.0,0.0,0.0,0.0,1,0.06870079667644055,0.984251968503937,0.0,0.0,0.0,0.0,0.05367913148371528,3,5
1770320602683,0.9104110891500906,0.4451393211311792,0.0,0.0,0.0,0.0,0,0.06639795425543202,0.0,0.0,0.0,0.0,0.0,0.05332534451767523,4,5
1770320602937,0.9112281308095459,0.46556482740918104,0.0,0.0,0.0,0.0,1,0.06374959995148473,0.0,0.0,0.0,0.0,0.0,0.0535714285714286,5,5
1770320603193,0.9180612399263957,0.3458205826744003,0.0,0.0,0.0,0.0,0,0.06222073011189966,0.0,0.0,0.0,0.0,0.0,0.05322294500295688,5,5
1770320603448,0.9064271566074856,0.4315639076864893,0.0,0.0,0.0,0.0,1,0.06220204425892698,0.0,0.0,0.0,0.0,0.0,0.05287896592244423,5,5
1770320603704,0.9095940474906359,0.30631035920417116,0.0,0.0,0.0,0.0,1,0.06237999336532521,0.0,0.0,0.0,0.0,0.0,0.0525394045534151,5,5
1770320603960,0.8935779800332413,0.42300532503857646,0.0,0.0,0.0,0.0,0,0.06275328570363353,0.0,0.0,0.0,0.0,0.0,0.05220417633410668,5,5
1770320604215,0.8871208083983627,0.37367138508683356,0.0,0.0,0.0,0.0,1,0.06457822577518034,0.0,0.0,0.0,0.0,0.0,0.05187319884726227,5,5
1770320604471,0.8884756567188742,0.4982724300133725,0.0,0.0,0.0,0.0,0,0.06590031932506199,0.48828125,0.0,0.0,0.0,0.0,0.05154639175257736,4,5
1770320604725,0.8759593650449959,0.33414525344887724,0.0,0.0,0.0,0.0,1,0.07095616823800167,0.0,0.0,0.0,0.0,0.0,0.05122367672168471,5,5
1770320604982,0.8757929225948127,0.40724155164093834,0.0,0.0,0.0,0.0,1,0.06444974932083952,0.0,0.0,0.0,0.0,0.0,0.05090497737556565,5,5
1770320605237,0.8736792557879117,0.4561013085814671,0.0,0.0,0.0,0.0,0,0.06514632548938891,0.0,0.0,0.0,0.0,0.0,0.050590219224283306,5,5
1770320605492,0.8577714076076345,0.5367441438439879,0.0,0.0,0.0,0.0,1,0.06445683769683065,0.0,0.0,0.0,0.0,0.0,0.05027932960893855,5,5
1770320605747,0.8571790315714283,0.3718539205866338,0.0,0.0,0.0,0.0,1,0.06920970946104757,0.0,0.0,0.0,0.0,0.0,0.049972237645752315,5,5
1770320606003,0.8676631883305169,0.3738591039163798,0.0,0.0,0.0,0.18181818181818177,1,0.06768750974078362,0.0,0.0,0.0,0.0,0.0,0.04966887417218546,5,5
1770320606258,0.8845347767578736,0.436508570848007,0.0,0.0,0.0,0.0,1,0.06471019998367866,0.0,0.0,0.0,0.0,0.0,0.04936917169500821,5,5
1770320606513,0.8912711833911511,0.40668382628453714,0.0,0.0,0.0,0.0,0,0.06406221463091703,0.49019607843137253,0.0,0.0,0.0,0.0,0.04907306434023995,4,5
1770320606769,0.9071208083983624,0.33778566461760984,0.0,0.0,0.0,0.0,1,0.06436163896556782,0.0,0.0,0.0,0.0,0.0,0.04878048780487809,5,5
1770320607024,0.9158196099798184,0.4566829736843189,0.0,0.0,0.0,0.0,1,0.06420566902865046,0.0,0.0,0.0,0.0,0.0,0.04849137931034486,5,5
1770320607280,0.9098035425224238,0.41649993824041853,0.0,0.0,0.0,0.0,0,0.06579386495739854,0.0,0.0,0.0,0.0,0.0,0.048205677557578985,5,5
1770320607535,0.9143950216926962,0.414453670859928,1.0,46.56302536538903,1.0,0.09090909090909094,1,0.07084058771097627,0.0,0.015625,0.0,0.3874937168619954,0.07749874337239909,0.04845580404685834,5,5
1770320607790,0.9078947974762128,0.35612370680150707,0.2537815753018233,31.87926943234809,0.0,0.09090909090909094,0,0.06621111966167909,0.0,0.015625,0.0,0.0,0.06199899469791928,0.04817363684489151,5,5
1770320608046,0.9018787300188181,0.5415082268072975,0.0,24.35776809509488,0.0,0.0,1,0.06683732240114841,0.0,0.015625,0.0,0.0,0.04959919575833543,0.04789473684210521,5,5
1770320608302,0.9037444224834242,0.5117810415391896,0.7727071658390949,19.508415932029855,0.0,0.0,1,0.06330301927583727,0.0,0.015625,0.0,0.0,0.039679356606668346,0.04761904761904767,5,5
1770320608557,0.8933033183059403,0.4033939277984314,1.0,16.18775438574825,0.0,0.0,0,0.0746067773461768,0.49019607843137253,0.015625,0.0,0.0,0.03174348528533468,0.04734651404786683,4,5
1770320608813,0.8931368758557573,0.42984446292050216,0.25367987450581975,13.992929416931322,0.0,0.0,1,0.06848499824852798,0.0,0.015625,0.0,0.0,0.025394788228267746,0.04707708225556129,5,5
1770320609068,0.8904541417316958,0.3914120945693848,0.0,12.383898154615965,0.0,0.0,0,0.07848408245155666,0.0,0.015625,0.0,0.0,0.0203158305826142,0.04681069958847739,5,5
1770320609323,0.8849328283537526,0.5576513261701235,0.7724022936231578,10.970475897747068,0.0,0.0,1,0.0655429370282314,0.0,0.015625,0.0,0.0,0.01625266446609136,0.046547314578005095,5,5
1770320609578,0.8853785058023345,0.4873179568778502,0.0,9.975837363442844,0.0,0.0,1,0.0649511335689378,0.0,0.015625,0.0,0.0,0.01300213157287309,0.04628687690742628,5,5
1770320609834,0.8939539175152125,0.42656535987497657,0.5239389497334309,9.0711438112109,0.0,0.0,0,0.07139930038415106,0.0,0.015625,0.0,0.0,0.010401705258298472,0.04653515427415278,5,5
1770320610144,0.8939539175152125,0.10101525445522107,0.0,8.39367794125044,0.0,0.0,1,0.07101419607511349,0.0,0.015625,0.0,0.0,0.008321364206638779,0.046511627906976716,5,5
1770320610399,0.890384401765085,0.3139936049215437,0.5343288173725708,7.7438773211902205,0.0,0.0,1,0.06389268081814896,0.0,0.015625,0.0,0.0,0.006657091365311023,0.04675716440422317,5,5
1770320610655,0.8889598134779628,0.49060788543317335,1.0,7.120880229294668,0.0,0.09999999999999998,1,0.06493880238422133,0.48828125,0.015625,0.0,0.0,0.005325673092248819,0.04700000000000004,5,5
1770320610910,0.8889167608963582,0.41625047690560635,0.7784904959914554,6.616635968138719,0.0,0.0,0,0.06245639807595926,0.0,0.015625,0.0,0.0,0.004260538473799056,0.04674291397314767,5,5
1770320611166,0.8717553401502398,0.30191369083426056,1.0,6.005019650249753,0.0,0.0,1,0.07272968571695815,0.9765625,0.015625,0.0,0.0,0.003408430779039245,0.046983184965380786,4,5
1770320611421,0.8606636367634841,0.502218342112505,0.48286025165155805,5.664979541225887,0.0,0.09090909090909094,1,0.06512377618459089,0.0,0.015625,0.0,0.0,0.0027267446232313963,0.047220855878012835,5,5
1770320611677,0.8705123649047614,0.37565266516318274,0.0,5.412488057406876,0.0,0.09090909090909094,0,0.06735262960355674,0.0,0.015625,0.0,0.0,0.0021813956985851173,0.046966731898238745,5,5
1770320611933,0.8712711833911512,0.39653286937712307,0.2482623236933105,5.159173863678321,0.0,0.09090909090909094,1,0.06321945343119457,0.0,0.015625,0.0,0.0,0.0017451165588680938,0.046715328467153316,5,5
1770320612187,0.8783359016536968,0.45555248801476467,0.4978571127087515,4.906179408709224,0.0,0.0,0,0.06574005512707456,0.0,0.015625,0.0,0.0,0.0013960932470944752,0.046466602129719314,5,5
1770320612442,0.8744380742743012,0.42577417142131113,0.7413820938378946,4.654547386771376,0.0,0.09090909090909094,1,0.0648899448039581,0.0,0.015625,0.0,0.0,0.0011168745976755802,0.04622051035146846,5,5
1770320612698,0.859528880795123,0.2909392561796094,0.734277317413218,4.4263882130070415,0.0,0.0,1,0.06257919267608818,0.0,0.015625,0.0,0.0,8.934996781404642E-4,0.04645593869731801,5,5
1770320612954,0.8766099642542678,0.5567070181052596,0.48846627224893036,4.238866548092053,0.0,0.09090909090909094,0,0.07158395464547535,0.0,0.015625,0.0,0.0,7.147997425123714E-4,0.0462124821343497,5,5
1770320613209,0.876566911672663,0.4000120682895043,1.0,4.008330263197685,0.0,0.18181818181818177,1,0.07074520669395536,0.49019607843137253,0.015625,0.0,0.0,5.718397940098971E-4,0.04597156398104263,5,5
1770320613465,0.890384401765085,0.43804822574361224,0.7070604332380994,3.8354179147429597,0.0,0.0,0,0.0647303309947477,0.0,0.015625,0.0,0.0,4.574718352079177E-4,0.045733144743045684,5,5
1770320613720,0.8882707349581839,0.41228966941421236,0.7007609823335328,3.6760468401372473,0.0,0.0,1,0.06666669353574259,0.0,0.015625,0.0,0.0,3.659774681663342E-4,0.045497185741088186,5,5
1770320613976,0.8847709591746676,0.4456827662570292,0.23486606921785627,3.562974608489796,0.0,0.0,1,0.06787931329556098,0.0,0.015625,0.0,0.0,2.9278197453306735E-4,0.04526364909006064,5,5
1770320614230,0.8822116149191844,0.42310411983320917,0.7018206352979992,3.4238647108738633,0.0,0.09090909090909094,0,0.06583252152912551,0.0,0.015625,0.0,0.0,2.342255796264539E-4,0.04503249767873718,5,5
1770320614486,0.8937177350984182,0.3988081630169837,0.69564011837967,3.2945902700363727,0.0,0.0,1,0.06257686287144472,0.0,0.015625,0.0,0.0,1.8738046370116312E-4,0.04480369515011551,5,5
1770320614742,0.9026911984071752,0.4755629184124917,0.4630015004461649,3.189586981466797,0.0,0.09090909090909094,1,0.06452413339810925,0.0,0.015625,0.0,0.0,1.499043709609305E-4,0.04457720588235292,5,5
1770320614997,0.8909965216638501,0.3443389538601444,1.0,2.9876786098504144,0.0,0.09090909090909094,1,0.06368174006534486,0.9803921568627451,0.015625,0.0,0.0,1.1992349676874441E-4,0.04481024234110653,4,5
1770320615267,0.8972872508485457,0.2719898769983225,0.0,2.929450539964459,0.0,0.0,1,0.06459430039642591,0.0,0.015625,0.0,0.0,9.593879741499553E-5,0.04474885844748855,5,5
1770320615523,0.9009919483927522,0.3713739508961627,0.0,2.8739981591559682,0.0,0.0,0,0.06971773269023267,0.0,0.015625,0.0,0.0,7.675103793199642E-5,0.04497955474784188,5,5
1770320615778,0.8924595892614794,0.44159004061104773,0.22761634215974028,2.8074205770227025,0.0,0.0,1,0.0725025993428112,0.0,0.015625,0.0,0.0,6.140083034559715E-5,0.044755877034358016,5,5
1770320616033,0.8903413491834803,0.4133351916787271,1.0,2.6263025285499046,0.0,0.0,0,0.0641431086681147,0.9803921568627451,0.015625,0.0,0.0,4.912066427647772E-5,0.04453441295546556,3,5
1770320616290,0.898266161687086,0.315980812319666,0.42447154305137597,2.5591559675309536,0.0,0.09090909090909094,0,0.0667268166417096,0.0,0.015625,0.0,0.0,3.9296531421182177E-5,0.044762757385855,4,5
1770320616545,0.8919754325023903,0.29111568829414397,0.4251673617404222,2.4953588487773524,0.0,0.0,1,0.06721592030451383,0.0,0.015625,0.0,0.0,3.1437225136945745E-5,0.044988864142539,5,5
1770320616799,0.8811317034579297,0.3573067653417758,0.21437348903158238,2.4466018289617972,0.0,0.09090909090909094,0,0.07239495823380743,0.0,0.015625,0.0,0.0,2.5149780109556596E-5,0.04476950354609932,5,5
1770320617055,0.8851423233855407,0.5013373739707103,0.2167113509351374,2.399944754663061,0.0,0.0,1,0.0704715238536509,0.0,0.015625,0.0,0.0,2.011982408764528E-5,0.044552271724746406,5,5
1770320617311,0.8809919483927521,0.348209202059086,0.21906435397220655,2.355255375235936,0.0,0.0,1,0.0721384934150679,0.0,0.015625,0.0,0.0,1.6095859270116226E-5,0.04477611940298509,5,5
1770320617566,0.8837177350984184,0.4852107434752527,0.0,2.3237624541138158,0.0,0.0,1,0.07378627950147498,0.0,0.015625,0.0,0.0,1.2876687416092981E-5,0.044560943643512485,5,5
1770320617822,0.8738144375819908,0.42682107915677975,0.885089982052589,2.2489018552422335,0.0,0.0,1,0.06549612010874105,0.0,0.015625,0.0,0.0,1.0301349932874386E-5,0.044782608695652204,5,5
1770320618077,0.8718787300188182,0.4926380318387066,1.0,2.1462211674254683,0.0,0.0,0,0.06650509582655426,0.49019607843137253,0.015625,0.0,0.0,8.241079946299509E-6,0.04456945045434879,5,5
1770320618332,0.8845347767578735,0.3765669107106462,0.42159846405621465,2.101178288074058,0.0,0.0,1,0.06635413543103114,0.0,0.015625,0.0,0.0,6.592863957039608E-6,0.04478897502153312,5,5
1770320618588,0.8780391258124879,0.3156775171116984,0.8334458821856576,2.0378781608306977,0.0,0.0,1,0.06497299168619398,0.0,0.015625,0.0,0.0,5.274291165631686E-6,0.044577796828118355,5,5
1770320618843,0.8885453966854847,0.3661033358847084,1.0,1.9680052961317378,0.0,0.0,0,0.10625272094699066,0.0,0.015625,0.0,0.0,4.219432932505349E-6,0.04436860068259385,5,5
1770320619099,0.8772220841530329,0.3369345595912503,0.6036278756778203,1.9206051413836827,0.0,0.09090909090909094,1,0.08786138211273994,0.0,0.015625,0.0,0.0,3.3755463460042795E-6,0.04416135881104033,5,5
1770320619355,0.8866366516392736,0.4434404395151566,0.4022530312283584,1.8844596935799183,0.0,0.09090909090909094,0,0.07641527495393169,0.0,0.015625,0.0,0.0,2.7004370768034237E-6,0.04395604395604391,5,5
1770320619610,0.9001097400377842,0.5510676941437855,0.403091843668981,1.8496504789074304,0.0,0.0,1,0.07444533308629075,0.0,0.015625,0.0,0.0,2.160349661442739E-6,0.04375262936474544,5,5
1770320619864,0.8913945732597293,0.3792978471175078,0.6019617098631002,1.8071883233263957,0.0,0.0,1,0.06747476146543352,0.0,0.015625,0.0,0.0,1.7282797291541912E-6,0.04355108877721947,5,5
1770320620120,0.8965669116726629,0.4775824158413742,1.0,1.7234658967166119,0.0,0.0,0,0.0677837815251503,0.48828125,0.015625,0.0,0.0,1.382623783323353E-6,0.04335139641517294,5,5
1770320620375,0.8993193857633349,0.45945488692186476,0.19183499291071548,1.7026770014438786,0.0,0.0,1,0.07280909289608851,0.0,0.015625,0.0,0.0,1.1060990266586824E-6,0.0432792342904702,5,5
1770320620630,0.8918787300188182,0.4758154334830418,0.1940154700986884,1.6824844181823904,0.0,0.0,0,0.06914166637767445,0.0,0.015625,0.0,0.0,8.848792213269459E-7,0.04391052195526102,5,5
1770320620885,0.889152943313152,0.37181677467889673,0.0,1.6710795570675998,0.0,0.0,1,0.07744863599255508,0.0,0.015625,0.0,0.0,7.079033770615567E-7,0.04371134020618561,5,5
1770320621141,0.8732766309209345,0.3919562158415793,0.7854743744070246,1.6275256768256618,0.0,0.0,1,0.06791725316233302,0.0,0.015625,0.0,0.0,5.663227016492454E-7,0.044334975369458074,5,5
1770320621396,0.8764050424935778,0.4371823189692097,0.3916736068497211,1.6015012700064988,0.0,0.0,1,0.07248463665386402,0.0,0.015625,0.0,0.0,4.5305816131939633E-7,0.044135676338373564,5,5
1770320621652,0.8842985943410797,0.4599575276043754,0.5851096988544097,1.5685388009720518,0.0,0.0,1,0.06558599444284997,0.0,0.015625,0.0,0.0,3.624465290555171E-7,0.04393816110659077,5,5
1770320621908,0.8720184850839953,0.3396883706698389,0.3900089159575206,1.54435400384425,0.0,0.0,0,0.06679285510379497,0.0,0.015625,0.0,0.0,2.899572232444137E-7,0.044147428108545994,5,5
1770320622163,0.8603844017650852,0.3102844729257599,0.7719615691421209,1.5059617103173495,0.0,0.09090909090909094,1,0.0666690059967687,0.49019607843137253,0.015625,0.0,0.0,2.31965778595531E-7,0.0439516129032258,5,5
1770320622417,0.8816425476020243,0.4815620902470257,0.760338500234905,1.4690738305432518,0.0,0.0,1,0.06366458775802362,0.0,0.015625,0.0,0.0,1.855726228764248E-7,0.04375752709755121,5,5
1770320622673,0.8777283550260297,0.4850736582352275,0.19081443816934554,1.455010261949467,0.0,0.0,0,0.06861058989554586,0.0,0.015625,0.0,0.0,1.4845809830113986E-7,0.04356514788169463,5,5
1770320622929,0.8837444224834243,0.4988022221298038,0.3835367093152039,1.4341790228013334,0.0,0.0,1,0.06734654731120741,0.0,0.015625,0.0,0.0,1.1876647864091189E-7,0.043374452845204914,5,5
1770320623184,0.8802179593149018,0.4036558596775085,0.5730935510385553,1.4069661323246947,0.0,0.0,0,0.07268700808853322,0.0,0.015625,0.0,0.0,9.501318291272951E-8,0.04358161648177494,5,5
1770320623440,0.8831799284373618,0.30460756468180655,0.0,1.4012634618107709,0.0,0.09090909090909094,1,0.07293387560545309,0.0,0.015625,0.0,0.0,7.601054633018362E-8,0.043786982248520734,5,5
1770320623696,0.8907870266320622,0.46551482475783607,0.3897970417683834,1.3819338217599433,0.0,0.0,1,0.07594770128444585,0.0,0.015625,0.0,0.0,6.08084370641469E-8,0.04359780047132755,5,5
1770320623951,0.8957498700132079,0.5227626827626957,0.39070741582282553,1.3631306767958762,0.0,0.0,0,0.07878373651404116,0.0,0.015625,0.0,0.0,4.864674965131752E-8,0.04341024638247948,5,5
1770320624206,0.8859860524300017,0.38810751370205887,0.5836831837973258,1.3381986238058343,0.0,0.09090909090909094,1,0.07091020262173592,0.49019607843137253,0.015625,0.0,0.0,3.8917399721054023E-8,0.04322429906542058,5,5
1770320624462,0.8778681100912069,0.6074633276635972,0.5799011277668782,1.314044211228041,0.0,0.0,0,0.06622155369467037,0.0,0.015625,0.0,0.0,3.113391977684322E-8,0.0430399379604498,5,5
1770320624716,0.8660291050116067,0.367701979485534,0.0,1.3099304479152236,0.0,0.0,1,0.08897562654760077,0.0,0.015625,0.0,0.0,2.4907135821474578E-8,0.042857142857142816,5,5
1770320624972,0.8720184850839954,0.45655543133160315,0.7787660253431251,1.2802925669629677,0.0,0.0,1,0.07632889350972444,0.0,0.015625,0.0,0.0,1.9925708657179663E-8,0.042675893886966576,5,5
1770320625228,0.8866797042208785,0.4971900419158787,0.19542093240532626,1.2704115574089399,0.0,0.0,0,0.0698943722717933,0.0,0.015625,0.0,0.0,1.594056692574373E-8,0.04249617151607965,5,5
1770320625491,0.8866797042208785,0.5416172450950107,0.0,1.2669854797767075,0.0,0.0,1,0.07127693453911452,0.0,0.015625,0.0,0.0,1.2752453540594985E-8,0.04243119266055051,5,5
1770320625747,0.8699432975876014,0.5198575828455503,0.0,1.2636118172528663,0.0,0.0,0,0.07218227742009375,0.0,0.015625,0.0,0.0,1.0201962832475988E-8,0.04225352112676062,5,5
1770320626003,0.88252932922809,0.5295940073343611,0.8069582019477023,1.2355812758932907,0.0,0.09090909090909094,1,0.06405411807281289,0.0,0.015625,0.0,0.0,8.16157026598079E-9,0.04245640636846093,5,5
1770320626259,0.8774967458803337,0.5378290171852,0.9864811955256411,1.2025339126923245,0.0,0.0,1,0.06426817783624765,0.48828125,0.015625,0.0,0.0,6.529256212784633E-9,0.0422801057002643,5,5
1770320626514,0.8743298549971834,0.4119974039325868,1.0,1.1649614593704363,0.0,0.09090909090909094,1,0.06339602565658084,0.0,0.015625,0.0,0.0,5.223404970227707E-9,0.042481203007518786,5,5
1770320626769,0.8839539175152125,0.38913159138964465,0.19112236048814307,1.1572949693794756,0.0,0.0,1,0.061806116632375514,0.0,0.015625,0.0,0.0,4.178723976182166E-9,0.0426806439535754,5,5
1770320627024,0.8764004692224797,0.4063591609256234,0.5726037751483117,1.1384281430136234,0.0,0.09090909090909094,0,0.06089840393694066,0.0,0.015625,0.0,0.0,3.342979180945733E-9,0.04250559284116329,5,5
1770320627280,0.8984756567188739,0.35430239614504555,0.5690187805010938,1.1200767713400472,0.0,0.09090909090909094,1,0.061625103098878975,0.0,0.015625,0.0,0.0,2.6743833447565867E-9,0.04233197177868553,5,5
1770320627535,0.9018787300188181,0.45768785121621436,0.19088010181615173,1.1132020318803955,0.0,0.09090909090909094,1,0.06083997029004878,0.0,0.015625,0.0,0.0,2.1395066758052694E-9,0.042529585798816605,5,5
1770320627791,0.8945614641428793,0.4343244136141039,0.3836676803697272,1.1009737690518286,0.0,0.0,0,0.05976668875940914,0.0,0.015625,0.0,0.0,1.7116053406442157E-9,0.0423572744014733,5,5
1770320628046,0.8866797042208783,0.397642709590696,0.3846109977557194,1.0890115352025578,0.0,0.0,1,0.07293413253866207,0.0,0.015625,0.0,0.0,1.3692842725153725E-9,0.04255319148936165,5,5
1770320628302,0.8866099642542677,0.48001736619669405,0.9458701794865717,1.061398466263862,0.0,0.09090909090909094,0,0.08688288544204854,0.48828125,0.015625,0.0,0.0,1.0954274180122981E-9,0.04238217025940816,5,5
1770320628556,0.8867764067044508,0.30374568573997607,0.5612281241150576,1.045080852405028,0.0,0.0,1,0.07136276718482219,0.0,0.015625,0.0,0.0,8.763419344098385E-10,0.042212518195050897,5,5
1770320628813,0.881271183391151,0.40371365022524736,0.18827652934081718,1.0394411722236199,0.0,0.0,1,0.07193929071581819,0.0,0.015625,0.0,0.0,7.010735475278709E-10,0.04204421891989851,5,5
1770320629068,0.8855449482525177,0.45595785721574866,0.5641738517741623,1.0236824404306941,0.0,0.0,0,0.06642199412577265,0.0,0.015625,0.0,0.0,5.608588380222967E-10,0.04187725631768957,5,5
1770320629323,0.8882707349581839,0.3387967346831185,0.18926099898845866,1.01837497487013,0.0,0.09090909090909094,1,0.06963974560493688,0.0,0.015625,0.0,0.0,4.486870704178374E-10,0.041711614527148555,5,5
1770320629578,0.8878296307807,0.41831466555645175,0.5670903738614202,1.0031437433186177,0.0,0.0,0,0.06848989231926653,0.0,0.015625,0.0,0.0,3.5894965633426994E-10,0.04154727793696278,5,5
1770320629835,0.8942868024155785,0.3820718527440554,0.7468153126807925,0.9833957444102667,0.0,0.09090909090909094,1,0.06642119126340312,0.0,0.015625,0.0,0.0,2.87159725067416E-10,0.04138423118087764,5,5
1770320630089,0.8842868024155786,0.4434749178980751,0.7359354069942918,0.9642231730519605,0.0,0.0,1,0.0700546262474261,0.0,0.015625,0.0,0.0,2.297277800539328E-10,0.0412224591329069,5,5
1770320630345,0.9033033183059402,0.279515431618408,1.0,0.9362580873160633,0.0,0.0,0,0.06567157445826688,0.48828125,0.015625,0.0,0.0,1.8378222404314626E-10,0.04176991150442477,5,5
1770320630617,0.9066366516392735,0.49633638192499546,0.35581107306829574,0.9275968089577156,0.0,0.0,1,0.07001891707050154,0.0,0.015625,0.0,0.0,1.47025779234517E-10,0.041710851891127554,5,5
1770320630873,0.9213945732597292,0.4306416496143051,0.3568852209640111,0.9190945245760044,0.0,0.0,0,0.06589474753454985,0.0,0.015625,0.0,0.0,1.176206233876136E-10,0.04154929577464783,5,5
1770320631128,0.9218356774372132,0.44832384370303513,0.5336950664905081,0.9062344290720299,0.0,0.0,1,0.07191858915447266,0.0,0.015625,0.0,0.0,9.40964987100909E-11,0.041388986320589294,5,5
1770320631384,0.920577531600274,0.3577571679195037,0.3559821328909705,0.8981180515168814,0.0,0.0,1,0.07583468729584683,0.0,0.015625,0.0,0.0,7.527719896807272E-11,0.041579315164220865,5,5
1770320631639,0.9176201357489117,0.4027311447638953,0.5323589450650558,0.8857346578820734,0.0,0.09090909090909094,1,0.07153154658323137,0.0,0.015625,0.0,0.0,6.022175917445818E-11,0.041420118343195256,5,5
1770320631894,0.9081042925080006,0.4579438777964247,0.5294494017766767,0.8736287016446617,0.0,0.0,1,0.06434308754368435,0.0,0.015625,0.0,0.0,4.817740733956655E-11,0.04126213592233008,5,5
1770320632150,0.8981042925080006,0.37399299421141036,0.6979369265299538,0.857519102698201,0.0,0.0,0,0.06536879235719831,0.0,0.015625,0.0,0.0,3.8541925871653245E-11,0.041450777202072575,5,5
1770320632405,0.8890877766176388,0.3738333522775345,1.0,0.8293793243282338,0.0,0.09090909090909094,1,0.0709314267243,0.49019607843137253,0.015625,0.0,0.0,3.0833540697322594E-11,0.04129387474191326,5,5
1770320632661,0.8851038440750335,0.3727236409021507,0.6625503810678941,0.8144394170346453,0.0,0.0,1,0.06452972619423292,0.0,0.015625,0.0,0.0,2.4666832557858076E-11,0.04113815563935552,5,5
1770320632916,0.8818787300188178,0.39286213757391597,0.16635519625771647,0.8119068599336406,0.0,0.09090909090909094,0,0.06686289399260509,0.0,0.015625,0.0,0.0,1.973346604628646E-11,0.040983606557377095,5,5
1770320633172,0.8841203599653953,0.3318417488917843,0.334702773063852,0.8053881939382874,0.0,0.0,1,0.07541924042986742,0.0,0.015625,0.0,0.0,1.578677283702917E-11,0.04117046614494724,5,5
1770320633427,0.8826957716782731,0.372588607258395,0.500855169488756,0.7950104214531943,0.0,0.0,0,0.06867573135619895,0.0,0.015625,0.0,0.0,1.2629418269623336E-11,0.04101694915254239,5,5
1770320633682,0.8972872508485454,0.4895314967380746,0.49843013849240747,0.7848467711157608,0.0,0.0,1,0.06932437992918185,0.0,0.015625,0.0,0.0,1.0103534615698669E-11,0.040864572779466424,5,5
1770320633938,0.888642099169057,0.5158183791997232,0.8172767308490363,0.7672205730453258,0.0,0.0,1,0.06259348239329383,0.0,0.015625,0.0,0.0,8.082827692558935E-12,0.040713324360699854,5,5
1770320634193,0.8919754325023904,0.3916579620891062,0.6438783732525074,0.7538605030092337,0.0,0.0,0,0.0641387943277715,0.49019607843137253,0.015625,0.0,0.0,6.466262154047149E-12,0.04056319141803555,4,5
1770320634449,0.8957544432843055,0.5117190749638486,0.6357879466804816,0.7408303317804845,0.0,0.0,1,0.07121920804572551,0.0,0.015625,0.0,0.0,5.173009723237719E-12,0.04074816299265194,5,5
1770320634705,0.8576319276744129,0.17911883693396985,1.0,0.7031900942954256,0.0,0.09090909090909094,0,0.12257234121809557,0.9765625,0.015625,0.0,0.0,4.138407778590175E-12,0.04193011647254574,3,5
1770320634959,0.850787026632062,0.4517616666996613,0.2965437747798671,0.6982973683136846,0.0,0.0,0,0.10318640662805115,0.0,0.015625,0.0,0.0,3.3107262228721403E-12,0.04177718832891242,4,5
1770320635215,0.8514376258413341,0.3714692069659702,0.5891417798676694,0.686602487017131,0.0,0.0,1,0.09165213838304047,0.0,0.015625,0.0,0.0,2.6485809782977124E-12,0.04162537165510405,5,5
1770320635470,0.8411317034579296,0.38161886342637014,0.7240634051561967,0.6718278821284125,0.0,0.18181818181818177,0,0.06708498541434006,0.0,0.015625,0.0,0.0,2.11886478263817E-12,0.04180381830151414,5,5
1770320635739,0.8402225325859998,0.20203050891044216,0.9840015971361671,0.6509507162240661,0.0,0.33333333333333337,0,0.06458725814390419,0.929368029739777,0.015625,0.0,0.0,1.695091826110536E-12,0.04209141729694177,4,5
1770320635994,0.8299002450059961,0.4019760485074077,0.8193905560252994,0.6339999243581079,0.0,0.0,0,0.06738107728452691,0.0,0.015625,0.0,0.0,1.3560734608884289E-12,0.04193971166448229,5,5
1770320636249,0.8302807557590649,0.4879290414579287,0.5377541336756801,0.6237762330753527,0.0,0.09090909090909094,1,0.06605218573726485,0.0,0.015625,0.0,0.0,1.0848587687107432E-12,0.04178909565785183,5,5
1770320636505,0.8331147617418488,0.44830756135389777,0.26881301572412264,0.6199249416457406,0.0,0.0,0,0.06262090027750028,0.0,0.015625,0.0,0.0,8.678870149685947E-13,0.041639557579700726,5,5
1770320636759,0.8433894234691496,0.42251872161498616,0.13575215950136418,0.6191979253791758,0.0,0.09090909090909094,1,0.07849660056143595,0.0,0.015625,0.0,0.0,6.943096119748758E-13,0.04149108589951378,5,5
1770320637016,0.8565402242876567,0.4145146695813465,0.27346693859560556,0.61540290220481,0.0,0.0,1,0.07472023545559604,0.0,0.015625,0.0,0.0,5.554476895799007E-13,0.04166666666666663,5,5
1770320637270,0.8721849275341782,0.533792138924874,0.0,0.6177788605199481,0.0,0.09090909090909094,0,0.06792603945708502,0.0,0.015625,0.0,0.0,4.443581516639206E-13,0.04151915030576114,5,5
1770320637526,0.8649804542064553,0.3806201860426292,0.4182689178060408,0.6109499445919669,0.0,0.09090909090909094,1,0.06391636643750638,0.0,0.015625,0.0,0.0,3.5548652133113647E-13,0.0416933932007697,5,5
1770320637781,0.8517438233566943,0.5331541275250232,0.687643928406857,0.5982461127117125,0.0,0.0,1,0.0724460698780521,0.49019607843137253,0.015625,0.0,0.0,2.843892170649092E-13,0.041546820070309964,5,5
1770320638038,0.8693357509599339,0.5379053595515743,0.0,0.60065928349955,0.0,0.18181818181818177,1,0.06480239690098907,0.0,0.015625,0.0,0.0,2.275113736519274E-13,0.04140127388535031,5,5
1770320638293,0.8643683343076903,0.4982129442513995,0.27983705789610064,0.597087895975155,0.0,0.0,1,0.06237132088237545,0.0,0.015625,0.0,0.0,1.820090989215419E-13,0.04125674389082834,5,5
1770320638548,0.8565132617706953,0.3502894758533702,1.0,0.5760744636103374,0.0,0.0,0,0.06347922882459522,0.0,0.015625,0.0,0.0,1.4560727913723354E-13,0.041113219481340946,5,5
1770320638803,0.8600515168647188,0.45168166213899597,0.13551660429459278,0.5756510025885277,0.0,0.09090909090909094,1,0.06079248649000869,0.0,0.015625,0.0,0.0,1.1648582330978683E-13,0.040970690198550264,5,5
1770320639059,0.8598465951040286,0.32950333161377987,0.9311391626041935,0.55828280305324,0.0,0.0,1,0.0610165846493553,0.0,0.015625,0.0,0.0,9.318865864782947E-14,0.04082914572864327,5,5
1770320639315,0.8725293292280897,0.41311893651832465,0.13268046865535893,0.557971619764787,0.0,0.09090909090909094,0,0.0684353920929036,0.0,0.015625,0.0,0.0,7.455092691826358E-14,0.04068857589984354,5,5
1770320639569,0.8758626625614232,0.45113733176724247,0.658077649047866,0.546652982097653,0.0,0.0,1,0.0660768099083267,0.0,0.015625,0.0,0.0,5.964074153461087E-14,0.040548970679975094,5,5
1770320639825,0.8741203599653952,0.4629291090627638,0.646420499978064,0.5356233421718606,0.0,0.0,0,0.061146913119782376,0.48828125,0.015625,0.0,0.0,4.7712593227688695E-14,0.0404103201740752,5,5
1770320640081,0.8649374016248503,0.3807735405235881,0.5106467560385853,0.5274966068455311,0.0,0.0,1,0.06234961444648798,0.0,0.015625,0.0,0.0,3.817007458215096E-14,0.040272614622057,5,5
1770320640336,0.8695288807951229,0.5255515863272725,0.2553317528718672,0.52474186092504,0.0,0.09090909090909094,1,0.06617978348465048,0.0,0.015625,0.0,0.0,3.053605966572077E-14,0.040135844396418596,5,5
1770320640591,0.8792926983783289,0.6483124761066988,0.382992744120393,0.5194192844448973,0.0,0.0,0,0.06584637587576127,0.0,0.015625,0.0,0.0,2.4428847732576616E-14,0.040000000000000036,5,5
1770320640853,0.8807870266320619,0.40406101782088427,0.12863731618673957,0.5193314813915879,0.0,0.0,1,0.0665264634119663,0.0,0.015625,0.0,0.0,1.9543078186061294E-14,0.03998769609350972,5,5
1770320641109,0.8832766309209343,0.44897341172674665,0.0,0.5218397998966063,0.0,0.0,1,0.06441298831822376,0.0,0.015625,0.0,0.0,1.5634462548849035E-14,0.03985285101164926,5,5
1770320641365,0.8896953232453059,0.4841402461784661,0.2644706848362849,0.519143809101487,0.0,0.0,1,0.06690108917424412,0.0,0.015625,0.0,0.0,1.2507570039079228E-14,0.03971891231286284,5,5
1770320641620,0.8985453966854844,0.5075480297183836,0.526092806536422,0.5113500987084139,0.0,0.0,0,0.0709798153418425,0.0,0.015625,0.0,0.0,1.0006056031263383E-14,0.03958587088915955,5,5
1770320641875,0.8970510684317515,0.4327587610085268,0.897531309142812,0.4962314018764943,0.0,0.0,1,0.06361455214685453,0.49019607843137253,0.015625,0.0,0.0,8.004844825010706E-15,0.039453717754172946,5,5
1770320642130,0.8965669116726627,0.45211994523064486,0.2545203485540473,0.4937935115279782,0.0,0.09090909090909094,1,0.06637331877699047,0.0,0.015625,0.0,0.0,6.403875860008566E-15,0.03962492437991527,5,5
1770320642386,0.902862214128456,0.44871568913802673,0.38178494650038447,0.4889346335373363,0.0,0.0,0,0.06395606300891407,0.0,0.015625,0.0,0.0,5.123100688006853E-15,0.03949351823937297,5,5
1770320642642,0.9080612399263955,0.31880550918182915,0.380838967862057,0.48414685903731697,0.0,0.0,1,0.062193539024265165,0.0,0.015625,0.0,0.0,4.0984805504054826E-15,0.03996394230769229,5,5
1770320642897,0.8944917241762683,0.4552887094068808,0.12791576935245771,0.48423579125619093,0.0,0.0,0,0.06702085084235829,0.0,0.015625,0.0,0.0,3.2787844403243863E-15,0.03983228511530401,5,5
1770320643152,0.8959860524300014,0.46568022889905425,0.12953719434945454,0.48432430900572754,0.0,0.09090909090909094,1,0.06898944200358822,0.0,0.015625,0.0,0.0,2.623027552259509E-15,0.039701492537313476,5,5
1770320643408,0.8770777558167576,0.3492092245991771,0.26101251260282593,0.48200202637908973,0.0,0.0,1,0.06105878165423494,0.0,0.015625,0.0,0.0,2.0984220418076072E-15,0.03986908658137456,5,5
1770320643663,0.8802446466999077,0.4780463204761415,0.39144706436287785,0.47731490407822325,0.0,0.0,0,0.06166328606931269,0.0,0.015625,0.0,0.0,1.6787376334460858E-15,0.03973902728351131,5,5
1770320643919,0.8829704334055739,0.31329426316889547,0.8927562407658729,0.4633555409901553,0.0,0.09090909090909094,1,0.11927626794470204,0.48828125,0.015625,0.0,0.0,1.3429901067568687E-15,0.039905409399940917,5,5
1770320644174,0.8804110891500907,0.35910791914050805,0.6235286338424066,0.4543774146271479,0.0,0.0,0,0.12600651240158703,0.0,0.015625,0.0,0.0,1.0743920854054951E-15,0.0397760754272245,5,5
1770320644429,0.8738456982380943,0.39042907472829547,0.612899483572103,0.44561248378041923,0.0,0.09090909090909094,1,0.09446264725926647,0.0,0.015625,0.0,0.0,8.595136683243961E-16,0.03964757709251099,5,5
1770320644685,0.8789213341674559,0.3821764862121543,0.12290869853045935,0.44586618094588804,0.0,0.0,1,0.07821070408794237,0.0,0.015625,0.0,0.0,6.87610934659517E-16,0.03951990632318503,5,5
1770320644941,0.8831799284373619,0.36496265347792234,0.6102024461325927,0.4373019334283145,0.0,0.0,0,0.06965903288204676,0.0,0.015625,0.0,0.0,5.500887477276136E-16,0.039393055150277245,5,5
1770320645196,0.8760721575932112,0.4648150356703149,0.48231190573064775,0.4310843951917958,0.0,0.0,1,0.06304369113263471,0.0,0.015625,0.0,0.0,4.4007099818209094E-16,0.03926701570680624,5,5
1770320645451,0.873864337840195,0.4312327902702474,0.5943286628646969,0.42286538427098164,0.0,0.0,1,0.0615571674150088,0.0,0.015625,0.0,0.0,3.520567985456728E-16,0.03943171933893885,5,5
1770320645706,0.8850456209019681,0.5115742809641567,0.3541197182065829,0.4189986954077402,0.0,0.0,1,0.0627456311421644,0.0,0.015625,0.0,0.0,2.816454388365382E-16,0.03959537572254335,5,5
1770320645958,0.8858626625614233,0.28571428571428575,0.35343736182579033,0.415183270661482,0.0,0.0,1,0.062263656015456234,0.49603174603174605,0.015625,0.0,0.0,2.253163510692306E-16,0.0395839352788212,5,5
1770320646214,0.8851038440750335,0.3808599520768735,0.23631596906047653,0.41347702330092334,0.0,0.0,1,0.061667482058337775,0.0,0.015625,0.0,0.0,1.802530808553845E-16,0.03945852534562211,5,5
1770320646469,0.8795288807951227,0.3859981142880829,0.47061376962831014,0.40769397817818986,0.0,0.0,1,0.06376585468780799,0.0,0.015625,0.0,0.0,1.442024646843076E-16,0.03933390755096178,5,5
1770320646725,0.8853785058023342,0.45240435335190216,0.35141017393307944,0.4040267529513141,0.0,0.0,0,0.06976279670870865,0.0,0.015625,0.0,0.0,1.153619717474461E-16,0.03921007441327995,5,5
1770320646980,0.8761955474617894,0.35576457854285026,0.35075200952785246,0.400407066317647,0.0,0.09090909090909094,1,0.06412184867019423,0.0,0.015625,0.0,0.0,9.228957739795689E-17,0.03908701854493579,5,5
1770320647235,0.8596953232453057,0.4201797301492325,0.3500996776445678,0.39683404400878197,0.0,0.0,1,0.06017679285508158,0.0,0.015625,0.0,0.0,7.383166191836551E-17,0.03896473265073952,5,5
1770320647490,0.86330331830594,0.4300334372764864,0.1176153775232598,0.39725385500660293,0.0,0.0,0,0.06265114107989143,0.0,0.015625,0.0,0.0,5.906532953469241E-17,0.03884320952650977,5,5
1770320647746,0.8632068909543237,0.4121192235863486,0.23710442026164522,0.3956919444725742,0.0,0.0,1,0.06405918415118425,0.0,0.015625,0.0,0.0,4.725226362775393E-17,0.038722442057659734,5,5
1770320648002,0.8617125627005908,0.3836650776501532,0.5873701580855338,0.38828252494899035,0.0,0.0,0,0.06523543210849035,0.48828125,0.015625,0.0,0.0,3.7801810902203146E-17,0.0388841927303466,5,5
1770320648256,0.8701097400377841,0.45747162637501876,0.4644326016340878,0.3829469916592632,0.0,0.0,1,0.06372944346650553,0.0,0.015625,0.0,0.0,3.024144872176252E-17,0.03876404494382024,5,5
1770320648512,0.8656264801446293,0.5406918163009681,0.2323312911749296,0.3814956978661909,0.0,0.0,1,0.06966370183111933,0.0,0.015625,0.0,0.0,2.4193158977410014E-17,0.038644637356482825,5,5
1770320648768,0.8791529433131517,0.32544556202911645,0.2336113366435381,0.38005539900203816,0.0,0.0,0,0.06930652177019316,0.0,0.015625,0.0,0.0,1.935452718192801E-17,0.03880513679508657,5,5
1770320649023,0.8955449482525174,0.4458628758826209,0.46527772395121925,0.3748633343525869,0.0,0.0,1,0.06647626318803324,0.0,0.015625,0.0,0.0,1.548362174554241E-17,0.03868633453938208,5,5
1770320649279,0.8980612399263955,0.526155834083547,0.23275209356301943,0.3734727518552087,0.0,0.09090909090909094,0,0.07289100153303173,0.0,0.015625,0.0,0.0,1.2386897396433928E-17,0.03856825749167592,5,5
1770320649535,0.8981042925080004,0.38432181575389723,0.2340324769883008,0.3720924828761382,0.0,0.09090909090909094,1,0.0720797568104218,0.0,0.015625,0.0,0.0,9.909517917147142E-18,0.03845089903181187,5,5
1770320649790,0.8824595892614794,0.550410182285608,0.4661086791966906,0.3670380299358118,0.0,0.0,1,0.06943784556898167,0.0,0.015625,0.0,0.0,7.927614333717715E-18,0.038610038610038644,5,5
1770320650045,0.8712281308095461,0.293126036918986,0.9063721229788108,0.3549085202872991,0.0,0.0,0,0.07023709076837664,0.49019607843137253,0.015625,0.0,0.0,6.342091466974172E-18,0.03876821556227661,5,5
1770320650301,0.8805508442152683,0.4519778448687029,0.5532992599409494,0.3484022090635818,0.0,0.0,1,0.06628138279594141,0.0,0.015625,0.0,0.0,5.073673173579338E-18,0.03865131578947367,5,5
1770320650555,0.885448520900901,0.5161785080208385,0.22092357880841185,0.3472013185489118,0.0,0.0,1,0.06235909972947122,0.0,0.015625,0.0,0.0,4.05893853886347E-18,0.03853511888494121,5,5
1770320650811,0.8953087658357237,0.34867453939135745,0.11162170137708285,0.34774139910013785,0.0,0.09090909090909094,1,0.06223285446347024,0.0,0.015625,0.0,0.0,3.2471508310907762E-18,0.03841961852861031,5,5
1770320651086,0.8988782815858509,0.5439837932759934,0.0,0.35002446281388966,0.0,0.0,1,0.06289529541936992,0.0,0.015625,0.0,0.0,2.597720664872621E-18,0.038409152819395276,5,5
1770320651341,0.9126527190966679,0.46717933943655193,0.34283053454445805,0.34707433297969087,0.0,0.0,1,0.06700231867450777,0.0,0.015625,0.0,0.0,2.078176531898097E-18,0.03829440521455729,5,5
1770320651597,0.912416536679874,0.42160194654677796,0.34224705625669594,0.3441591354428248,0.0,0.0,1,0.06952290893230395,0.0,0.015625,0.0,0.0,1.6625412255184777E-18,0.038180341186027644,5,5
1770320651852,0.911367885874723,0.4580691318739115,0.11498336971696639,0.3447049866442983,0.0,0.0,0,0.07037675555465192,0.0,0.015625,0.0,0.0,1.3300329804147823E-18,0.038066954643628526,5,5
1770320652108,0.8858896250783849,0.34904114831836397,1.0,0.33172411391776846,0.0,0.0,1,0.07901518571905804,0.48828125,0.015625,0.0,0.0,1.064026384331826E-18,0.03822341857335132,5,5
1770320652363,0.9076586150594186,0.3552456507210616,0.11132450665553678,0.33229162869917744,0.0,0.0,1,0.08535504105443392,0.0,0.015625,0.0,0.0,8.512211074654608E-19,0.03837895866881369,5,5
1770320652618,0.9141203599653953,0.42692126756597704,0.2244793989064508,0.3311994431414215,0.0,0.0,0,0.06880509467687602,0.0,0.015625,0.0,0.0,6.809768859723687E-19,0.03826598876103826,5,5
1770320652874,0.9104110891500912,0.5488791505138029,0.22575183071377922,0.33011444101553106,0.0,0.0,1,0.06979420997440659,0.0,0.015625,0.0,0.0,5.44781508777895E-19,0.03815368196371394,5,5
1770320653130,0.9072441982669408,0.408032874002648,0.11405561230978338,0.33068453398965375,0.0,0.0,0,0.06423047008199936,0.0,0.015625,0.0,0.0,4.35825207022316E-19,0.038042032455440244,5,5
1770320653385,0.9074536932987286,0.5154288552896644,0.0,0.33291276968586475,0.0,0.09090909090909094,1,0.062332406496798554,0.0,0.015625,0.0,0.0,3.4866016561785284E-19,0.037931034482758585,5,5
1770320653641,0.890179480004395,0.4542978441848524,0.11788605517324328,0.33347834730042336,0.0,0.0,1,0.06926952269383532,0.0,0.015625,0.0,0.0,2.7892813249428227E-19,0.03782068235916425,5,5
1770320653896,0.8925293292280898,0.4100615188109556,0.23764749401931534,0.3323783297390285,0.0,0.0,0,0.07100657165359048,0.0,0.015625,0.0,0.0,2.2314250599542583E-19,0.037710970464135074,5,5
1770320654150,0.8916471208731218,0.4716209563502142,0.5886996548994669,0.3263572309644256,0.0,0.0,1,0.06961067094340476,0.4921259842519685,0.015625,0.0,0.0,1.7851400479634068E-19,0.03760189324217722,5,5
1770320654406,0.8855880008341224,0.36902293767221284,0.5790607120315864,0.3204641514931503,0.0,0.0,0,0.06164109431802032,0.0,0.015625,0.0,0.0,1.4281120383707256E-19,0.0374934452018878,5,5
1770320654662,0.8961955474617895,0.49256814403350957,0.34508537832980946,0.31785633372602573,0.0,0.0,1,0.06260165116435222,0.0,0.015625,0.0,0.0,1.1424896306965804E-19,0.037385620915032725,5,5
1770320654917,0.8974536932987287,0.43411579795132593,0.23075742220695772,0.3168571833809547,0.0,0.0,1,0.06370828089431226,0.0,0.015625,0.0,0.0,9.139917045572644E-20,0.03727841501564133,5,5
1770320655172,0.9064702091890905,0.4533522026972979,0.3463870818793149,0.31428996185007657,0.0,0.09090909090909094,0,0.0687484405165749,0.0,0.015625,0.0,0.0,7.311933636458116E-20,0.03717182219911619,5,5
1770320655428,0.8899699849726068,0.40183544656376824,0.3457729972174721,0.311751478809886,0.0,0.0,1,0.07101294236646301,0.0,0.015625,0.0,0.0,5.849546909166493E-20,0.037065837221358255,5,5
1770320655684,0.8643950216926961,0.47124168672267547,0.898890889771279,0.30161026359870646,0.0,0.0,1,0.06722645611596909,0.9765625,0.015625,0.0,0.0,4.679637527333195E-20,0.03721891961747226,5,5
1770320655939,0.862486276646485,0.46264002223415207,0.4410820452402874,0.2977202206449674,0.0,0.0,1,0.07106290783186348,0.0,0.015625,0.0,0.0,3.7437100218665564E-20,0.037371134020618535,5,5
1770320656210,0.8637444224834242,0.28571428571428575,0.0,0.29982583593203144,0.0,0.0,1,0.07127695702131231,0.0,0.015625,0.0,0.0,2.9949680174932455E-20,0.03736150476681266,5,5
1770320656466,0.8833033183059401,0.5024212334179574,0.11312911200949292,0.30043477640154276,0.0,0.0,1,0.0732063897972307,0.0,0.015625,0.0,0.0,2.3959744139945967E-20,0.03725590955806779,5,5
1770320656721,0.8743950216926961,0.44760550887040507,0.34052692643243954,0.29804916175837043,0.0,0.0,1,0.06875563766188122,0.0,0.015625,0.0,0.0,1.9167795311956773E-20,0.037150909556751266,5,5
1770320656976,0.874438074274301,0.4506675545674301,0.2277230838781561,0.2971709494091021,0.0,0.09090909090909094,0,0.06548421624913403,0.0,0.015625,0.0,0.0,1.533423624956542E-20,0.03704649974450691,5,5
1770320657231,0.883787475065029,0.40487908957009183,0.22899896184180854,0.2962979191943809,0.0,0.2727272727272727,1,0.06477101859616426,0.0,0.015625,0.0,0.0,1.2267388999652337E-20,0.03694267515923566,5,5
1770320657487,0.8978947974762127,0.42166862433195956,0.567518708802644,0.29103352795264775,0.0,0.0,1,0.06809652497153032,0.0,0.015625,0.0,0.0,9.81391119972187E-21,0.03683943089430897,5,5
1770320657743,0.8917122875686349,0.41344808852206794,0.7745531102549398,0.28303389611679425,0.0,0.0,0,0.06784994527824677,0.48828125,0.015625,0.0,0.0,7.851128959777496E-21,0.03673676209779575,5,5
1770320657998,0.8918787300188181,0.4981290998908604,0.43551151493817913,0.27943468264115345,0.0,0.0,1,0.06500862652773837,0.0,0.015625,0.0,0.0,6.280903167821997E-21,0.0366346639717029,5,5
1770320658253,0.8770510684317521,0.4561999814951794,0.43181616073200935,0.2758910423550164,0.0,0.0,0,0.06612540996664457,0.0,0.015625,0.0,0.0,5.024722534257598E-21,0.03653313177122697,5,5
1770320658508,0.8810616883593633,0.37738540829362266,0.10854750610560825,0.27651769002737686,0.0,0.09090909090909094,1,0.06777561268788641,0.0,0.015625,0.0,0.0,4.019778027406078E-21,0.03643216080402012,5,5
1770320658764,0.8655880008341225,0.39029699768726817,0.3268261015119523,0.27438709423353563,0.0,0.0,1,0.062178669188294136,0.0,0.015625,0.0,0.0,3.215822421924863E-21,0.03633174642946635,5,5
1770320659019,0.8758626625614232,0.4051126707687975,0.4331463976414563,0.2709209662843147,0.0,0.09090909090909094,0,0.06207628798306046,0.0,0.015625,0.0,0.0,2.5726579375398906E-21,0.036231884057971064,5,5
1770320659275,0.8671208083983624,0.5467176759190382,0.2167482887678876,0.2701957713184108,0.0,0.0,1,0.06207490101486907,0.0,0.015625,0.0,0.0,2.0581263500319127E-21,0.03613256915026164,5,5
1770320659531,0.8765470719642562,0.36771632501781915,0.2180107981500613,0.2694744665150781,0.0,0.0,0,0.06079818064568363,0.0,0.015625,0.0,0.0,1.6465010800255303E-21,0.03603379721669975,5,5
1770320659786,0.8847709591746672,0.4407674493908344,0.540581611734014,0.26475640852238963,0.0,0.0,1,0.06284994372374851,0.49019607843137253,0.015625,0.0,0.0,1.3172008640204242E-21,0.035935563816604676,5,5
1770320660041,0.8774536932987286,0.3800230536583027,0.32230196301610314,0.26274709883728387,0.0,0.0,1,0.06429400937782324,0.0,0.015625,0.0,0.0,1.0537606912163395E-21,0.03583786455758775,5,5
1770320660297,0.8871208083983623,0.5171604592207387,0.0,0.264698595991925,0.0,0.18181818181818177,0,0.06562974048428652,0.0,0.015625,0.0,0.0,8.430085529730716E-22,0.035740695094897745,5,5
1770320660552,0.8877714076076343,0.40016007988547153,0.4358441390552395,0.2613798594768557,0.0,0.09090909090909094,1,0.06331659018312787,0.0,0.015625,0.0,0.0,6.744068423784573E-22,0.035644051130776844,5,5
1770320660807,0.8791959958947566,0.33558455751935484,0.3256165561537391,0.2594048677955478,0.0,0.0,1,0.06084559139941267,0.0,0.015625,0.0,0.0,5.395254739027659E-22,0.035547928413826924,5,5
1770320661063,0.8760291050116061,0.5909947788578067,0.21779539521877433,0.2587402158270863,0.0,0.0,1,0.06371026285472639,0.0,0.015625,0.0,0.0,4.316203791222127E-22,0.03545232273838628,5,5
1770320661342,0.8747709591746672,0.22587697572631282,0.0,0.2606724751164726,0.0,0.0,1,0.06470265986745707,0.0,0.015625,0.0,0.0,3.452963032977702E-22,0.03544365680762651,5,5
1770320661598,0.8702179593149016,0.45501225243434523,0.3336873091274075,0.25870464463371523,0.0,0.0,1,0.06299160246295372,0.0,0.015625,0.0,0.0,2.7623704263821618E-22,0.03534861043393467,5,5
1770320661853,0.8853518184173284,0.5965726480264489,0.5501197047714859,0.2542020463656852,0.0,0.09090909090909094,1,0.0692770434681185,0.49019607843137253,0.015625,0.0,0.0,2.2098963411057294E-22,0.03525407245319723,5,5
1770320662108,0.8790877766176387,0.48927793782894563,0.3279514017319001,0.252299263089339,0.0,0.0,0,0.06427529686913165,0.0,0.015625,0.0,0.0,1.7679170728845835E-22,0.03516003879728424,5,5
1770320662364,0.8701794800043946,0.4735261568204768,0.2193502539289222,0.25167065410111467,0.0,0.0,1,0.06341477972531688,0.0,0.015625,0.0,0.0,1.414333658307667E-22,0.035066505441354257,5,5
1770320662619,0.8852120633521512,0.4001866544351283,0.6496219220970929,0.24607407594951725,0.0,0.09090909090909094,1,0.06186607203693763,0.0,0.015625,0.0,0.0,1.1314669266461335E-22,0.034973468403280306,5,5
1770320662874,0.8887548917172724,0.35267588318845583,0.10831942455613022,0.24670672601231483,0.0,0.0,0,0.06176282119592213,0.0,0.015625,0.0,0.0,9.051735413169069E-23,0.034880923743083936,5,5
1770320663129,0.9011629641140328,0.47877873762047385,0.10973600530187264,0.2473394337787479,0.0,0.0,1,0.06592213368587946,0.0,0.015625,0.0,0.0,7.241388330535256E-23,0.03478886756238009,5,5
1770320663385,0.9063619899119726,0.44839546307716055,0.3303809131625712,0.2455047412345545,0.0,0.0,0,0.0663027307909952,0.0,0.015625,0.0,0.0,5.793110664428205E-23,0.03469729600382865,5,5
1770320663641,0.9003459224545778,0.36553117799367874,0.22096805096770583,0.244909659887345,0.0,0.0,1,0.06429941612477344,0.0,0.015625,0.0,0.0,4.634488531542564E-23,0.034606205250596656,5,5
1770320663897,0.8939539175152122,0.39660505438386817,0.5478340998633036,0.2406797788339319,0.0,0.0,1,0.06290869712864927,0.48828125,0.015625,0.0,0.0,3.707590825234051E-23,0.03451559152582717,5,5
1770320664152,0.8931368758557571,0.42457081740735647,0.32659774869904723,0.23891027824701358,0.0,0.0,0,0.06406136148159712,0.0,0.015625,0.0,0.0,2.966072660187241E-23,0.03442545109211781,5,5
1770320664408,0.8844380742743012,0.48739407794363876,0.2184488188814582,0.2383468608590844,0.0,0.0,1,0.06712905236462749,0.0,0.015625,0.0,0.0,2.372858128149793E-23,0.03457257873549613,5,5
1770320664662,0.9251690107705463,0.39456047336589195,0.11037408834935528,0.2389781582356816,0.0,0.0,0,0.06460498431251702,0.0,0.015625,0.0,0.0,1.8982865025198345E-23,0.03448275862068961,5,5
1770320664918,0.9266366516392736,0.5055443138766392,0.3322892153304921,0.2372251750977123,0.0,0.0,1,0.06329883700386296,0.0,0.015625,0.0,0.0,1.5186292020158678E-23,0.03439340400471147,5,5
1770320665174,0.9218356774372131,0.4228485841811802,0.5478400499403737,0.2331456208073027,0.0,0.0,1,0.06413693061197574,0.0,0.015625,0.0,0.0,1.2149033616126942E-23,0.03453947368421051,5,5
1770320665429,0.9091529433131517,0.508830024225502,0.10989058373864057,0.2337753333202195,0.0,0.0,0,0.07553592642876554,0.0,0.015625,0.0,0.0,9.719226892901555E-24,0.03445043355987809,5,5
1770320665685,0.9022767816146968,0.5669018843027849,0.2216007914075644,0.2332359738299708,0.0,0.09090909090909094,1,0.07093680897190248,0.0,0.015625,0.0,0.0,7.775381514321243E-24,0.03436185133239833,5,5
1770320665939,0.9070080158501466,0.4661904847330315,0.44156788375282197,0.230383284880176,0.0,0.0,1,0.06546679993645982,0.4921259842519685,0.015625,0.0,0.0,6.220305211456995E-24,0.03427372347866631,5,5
1770320666195,0.9009919483927518,0.4118484025164798,0.22094381417314646,0.22985953036608744,0.0,0.0,1,0.06216105729818422,0.0,0.015625,0.0,0.0,4.976244169165596E-24,0.03418604651162793,5,5
1770320666516,0.900991948392752,0.5714285714285715,0.0,0.23164350981070378,0.0,0.0,1,0.0627677408975608,0.0,0.015625,0.0,0.0,3.980995335332477E-24,0.034178098116717015,5,5
1770320666771,0.8935128133377283,0.40438127464097773,0.1139049144499674,0.23227266359013532,0.0,0.0,1,0.06880712314035868,0.0,0.015625,0.0,0.0,3.184796268265982E-24,0.03432282003710574,5,5
1770320667026,0.8842985943410797,0.3966512041095766,0.22965874177577633,0.2317402452333828,0.0,0.0,1,0.06545403231555037,0.0,0.015625,0.0,0.0,2.547837014612786E-24,0.03423548461716397,5,5
1770320667281,0.8692926983783292,0.4149081088154012,0.34474923759185827,0.23005688366772656,0.0,0.0,0,0.06601455583799663,0.0,0.015625,0.0,0.0,2.038269611690229E-24,0.034148592524227084,5,5
1770320667538,0.8744650367912629,0.5380407335194647,0.3441493096765968,0.22838956673073962,0.0,0.09090909090909094,1,0.06432742998350248,0.0,0.015625,0.0,0.0,1.6306156893521832E-24,0.034062140391254325,5,5
1770320667792,0.870620584181879,0.3378615548294108,0.34355454072957786,0.22673808656233943,0.0,0.0,1,0.06509994839244676,0.4921259842519685,0.015625,0.0,0.0,1.3044925514817467E-24,0.03420569329660239,5,5
1770320668048,0.880345922454578,0.503506866610882,0.22973845969950818,0.22623084682284073,0.0,0.0,0,0.06840586959651766,0.0,0.015625,0.0,0.0,1.0435940411853974E-24,0.034119532860087065,5,5
1770320668303,0.8839969700968169,0.5624835109368137,0.11606508397309133,0.22685761191822892,0.0,0.0,1,0.0694250691943874,0.0,0.015625,0.0,0.0,8.34875232948318E-25,0.03403380539058931,5,5
1770320668559,0.8689213341674557,0.5650869839520314,0.2339937620898504,0.2263498348305696,0.0,0.0,0,0.06682517895581623,0.0,0.015625,0.0,0.0,6.679001863586544E-25,0.03394850763271817,5,5
1770320668815,0.8808300792136669,0.4969721063106336,0.23527510105163907,0.22584433851518224,0.0,0.0,1,0.06352223105788088,0.0,0.015625,0.0,0.0,5.3432014908692355E-25,0.03386363636363632,5,5
1770320669070,0.8944380742743008,0.5215186742357903,0.4685603475203444,0.2230983448456086,0.0,0.0,1,0.06057891158140408,0.0,0.015625,0.0,0.0,4.274561192695389E-25,0.03400589435502155,5,5
1770320669325,0.8891959958947566,0.5080274855129073,0.23438650629714014,0.22260733180293923,0.0,0.09090909090909094,0,0.0695504519982043,0.0,0.015625,0.0,0.0,3.419648954156311E-25,0.03392130257801895,5,5
1770320669581,0.8931368758557571,0.391000448948936,0.3517963257332695,0.2210103497302328,0.0,0.0,1,0.0652759578479077,0.0,0.015625,0.0,0.0,2.735719163325049E-25,0.033837130611324207,5,5
1770320669836,0.8911047409409678,0.3468642583490874,0.6922398998735225,0.21616038785306438,0.0,0.0,0,0.06454315266612758,0.49019607843137253,0.015625,0.0,0.0,2.188575330660039E-25,0.03375337533753375,5,5
1770320670091,0.8970125891212446,0.39672065500183507,0.5661424835485875,0.21248707416064125,0.0,0.0,1,0.06298956156046986,0.0,0.015625,0.0,0.0,1.7508602645280312E-25,0.03389450056116727,5,5
1770320670347,0.8905775316002739,0.47328318142052805,0.3374388458230449,0.21098389359370345,0.0,0.0,1,0.06198866831141818,0.0,0.015625,0.0,0.0,1.400688211622425E-25,0.03381101656963725,5,5
1770320670602,0.8761955474617896,0.4406721608506604,0.33690081112248427,0.20949447365362298,0.0,0.09090909090909094,0,0.06261640372024162,0.0,0.015625,0.0,0.0,1.12055056929794E-25,0.03372794281885194,5,5
1770320670858,0.8749804542064551,0.39861926712610624,0.22530909203648755,0.2090617789751456,0.0,0.0,1,0.06052460685431671,0.0,0.015625,0.0,0.0,8.964404554383521E-26,0.03364527629233516,5,5
1770320671113,0.869695323245306,0.3538613158817858,0.1138324385528876,0.20967707698559077,0.0,0.0,1,0.06409343681862817,0.0,0.015625,0.0,0.0,7.171523643506817E-26,0.03356301400311179,5,5
1770320671369,0.8522116149191842,0.41918882563150645,0.5656514861553116,0.2061270739221209,0.0,0.0,1,0.06275634085225018,0.0,0.015625,0.0,0.0,5.737218914805454E-26,0.034146341463414664,5,5
1770320671674,0.8571546185919235,0.5050762722761054,0.0,0.20777655471942594,0.0,0.0,1,0.06270078918612518,0.0,0.015625,0.0,0.0,4.589775131844363E-26,0.034138771890933284,5,5
1770320671929,0.8546383269180452,0.4532337668061013,0.45646087796659274,0.20528688314756835,0.0,0.09090909090909094,1,0.06819937755022884,0.49019607843137253,0.015625,0.0,0.0,3.6718201054754905E-26,0.034055727554179516,5,5
1770320672184,0.8664702091890905,0.43413384160402474,0.4523998248542478,0.202832033267365,0.0,0.0,1,0.06439455352403989,0.0,0.015625,0.0,0.0,2.9374560843803924E-26,0.03397308625634243,5,5
1770320672440,0.8649374016248506,0.4992403616733131,0.11370994402533949,0.20344170742807063,0.0,0.0,0,0.06562080961359232,0.0,0.015625,0.0,0.0,2.3499648675043142E-26,0.033890845070422504,5,5
1770320672695,0.8795288807951227,0.5361408915501579,0.454186106765082,0.2010125870887408,0.0,0.0,1,0.06331781334305095,0.0,0.015625,0.0,0.0,1.8799718940034514E-26,0.0338090010976948,5,5
1770320672951,0.8895288807951228,0.522106487836803,0.11415789792084624,0.20162047172936373,0.0,0.0,1,0.06608663089787012,0.0,0.015625,0.0,0.0,1.5039775152027612E-26,0.0337275514673675,5,5
1770320673205,0.8753785058023345,0.3438864720476373,0.45595903083128064,0.1992166820478305,0.0,0.0,0,0.06220106565051826,0.0,0.015625,0.0,0.0,1.203182012162209E-26,0.033646493336246475,5,5
1770320673461,0.8800130375542118,0.42863693517679685,0.3405419202536867,0.1978334466284227,0.0,0.0,1,0.07696736557360871,0.0,0.015625,0.0,0.0,9.625456097297673E-27,0.03356582388840457,5,5
1770320673717,0.897825057509602,0.4682942526816233,0.33997787185296474,0.1964625141882009,0.0,0.0,0,0.0857794211135659,0.0,0.015625,0.0,0.0,7.700364877838139E-27,0.0334855403348554,5,5
1770320673972,0.92013642742279,0.41725072580790734,0.45041957208760136,0.19413011322185103,0.0,0.0,1,0.09438476942578052,0.49019607843137253,0.015625,0.0,0.0,6.160291902270511E-27,0.03340563991323209,5,5
1770320674228,0.9062386000433942,0.48549812397898506,0.44646573215242247,0.19182982361023923,0.0,0.09090909090909094,1,0.06933691483474876,0.0,0.015625,0.0,0.0,4.928233521816409E-27,0.03332611988747025,5,5
1770320674483,0.8889213341674556,0.43507119527433336,0.3334989562947192,0.19051185298787762,0.0,0.0,0,0.06183710976349677,0.0,0.015625,0.0,0.0,3.942586817453128E-27,0.033246977547495726,5,5
1770320674738,0.8997338025558128,0.4069411456462431,0.332993400837453,0.18920541403952482,0.0,0.0,1,0.06134867929883422,0.0,0.015625,0.0,0.0,3.1540694539625022E-27,0.03316821020891669,5,5
1770320674994,0.9087503184461744,0.32863196439407405,0.3324919685189326,0.18791037211427672,0.0,0.0,0,0.06620990287071121,0.0,0.015625,0.0,0.0,2.523255563170002E-27,0.03330468414267296,5,5
1770320675249,0.9133417976164471,0.3739142404000476,0.440589268087946,0.18569519442930765,0.0,0.0,1,0.062474553902805416,0.0,0.015625,0.0,0.0,2.0186044505360018E-27,0.033226152197213255,5,5
1770320675505,0.9029273808239692,0.43096047272986826,0.22045631089530143,0.1853556773897108,0.0,0.0,1,0.06566314284473707,0.0,0.015625,0.0,0.0,1.6148835604288015E-27,0.03314798973481603,5,5
1770320675760,0.8955449482525176,0.4413756877041023,0.33102658458127765,0.18409402410635026,0.0,0.09090909090909094,0,0.06524132637565362,0.0,0.015625,0.0,0.0,1.2919068483430413E-27,0.03307019415404311,5,5
1770320676016,0.9022116149191841,0.44455299154830324,0.7570442769402165,0.1792202246462489,0.0,0.0,1,0.06183088927604764,0.48828125,0.015625,0.0,0.0,1.0335254786744331E-27,0.03299276287782038,5,5
1770320676271,0.8922116149191844,0.36480336626632287,0.42575057124353216,0.177122701332223,0.0,0.0,1,0.06030566134380615,0.0,0.015625,0.0,0.0,8.268203829395466E-28,0.03312805266510932,5,5
1770320676526,0.8898035425224238,0.4925370600788986,0.31812369003231156,0.17593147290783084,0.0,0.0,1,0.06461034986199655,0.0,0.015625,0.0,0.0,6.614563063516373E-28,0.0330508474576271,5,5
1770320676864,0.8877283550260295,0.5050762722761054,0.10689606614966346,0.17650791335327704,0.0,0.0,1,0.06382999301039291,0.0,0.015625,0.0,0.0,5.291650450813099E-28,0.03304384664266047,5,5
1770320677120,0.8830671358891464,0.4274350897162916,0.21558820845704327,0.1762013524059556,0.0,0.0,1,0.06751887559986229,0.0,0.015625,0.0,0.0,4.233320360650479E-28,0.03296703296703296,5,5
1770320677375,0.861712287568635,0.4616818765970443,0.4296900048476945,0.17414435642418732,0.0,0.0,1,0.06379069374861866,0.0,0.015625,0.0,0.0,3.3866562885203834E-28,0.03289057558507269,5,5
1770320677630,0.8501794800043949,0.5130432672472668,0.3210483607126001,0.17297827589255918,0.0,0.0,0,0.0774902945228527,0.0,0.015625,0.0,0.0,2.709325030816307E-28,0.03281447202355914,5,5
1770320677886,0.8461955474617895,0.414773630772814,0.32064140170051875,0.17182199366076856,0.0,0.09090909090909094,1,0.07492225895156704,0.48828125,0.015625,0.0,0.0,2.1674600246530455E-28,0.032948583420776445,5,5
1770320678141,0.8607870266320621,0.48375849811749555,0.21448193443941505,0.17153159511059607,0.0,0.0,1,0.07393165766949027,0.0,0.015625,0.0,0.0,1.7339680197224366E-28,0.032872696817420444,5,5
1770320678396,0.8705123649047614,0.5619912903572172,0.21574107848840235,0.17124218380240502,0.0,0.0,0,0.06615024542252315,0.0,0.015625,0.0,0.0,1.3871744157779493E-28,0.03279715897221647,5,5
1770320678652,0.8898035425224238,0.3564741154475471,0.10900895018757713,0.17181134283483368,0.0,0.0,1,0.0660195428785672,0.0,0.015625,0.0,0.0,1.1097395326223594E-28,0.03272196748645273,5,5
1770320678908,0.8878947974762128,0.47965648669565475,0.32820634496052614,0.17066483922453807,0.0,0.0,0,0.06810164242979745,0.0,0.015625,0.0,0.0,8.877916260978875E-29,0.03264711998336456,5,5
1770320679162,0.9001364274227901,0.4182199233250266,0.3277434523165412,0.16952791694120364,0.0,0.0,1,0.06350984068314586,0.0,0.015625,0.0,0.0,7.102333008783101E-29,0.03257261410788381,5,5
1770320679419,0.9160291050116064,0.3919004590188788,0.3272842381916203,0.16840047034105596,0.0,0.0,1,0.06628339276688043,0.0,0.015625,0.0,0.0,5.681866407026481E-29,0.0327054440074519,5,5
1770320679673,0.9041203599653954,0.4166132218399379,0.32682866496325674,0.1672823953002485,0.0,0.0,0,0.06316439707313805,0.0,0.015625,0.0,0.0,4.545493125621185E-29,0.03263114415530777,5,5
1770320679929,0.8944962974473666,0.45355625544810046,0.5389343627248178,0.16451873466763844,0.0,0.0,1,0.06917278331511789,0.48828125,0.015625,0.0,0.0,3.6363945004969485E-29,0.03255718112507722,5,5
1770320680184,0.9060291050116064,0.3548446330169571,0.21521259172397597,0.1642526549027455,0.0,0.0,0,0.06428571952882718,0.0,0.015625,0.0,0.0,2.9091156003975587E-29,0.032689144736842146,5,5
1770320680440,0.8966366516392735,0.41558027523927005,0.3232037644590673,0.16316884177379704,0.0,0.0,1,0.0667916616919518,0.0,0.015625,0.0,0.0,2.327292480318047E-29,0.0326153846153846,5,5
1770320680696,0.8904110891500908,0.2927599928517138,0.5330206909637407,0.16047963319610614,0.0,0.0,1,0.0762854180857727,0.0,0.015625,0.0,0.0,1.8618339842544378E-29,0.032541956610724565,5,5
1770320680951,0.8987118391356677,0.42312352754959615,0.42182111536163724,0.15863082270280257,0.0,0.0,0,0.07239711829122392,0.0,0.015625,0.0,0.0,1.4894671874035504E-29,0.032468858484786645,5,5
1770320681206,0.8941203599653951,0.34891809992035266,0.10604033647649289,0.15917820642680838,0.0,0.0,1,0.06867437647072441,0.0,0.015625,0.0,0.0,1.1915737499228404E-29,0.032396088019559954,5,5
1770320681461,0.8907870266320618,0.38787802670876104,0.21386975307978817,0.15892923790481991,0.0,0.0,1,0.06476955097638275,0.0,0.015625,0.0,0.0,9.532589999382724E-30,0.032323643016873294,5,5
1770320681717,0.8988782815858509,0.3463161353340029,0.6335966916809922,0.15553605430937464,0.0,0.0,1,0.06310771278290625,0.0,0.015625,0.0,0.0,7.626071999506179E-30,0.032251521298174435,5,5
1770320682076,0.8942868024155785,0.6468132241526726,0.31405949427068597,0.15452313748072444,0.0,0.0,1,0.06285811908184324,0.34818941504178275,0.015625,0.0,0.0,6.100857599604943E-30,0.03224498073413096,5,5
1770320682332,0.8934430733711173,0.3017649775372529,0.10553329563914644,0.15506273834242426,0.0,0.0,1,0.07303142586113524,0.0,0.015625,0.0,0.0,4.880686079683955E-30,0.032173209227033595,5,5
1770320682586,0.8888515942008449,0.5963791246218874,0.31780828861622307,0.15405362834200265,0.0,0.09090909090909094,1,0.06710575788264314,0.0,0.015625,0.0,0.0,3.904548863747164E-30,0.03210175651120528,5,5
1770320682842,0.8870941210133563,0.39203572608367027,0.4212956872936147,0.15228852209826008,0.0,0.0,0,0.06587226603741579,0.0,0.015625,0.0,0.0,3.1236390909977314E-30,0.03223207091055602,5,5
1770320683097,0.8838841775486015,0.5147176794366192,0.3148159292808083,0.15130163611245936,0.0,0.0,1,0.06607752681808214,0.0,0.015625,0.0,0.0,2.4989112727981853E-30,0.032160804020100464,5,5
1770320683353,0.8928309534723526,0.3753674641507595,0.31445601713095944,0.15032261940309147,0.0,0.0,1,0.06750883644619635,0.0,0.015625,0.0,0.0,1.9991290182385484E-30,0.032290413156839115,5,5
1770320683608,0.8897338025558129,0.4082189889984535,0.10566625746777374,0.1508539106188867,0.0,0.0,0,0.06607482447313755,0.0,0.015625,0.0,0.0,1.599303214590839E-30,0.0322193315989594,5,5
1770320683863,0.8936746825168134,0.4872478783157394,0.3182061482820256,0.14987845765842314,0.0,0.0,1,0.06223552943931086,0.0,0.015625,0.0,0.0,1.2794425716726713E-30,0.03214856230031948,5,5
1770320684118,0.9022116149191843,0.4090846243996433,0.3178208352391968,0.14891075533349654,0.0,0.0,0,0.06608815882677659,0.49019607843137253,0.015625,0.0,0.0,1.0235540573381371E-30,0.03207810320781035,5,5
1770320684374,0.8874536932987287,0.37235062359649157,0.31743843206060807,0.14795072352572305,0.0,0.09090909090909094,1,0.06334965977897206,0.0,0.015625,0.0,0.0,8.188432458705097E-31,0.03200795228628228,5,5
1770320684629,0.8833033183059403,0.48938497166511435,0.21234851815657854,0.1477358767301761,0.0,0.09090909090909094,1,0.06811376334881253,0.0,0.015625,0.0,0.0,6.550745966964078E-31,0.03193810751834958,5,5
1770320684885,0.8876853024444247,0.4642106084104375,0.3189299678149763,0.14678513280773625,0.0,0.0,0,0.06670029635460173,0.0,0.015625,0.0,0.0,5.240596773571263E-31,0.03186856690419637,5,5
1770320685140,0.8889865008629689,0.5400143591083945,0.21334201470353456,0.14657368457531675,0.0,0.0,1,0.06148480294320474,0.0,0.015625,0.0,0.0,4.19247741885701E-31,0.031799328461386556,5,5
1770320685396,0.8970125891212448,0.5002171075792203,0.42525117994373984,0.1449049961066645,0.0,0.09090909090909094,0,0.06478572047256585,0.0,0.015625,0.0,0.0,3.3539819350856083E-31,0.03173039022467483,5,5
1770320685652,0.9091529433131517,0.46406299241688187,0.10690076644800735,0.14542504595300296,0.0,0.0,1,0.0687902315414171,0.0,0.015625,0.0,0.0,2.683185548068487E-31,0.031858407079646045,5,5
1770320685907,0.9085453966854844,0.47464577909059996,0.3218998469201424,0.14449249067181016,0.0,0.0,1,0.06466423827761925,0.0,0.015625,0.0,0.0,2.1465484384547895E-31,0.03178963893249609,5,5
1770320686163,0.9226957716782729,0.4349437038159433,0.6341578518932983,0.1414275171223379,0.0,0.0,0,0.0637305604127741,0.48828125,0.015625,0.0,0.0,1.7172387507638317E-31,0.03172116702565109,5,5
1770320686418,0.9172872508485453,0.44954763723150926,0.2105209853906752,0.14123134237574028,0.0,0.0,1,0.06381638759774264,0.0,0.015625,0.0,0.0,1.3737910006110654E-31,0.03165298944900352,5,5
1770320686672,0.9078250575096017,0.3303980805230337,0.5222037664778167,0.13893366485568234,0.0,0.09090909090909094,1,0.06298469697612642,0.0,0.015625,0.0,0.0,1.0990328004888524E-31,0.03178007408851624,5,5
1770320686929,0.9185023441038797,0.388497072876889,0.20855943248698197,0.13874440460455964,0.0,0.0,1,0.061904509464255575,0.0,0.015625,0.0,0.0,8.79226240391082E-32,0.03171206225680934,5,5
1770320687289,0.9185023441038797,0.42857142857142855,0.10538787982716165,0.13925095410424146,0.0,0.0,1,0.062204063383171374,0.0,0.015625,0.0,0.0,7.033809923128656E-32,0.031705893794981566,5,5
1770320687544,0.8916040682915172,0.338342475193654,0.9264800712311971,0.13427253182686977,0.0,0.0,1,0.062393615591121235,0.9803921568627451,0.015625,0.0,0.0,5.627047938502925E-32,0.03183229813664601,4,5
1770320687800,0.8818135633233051,0.36879636152325457,0.30391120017529477,0.1334262782568267,0.0,0.0,1,0.061660376498305844,0.0,0.015625,0.0,0.0,4.5016383508023407E-32,0.03176447801665694,5,5
1770320688055,0.8691308291992437,0.3986561253666138,0.5991440259517058,0.13061018806288677,0.0,0.0,0,0.06070667388305511,0.0,0.015625,0.0,0.0,3.601310680641873E-32,0.031890220332431385,5,5
1770320688311,0.8763037667389072,0.4351577617339526,0.19894371597211072,0.1304431089048914,0.0,0.0,1,0.061263864809943294,0.0,0.015625,0.0,0.0,2.8810485445134985E-32,0.03182256509161041,5,5
1770320688566,0.8858626625614232,0.4812461445552424,0.3967790346509154,0.1289786292447884,0.0,0.0,1,0.06445340609218748,0.0,0.015625,0.0,0.0,2.304838835610799E-32,0.03175519630484991,5,5
1770320688822,0.8738887508196993,0.48624700434953955,0.39371473126539996,0.1275324379489189,0.0,0.0,0,0.0638271026998186,0.0,0.015625,0.0,0.0,1.8438710684886392E-32,0.03168811215671208,5,5
1770320689077,0.8832381516104271,0.3850241287217541,0.1970942961711828,0.12737321109594052,0.0,0.0,1,0.06143534119815224,0.0,0.015625,0.0,0.0,1.4750968547909113E-32,0.031621310847067874,5,5
1770320689332,0.8836792557879113,0.42232690835504116,0.09960593388853362,0.1278528362831984,0.0,0.09090909090909094,0,0.06060246531027219,0.0,0.015625,0.0,0.0,1.180077483832729E-32,0.031746031746031744,5,5
1770320689587,0.8793624383449397,0.3724902376795796,0.6877898849983024,0.12453618077127003,0.0,0.09090909090909094,1,0.061066367845755365,0.49019607843137253,0.015625,0.0,0.0,9.440619870661833E-33,0.03187022900763359,5,5
1770320689843,0.9020451724690011,0.37293428356157804,0.09807300426986183,0.1250086829599018,0.0,0.0,1,0.0639166185376643,0.0,0.015625,0.0,0.0,7.552495896529467E-33,0.03180346600647499,5,5
1770320690099,0.9063619899119727,0.5194950080549432,0.39221817933060804,0.1236118575061492,0.0,0.09090909090909094,0,0.06629290005510101,0.0,0.015625,0.0,0.0,6.041996717223574E-33,0.0317369821360699,5,5
1770320690354,0.9049374016248505,0.4541061980881444,0.19634806155403564,0.12346235992755535,0.0,0.0,1,0.06389273941429495,0.0,0.015625,0.0,0.0,4.83359737377886E-33,0.031670775649535354,5,5
1770320690609,0.9074536932987287,0.32675335568476316,0.48739009094728797,0.12147499764451937,0.0,0.0,0,0.06167973135352544,0.0,0.015625,0.0,0.0,3.866877899023088E-33,0.031604844814534405,5,5
1770320690865,0.9066366516392738,0.37526458616828506,0.4803672961493112,0.11952196283903622,0.0,0.09090909090909094,1,0.059860618089389604,0.0,0.015625,0.0,0.0,3.0935023192184704E-33,0.0315391879131256,5,5
1770320691120,0.89936243834494,0.4120848754239296,0.19191478054361089,0.11938228830102404,0.0,0.0,1,0.0635684596399682,0.0,0.015625,0.0,0.0,2.4748018553747763E-33,0.03147380324161331,5,5
1770320691375,0.9018787300188181,0.5332940218821972,0.19312912011701697,0.11924294333557559,0.0,0.0,0,0.06800894295868105,0.0,0.015625,0.0,0.0,1.9798414842998213E-33,0.03140868911040062,5,5
1770320691632,0.919319385763335,0.4843278338417488,0.3852715965904994,0.11791726603775393,0.0,0.0,1,0.06579559201890152,0.48638132295719844,0.015625,0.0,0.0,1.5838731874398573E-33,0.03134384384384381,5,5
1770320691886,0.9289434482813639,0.49695157721665356,0.0,0.11896664918286534,0.0,0.09090909090909094,1,0.07054895692497512,0.0,0.015625,0.0,0.0,1.2670985499518858E-33,0.031279265780108645,5,5
1770320692142,0.9155449482525175,0.5093377698233212,0.48550660485596975,0.11705683171092508,0.0,0.0,1,0.06331786116383671,0.0,0.015625,0.0,0.0,1.0136788399615087E-33,0.03121495327102808,5,5
1770320692507,0.9163619899119726,0.14285714285714288,0.0,0.11809958277046663,0.0,0.0,1,0.06261923202247953,0.0,0.015625,0.0,0.0,8.10943071969207E-34,0.031209119790693296,5,5
1770320692762,0.9226527190966682,0.4499524517955816,0.4881992518940141,0.11620467602655558,0.0,0.0,1,0.07366101776858312,0.0,0.015625,0.0,0.0,6.487544575753656E-34,0.03114509511376351,5,5
1770320693017,0.9205775316002738,0.45042209836685343,0.0,0.11724084397310136,0.0,0.0,1,0.06727545396224521,0.0,0.015625,0.0,0.0,5.1900356606029255E-34,0.031081332588870247,5,5
1770320693272,0.9070777558167575,0.39048652961869,0.09994574161115548,0.11769428559933243,0.0,0.0,0,0.0646190981789931,0.0,0.015625,0.0,0.0,4.15202852848234E-34,0.031017830609212482,5,5
1770320693529,0.9061955474617895,0.26796904171141306,0.4973326507762394,0.11580634364317702,0.0,0.0,1,0.06320658906958139,0.48638132295719844,0.015625,0.0,0.0,3.3216228227858724E-34,0.030954587581093596,5,5
1770320693784,0.8950025683203633,0.40861231767331857,0.09977958214552342,0.11625591130505285,0.0,0.09090909090909094,1,0.06956306039428535,0.0,0.015625,0.0,0.0,2.657298258228698E-34,0.03089160192378837,5,5
1770320694039,0.9172441982669407,0.3481025122581731,0.30058543016374384,0.11554389329039827,0.0,0.09090909090909094,0,0.06312609484800115,0.0,0.015625,0.0,0.0,2.1258386065829587E-34,0.030828872069411095,5,5
1770320694295,0.8888782815858509,0.4815761053421772,0.39864660755435777,0.11426351956604168,0.0,0.0,1,0.06308092028658256,0.0,0.015625,0.0,0.0,1.700670885266367E-34,0.03076639646278556,5,5
1770320694549,0.8882707349581839,0.4601752147393605,0.1995533484700645,0.1141359847287999,0.0,0.0,0,0.06456724436309431,0.0,0.015625,0.0,0.0,1.3605367082130938E-34,0.030704173561316384,5,5
1770320694805,0.8826957716782733,0.45893070327249796,0.49526768648947306,0.11230905385412131,0.0,0.0,1,0.0653707229420757,0.0,0.015625,0.0,0.0,1.088429366570475E-34,0.030825688073394475,5,5
1770320695060,0.8742868024155788,0.3600996370284794,0.2954448350898206,0.11162558734102628,0.0,0.0,1,0.06738662264218069,0.0,0.015625,0.0,0.0,8.707434932563801E-35,0.03076359641091375,5,5
1770320695316,0.8828622141284563,0.493655630927157,0.2952213127826563,0.11094703378345415,0.0,0.0,0,0.0664624755964567,0.0,0.015625,0.0,0.0,6.965947946051042E-35,0.030701754385964897,5,5
1770320695571,0.8694054909265447,0.4980202225781351,0.39158824854283353,0.10972258697584628,0.0,0.0,1,0.06386021753815975,0.49019607843137253,0.015625,0.0,0.0,5.572758356840833E-35,0.03064016049607876,5,5
1770320695827,0.8624595892614795,0.3734793759904936,0.09845515264611239,0.11015526461509803,0.0,0.0,0,0.06643831871417698,0.0,0.015625,0.0,0.0,4.458206685472667E-35,0.030942846741900287,5,5
1770320696082,0.8857544432843057,0.40874443714739905,0.1986321849558078,0.11003683067721856,0.0,0.0,1,0.0660962785489163,0.0,0.015625,0.0,0.0,3.566565348378134E-35,0.030881017257039067,5,5
1770320696337,0.8716040682915173,0.35726104107215184,0.4930040102967498,0.10827988083714116,0.0,0.0,1,0.062031396938472344,0.0,0.015625,0.0,0.0,2.853252278702507E-35,0.031000725163161658,5,5
1770320696593,0.8865714849437608,0.49319092814043647,0.19694347359208214,0.10816548954226211,0.0,0.0,0,0.06799140275562461,0.0,0.015625,0.0,0.0,2.2826018229620056E-35,0.03093902659670711,5,5
1770320696848,0.8957544432843058,0.5825699740206629,0.1981695751801455,0.10805134255486064,0.0,0.0,1,0.06521452609244369,0.0,0.015625,0.0,0.0,1.8260814583696045E-35,0.030877573131094294,5,5
1770320697104,0.9051038440750339,0.4074458639533572,0.10014826117416767,0.10847924989387503,0.0,0.0,1,0.0700563607100542,0.0,0.015625,0.0,0.0,1.4608651666956837E-35,0.030816363308704298,5,5
1770320697360,0.9147279065930626,0.5061576803736428,0.20203421039854344,0.10836443212732129,0.0,0.09090909090909094,1,0.06463851563252597,0.0,0.015625,0.0,0.0,1.168692133356547E-35,0.0307553956834532,5,5
1770320697754,0.9101364274227902,0.10101525445522107,0.30353276921912375,0.1077091937097843,0.0,0.0,1,0.06364437926077324,0.31725888324873097,0.015625,0.0,0.0,9.349537066852377E-36,0.030749865132170484,5,5
1770320698009,0.8957498700132079,0.42874478170465796,0.30325411082807,0.10705861450552731,0.0,0.09090909090909094,1,0.06380190405862912,0.0,0.015625,0.0,0.0,7.479629653481902E-36,0.030689160086144973,5,5
1770320698264,0.8952120633521515,0.5386226299275162,0.40215743507197493,0.10588115308980636,0.0,0.0,1,0.06195054245744638,0.0,0.015625,0.0,0.0,5.983703722785522E-36,0.030628694250403043,5,5
1770320698520,0.8901794800043952,0.3798090930783073,0.20130371244010062,0.10577183032998846,0.0,0.0,0,0.06429351216010115,0.0,0.015625,0.0,0.0,4.786962978228418E-36,0.030568466213800494,5,5
1770320698775,0.8793624383449401,0.469709440673312,0.20253918692031597,0.10566273582915642,0.0,0.0,1,0.0678369939613524,0.0,0.015625,0.0,0.0,3.8295703825827344E-36,0.03050847457627115,5,5
1770320699031,0.8920451724690012,0.40478844444968304,0.3042868202224617,0.10502665382719359,0.0,0.09090909090909094,1,0.06792386076410153,0.0,0.015625,0.0,0.0,3.0636563060661875E-36,0.03044871794871795,5,5
1770320699285,0.8860291050116066,0.4211563004313782,0.7927510530988555,0.10181378386820097,0.0,0.09090909090909094,0,0.06017790108854243,0.0,0.015625,0.0,0.0,2.45092504485295E-36,0.030566909543273457,5,5
1770320699541,0.8971208083983624,0.40605836620802616,0.19643970296017715,0.10171279340392675,0.0,0.0,1,0.06514109623932117,0.0,0.015625,0.0,0.0,1.9607400358823602E-36,0.030507272082298642,5,5
1770320699797,0.9008952459091799,0.43025198702223644,0.487615350837623,0.10009695177555572,0.0,0.0,0,0.06394474899218301,0.48828125,0.015625,0.0,0.0,1.5685920287058883E-36,0.03044786687909362,5,5
1770320700052,0.9026260317116626,0.44244071514416844,0.3861658246232078,0.09900287309453039,0.0,0.0,1,0.061849084257851045,0.0,0.015625,0.0,0.0,1.2548736229647107E-36,0.030388692579505272,5,5
1770320700307,0.9042868024155786,0.4626079892386774,0.09709446598296707,0.09940397651211598,0.0,0.0,1,0.06542711030550855,0.0,0.015625,0.0,0.0,1.0038988983717686E-36,0.030329747839887178,5,5
1770320700563,0.8801364274227901,0.36716526470127864,0.29254385952992024,0.09881171887819422,0.0,0.0,0,0.07359285164703058,0.0,0.015625,0.0,0.0,8.03119118697415E-37,0.03062302006335793,5,5
1770320700818,0.8745614641428794,0.4622977883665837,0.19576064425935208,0.09871666674496644,0.0,0.0,1,0.06399351169305481,0.0,0.015625,0.0,0.0,6.424952949579319E-37,0.030739504654839322,5,5
1770320701074,0.8796953232453061,0.4661815419849458,0.6743639790561199,0.09618313501837374,0.0,0.0,0,0.06371375142699734,0.9765625,0.015625,0.0,0.0,5.139962359663456E-37,0.030855539971949564,4,5
1770320701330,0.8668461466710617,0.32600729061213196,0.2859550790660219,0.09561312860656397,0.0,0.0,1,0.06354010495267244,0.0,0.015625,0.0,0.0,4.111969887730765E-37,0.031146106736657964,5,5
1770320701584,0.8624211099509724,0.4074419889633052,0.28579293698077485,0.09504703875388194,0.0,0.0,1,0.06526427599729263,0.0,0.015625,0.0,0.0,3.289575910184612E-37,0.031086273140062848,5,5
1770320701840,0.8527388242598783,0.415631811298912,0.5638276651912657,0.09307594682381894,0.0,0.0,0,0.06283316043784207,0.0,0.015625,0.0,0.0,2.63166072814769E-37,0.031026668990761674,5,5
1770320702095,0.8555613134491168,0.4290661845006707,0.27967000706960765,0.092527212344686,0.0,0.0,1,0.06339074643217159,0.0,0.015625,0.0,0.0,2.1053285825181523E-37,0.030967292971468385,5,5
1770320702351,0.8574536932987287,0.41479499766231975,0.0,0.09337455979938611,0.0,0.0,1,0.0661158194785962,0.0,0.015625,0.0,0.0,1.684262866014522E-37,0.030908143774960983,5,5
1770320702607,0.8738841775486016,0.4633715425129666,0.19098350910217832,0.0932898053086489,0.0,0.09090909090909094,1,0.062469825150651255,0.0,0.015625,0.0,0.0,1.3474102928116177E-37,0.030849220103986164,5,5
1770320703017,0.876566911672663,0.36421567954234174,0.28702568895379793,0.09273961281765879,0.0,0.0,1,0.062117820979985215,0.3048780487804878,0.015625,0.0,0.0,1.0779282342492943E-37,0.030843874545139482,5,5
1770320703272,0.8987118391356677,0.4758292279080244,0.19208225303842197,0.0926560224164982,0.0,0.0,1,0.0602746471445071,0.0,0.015625,0.0,0.0,8.623425873994354E-38,0.03078519543410585,5,5
1770320703527,0.9099699849726067,0.404376950572089,0.19329700020395155,0.0925725846592569,0.0,0.0,1,0.061420255016623675,0.0,0.015625,0.0,0.0,6.898740699195484E-38,0.030899361298118433,5,5
1770320703783,0.9029006934389631,0.5086608952762575,0.29048239354970096,0.09202727820937982,0.0,0.0,0,0.06070787983201807,0.0,0.015625,0.0,0.0,5.518992559356387E-38,0.030840799448656142,5,5
1770320704038,0.9177283550260296,0.49128934630976007,0.09762615986770133,0.0924065923428653,0.0,0.0,1,0.07240909165643608,0.0,0.015625,0.0,0.0,4.4151940474851104E-38,0.03078245915735167,5,5
1770320704294,0.9088200584127856,0.5186778161962392,0.39044509167015323,0.0914035229977037,0.0,0.0,1,0.07403110906029114,0.0,0.015625,0.0,0.0,3.5321552379880887E-38,0.030724339169241333,5,5
1770320704549,0.9212281308095459,0.399361002586026,0.3874784098307203,0.09041223896555307,0.0,0.0,0,0.06607757614964432,0.0,0.015625,0.0,0.0,2.8257241903904713E-38,0.030666438238821314,5,5
1770320704805,0.9166366516392737,0.384648937003922,0.2896921599981328,0.089881588477343,0.0,0.0,1,0.06282568449421148,0.0,0.015625,0.0,0.0,2.2605793523123772E-38,0.030608755129958976,5,5
1770320705060,0.913136875855757,0.35087946911688583,0.5714323453436,0.0880220703139717,0.0,0.0,0,0.07039380883396788,0.49019607843137253,0.015625,0.0,0.0,1.808463481849902E-38,0.030551288615804695,5,5
1770320705316,0.9099699849726067,0.49649448709178234,0.46826636310084396,0.08663539620197852,0.0,0.0,1,0.06266718791882182,0.0,0.015625,0.0,0.0,1.4467707854799215E-38,0.03049403747870527,5,5
1770320705571,0.8973839533321177,0.5767071587568121,0.8169063148588623,0.08358045946135942,0.0,0.09090909090909094,1,0.06592443585195198,0.9803921568627451,0.015625,0.0,0.0,1.1574166283839372E-38,0.030607039619112375,4,5
1770320705827,0.8968846259815684,0.471545403561705,0.35602514469521773,0.08268041558737306,0.0,0.0,0,0.06224780804028569,0.0,0.015625,0.0,0.0,9.259333027071498E-39,0.03054989816700615,5,5
1770320706082,0.8870080158501469,0.4844977953763355,0.178294100435683,0.08261419470614556,0.0,0.0,1,0.06178593997557461,0.0,0.015625,0.0,0.0,7.407466421657199E-39,0.030492969676435666,5,5
1770320706337,0.8737874750650291,0.3928554541476956,0.268057244776124,0.08213568007110367,0.0,0.0,0,0.06507800498111893,0.0,0.015625,0.0,0.0,5.92597313732576E-39,0.030436252959080146,5,5
1770320706593,0.8933033183059401,0.5045737663512511,0.0,0.08289655668598984,0.0,0.09090909090909094,1,0.07221545381114602,0.0,0.015625,0.0,0.0,4.740778509860608E-39,0.03037974683544309,5,5
1770320706848,0.8960291050116065,0.3489725729443308,0.18308232123288182,0.0828299837693719,0.0,0.0,1,0.06336155950588171,0.0,0.015625,0.0,0.0,3.7926228078884864E-39,0.03032345013477089,5,5
1770320707104,0.8891529433131519,0.3503258787282901,0.18427353045740502,0.08276351935799196,0.0,0.0,0,0.059663495647319986,0.0,0.015625,0.0,0.0,3.0340982463107894E-39,0.03026736169497224,5,5
1770320707359,0.8947709591746673,0.36995339680242734,0.2769972485232903,0.08228401760348644,0.0,0.09090909090909094,1,0.06182332780577851,0.0,0.015625,0.0,0.0,2.4272785970486315E-39,0.030379321920107394,5,5
1770320707614,0.9020451724690011,0.44602076697368526,0.6350507627154172,0.08018506265816139,0.0,0.0,1,0.06216926760596163,0.49019607843137253,0.015625,0.0,0.0,1.9418228776389054E-39,0.0303233372424192,5,5
1770320707870,0.9068030940894568,0.3737718863721669,0.5319059654787346,0.07853360874642223,0.0,0.0,1,0.06515954440345599,0.0,0.015625,0.0,0.0,1.5534583021111244E-39,0.030267558528428107,5,5
1770320708257,0.9068030940894566,0.42857142857142855,0.0,0.07926399853806797,0.0,0.0,1,0.06415627126742408,0.0,0.015625,0.0,0.0,1.2427666416888996E-39,0.030262497910048536,5,5
1770320708513,0.9111583908429355,0.578706827137686,0.8713842768083205,0.07609234910467878,0.0,0.0,1,0.061647493025814064,0.9765625,0.015625,0.0,0.0,9.942133133511198E-40,0.030206942590120134,4,5
1770320708768,0.9015343283249064,0.5304420863847406,0.17195401707663482,0.07603640997876923,0.0,0.0,1,0.06163348847330856,0.0,0.015625,0.0,0.0,7.953706506808959E-40,0.030151590871231093,5,5
1770320709023,0.9041203599653955,0.4015246847901687,0.17311160029831382,0.07598055443590049,0.0,0.0,0,0.06354106532245223,0.0,0.015625,0.0,0.0,6.362965205447168E-40,0.030096441636182192,5,5
1770320709280,0.8785453966854847,0.40543028610594567,0.3456148464980386,0.07516800187007493,0.0,0.09090909090909094,1,0.06103357723548991,0.0,0.015625,0.0,0.0,5.090372164357734E-40,0.03004149377593357,5,5
1770320709534,0.8476387753510126,0.42936359562081683,0.17309876771976332,0.07511343603835505,0.0,0.0,1,0.06342492764572685,0.0,0.015625,0.0,0.0,4.072297731486188E-40,0.029986746189529456,5,5
1770320709789,0.8446045167244843,0.5513438161392591,0.43017544192430823,0.07393951482737528,0.0,0.0,0,0.06205815559691697,0.0,0.015625,0.0,0.0,3.2578381851889503E-40,0.029932197784025116,5,5
1770320710045,0.8483522668502957,0.5210621817310593,0.17193124618218628,0.07388674778280523,0.0,0.09090909090909094,1,0.06359036929173158,0.0,0.015625,0.0,0.0,2.6062705481511605E-40,0.02987784747441402,5,5
1770320710301,0.8607603392470561,0.49065793399451363,0.0869113376103018,0.07420480741036725,0.0,0.0,0,0.06401756011060108,0.0,0.015625,0.0,0.0,2.0850164385209283E-40,0.029823694183555793,5,5
1770320710556,0.8762340267722964,0.3227792610203412,0.4330348387000763,0.07304574013837388,0.0,0.0,1,0.06072555790699071,0.49019607843137253,0.015625,0.0,0.0,1.6680131508167428E-40,0.029769736842105265,5,5
1770320710812,0.8769813284651411,0.506592166076243,0.2585126620978827,0.07262955660198063,0.0,0.0,1,0.060445113849796075,0.0,0.015625,0.0,0.0,1.3344105206533944E-40,0.02971597438844198,5,5
1770320711067,0.8783522668502959,0.4366964468165477,0.0869003541438094,0.07294312535460941,0.0,0.09090909090909094,0,0.06005717817740477,0.0,0.015625,0.0,0.0,1.0675284165227154E-40,0.029826286463454643,5,5
1770320711322,0.879943297587601,0.39394911612489886,0.5173994046855871,0.07144589033582582,0.0,0.0,1,0.06136972323876078,0.0,0.015625,0.0,0.0,8.540227332181724E-41,0.029772615736954,5,5
1770320711578,0.878437177408367,0.2583204431532048,0.08631040089029648,0.07175520174583391,0.0,0.0,0,0.06110978946746572,0.0,0.015625,0.0,0.0,6.832181865745379E-41,0.029882429784454656,5,5
1770320711833,0.8806205841818788,0.3877666870134641,0.17421565357476157,0.0717055586092433,0.0,0.0,1,0.0748509345153865,0.0,0.015625,0.0,0.0,5.465745492596304E-41,0.029828850855745714,5,5
1770320712088,0.8933033183059403,0.43403158420586646,0.2619576060038199,0.07129796087214044,0.0,0.0,1,0.06612614507027278,0.0,0.015625,0.0,0.0,4.3725963940770437E-41,0.029775463716238182,5,5
1770320712344,0.8953785058023344,0.3586723317300615,0.26193471399578655,0.0708929673560497,0.0,0.18181818181818177,0,0.06177251476299769,0.0,0.015625,0.0,0.0,3.4980771152616353E-41,0.02988468409939904,5,5
1770320712599,0.8845614641428793,0.36304313209177985,0.6009330583873307,0.0690922521788499,0.0,0.0,1,0.06400156581818912,0.49019607843137253,0.015625,0.0,0.0,2.7984616922093086E-41,0.02983138780804151,5,5
1770320712855,0.9022116149191841,0.5370312888111639,0.2549764584475182,0.06870129445842184,0.0,0.0,1,0.06076917151629432,0.0,0.015625,0.0,0.0,2.238769353767447E-41,0.029778281275287255,5,5
1770320713110,0.9159860524300015,0.37297903633146345,0.2549897757292675,0.06831281451805077,0.0,0.0,1,0.06042789041237569,0.0,0.015625,0.0,0.0,1.7910154830139577E-41,0.029725363489499168,5,5
1770320713536,0.9159860524300015,0.6060915267313265,0.0,0.06895526046489693,0.0,0.0,1,0.061538498251916485,0.0,0.015625,0.0,0.0,1.4328123864111661E-41,0.029720562106283266,5,5
1770320713791,0.8983789542353016,0.41434377489531726,0.34544775474202927,0.06822257929723623,0.0,0.0,1,0.06311991604796773,0.0,0.015625,0.0,0.0,1.146249909128933E-41,0.029667849080941666,5,5
1770320714047,0.9031368758557571,0.4985378191732849,0.2584310149005768,0.067837129182427,0.0,0.09090909090909094,1,0.0625201550540695,0.0,0.015625,0.0,0.0,9.169999273031465E-42,0.02961532271044587,5,5
1770320714301,0.8972872508485454,0.36393491372327863,0.3431236454403604,0.06711707112799066,0.0,0.0,0,0.05955775346204996,0.0,0.015625,0.0,0.0,7.335999418425172E-42,0.029562982005141403,5,5
1770320714557,0.8865132617706954,0.43835132874378097,0.3408366468062251,0.0664051292058667,0.0,0.0,1,0.06839583564615374,0.48828125,0.015625,0.0,0.0,5.868799534740138E-42,0.029510825982357658,5,5
1770320714813,0.8934697607561234,0.4803853067163449,0.3385802749301481,0.06570120196184966,0.0,0.0,1,0.06142312064698868,0.0,0.015625,0.0,0.0,4.6950396277921104E-42,0.029458853666346485,5,5
1770320715068,0.8852551159337563,0.5274122452174633,0.25331945134142203,0.06533163525219007,0.0,0.0,0,0.06704997654997379,0.0,0.015625,0.0,0.0,3.756031702233689E-42,0.029407064088221246,5,5
1770320715323,0.8946045167244842,0.41094767132969584,0.33638258629301304,0.06463977409793341,0.0,0.0,1,0.06340336103801272,0.0,0.015625,0.0,0.0,3.004825361786951E-42,0.02935545628589664,5,5
1770320715579,0.8917122875686351,0.45464145542460965,0.08459854221308434,0.06492405747270276,0.0,0.0,0,0.06358193427147753,0.0,0.015625,0.0,0.0,2.4038602894295607E-42,0.02930402930402931,5,5
1770320715834,0.88936243834494,0.5060925018870246,0.17077210549044178,0.06488356943363463,0.0,0.0,1,0.06622239187202682,0.0,0.015625,0.0,0.0,1.9230882315436487E-42,0.02925278219395866,5,5
1770320716090,0.8960291050116065,0.4162375086639422,0.34097592952331723,0.06419673784839475,0.0,0.0,1,0.062369544041211915,0.0,0.015625,0.0,0.0,1.538470585234919E-42,0.029201714013648572,5,5
1770320716346,0.8985453966854846,0.5105038171611819,0.2551026903944923,0.06383658862171254,0.0,0.0,0,0.06750473753647246,0.0,0.015625,0.0,0.0,1.2307764681879352E-42,0.0291508238276299,5,5
1770320716601,0.890179480004395,0.5781157218144183,0.42165699418345853,0.06284588522061567,0.0,0.0,1,0.07697166556203448,0.49019607843137253,0.015625,0.0,0.0,9.846211745503483E-43,0.02910011070694296,5,5
1770320716856,0.9012711833911509,0.3599718431655062,0.2517545281168361,0.06249415383475906,0.0,0.0,0,0.06843420977098891,0.0,0.015625,0.0,0.0,7.876969396402787E-43,0.029049573729081124,5,5
1770320717111,0.8972872508485457,0.43853276940973956,0.33431842094361996,0.061834077430492636,0.0,0.0,1,0.08137681147236862,0.0,0.015625,0.0,0.0,6.30157551712223E-43,0.028999211977935424,5,5
1770320717367,0.8945614641428793,0.46477672047264273,0.2501467637901618,0.06148862749664273,0.0,0.0,1,0.06865254741163175,0.0,0.015625,0.0,0.0,5.041260413697785E-43,0.028949024543738155,5,5
1770320717622,0.902045172469001,0.5119038412473927,0.08409284407553877,0.06176100687726933,0.0,0.0,0,0.06365630039966415,0.0,0.015625,0.0,0.0,4.033008330958228E-43,0.02889901052300925,5,5
1770320717877,0.9060291050116063,0.3464452147005699,0.25356887163456926,0.0614160097675635,0.0,0.0,1,0.0627333257522445,0.0,0.015625,0.0,0.0,3.226406664766583E-43,0.02900595798055816,5,5
1770320718133,0.90252932922809,0.5305040236710458,0.16976842800189862,0.061379861195231936,0.0,0.09090909090909094,1,0.06481596239737308,0.0,0.015625,0.0,0.0,2.5811253318132665E-43,0.028956018156205965,5,5
1770320718388,0.9117122875686348,0.3691572891294621,0.08581990797687487,0.06165182608003399,0.0,0.0,1,0.0631299587112862,0.0,0.015625,0.0,0.0,2.0649002654506133E-43,0.028906250000000022,5,5
1770320718841,0.9143950216926959,0.30304576336566325,0.34355171805067003,0.061001154839477115,0.0,0.0,1,0.0656231903413469,0.2759381898454746,0.015625,0.0,0.0,1.6519202123604906E-43,0.028901734104046284,5,5
1770320719274,0.9089865008629686,0.36421567954234174,0.0,0.06157938303494091,0.0,0.0,1,0.0652466479712715,0.0,0.015625,0.0,0.0,1.3215361698883926E-43,0.028897219618869152,5,5
1770320719713,0.9123198341963018,0.5439837932759934,0.08815855042407976,0.061852107972724925,0.0,0.0,1,0.06631906590075408,0.0,0.015625,0.0,0.0,1.0572289359107141E-43,0.0288927065438076,5,5
1770320720167,0.9123198341963018,0.4164965639175215,0.0,0.06243786594595198,0.0,0.0,1,0.06529416670268556,0.0,0.015625,0.0,0.0,8.457831487285713E-44,0.028888194878201157,5,5
1770320720597,0.9150025683203632,0.4164965639175215,0.0,0.0630287985149183,0.0,0.0,1,0.06609447823248195,0.0,0.015625,0.0,0.0,6.766265189828571E-44,0.02888368462138957,5,5
1770320721060,0.9089865008629686,0.40406101782088427,0.27666073750209175,0.06267592924067465,0.0,0.0,1,0.06617969853806556,0.26997840172786175,0.015625,0.0,0.0,5.413012151862857E-44,0.02887917577271304,5,5
1770320721518,0.9143950216926962,0.40406101782088427,0.09298957617575491,0.06295281717684398,0.0,0.0,1,0.06527238878759438,0.0,0.015625,0.0,0.0,4.3304097214902857E-44,0.02887466833151242,5,5
1770320721950,0.9089865008629686,0.7071067811865476,0.0,0.06354829302826913,0.0,0.0,1,0.06437854109182328,0.0,0.015625,0.0,0.0,3.464327777192229E-44,0.028870162297128577,5,5
1770320722405,0.9056531675296353,0.20203050891044214,0.0,0.06414901591354169,0.0,0.0,1,0.06395584862845585,0.0,0.015625,0.0,0.0,2.7714622217537835E-44,0.028865657668903144,5,5
1770320722890,0.9056531675296353,0.40406101782088427,0.0,0.06475502474894694,0.0,0.0,1,0.06320872762647621,0.0,0.015625,0.0,0.0,2.2171697774030269E-44,0.028861154446177872,5,5
1770320723344,0.9069113133665745,0.31943828249996997,0.3951018009673743,0.06406963507815466,0.0,0.0,1,0.06290226574525902,0.2753303964757709,0.015625,0.0,0.0,1.7737358219224216E-44,0.028856652628295065,5,5
1770320723780,0.9083359016536967,0.7142857142857143,0.0,0.0646749458033137,0.0,0.0,1,0.06377050825249542,0.0,0.015625,0.0,0.0,1.4189886575379374E-44,0.02885215221459758,5,5
1770320724216,0.9050025683203634,0.28571428571428575,0.594670500210545,0.06335255398377691,0.0,0.0,1,0.06511028530693475,0.573394495412844,0.015625,0.0,0.0,1.13519092603035E-44,0.028847653204428503,3,5
1770320724678,0.900411089150091,0.8144110179279557,0.0,0.06395155282573853,0.0,0.0,1,0.06432944547928227,0.0,0.015625,0.0,0.0,9.081527408242801E-45,0.028843155597131243,5,5
1770320725130,0.9024862766464853,0.7142857142857143,0.10119475205840357,0.06423325305166684,0.0,0.0,1,0.06793820391477376,0.0,0.015625,0.0,0.0,7.265221926594242E-45,0.02883865939204988,5,5
1770320725559,0.9058196099798186,0.7142857142857143,0.0,0.06484000243104093,0.0,0.0,1,0.06895431108013275,0.0,0.015625,0.0,0.0,5.812177541275394E-45,0.02883416458852872,5,5
1770320726022,0.9070777558167578,0.45175395145262565,0.0,0.06545208228586329,0.0,0.0,1,0.07120395222830003,0.0,0.015625,0.0,0.0,4.6497420330203154E-45,0.028829671185912398,5,5
1770320726447,0.9091529433131519,0.7284313590846835,0.31731154790166316,0.06508407761885282,0.0,0.0,1,0.0743557832358674,0.29411764705882354,0.015625,0.0,0.0,3.7197936264162526E-45,0.028825179183546323,5,5
1770320726922,0.9078947974762129,0.45175395145262565,0.10662374988025713,0.06537002284136449,0.0,0.0,1,0.07884969901166244,0.0,0.015625,0.0,0.0,2.975834901133002E-45,0.0288206885807758,5,5
1770320727348,0.9033033183059405,0.5890150893739515,0.0,0.06598675291079822,0.0,0.0,1,0.07750007987208424,0.0,0.015625,0.0,0.0,2.380667920906402E-45,0.028816199376947016,5,5
1770320727797,0.9033033183059405,0.6060915267313265,0.11022153020450215,0.06627606309166244,0.0,0.0,1,0.07774482908412603,0.0,0.015625,0.0,0.0,1.9045343367251215E-45,0.028811711571406273,5,5
1770320728242,0.9066366516392738,0.5890150893739515,0.0,0.06690072924741798,0.0,0.0,1,0.0752178463683229,0.0,0.015625,0.0,0.0,1.5236274693800972E-45,0.028807225163500427,5,5
1770320728706,0.9052120633521515,0.5150787536377127,0.3385592092440766,0.0665236211899888,0.0,0.0,1,0.0753409414832013,0.2693965517241379,0.015625,0.0,0.0,1.2189019755040778E-45,0.028802740152576667,5,5
1770320729141,0.9052120633521515,0.6388765649999399,0.0,0.06715045279313595,0.0,0.0,1,0.07370977753628405,0.0,0.015625,0.0,0.0,9.751215804032623E-46,0.028798256537982514,5,5
1770320729597,0.9078947974762129,0.614451804788759,0.0,0.06778276193087017,0.0,0.0,1,0.0739420864554407,0.0,0.015625,0.0,0.0,7.800972643226098E-46,0.028793774319066157,5,5
1770320730058,0.9078947974762129,0.10101525445522107,0.0,0.06842058836116335,0.0,0.0,1,0.0731938834928972,0.0,0.015625,0.0,0.0,6.240778114580879E-46,0.028789293495175894,5,5
1770320730485,0.9112281308095461,0.4164965639175215,0.0,0.06906397197667834,0.0,0.0,1,0.07299440157714308,0.0,0.015625,0.0,0.0,4.992622491664703E-46,0.02878481406566047,5,5
1770320730942,0.909152943313152,0.31943828249996997,0.36625242785501233,0.06867319279442527,0.0,0.0,1,0.07143705493238053,0.2735229759299781,0.015625,0.0,0.0,3.9940979933317625E-46,0.02878033602986929,5,5
1770320731373,0.9099699849726072,0.31943828249996997,0.0,0.06931877495147201,0.0,0.0,1,0.07414158778690601,0.0,0.015625,0.0,0.0,3.19527839466541E-46,0.028775859387151992,5,5
1770320731803,0.909969984972607,0.5150787536377127,0.0,0.06996997010884469,0.0,0.0,1,0.0746209991537224,0.0,0.015625,0.0,0.0,2.5562227157323283E-46,0.028771384136858424,5,5
1770320732229,0.9099699849726072,0.22587697572631282,0.12808832196151468,0.07027393253918915,0.0,0.0,1,0.07311071791799545,0.0,0.015625,0.0,0.0,2.0449781725858626E-46,0.02876691027833933,5,5
1770320732657,0.9133033183059405,0.6468132241526726,0.0,0.0709334167143552,0.0,1.0,1,0.07256713567103423,0.0,0.015625,0.0,0.0,1.6359825380686901E-46,0.02876243781094523,5,5
1770320733111,0.9187118391356679,0.7142857142857143,0.5213503995031561,0.07017834236617111,0.0,0.0,1,0.07107369235132555,0.2753303964757709,0.015625,0.0,0.0,1.3087860304549522E-46,0.02875796673402764,5,5
1770320733546,0.9174536932987287,0.7284313590846835,0.0,0.07083699778256443,0.0,0.0,1,0.07055888926245261,0.0,0.015625,0.0,0.0,1.0470288243639619E-46,0.028753497046938192,5,5
1770320733987,0.9174536932987287,0.7354021529276429,0.13366136926888547,0.07114410713447164,0.0,0.0,1,0.07093704693145148,0.0,0.015625,0.0,0.0,8.376230594911696E-47,0.028749028749028738,5,5
1770320734420,0.9166366516392737,0.8144110179279557,0.0,0.07181112660850157,0.0,0.0,1,0.06971960900536578,0.0,0.015625,0.0,0.0,6.700984475929356E-47,0.028744561839651905,5,5
1770320734868,0.9166366516392737,0.20203050891044214,0.0,0.07248391175991661,0.0,0.0,1,0.06887992065860861,0.0,0.015625,0.0,0.0,5.360787580743485E-47,0.028740096318160657,5,5
1770320735317,0.9166366516392734,0.40406101782088427,0.41826393897301306,0.07207133073285843,0.0,0.0,1,0.0703091210197245,0.27839643652561247,0.015625,0.0,0.0,4.2886300645947883E-47,0.028735632183908066,5,5
1770320735757,0.9166366516392734,0.36421567954234174,0.0,0.07274636257931373,0.0,0.0,1,0.06890434938096351,0.0,0.015625,0.0,0.0,3.430904051675831E-47,0.028731169436247872,5,5
1770320736198,0.9153785058023345,0.4164965639175215,0.8373550017301162,0.07125330247920075,0.0,0.0,1,0.06963427391978647,0.5668934240362812,0.015625,0.0,0.0,2.744723241340665E-47,0.028726708074534146,3,5
1770320736632,0.9207870266320621,0.20203050891044214,0.0,0.07192126633911787,0.0,0.0,1,0.06964723968558152,0.0,0.015625,0.0,0.0,2.195778593072532E-47,0.028722248098121406,5,5
1770320737120,0.9174536932987286,0.5050762722761054,0.0,0.07259500254585896,0.0,0.0,1,0.0696882325367761,0.0,0.015625,0.0,0.0,1.756622874458026E-47,0.0287177895063645,5,5
1770320737574,0.9128622141284563,0.7889543583705186,0.14527180168620984,0.07290844613669695,0.0,0.0,1,0.06884228148081267,0.0,0.015625,0.0,0.0,1.4052982995664208E-47,0.02871333229861861,5,5
1770320738027,0.9116040682915171,0.30304576336566325,0.147061527544407,0.07322301255499328,0.0,0.0,1,0.06739257378435294,0.0,0.015625,0.0,0.0,1.1242386396531367E-47,0.028708876474239586,5,5
1770320738463,0.9095288807951227,0.8144110179279557,0.4417635474086167,0.07280568932586776,0.0,0.0,1,0.06648208350628039,0.286697247706422,0.015625,0.0,0.0,8.993909117225094E-48,0.028704422032583388,5,5
1770320738921,0.910953469082245,0.931314629314664,0.0,0.07348705440925195,0.0,0.0,1,0.06539226067668885,0.0,0.015625,0.0,0.0,7.195127293780077E-48,0.02869996897300653,5,5
1770320739347,0.909695323245306,0.7142857142857143,0.0,0.07417428601648075,0.0,0.0,1,0.06575824214511998,0.0,0.015625,0.0,0.0,5.756101835024061E-48,0.028695517294865858,5,5
1770320739812,0.9130286565786393,0.22587697572631282,0.0,0.07486742508252896,0.0,0.0,1,0.06501217152947804,0.0,0.015625,0.0,0.0,4.604881468019249E-48,0.028691066997518555,5,5
1770320740242,0.9138456982380944,0.36421567954234174,0.0,0.07556651264731318,0.0,0.0,1,0.06409119934163159,0.0,0.015625,0.0,0.0,3.6839051744153993E-48,0.02868661808032258,5,5
1770320740677,0.9105123649047612,0.5439837932759934,0.4768338420363692,0.07513408213827633,0.0,0.0,1,0.06490755007548199,0.28735632183908044,0.015625,0.0,0.0,2.94712413953232E-48,0.028682170542635665,5,5
1770320741129,0.9105123649047612,0.22587697572631282,0.0,0.0758354554963411,0.0,0.0,1,0.06495984966334799,0.0,0.015625,0.0,0.0,2.3576993116258558E-48,0.02867772438381644,5,5
1770320741592,0.9051038440750336,0.5890150893739515,0.1633109620872078,0.07616041155900014,0.0,0.0,1,0.06882509575092641,0.0,0.015625,0.0,0.0,1.8861594493006847E-48,0.028673279603223856,5,5
1770320742025,0.9024211099509722,0.0,0.16526256824105462,0.07648651042264097,0.0,0.0,1,0.06712064492213116,0.0,0.015625,0.0,0.0,1.5089275594405478E-48,0.02882380288238029,5,5
1770320742472,0.9036792557879114,0.4164965639175215,0.9748664708713564,0.07491394206911547,0.0,0.0,1,0.06634403770969807,0.5592841163310962,0.015625,0.0,0.0,1.2071420475524383E-48,0.028819336845367194,3,5
1770320742939,0.9070125891212447,0.5439837932759934,0.16237530991085083,0.07523564562682163,0.0,0.0,1,0.06512163524935365,0.0,0.015625,0.0,0.0,9.657136380419507E-49,0.028814872192099106,5,5
1770320743385,0.9082707349581838,0.22587697572631282,0.16431884624694876,0.07555848653208413,0.0,0.0,1,0.06458767008479986,0.0,0.015625,0.0,0.0,7.725709104335606E-49,0.028810408921933095,5,5
1770320743844,0.909087776617639,0.7284313590846835,0.0,0.07626349482934701,0.0,0.0,1,0.06428404908868637,0.0,0.015625,0.0,0.0,6.180567283468485E-49,0.028805947034226453,5,5
1770320744297,0.909087776617639,0.7142857142857143,0.0,0.07697453352841496,0.0,0.0,1,0.06703807423625201,0.0,0.015625,0.0,0.0,4.944453826774788E-49,0.028801486528336917,5,5
1770320744745,0.9036792557879114,0.8689660757568886,0.5132150583256443,0.07653297390763462,0.0,0.0,1,0.06674703487654679,0.27901785714285715,0.015625,0.0,0.0,3.955563061419831E-49,0.028797027403622888,5,5
1770320745193,0.9036792557879114,0.8144110179279557,0.1722249466013919,0.07686038020168656,0.0,0.0,1,0.06542403047712778,0.0,0.015625,0.0,0.0,3.164450449135865E-49,0.028792569659442768,5,5
1770320745654,0.9036792557879114,0.7693092581620721,0.0,0.07757651647925799,0.0,0.0,1,0.06675670146922547,0.0,0.015625,0.0,0.0,2.531560359308692E-49,0.028788113295155515,5,5
1770320746105,0.9070125891212447,0.20203050891044214,0.0,0.0782987592790307,0.0,0.0,1,0.06630573558790132,0.0,0.015625,0.0,0.0,2.0252482874469536E-49,0.028783658310120752,5,5
1770320746562,0.9070125891212447,0.6388765649999399,0.0,0.07902715009633828,0.0,0.0,1,0.0656794887922677,0.0,0.015625,0.0,0.0,1.6201986299575629E-49,0.02877920470369799,5,5
1770320747011,0.9061955474617895,0.7142857142857143,0.5484944711849743,0.07857221207748608,0.0,0.0,1,0.06588049732500076,0.27839643652561247,0.015625,0.0,0.0,1.2961589039660504E-49,0.028774752475247523,5,5
1770320747468,0.9035128133377281,0.0,0.0,0.07930292780954198,0.0,0.0,1,0.06520019374799042,0.0,0.015625,0.0,0.0,1.0369271231728403E-49,0.028924980665119837,5,5
1770320747910,0.9055880008341225,0.6388765649999399,1.0,0.07728225936698008,0.0,0.0,1,0.06557367358813636,0.5656108597285068,0.015625,0.0,0.0,8.295416985382723E-50,0.028920507268790585,3,5
1770320748370,0.9076631883305167,0.8144110179279557,0.0,0.07800199411637505,0.0,0.0,1,0.06535105964049456,0.0,0.015625,0.0,0.0,6.636333588306179E-50,0.028916035255914685,5,5
1770320748838,0.9043298549971835,0.7889543583705186,0.1839946133267897,0.07833452891693722,0.0,0.0,1,0.0641216148261645,0.0,0.015625,0.0,0.0,5.309066870644943E-50,0.028911564625850317,5,5
1770320749277,0.9043298549971833,0.36421567954234174,0.0,0.0790632237485755,0.0,0.0,1,0.06379505636349206,0.0,0.015625,0.0,0.0,4.2472534965159546E-50,0.028907095377956438,5,5
1770320749720,0.9035128133377281,0.45175395145262565,0.0,0.07979811022309777,0.0,0.0,1,0.06365339681514401,0.0,0.015625,0.0,0.0,3.397802797212764E-50,0.028902627511592005,5,5
1770320750165,0.9035128133377281,0.20203050891044214,0.5739626943314349,0.07933812561697469,0.0,0.0,1,0.06291347342736824,0.2808988764044944,0.015625,0.0,0.0,2.718242237770211E-50,0.02889816102611653,5,5
1770320750611,0.9047709591746673,0.5150787536377127,0.0,0.08007534503871953,0.0,0.0,1,0.06275918609148688,0.0,0.015625,0.0,0.0,2.174593790216169E-50,0.028893695920889972,5,5
1770320751064,0.9060291050116067,0.28571428571428575,0.0,0.08081881340830102,0.0,0.0,1,0.06208059135175602,0.0,0.015625,0.0,0.0,1.7396750321729353E-50,0.02888923219527262,5,5
1770320751524,0.9093624383449399,0.10101525445522107,0.0,0.0815685724887306,0.0,0.0,1,0.0630821103843573,0.0,0.015625,0.0,0.0,1.3917400257383483E-50,0.028884769848625313,5,5
1770320751995,0.9093624383449399,0.14285714285714288,0.0,0.08232466411195113,0.0,0.0,1,0.06294885686967974,0.0,0.015625,0.0,0.0,1.1133920205906786E-50,0.028880308880308903,5,5
1770320752447,0.9153785058023345,0.22587697572631282,0.6177648093986889,0.08184805935689388,0.0,0.0,1,0.06290965678793292,0.27654867256637167,0.015625,0.0,0.0,8.907136164725429E-51,0.028875849289685007,5,5
1770320752910,0.9153785058023345,0.28571428571428575,0.20716443125776396,0.0821938155105059,0.0,0.0,1,0.06245188667577355,0.0,0.015625,0.0,0.0,7.125708931780344E-51,0.02887139107611547,5,5
1770320753382,0.9141203599653954,0.614451804788759,0.0,0.08295517916817478,0.0,0.0,1,0.06424369676607478,0.0,0.015625,0.0,0.0,5.700567145424275E-51,0.028866934238962694,5,5
1770320753835,0.9133033183059402,0.40406101782088427,0.0,0.08372295197965228,0.0,0.0,1,0.06610716414505156,0.0,0.015625,0.0,0.0,4.5604537163394206E-51,0.028862478777589184,5,5
1770320754293,0.9120451724690011,0.42857142857142855,0.0,0.08449717594782395,0.0,0.0,1,0.06504779764222546,0.0,0.015625,0.0,0.0,3.648362973071537E-51,0.02885802469135801,5,5
1770320754752,0.9074536932987287,0.28571428571428575,0.6583031427397402,0.0840061791291765,0.0,0.0,1,0.06630735619090547,0.27233115468409586,0.015625,0.0,0.0,2.9186903784572295E-51,0.028853571979632786,5,5
1770320755181,0.9053785058023346,0.614451804788759,0.0,0.0847827797981582,0.0,0.0,1,0.065392023130614,0.0,0.015625,0.0,0.0,2.3349523027657838E-51,0.02884912064177725,5,5
1770320755639,0.9020451724690011,0.5150787536377127,0.0,0.08556588911395596,0.0,0.0,1,0.06666762382570449,0.0,0.015625,0.0,0.0,1.8679618422126272E-51,0.02884467067715568,5,5
1770320756080,0.9033033183059402,0.36421567954234174,0.22975694926573864,0.0859241424495028,0.0,0.0,1,0.06585067928522347,0.0,0.015625,0.0,0.0,1.4943694737701018E-51,0.028840222085132594,5,5
1770320756511,0.9033033183059402,0.31943828249996997,0.23219034621807397,0.08628358529542385,0.0,0.0,1,0.06441046128875788,0.0,0.015625,0.0,0.0,1.1954955790160815E-51,0.02883577486507327,5,5
1770320756945,0.9033033183059402,0.6388765649999399,0.6939360377959007,0.08578068429897896,0.0,0.0,1,0.06364456385952197,0.28801843317972353,0.015625,0.0,0.0,9.563964632128653E-52,0.028831329016342888,5,5
1770320757391,0.9053785058023346,0.40406101782088427,0.23258925749247525,0.08613965102860387,0.0,0.0,1,0.06617603562386956,0.0,0.015625,0.0,0.0,7.651171705702923E-52,0.028826884538307396,5,5
1770320757818,0.9041203599653954,0.8144110179279557,0.0,0.08693410260316681,0.0,1.0,1,0.06572000541943979,0.0,0.015625,0.0,0.0,6.1209373645623386E-52,0.028822441430332968,5,5
1770320758253,0.9041203599653954,0.6388765649999399,0.0,0.08773517778527777,0.0,0.0,1,0.06695108409344783,0.0,0.015625,0.0,0.0,4.896749891649871E-52,0.02881799969178611,5,5
1770320758696,0.9041203599653954,0.6468132241526726,0.0,0.08854291879075554,0.0,0.0,1,0.06749397178635275,0.0,0.015625,0.0,0.0,3.917399913319897E-52,0.028813559322033888,5,5
1770320759138,0.9028622141284562,0.4164965639175215,0.7379028511644178,0.08802487193818996,0.0,0.0,1,0.06671460808245185,0.2828054298642534,0.015625,0.0,0.0,3.1339199306559176E-52,0.028809120320443693,5,5
1770320759579,0.9028622141284562,0.42857142857142855,0.0,0.08883502022541687,0.0,0.0,1,0.06562729497766993,0.0,0.015625,0.0,0.0,2.5071359445247342E-52,0.028804682686383254,5,5
1770320760039,0.9028622141284565,0.5050762722761054,0.0,0.08965189177225394,0.0,0.0,1,0.07075436752651654,0.0,0.015625,0.0,0.0,2.0057087556197876E-52,0.028800246419220743,5,5
1770320760488,0.8982707349581839,0.5050762722761054,0.0,0.09047552884875719,0.0,0.0,1,0.06926375091692587,0.0,0.015625,0.0,0.0,1.60456700449583E-52,0.028795811518324554,5,5
1770320760941,0.8990877766176391,0.931314629314664,1.0,0.08860320372087693,0.0,0.0,1,0.06928262715882347,0.5518763796909492,0.015625,0.0,0.0,1.2836536035966642E-52,0.02879137798306386,3,5
1770320761390,0.9024211099509722,0.20203050891044214,0.0,0.08941815267676943,0.0,0.0,1,0.07226106934452783,0.0,0.015625,0.0,0.0,1.0269228828773315E-52,0.02878694581280783,5,5
1770320761845,0.8970125891212447,0.20203050891044214,0.0,0.09023985509696186,0.0,0.0,1,0.07311567428887053,0.0,0.015625,0.0,0.0,8.215383063018652E-53,0.0287825150069263,5,5
1770320762276,0.8916040682915172,0.8144110179279557,1.0,0.08837261088289297,0.0,0.0,1,0.07169003041186475,0.580046403712297,0.015625,0.0,0.0,6.572306450414922E-53,0.028778085564789113,3,5
1770320762720,0.8916040682915172,0.20203050891044214,0.25213731790994537,0.08874011379308067,0.0,0.0,1,0.07005931080785113,0.0,0.015625,0.0,0.0,5.257845160331938E-53,0.02877365748576699,5,5
1770320763169,0.8916040682915172,0.6060915267313265,0.0,0.08955619807562469,0.0,0.0,1,0.06961188837327471,0.0,0.015625,0.0,0.0,4.2062761282655505E-53,0.02876923076923077,5,5
1770320763640,0.8922116149191842,0.14285714285714288,0.0,0.0903790429440013,0.0,0.0,1,0.06912864952788117,0.0,0.015625,0.0,0.0,3.3650209026124404E-53,0.02876480541455162,5,5
1770320764067,0.8888782815858509,0.4164965639175215,0.0,0.09120869068077213,0.0,0.0,1,0.07158545081183035,0.0,0.015625,0.0,0.0,2.6920167220899523E-53,0.028760381421101155,5,5
1770320764518,0.8855449482525175,0.20203050891044214,0.7989292185175535,0.09067264335511487,0.0,0.0,1,0.07003295554162017,0.2771618625277162,0.015625,0.0,0.0,2.1536133776719618E-53,0.028755958788251545,5,5
1770320764950,0.8855449482525175,0.42857142857142855,0.2675918921136669,0.09104760799978523,0.0,0.0,1,0.0689034235221946,0.0,0.015625,0.0,0.0,1.7228907021375695E-53,0.02875153751537518,5,5
1770320765406,0.8901364274227899,0.14285714285714288,0.2702193604671259,0.09142377898310478,0.0,0.0,1,0.06761653812067382,0.0,0.015625,0.0,0.0,1.3783125617100556E-53,0.028747117601844785,5,5
1770320765868,0.891394573259729,0.5714285714285715,0.0,0.09226204407126684,0.0,0.0,1,0.06716769179082187,0.0,0.015625,0.0,0.0,1.1026500493680445E-53,0.028742699047033526,5,5
1770320766309,0.8926527190966684,0.20203050891044214,0.0,0.09310720751959704,0.0,0.0,1,0.06758453658750771,0.0,0.015625,0.0,0.0,8.821200394944356E-54,0.028738281850315017,5,5
1770320766770,0.8947279065930627,0.28571428571428575,0.8384264240212023,0.09255825514386486,0.0,0.0,1,0.0666400244449316,0.27114967462039047,0.015625,0.0,0.0,7.056960315955485E-54,0.028733866011063314,5,5
1770320767218,0.8941203599653954,0.7142857142857143,0.0,0.09340585269899751,0.0,0.0,1,0.06653847183197438,0.0,0.015625,0.0,0.0,5.645568252764388E-54,0.028729451528652583,5,5
1770320767669,0.8920451724690014,0.931314629314664,0.0,0.09426040576347877,0.0,0.0,1,0.0659077570752356,0.0,0.015625,0.0,0.0,4.51645460221151E-54,0.02872503840245777,5,5
1770320768114,0.8907870266320622,0.6468132241526726,0.0,0.09512195661499641,0.0,0.0,1,0.06528758259675177,0.0,0.015625,0.0,0.0,3.613163681769208E-54,0.02872062663185382,5,5
1770320768562,0.889969984972607,0.0,0.0,0.09599054751385336,0.0,0.0,1,0.06453603567494869,0.0,0.015625,0.0,0.0,2.8905309454153665E-54,0.028869778869778817,5,5
1770320769009,0.8945614641428795,0.14285714285714288,1.0,0.09399901533011702,0.0,0.0,1,0.06364926869070778,0.5592841163310962,0.015625,0.0,0.0,2.3124247563322932E-54,0.02886534623061565,3,5
1770320769452,0.8912281308095462,0.22587697572631282,0.0,0.09485842708296617,0.0,0.0,1,0.062846082781441,0.0,0.015625,0.0,0.0,1.8499398050658346E-54,0.028860914952410166,5,5
1770320769903,0.889969984972607,0.5439837932759934,0.0,0.09572486599019447,0.0,0.0,1,0.06493675881080285,0.0,0.015625,0.0,0.0,1.4799518440526678E-54,0.02885648503453564,5,5
1770320770355,0.8878947974762128,0.20203050891044214,0.0,0.09659837429635944,0.0,0.0,1,0.06484184416769108,0.0,0.015625,0.0,0.0,1.1839614752421343E-54,0.028852056476365906,5,5
1770320770796,0.8872872508485458,0.0,0.0,0.09747899421828918,0.0,0.0,1,0.06534756126325907,0.0,0.015625,0.0,0.0,9.471691801937075E-55,0.029001074113856107,5,5
1770320771248,0.8872872508485458,0.7693092581620721,1.0,0.09545518935040322,0.0,0.0,1,0.06544008566978565,0.5530973451327433,0.015625,0.0,0.0,7.57735344154966E-55,0.028996624731512766,3,5
1770320771690,0.8872872508485458,0.8144110179279557,0.0,0.09632649875620061,0.0,0.0,1,0.064977884176948,0.0,0.015625,0.0,0.0,6.0618827532397284E-55,0.02899217671421994,5,5
1770320772117,0.8872872508485458,0.931314629314664,0.0,0.09720490667251504,0.0,0.0,1,0.06465663422897351,0.0,0.015625,0.0,0.0,4.849506202591783E-55,0.028987730061349692,5,5
1770320772567,0.8826957716782733,0.22587697572631282,0.0,0.09809045529331549,0.0,0.0,1,0.06500862360581065,0.0,0.015625,0.0,0.0,3.8796049620734265E-55,0.028983284772274187,5,5
1770320772997,0.8847709591746674,0.7142857142857143,0.0,0.09898318677422105,0.0,0.0,1,0.06449687443290342,0.0,0.015625,0.0,0.0,3.1036839696587413E-55,0.02897884084636615,5,5
1770320773453,0.8860291050116066,0.6388765649999399,1.0,0.0979023540934996,0.0,0.0,1,0.06422080006858197,0.2741228070175438,0.015625,0.0,0.0,2.482947175726993E-55,0.028974398282998637,5,5
1770320773942,0.8833463708875452,0.7142857142857143,0.0,0.09879356103384465,0.0,0.0,1,0.06379935540617733,0.0,0.015625,0.0,0.0,1.9863577405815948E-55,0.02896995708154504,5,5
1770320774369,0.8854215583839394,0.614451804788759,0.324206442562994,0.09919401855113029,0.0,0.0,1,0.06273903479295852,0.0,0.015625,0.0,0.0,1.589086192465276E-55,0.0289655172413793,5,5
1770320774813,0.8860291050116066,0.7889543583705186,0.0,0.10009567872808844,0.0,0.0,1,0.06376646862927811,0.0,0.015625,0.0,0.0,1.2712689539722208E-55,0.02896107876187559,5,5
1770320775253,0.8860291050116066,0.31943828249996997,0.0,0.10100461580595367,0.0,0.0,1,0.06331796167019296,0.0,0.015625,0.0,0.0,1.0170151631777768E-55,0.02895664164240841,5,5
1770320775686,0.8906205841818792,0.42857142857142855,1.0,0.10040121730527488,0.0,0.0,1,0.06615992219841971,0.28868360277136257,0.015625,0.0,0.0,8.136121305422215E-56,0.02895220588235292,5,5
1770320776126,0.8939539175152125,0.28571428571428575,0.3353436967885377,0.10080656394432425,0.0,0.0,1,0.06683746031726315,0.0,0.015625,0.0,0.0,6.508897044337772E-56,0.028947771481084406,5,5
1770320776566,0.8939539175152125,0.45175395145262565,0.0,0.10172122643888151,0.0,0.0,1,0.06559274003494107,0.0,0.015625,0.0,0.0,5.207117635470219E-56,0.028943338437978583,5,5
1770320777002,0.8939539175152125,0.7142857142857143,0.0,0.10264324063785052,0.0,0.0,1,0.06534533616818711,0.0,0.015625,0.0,0.0,4.165694108376175E-56,0.02893890675241162,5,5
1770320777436,0.8939539175152125,0.5439837932759934,0.0,0.10357264840493478,0.0,0.0,1,0.06434648997473318,0.0,0.015625,0.0,0.0,3.3325552867009406E-56,0.028934476423759903,5,5
1770320777880,0.8874536932987288,0.6468132241526726,1.0,0.10295128015222986,0.0,0.0,1,0.06794522081674224,0.28153153153153154,0.015625,0.0,0.0,2.6660442293607525E-56,0.028930047451400598,5,5
1770320778377,0.8907870266320622,0.40406101782088427,0.0,0.10388315408346535,0.0,0.0,1,0.06763730575519558,0.0,0.015625,0.0,0.0,2.132835383488602E-56,0.02892561983471076,5,5
1770320778843,0.8953785058023346,0.22587697572631282,0.0,0.10482247723182711,0.0,0.0,1,0.066804263932431,0.0,0.015625,0.0,0.0,1.7062683067908815E-56,0.028921193573068105,5,5
1770320779273,0.9018787300188181,0.20203050891044214,0.0,0.10576929126633883,0.0,0.0,1,0.06648388968882296,0.0,0.015625,0.0,0.0,1.3650146454327053E-56,0.02891676866585069,5,5
1770320779728,0.9031368758557572,0.6468132241526726,0.0,0.10672363776059475,0.0,0.0,1,0.06770282438337856,0.0,0.015625,0.0,0.0,1.0920117163461643E-56,0.0289123451124369,5,5
1770320780215,0.8998035425224239,0.40406101782088427,1.0,0.1055502023338522,0.0,0.0,1,0.06692596432395029,0.2566735112936345,0.015625,0.0,0.0,8.736093730769314E-57,0.028907922912205564,5,5
1770320780667,0.9031368758557572,0.28571428571428575,0.0,0.10650280728498146,0.0,0.0,1,0.06576412179080623,0.0,0.015625,0.0,0.0,6.988874984615452E-57,0.028903502064535846,5,5
1770320781108,0.9031368758557571,0.5714285714285715,0.3792225801850293,0.10692623625197151,0.0,0.0,1,0.06490670986023565,0.0,0.015625,0.0,0.0,5.591099987692362E-57,0.028899082568807355,5,5
1770320781565,0.9031368758557571,0.4164965639175215,0.0,0.10788976192784168,0.0,0.0,1,0.06718512917957085,0.0,0.015625,0.0,0.0,4.4728799901538894E-57,0.02889466442439992,5,5
1770320782029,0.9023198341963021,0.4164965639175215,0.3898215036644129,0.10831719662973602,0.0,0.0,1,0.06616373379978749,0.0,0.015625,0.0,0.0,3.578303992123112E-57,0.028890247630694033,5,5
1770320782464,0.9031368758557571,0.22587697572631282,1.0,0.10552739104615201,0.0,0.0,1,0.070081037457375,0.5747126436781609,0.015625,0.0,0.0,2.8626431936984895E-57,0.028885832187070193,3,5
1770320782921,0.9031368758557571,0.10101525445522107,0.0,0.10647981420506955,0.0,0.0,1,0.07238399854751197,0.0,0.015625,0.0,0.0,2.2901145549587917E-57,0.02888141809290956,5,5
1770320783414,0.9058196099798186,0.31943828249996997,0.0,0.10743980072469633,0.0,0.0,1,0.07436823255695457,0.0,0.015625,0.0,0.0,1.8320916439670336E-57,0.02887700534759363,5,5
1770320783870,0.9112281308095461,0.31943828249996997,0.0,0.10840739199410244,0.0,0.0,1,0.07293729263595987,0.0,0.015625,0.0,0.0,1.465673315173627E-57,0.028872593950504122,5,5
1770320784299,0.9126527190966683,0.5714285714285715,0.0,0.10938262928646802,0.0,0.0,1,0.07331239625499625,0.0,0.015625,0.0,0.0,1.1725386521389016E-57,0.028868183901023414,5,5
1770320784776,0.9113945732597292,0.28571428571428575,1.0,0.10872012492528757,0.0,0.0,1,0.07259166232072971,0.2620545073375262,0.015625,0.0,0.0,9.380309217111212E-58,0.028863775198533892,5,5
1770320785216,0.91013642742279,0.20203050891044214,0.0,0.10969782924274943,0.0,0.0,1,0.07086178772017183,0.0,0.015625,0.0,0.0,7.504247373688971E-58,0.028859367842418715,5,5
1770320785656,0.9074536932987287,0.36421567954234174,0.39836684799930167,0.11013042724204115,0.0,0.0,1,0.06893826821328246,0.0,0.015625,0.0,0.0,6.003397898951177E-58,0.028854961832061043,5,5
1770320786097,0.9120451724690011,0.36421567954234174,0.0,0.1111192328025359,0.0,0.0,1,0.06807061854020077,0.0,0.015625,0.0,0.0,4.8027183191609414E-58,0.028850557166844704,5,5
1770320786573,0.9153785058023344,0.10101525445522107,0.0,0.11211579769093985,0.0,0.0,1,0.0673389014030842,0.0,0.015625,0.0,0.0,3.8421746553287536E-58,0.028846153846153855,5,5
1770320787003,0.9153785058023344,0.614451804788759,1.0,0.11143371147858185,0.0,0.0,1,0.06650606267196996,0.29069767441860467,0.015625,0.0,0.0,3.073739724263003E-58,0.028841751869372767,5,5
1770320787424,0.9145614641428792,0.5050762722761054,0.0,0.11243273980015114,0.0,0.0,1,0.0663293331448028,0.0,0.015625,0.0,0.0,2.4589917794104027E-58,0.028837351235886488,5,5
1770320787862,0.9159860524300013,0.6388765649999399,0.0,0.1134395810805398,0.0,0.0,1,0.06669278641876923,0.0,0.015625,0.0,0.0,1.9671934235283224E-58,0.028832951945080065,5,5
1770320788293,0.9126527190966681,0.5050762722761054,0.0,0.1144542758836969,0.0,1.0,1,0.06649073179857795,0.0,0.015625,0.0,0.0,1.573754738822658E-58,0.028828553996339212,5,5
1770320788746,0.9099699849726067,0.22587697572631282,0.0,0.11547686460938712,0.0,0.0,1,0.06619067222218952,0.0,0.015625,0.0,0.0,1.2590037910581265E-58,0.028824157389049865,5,5
1770320789190,0.9120451724690011,0.7693092581620721,1.0,0.11249480715063571,0.0,0.0,1,0.06493817928135685,0.5630630630630631,0.015625,0.0,0.0,1.0072030328465013E-58,0.028819762122598402,3,5
1770320789641,0.911437625841334,0.20203050891044214,0.4120064098281074,0.11293526301082735,0.0,0.0,1,0.06516065342402713,0.0,0.015625,0.0,0.0,8.057624262772012E-59,0.028815368196371427,5,5
1770320790097,0.9093624383449397,0.7142857142857143,0.0,0.11394602615896281,0.0,0.0,1,0.06457577194765315,0.0,0.015625,0.0,0.0,6.4460994102176096E-59,0.028810975609756095,5,5
1770320790544,0.9120451724690011,0.5890150893739515,0.42323632555555485,0.11439049726999355,0.0,0.0,1,0.06357420166806076,0.0,0.015625,0.0,0.0,5.156879528174088E-59,0.028806584362139898,5,5
1770320791002,0.9074536932987287,0.6468132241526726,1.0,0.11199703407843613,0.0,0.0,1,0.06641323684472453,0.5458515283842794,0.015625,0.0,0.0,4.12550362253927E-59,0.028802194452910657,3,5
1770320791454,0.9082707349581836,0.4164965639175215,0.4016222619733264,0.11243610242857062,0.0,0.0,1,0.06708529671589909,0.0,0.015625,0.0,0.0,3.3004028980314163E-59,0.02879780588145664,5,5
1770320791880,0.909528880795123,0.30304576336566325,0.0,0.11344296902008742,0.0,0.0,1,0.06674540351721776,0.0,0.015625,0.0,0.0,2.6403223184251333E-59,0.028793418647166336,5,5
1770320792315,0.9128622141284563,0.4164965639175215,0.412657176522173,0.11388605255606671,0.0,0.0,1,0.0653168800829446,0.0,0.015625,0.0,0.0,2.1122578547401068E-59,0.02878903274942879,5,5
1770320792781,0.9141203599653954,0.8144110179279557,0.0,0.11490422226913179,0.0,0.0,1,0.06476640921389701,0.0,0.015625,0.0,0.0,1.6898062837920854E-59,0.028784648187633266,5,5
1770320793242,0.9153785058023345,0.30304576336566325,1.0,0.11420200537326097,0.0,0.0,1,0.0638651867207782,0.27114967462039047,0.015625,0.0,0.0,1.3518450270336684E-59,0.028780264961169477,5,5
1770320793686,0.9180612399263959,0.45175395145262565,0.0,0.11522263224993443,0.0,0.0,1,0.06366215399476578,0.0,0.015625,0.0,0.0,1.0814760216269348E-59,0.028775883069427577,5,5
1770320794125,0.9166366516392734,0.31943828249996997,0.0,0.11625118328898858,0.0,0.0,1,0.06288440129542319,0.0,0.015625,0.0,0.0,8.651808173015479E-60,0.02877150251179783,5,5
1770320794551,0.9166366516392734,0.22587697572631282,0.0,0.11728769858177454,0.0,0.0,1,0.06266538152315113,0.0,0.015625,0.0,0.0,6.921446538412384E-60,0.02876712328767128,5,5
1770320795001,0.9153785058023344,0.7693092581620721,0.0,0.11833221803222722,0.0,0.0,1,0.062379031452653264,0.0,0.015625,0.0,0.0,5.537157230729908E-60,0.02876274539643886,5,5
1770320795444,0.9133033183059402,0.10101525445522107,1.0,0.1176050440887305,0.0,0.0,1,0.06288005032573478,0.28216704288939054,0.015625,0.0,0.0,4.4297257845839266E-60,0.028758368837492387,5,5
1770320795871,0.9078947974762127,0.10101525445522107,0.0,0.11865200956081005,0.0,1.0,1,0.06307843232375598,0.0,0.015625,0.0,0.0,3.5437806276671415E-60,0.028753993610223683,5,5
1770320796298,0.9066366516392735,0.45175395145262565,1.0,0.11616453192297958,0.0,0.0,1,0.06621885931209276,0.585480093676815,0.015625,0.0,0.0,2.8350245021337134E-60,0.0287496197140249,3,5
1770320796722,0.901228130809546,0.40406101782088427,0.0,0.11720037646784733,0.0,0.0,1,0.06557246763934377,0.0,0.015625,0.0,0.0,2.2680196017069709E-60,0.028745247148288966,5,5
1770320797178,0.901228130809546,0.6060915267313265,0.0,0.11824422181201175,0.0,0.0,1,0.06609070294199507,0.0,0.015625,0.0,0.0,1.8144156813655768E-60,0.028740875912408814,5,5
1770320797610,0.8958196099798185,0.8689660757568886,0.4399723783278247,0.11870033516585685,0.0,0.0,1,0.06500895017312314,0.0,0.015625,0.0,0.0,1.4515325450924616E-60,0.028736506005777707,5,5
1770320798061,0.8958196099798185,0.6776309271789385,0.0,0.11975572734997605,0.0,0.0,1,0.06441276163513644,0.0,0.015625,0.0,0.0,1.1612260360739694E-60,0.028732137427789572,5,5
1770320798484,0.9004110891500908,0.5050762722761054,1.0,0.11842373508109648,0.0,0.0,1,0.06644494040585122,0.29550827423167847,0.015625,0.0,0.0,9.289808288591755E-61,0.028727770177838563,5,5
1770320798934,0.8983359016536965,0.5890150893739515,0.0,0.11947700109817644,0.0,0.0,1,0.06556430955055728,0.0,0.015625,0.0,0.0,7.431846630873404E-61,0.028723404255319163,5,5
1770320799380,0.8983359016536965,0.5050762722761054,0.0,0.12053835389461341,0.0,0.0,1,0.06458914001191228,0.0,0.015625,0.0,0.0,5.945477304698724E-61,0.02871903965962619,5,5
1770320799827,0.8969113133665744,0.6776309271789385,0.4539502922129715,0.12100052930715044,0.0,0.0,1,0.06439660780704043,0.0,0.015625,0.0,0.0,4.756381843758979E-61,0.028714676390155014,5,5
1770320800254,0.8956531675296352,0.42857142857142855,1.0,0.1184610912470825,0.0,0.0,1,0.06385401624348659,0.585480093676815,0.015625,0.0,0.0,3.805105475007184E-61,0.02871031444630112,3,5
1770320800711,0.8891529433131516,0.10101525445522107,0.0,0.11951464392771749,0.0,0.0,1,0.0630133574143854,0.0,0.015625,0.0,0.0,3.044084380005747E-61,0.02870595382746055,5,5
1770320801167,0.891228130809546,0.40406101782088427,0.0,0.12057628477571275,0.0,0.0,1,0.06254385848278902,0.0,0.015625,0.0,0.0,2.4352675040045976E-61,0.028701594533029562,5,5
1770320801623,0.8880612399263955,0.8144110179279557,0.4465526374839491,0.12103855898075003,0.0,0.0,1,0.06184777286353599,0.0,0.015625,0.0,0.0,1.948214003203678E-61,0.028697236562405082,5,5
1770320802085,0.8880612399263957,0.5890150893739515,0.0,0.12211185897060606,0.0,0.0,1,0.06224811977841997,0.0,0.015625,0.0,0.0,1.5585712025629427E-61,0.028692879914984037,5,5
1770320802535,0.8859860524300015,0.5890150893739515,1.0,0.1213568975874465,0.0,0.0,1,0.0625822146524461,0.2777777777777778,0.015625,0.0,0.0,1.2468569620503543E-61,0.02868852459016391,5,5
1770320802966,0.8859860524300015,0.7354021529276429,0.44847785411367086,0.12182120953221066,0.0,0.0,1,0.06929628211406223,0.0,0.015625,0.0,0.0,9.974855696402835E-62,0.028684170587342517,5,5
1770320803409,0.8844917241762685,0.22587697572631282,0.4512329106284212,0.12228672782450292,0.0,0.0,1,0.06774793445239137,0.0,0.015625,0.0,0.0,7.979884557122267E-62,0.028679817905918004,5,5
1770320803843,0.8836746825168135,0.10101525445522107,1.0,0.11912090679269811,0.0,0.0,1,0.06636607660521378,0.5760368663594471,0.015625,0.0,0.0,6.383907645697814E-62,0.028675466545289074,3,5
1770320804288,0.8857498700132077,0.20203050891044214,0.4209709170952698,0.1195793474046211,0.0,0.0,1,0.06570938599138451,0.0,0.015625,0.0,0.0,5.107126116558252E-62,0.02867111650485432,5,5
1770320804744,0.8857498700132077,0.7693092581620721,0.0,0.12064148309679087,0.0,0.0,1,0.06487806883837295,0.0,0.015625,0.0,0.0,4.085700893246602E-62,0.028666767784013336,5,5
1770320805163,0.8849328283537526,0.10101525445522107,0.0,0.12171174858310595,0.0,0.0,1,0.06414321956733118,0.0,0.015625,0.0,0.0,3.2685607145972814E-62,0.0286624203821656,5,5
1770320805608,0.8830938232741522,0.6388765649999399,0.4411113538012167,0.12217698207934702,0.0,0.0,1,0.06348573754206638,0.0,0.015625,0.0,0.0,2.6148485716778254E-62,0.028658074298711145,5,5
1770320806032,0.8785023441038798,0.6060915267313265,1.0,0.12142153828668499,0.0,0.0,1,0.06385759948867857,0.294811320754717,0.015625,0.0,0.0,2.0918788573422604E-62,0.028653729533050343,5,5
1770320806470,0.8797604899408188,0.20203050891044214,0.0,0.12249775950294635,0.0,0.0,1,0.06299210614439749,0.0,0.015625,0.0,0.0,1.6735030858738084E-62,0.028649386084583894,5,5
1770320806918,0.8785023441038798,0.5050762722761054,0.4434388411813561,0.122965026777445,0.0,0.0,1,0.06216701451241647,0.0,0.015625,0.0,0.0,1.3388024686990468E-62,0.028645043952712945,5,5
1770320807349,0.8751690107705465,0.7142857142857143,0.0,0.12405299668463711,0.0,0.0,1,0.062169622116324444,0.0,0.015625,0.0,0.0,1.0710419749592374E-62,0.028640703136838863,5,5
1770320807810,0.8705775316002742,0.10101525445522107,0.0,0.12514921893417033,0.0,0.0,1,0.06379836543905008,0.0,0.015625,0.0,0.0,8.5683357996739E-63,0.028636363636363682,5,5
1770320808281,0.8705775316002742,0.22587697572631282,1.0,0.1243717226531228,0.0,0.0,1,0.06293912187383967,0.2653927813163482,0.015625,0.0,0.0,6.85466863973912E-63,0.028632025450689325,5,5
1770320808731,0.8645614641428796,0.28571428571428575,0.0,0.12547035762219402,0.0,0.0,1,0.06312532266523868,0.0,0.015625,0.0,0.0,5.483734911791296E-63,0.02862768857921838,5,5
1770320809156,0.8677283550260296,0.31943828249996997,0.0,0.12657729428299588,0.0,0.0,1,0.06452702955087879,0.0,0.015625,0.0,0.0,4.386987929433037E-63,0.02862335302135388,5,5
1770320809599,0.8685453966854847,0.45175395145262565,0.0,0.12769257054765812,0.0,0.0,1,0.0642961599290287,0.0,0.015625,0.0,0.0,3.50959034354643E-63,0.028619018776499083,5,5
1770320810025,0.8677283550260296,0.10101525445522107,0.0,0.12881622405300036,0.0,0.0,1,0.06570901486443735,0.0,0.015625,0.0,0.0,2.8076722748371444E-63,0.028614685844057575,5,5
1770320810481,0.8677283550260296,0.931314629314664,1.0,0.1280112804187042,0.0,0.0,1,0.06497889371302909,0.2741228070175438,0.015625,0.0,0.0,2.2461378198697157E-63,0.028610354223433276,5,5
1770320810925,0.8704110891500909,0.36421567954234174,0.0,0.12913732291570565,0.0,0.0,1,0.06396665710406228,0.0,0.015625,0.0,0.0,1.7969102558957728E-63,0.028606023914030554,5,5
1770320811372,0.8689865008629688,0.45175395145262565,0.0,0.13027179056684032,0.0,0.0,1,0.06578457667045909,0.0,0.015625,0.0,0.0,1.4375282047166182E-63,0.028601694915254217,5,5
1770320811831,0.8702446466999079,0.8689660757568886,0.0,0.13141472034336726,0.0,0.0,1,0.06942399775961582,0.0,0.015625,0.0,0.0,1.1500225637732946E-63,0.028597367226509296,5,5
1770320812258,0.8702446466999079,0.7142857142857143,0.0,0.13256614890902585,0.0,0.0,1,0.06864670498830078,0.0,0.015625,0.0,0.0,9.200180510186357E-64,0.028593040847201157,5,5
1770320812703,0.8716692349870301,0.20203050891044214,1.0,0.13173286289201772,0.0,0.0,1,0.06767153534911631,0.2808988764044944,0.015625,0.0,0.0,7.360144408149086E-64,0.028588715776735718,5,5
1770320813146,0.8737444224834242,0.5439837932759934,0.0,0.1328866521009641,0.0,0.0,1,0.0665803843576496,0.0,0.015625,0.0,0.0,5.888115526519269E-64,0.02858439201451901,5,5
1770320813611,0.8683359016536967,0.5890150893739515,0.0,0.13404898644892502,0.0,0.0,1,0.06603208726427266,0.0,0.015625,0.0,0.0,4.7104924212154156E-64,0.02858006955995762,5,5
1770320814058,0.8716692349870301,0.31943828249996997,0.0,0.1352199018617004,0.0,0.0,1,0.06524760484981092,0.0,0.015625,0.0,0.0,3.7683939369723326E-64,0.028575748412458468,5,5
1770320814484,0.8716692349870301,0.31943828249996997,0.5387674390889658,0.13571836235011,0.0,0.0,1,0.06459780102027501,0.0,0.015625,0.0,0.0,3.0147151495778663E-64,0.02857142857142858,5,5
1770320814973,0.8716692349870301,0.36421567954234174,1.0,0.13486103673268976,0.0,0.0,1,0.0648500340903469,0.2556237218813906,0.015625,0.0,0.0,2.4117721196622933E-64,0.028567110036275656,5,5
1770320815395,0.8641203599653954,0.45175395145262565,0.5268473097156637,0.13535866147830083,0.0,0.0,1,0.06377568399883388,0.0,0.015625,0.0,0.0,1.9294176957298348E-64,0.028562792806407722,5,5
1770320815828,0.8641203599653954,0.10101525445522107,0.5292491269869365,0.13585744365209657,0.0,0.0,1,0.06352732985476484,0.0,0.015625,0.0,0.0,1.5435341565838678E-64,0.02855847688123303,5,5
1770320816262,0.8641203599653954,0.7071067811865476,0.0,0.13704165488600267,0.0,0.0,1,0.06275339643308173,0.0,0.015625,0.0,0.0,1.2348273252670942E-64,0.028554162260160165,5,5
1770320816721,0.8641203599653954,0.7142857142857143,0.0,0.1382345369118457,0.0,0.0,1,0.06511836602023058,0.0,0.015625,0.0,0.0,9.878618602136755E-65,0.028549848942598155,5,5
1770320817178,0.8628622141284562,0.0,1.0,0.13735788137243946,0.0,0.0,1,0.06918471725069597,0.2735229759299781,0.015625,0.0,0.0,7.902894881709405E-65,0.028696571514876923,5,5
1770320817613,0.8604541417316959,0.5150787536377127,0.5383646304612837,0.1378612632978518,0.0,0.0,1,0.0675423259608859,0.0,0.015625,0.0,0.0,6.322315905367524E-65,0.028692237994563552,5,5
1770320818077,0.8628622141284562,0.7889543583705186,1.0,0.1349456863856252,0.0,0.0,1,0.0672567229732041,0.5387931034482758,0.015625,0.0,0.0,5.05785272429402E-65,0.02868790578287783,3,5
1770320818332,0.8506974469570449,0.507378075673286,1.0,0.13342469285384223,0.0,0.0,0,0.06091295717036964,0.0,0.015625,0.0,0.0,4.046282179435216E-65,0.028791076273741334,4,5
1770320818587,0.8445393500289715,0.6142611014072853,0.9562368495195119,0.13325024408643088,0.0,0.0,1,0.0616728849316318,0.0,0.015625,0.0,0.0,3.237025743548173E-65,0.028743416102332553,5,5
1770320818842,0.8407404995386499,0.4663489603223188,1.0,0.1310926790301266,0.0,0.09090909090909094,0,0.061272797850182206,0.0,0.015625,0.0,0.0,2.589620594838539E-65,0.028695913461538436,5,5
1770320819098,0.8311816037161339,0.5011036599765626,1.0,0.12962005067940793,0.0,0.0,1,0.06120246787571716,0.0,0.015625,0.0,0.0,2.071696475870831E-65,0.028648567571621375,5,5
1770320819354,0.8371638609799675,0.4377402732101975,1.0,0.128165831075689,0.0,0.09090909090909094,1,0.06173797493877547,0.0,0.015625,0.0,0.0,1.657357180696665E-65,0.02860137765798143,5,5
1770320819609,0.8345347767578738,0.4552757276415866,1.0,0.12672974853859106,0.0,0.09090909090909094,0,0.06078452407759531,0.0,0.015625,0.0,0.0,1.325885744557332E-65,0.02855434295111381,5,5
1770320819865,0.8455200262181835,0.3823385096023476,1.0,0.11979061310674527,0.0,0.09090909090909094,0,0.06693908634170406,0.9765625,0.015625,0.0,0.0,1.0607085956458658E-65,0.02850746268656712,4,5
1770320820120,0.8362940152960336,0.5841298088350844,0.7057883964477297,0.1196502811695001,0.0,0.0,0,0.06596661329009972,0.0,0.015625,0.0,0.0,8.485668765166927E-66,0.028460736104902407,5,5
1770320820376,0.8443054420176792,0.46717822726392133,0.7029834970059832,0.11951028093378148,0.0,0.0,1,0.07223404012708573,0.0,0.015625,0.0,0.0,6.788535012133542E-66,0.02856292770008928,5,5
1770320820631,0.8339272301302066,0.46853939725283067,1.0,0.11877446707549959,0.0,0.0,1,0.06530256589420637,0.0,0.015625,0.0,0.0,5.430828009706834E-66,0.02866478538541517,5,5
1770320820886,0.8502179593149022,0.4174224669881896,1.0,0.1162842731537176,0.0,0.09090909090909094,0,0.07157030729177673,0.9803921568627451,0.015625,0.0,0.0,4.344662407765467E-66,0.028766310794780536,4,5
1770320821142,0.8491693085097511,0.40116927642125694,1.0,0.11384906339444358,0.0,0.0,1,0.06986558759204384,0.0,0.015625,0.0,0.0,3.475729926212374E-66,0.02871946706143602,5,5
1770320821397,0.8426306049827603,0.48209896202366376,1.0,0.11258933564749107,0.0,0.18181818181818177,0,0.06685018994003535,0.0,0.015625,0.0,0.0,2.7805839409698995E-66,0.02882057345551281,5,5
1770320821652,0.8523628867779068,0.49296785094072326,0.6100218808185017,0.11246552809846071,0.0,0.09090909090909094,1,0.06549681199638167,0.0,0.015625,0.0,0.0,2.2244671527759197E-66,0.028921351630515013,5,5
1770320821909,0.8558964727549845,0.5390944578168991,0.6087589154816697,0.11234199541923738,0.0,0.0,1,0.07121303587038517,0.0,0.015625,0.0,0.0,1.7795737222207358E-66,0.028874484384207477,5,5
1770320822163,0.8374654852242299,0.5604855123747109,1.0,0.11054570952716121,0.0,0.0,0,0.08622170222327422,0.0,0.015625,0.0,0.0,1.4236589777765886E-66,0.028827768789527863,5,5
1770320822419,0.8453785058023345,0.6517483877635971,0.8730777089308984,0.10987487746796339,0.0,0.0,1,0.07800948029754866,0.0,0.015625,0.0,0.0,1.138927182221271E-66,0.028781204111600567,5,5
1770320822675,0.842045172469001,0.45412342884359574,1.0,0.10812066381816918,0.0,0.0,1,0.07037417917682548,0.0,0.015625,0.0,0.0,9.111417457770168E-67,0.028734789620290302,5,5
1770320822930,0.8288969211879516,0.52297869325214,1.0,0.10586487529458632,0.0,0.0,1,0.07109745426135151,0.49019607843137253,0.015625,0.0,0.0,7.289133966216136E-67,0.02868852459016391,5,5
1770320823185,0.8390877766176389,0.5033612951504927,0.799910408163672,0.10522734327749962,0.0,0.0,1,0.06644540743140191,0.0,0.015625,0.0,0.0,5.8313071729729086E-67,0.02864240830045306,5,5
1770320823441,0.83359434522984,0.5834456507334199,0.7913271476033468,0.10459431316083762,0.0,0.0,0,0.06650497863566118,0.0,0.015625,0.0,0.0,4.665045738378327E-67,0.028596440035016046,5,5
1770320823696,0.8512014434245401,0.4903103858479765,0.2650591267725519,0.10501215239834791,0.0,0.09090909090909094,1,0.07346060736274813,0.0,0.015625,0.0,0.0,3.732036590702662E-67,0.028550619082301498,5,5
1770320823951,0.8393193857633351,0.4995678417585488,1.0,0.10078528997962782,0.0,0.0,0,0.07113084783741638,0.9803921568627451,0.015625,0.0,0.0,2.9856292725621297E-67,0.028504944735311177,4,5
1770320824206,0.8307172866654513,0.5519693548809349,0.72984593174108,0.1001834053362282,0.0,0.0,0,0.06437823535053429,0.0,0.015625,0.0,0.0,2.388503418049704E-67,0.02845941629156379,5,5
1770320824462,0.846776406704451,0.4282675653760798,0.7230167678545928,0.09958571072383458,0.0,0.0,1,0.06977200825296548,0.0,0.015625,0.0,0.0,1.9108027344397634E-67,0.028414033053058896,5,5
1770320824718,0.8484756567188741,0.5254744034706138,0.7163484292417752,0.09899216989502391,0.0,0.09090909090909094,0,0.062011781896219094,0.0,0.015625,0.0,0.0,1.528642187551811E-67,0.028368794326241176,5,5
1770320824973,0.8649061409687469,0.43960112637450555,0.9396826116520322,0.0979112150034638,0.0,0.0,1,0.0622046083223678,0.0,0.015625,0.0,0.0,1.2229137500414489E-67,0.02832369942196533,5,5
1770320825228,0.868448969333868,0.3229969388271914,1.0,0.09304003310094437,0.0,0.0,0,0.06183613166274676,0.9803921568627451,0.015625,0.0,0.0,9.783310000331591E-68,0.02842302698023369,4,5
1770320825484,0.8530404485041406,0.5513066264519768,0.6352214458336137,0.0924915226911998,0.0,0.18181818181818177,0,0.06459719431591507,0.0,0.015625,0.0,0.0,7.826648000265272E-68,0.02837798905214639,5,5
1770320825739,0.8770510684317516,0.3824690341682753,0.2129934563532983,0.09287229650892441,0.0,0.09090909090909094,1,0.06877978183477923,0.0,0.015625,0.0,0.0,6.2613184002122186E-68,0.02847691643894723,5,5
1770320825994,0.8477598908140889,0.4593762850070115,1.0,0.09140482914661553,0.0,0.09090909090909094,0,0.06076489440472286,0.0,0.015625,0.0,0.0,5.009054720169775E-68,0.028719126938541062,5,5
1770320826249,0.8545347767578734,0.5579189779764535,0.41683041559918516,0.09132363874317373,0.0,0.09090909090909094,1,0.06805776956745066,0.0,0.015625,0.0,0.0,4.007243776135821E-68,0.028673835125448077,5,5
1770320826506,0.8543683343076905,0.46554804143430145,0.6222229027311033,0.09078679547724762,0.0,0.0,1,0.06667069998417653,0.0,0.015625,0.0,0.0,3.205795020908657E-68,0.028628685943315246,5,5
1770320826760,0.8350527437105236,0.3544857979335812,0.6177179363243308,0.09025358949649898,0.0,0.0,0,0.0630922788038444,0.0,0.015625,0.0,0.0,2.5646360167269257E-68,0.028583678719451222,5,5
1770320827017,0.8461444470972798,0.42634185636567284,0.41156515931524895,0.09017445827328267,0.0,0.0,1,0.06238314542315557,0.0,0.015625,0.0,0.0,2.0517088133815405E-68,0.028538812785388168,5,5
1770320827272,0.8457544432843055,0.4735451052462277,1.0,0.0883086067793669,0.0,0.0,1,0.06278228143494059,0.49019607843137253,0.015625,0.0,0.0,1.6413670507052324E-68,0.028494087476848562,5,5
1770320827527,0.869502193410117,0.39548694005865304,0.39856488635618087,0.08823289505099631,0.0,0.0,1,0.06559853593517381,0.0,0.015625,0.0,0.0,1.313093640564186E-68,0.028449502133712667,5,5
1770320827782,0.8728355267434503,0.4848401308466319,0.20101414232259682,0.08859992379781183,0.0,0.0,1,0.06371146851335922,0.0,0.015625,0.0,0.0,1.0504749124513488E-68,0.02840505609998578,5,5
1770320828038,0.8844265574807557,0.41866723731823796,0.7973399525211204,0.08764145417159738,0.0,0.0,0,0.060916884764851936,0.0,0.015625,0.0,0.0,8.403799299610791E-69,0.02836074872376626,5,5
1770320828294,0.9001364274227901,0.46013139120139485,0.3975431921913384,0.08756689750994734,0.0,0.0,1,0.06766649834803677,0.0,0.015625,0.0,0.0,6.723039439688634E-69,0.028316579357213656,5,5
1770320828548,0.8991529433131519,0.47566227786853527,0.5937738295937971,0.08705538772652757,0.0,0.0,1,0.07194278204706916,0.0,0.015625,0.0,0.0,5.378431551750907E-69,0.028272547356516853,5,5
1770320828804,0.8883092142686909,0.5352959125748092,0.5898079885200679,0.08654730575666635,0.0,0.0,0,0.06458010937150226,0.0,0.015625,0.0,0.0,4.302745241400726E-69,0.028228652081863093,5,5
1770320829059,0.8986420991690571,0.4566715743359989,0.39311587556561206,0.08647462461056228,0.0,0.0,1,0.061477667713036324,0.0,0.015625,0.0,0.0,3.442196193120581E-69,0.02832581736189399,5,5
1770320829315,0.8866099642542677,0.5180532828914028,0.9663816534652291,0.08511360297300267,0.0,0.0,0,0.0627438106807216,0.48828125,0.015625,0.0,0.0,2.753756954496465E-69,0.02828197551709577,5,5
1770320829571,0.8899699849726068,0.4656944123904375,0.5732588451014385,0.08461848674240321,0.0,0.0,1,0.07135424179269523,0.0,0.015625,0.0,0.0,2.203005563597172E-69,0.028378758078111854,5,5
1770320829825,0.8853785058023345,0.5407865017203816,0.5696621914389396,0.08412666455159876,0.0,0.0,1,0.06543406937602807,0.0,0.015625,0.0,0.0,1.7624044508777377E-69,0.02833496984149253,5,5
1770320830081,0.8911047409409676,0.41044025848087135,0.19109506412367944,0.08448009381715667,0.0,0.0,0,0.06486426584234939,0.0,0.015625,0.0,0.0,1.4099235607021903E-69,0.028431372549019618,5,5
1770320830336,0.90252932922809,0.4000459570560118,0.5725227861176202,0.08398919112487936,0.0,0.0,1,0.06741732680774133,0.0,0.015625,0.0,0.0,1.1279388485617523E-69,0.02852747867431127,5,5
1770320830592,0.8979378500578173,0.3860135544646546,0.9364908478782306,0.08266930894607448,0.0,0.0,0,0.06447576040020651,0.0,0.015625,0.0,0.0,9.023510788494019E-70,0.028483663781066704,5,5
1770320830848,0.8861955474617894,0.4112224770800419,0.18755710112085613,0.0830178299300001,0.0,0.09090909090909094,1,0.06916447799900785,0.0,0.015625,0.0,0.0,7.218808630795215E-70,0.028439983270598046,5,5
1770320831103,0.871437625841334,0.37770689856288037,0.37703873975701624,0.0829510363540383,0.0,0.0,1,0.06516083500201603,0.0,0.015625,0.0,0.0,5.7750469046361724E-70,0.028535634743875327,5,5
1770320831359,0.878916760896358,0.41489103696241125,1.0,0.08083451887599612,0.0,0.0,0,0.062303003849376634,0.48828125,0.015625,0.0,0.0,4.6200375237089383E-70,0.028492008339124353,5,5
1770320831614,0.8824862766464852,0.4347539934341194,0.7171953024783821,0.07996619468401286,0.0,0.0,1,0.06463563084282743,0.0,0.015625,0.0,0.0,3.6960300189671507E-70,0.028448515126283658,5,5
1770320831870,0.8805508442152683,0.4730558946197461,0.7071595453703723,0.07910787734490846,0.0,0.0,1,0.06253974858552398,0.0,0.015625,0.0,0.0,2.9568240151737204E-70,0.028543716225578497,5,5
1770320832124,0.8835082400666304,0.38690652676870707,1.0,0.07518560957734047,0.0,0.09090909090909094,1,0.061171150055884714,0.984251968503937,0.015625,0.0,0.0,2.3654592121389765E-70,0.02863862755949087,4,5
1770320832380,0.8802446466999079,0.406034386161238,0.16379746346117455,0.07550825384018131,0.0,0.0,1,0.06731465506235973,0.0,0.015625,0.0,0.0,1.8923673697111814E-70,0.02859510982179858,5,5
1770320832635,0.8841203599653954,0.4448486567794328,0.4915428931112893,0.07507618006275077,0.0,0.09090909090909094,0,0.0679761776878627,0.0,0.015625,0.0,0.0,1.513893895768945E-70,0.028551724137931056,5,5
1770320832891,0.8674536932987289,0.4229223676786246,0.8061655696312616,0.07390284663400234,0.0,0.0,1,0.09797041244106497,0.0,0.015625,0.0,0.0,1.2111151166151561E-70,0.028508469907726264,5,5
1770320833146,0.8634430733711176,0.38755003810735916,0.32124029691146594,0.0738501110504802,0.0,0.09090909090909094,1,0.08151262383971963,0.0,0.015625,0.0,0.0,9.688920932921249E-71,0.028602860286028653,5,5
1770320833401,0.8857498700132079,0.6160134035291948,0.32243360055554554,0.07379745177193209,0.0,0.0,0,0.07083913694325808,0.0,0.015625,0.0,0.0,7.751136746337E-71,0.028559659480983157,5,5
1770320833657,0.9008255059425689,0.3044539823757424,0.16274268877277942,0.07411517120588594,0.0,0.0,1,0.06557817301072093,0.0,0.015625,0.0,0.0,6.2009093970695995E-71,0.028790786948176605,5,5
1770320833912,0.8847709591746672,0.4317590774055596,0.8047821406680564,0.07295754628593469,0.0,0.0,0,0.06221196962108456,0.0,0.015625,0.0,0.0,4.96072751765568E-71,0.028747433264887046,5,5
1770320834168,0.8911047409409676,0.5345845677300025,0.9406267246106064,0.0714599833180896,0.0,0.0,1,0.06398245529085356,0.48828125,0.015625,0.0,0.0,3.9685820141245435E-71,0.028704209950792814,5,5
1770320834423,0.8956531675296352,0.46674557850805726,0.4648323430791836,0.07105393310510652,0.0,0.09090909090909094,1,0.06110830161501592,0.0,0.015625,0.0,0.0,3.174865611299635E-71,0.02879759792548109,5,5
1770320834679,0.8916692349870298,0.5236385192562429,0.462913488782575,0.0706504751815068,0.0,0.09090909090909094,0,0.07114820515522782,0.0,0.015625,0.0,0.0,2.539892489039708E-71,0.028754428999727466,5,5
1770320834934,0.8783789542353014,0.5095602387660313,1.0,0.06816968953500867,0.0,0.09090909090909094,0,0.07556812726300052,0.9803921568627451,0.015625,0.0,0.0,2.0319139912317666E-71,0.028711389304667323,4,5
1770320835190,0.8691959958947566,0.47073454916215723,0.2934804329230311,0.06812494628970425,0.0,0.0,0,0.06993476493784934,0.0,0.015625,0.0,0.0,1.6255311929854133E-71,0.028804347826086985,5,5
1770320835445,0.870830079213667,0.42823611618518187,0.0,0.06876573384369646,0.0,0.0,1,0.06593966027839154,0.0,0.015625,0.0,0.0,1.3004249543883307E-71,0.028761362094695375,5,5
1770320835700,0.872738824259878,0.3125832678640249,1.0,0.06702041919112431,0.0,0.0,0,0.06277068875848774,0.9803921568627451,0.015625,0.0,0.0,1.0403399635106647E-71,0.028718504470333195,4,5
1770320835956,0.8726260317116626,0.3216858053540448,0.9892061232499746,0.06532051255006328,0.0,0.0,0,0.12008028192282783,0.0,0.015625,0.0,0.0,8.322719708085318E-72,0.028811037467875056,5,5
1770320836212,0.8724595892614794,0.41828556826522456,0.28037147111992894,0.0652794972321601,0.0,0.0,1,0.09118171514586591,0.0,0.015625,0.0,0.0,6.658175766468254E-72,0.028768233387358233,5,5
1770320836466,0.8690565159615354,0.5084945092641118,0.5573703511749523,0.06458820012565389,0.0,0.0,1,0.06968492665299471,0.0,0.015625,0.0,0.0,5.326540613174604E-72,0.02872555630478757,5,5
1770320836723,0.8840506199987848,0.4766022935326229,0.5513086106745855,0.06390466059990943,0.0,0.0,1,0.06352127277417155,0.0,0.015625,0.0,0.0,4.2612324905396836E-72,0.02868300565580395,5,5
1770320836977,0.8953087658357237,0.38028246590443493,0.5453781935004751,0.0632287824072494,0.0,0.0,1,0.06066550567665717,0.0,0.015625,0.0,0.0,3.4089859924317473E-72,0.028640580879386812,5,5
1770320837233,0.8887118391356676,0.4056570353108761,0.6709989525676194,0.06224786304727405,0.0,0.0,0,0.06093227434864564,0.0,0.015625,0.0,0.0,2.727188793945398E-72,0.028598281417830274,5,5
1770320837488,0.8832335783393295,0.48397022547755325,0.2676675229914339,0.06221068634045052,0.0,0.0,1,0.06256218543723602,0.0,0.015625,0.0,0.0,2.1817510351563185E-72,0.028556106716718044,5,5
1770320837744,0.8772872508485454,0.415362129883459,1.0,0.06033261966534741,0.0,0.18181818181818177,1,0.0632950294970535,0.48828125,0.015625,0.0,0.0,1.7454008281250548E-72,0.028647925033467248,5,5
1770320837999,0.8780345525413901,0.45726925947046454,0.38535503767752155,0.05999643272940171,0.0,0.0,0,0.06106335645552778,0.0,0.015625,0.0,0.0,1.396320662500044E-72,0.02860580136345403,5,5
1770320838254,0.8835128133377282,0.5243265104203442,0.0,0.06056573012500227,0.0,0.09090909090909094,1,0.06695481166831765,0.0,0.015625,0.0,0.0,1.1170565300000352E-72,0.028563801388147403,5,5
1770320838510,0.8952120633521514,0.45879989274349725,0.2627751668043469,0.06053057479210709,0.0,0.0,0,0.06761963734111966,0.0,0.015625,0.0,0.0,8.936452240000282E-73,0.028521924563507883,5,5
1770320838766,0.9074536932987287,0.477657763980896,0.3940695961982315,0.06019316566772853,0.0,0.0,1,0.06683225134057269,0.0,0.015625,0.0,0.0,7.149161792000226E-73,0.028613255256853876,5,5
1770320839022,0.8939108649336072,0.3641173720837326,0.13234785060381374,0.06046057114669061,0.0,0.0,1,0.06340269957520796,0.0,0.015625,0.0,0.0,5.719329433600182E-73,0.02857142857142858,5,5
1770320839276,0.9039108649336073,0.43811117333095706,0.39791621580826403,0.06012359364951976,0.0,0.0,0,0.06361189823063411,0.0,0.015625,0.0,0.0,4.575463546880146E-73,0.02852972399150744,5,5
1770320839531,0.910577531600274,0.48621987981266185,0.2658972604515551,0.06008895959439866,0.0,0.0,1,0.06086868626022535,0.0,0.015625,0.0,0.0,3.660370837504117E-73,0.028488140983172094,5,5
1770320839787,0.9028622141284562,0.43276393197434926,0.6577590582674252,0.05915857738139329,0.0,0.0,0,0.06938497330017235,0.48828125,0.015625,0.0,0.0,2.928296670003294E-73,0.028446679015612597,5,5
1770320840042,0.9038841775486015,0.4955215864554349,0.26241371780864714,0.05912506901327621,0.0,0.0,1,0.07101516276091592,0.0,0.015625,0.0,0.0,2.342637336002635E-73,0.028405337561104527,5,5
1770320840298,0.9061955474617895,0.41447405305989465,0.7751800021605703,0.05791928082708091,0.0,0.09090909090909094,1,0.06270260676606561,0.0,0.015625,0.0,0.0,1.874109868802108E-73,0.02849604221635882,5,5
1770320840554,0.9085453966854846,0.42511710902323313,0.12920111652902805,0.058177912131171634,0.0,0.0,0,0.06403328577523755,0.0,0.015625,0.0,0.0,1.4992878950416864E-73,0.028454749044921623,5,5
1770320840809,0.9036792557879112,0.5366756054831695,0.38852877214167275,0.05785496900091216,0.0,0.0,1,0.07249793974593283,0.0,0.015625,0.0,0.0,1.1994303160333492E-73,0.0284135753749013,5,5
1770320841064,0.9099699849726067,0.4291727979420776,0.7634155394285347,0.05667578754690434,0.0,0.0,1,0.0750057900480328,0.0,0.015625,0.0,0.0,9.595442528266794E-74,0.02837252068829632,5,5
1770320841319,0.8978947974762125,0.36105291909590603,1.0,86.67961029927116,1.0,0.0,1,0.06515688191616538,0.0,0.03125,2.1379920992565366E-4,0.3874937168619954,0.07749874337239909,0.028462749213011507,5,5
1770320841767,0.8987118391356677,0.5050762722761054,1.0,45.93461494899028,0.0,0.0,1,0.06526308965556146,0.27901785714285715,0.03125,2.1672334139328172E-4,0.0,0.06199899469791928,0.028459016393442615,5,5
1770320842217,0.8941203599653953,0.22587697572631282,0.24394665055454653,31.584929993921506,0.0,0.0,1,0.06469864593394242,0.0,0.03125,2.1770680944660628E-4,0.0,0.04959919575833543,0.028455284552845517,5,5
1770320842690,0.8920451724690011,0.0,0.24645966265567215,24.095481792336965,0.0,0.0,1,0.06475637309624678,0.0,0.03125,2.1869468856267526E-4,0.0,0.039679356606668346,0.02858266684148425,5,5
1770320843127,0.8893624383449396,0.22587697572631282,1.0,18.72115357303366,0.0,0.0,1,0.06646756766765372,0.5720823798627003,0.03125,2.2269070681263733E-4,0.0,0.03174348528533468,0.02857891976927107,3,5
1770320843571,0.8847709591746672,0.6468132241526726,0.0,15.902964583745531,0.0,0.0,1,0.06627494400645861,0.0,0.03125,2.2269070681263733E-4,0.0,0.025394788228267746,0.028575173679381338,5,5
1770320843999,0.8793624383449398,0.5050762722761054,0.0,13.84034300949687,0.0,0.0,1,0.06535541801846922,0.0,0.03125,2.2269070681263733E-4,0.0,0.0203158305826142,0.02857142857142858,5,5
1770320844442,0.8806205841818788,0.7071067811865476,0.23764745093638734,12.21158752890254,0.0,0.0,1,0.07059171969188524,0.0,0.03125,2.23700935354285E-4,0.0,0.01625266446609136,0.028567684445026886,5,5
1770320844896,0.8741203599653953,0.7354021529276429,0.0,10.980499158357762,0.0,0.0,1,0.07045377168609777,0.0,0.03125,2.23700935354285E-4,0.0,0.01300213157287309,0.02856394129979034,5,5
1770320845362,0.8787118391356677,0.36421567954234174,1.0,9.761053636468874,0.0,0.0,1,0.07456541825063616,0.26824034334763946,0.03125,2.2573500035640365E-4,0.0,0.010401705258298472,0.028560199135333475,5,5
1770320845791,0.8772872508485455,0.45175395145262565,0.23806760168201274,8.933904366663272,0.0,0.0,1,0.0727627726046272,0.0,0.03125,2.2573500035640367E-4,0.0,0.008321364206638779,0.028556457951270597,5,5
1770320846220,0.8760291050116064,0.10101525445522107,0.2405486261732248,8.239223128368264,0.0,0.0,1,0.07047384872538492,0.0,0.03125,2.2573500035637695E-4,0.0,0.006657091365311023,0.028552717747216794,5,5
1770320846658,0.8752120633521513,1.0,0.0,7.68303130228983,0.0,0.0,1,0.07091576960844127,0.0,0.03125,2.2573500035637695E-4,0.0,0.005325673092248819,0.028548978522786816,5,5
1770320847121,0.8798035425224237,0.31943828249996997,0.0,7.2017369279329575,0.0,0.0,1,0.06942023291491319,0.0,0.03125,2.2573500035637695E-4,0.0,0.004260538473799056,0.028545240277595862,5,5
1770320847566,0.8764702091890904,0.36421567954234174,1.0,6.624467161444746,0.0,0.0,1,0.07032889206992096,0.2808988764044944,0.03125,2.2778734306289807E-4,0.0,0.003408430779039245,0.02854150301125946,5,5
1770320848012,0.8731368758557572,0.31943828249996997,0.0,6.271716495036356,0.0,0.0,1,0.07378193925035124,0.0,0.03125,2.2778734306289807E-4,0.0,0.0027267446232313963,0.028537766723393143,5,5
1770320848460,0.8764702091890904,0.7284313590846835,0.0,5.95764624663972,0.0,0.0,1,0.07318347381936184,0.0,0.03125,2.2778734306289807E-4,0.0,0.0021813956985851173,0.02853403141361255,5,5
1770320848915,0.8775619125758463,0.5439837932759934,0.25569381475855285,5.649463058262014,0.0,0.0,1,0.07290500367582115,0.0,0.03125,2.2882041906137148E-4,0.0,0.0017451165588680938,0.028530297081533873,5,5
1770320849375,0.8775619125758463,0.7889543583705186,0.0,5.39846347012779,0.0,0.0,1,0.0732985159666562,0.0,0.03125,2.2882041906137148E-4,0.0,0.0013960932470944752,0.02852656372677309,5,5
1770320849819,0.8715458451184517,0.7071067811865476,1.0,5.049496230180407,0.0,0.0,1,0.07154939357458323,0.28153153153153154,0.03125,2.3090048212753587E-4,0.0,0.0011168745976755802,0.02852283134894673,5,5
1770320850271,0.8742018918575072,0.30304576336566325,0.0,4.852975164579484,0.0,0.0,1,0.07070759743389007,0.0,0.03125,2.3090048212753587E-4,0.0,8.934996781404642E-4,0.028519099947671323,5,5
1770320850717,0.8742018918575072,0.6776309271789385,0.0,4.672928376934231,0.0,0.0,1,0.07194604389612014,0.0,0.03125,2.3090048212753587E-4,0.0,7.147997425123714E-4,0.028515369522563727,5,5
1770320851211,0.8742018918575072,0.10101525445522107,0.0,4.507375679975272,0.0,0.0,1,0.0709534383139495,0.0,0.03125,2.3090048212753587E-4,0.0,5.718397940098971E-4,0.028511640073240918,5,5
1770320851690,0.8677016676410237,0.7071067811865476,1.0,4.1505881558255755,0.0,0.0,1,0.07045346625277459,0.5219206680584552,0.03125,2.3511682806972732E-4,0.0,4.574718352079177E-4,0.02850791159931998,3,5
1770320852130,0.871271183391151,0.5050762722761054,0.0,4.023814324504376,0.0,0.0,1,0.06896993271821311,0.0,0.03125,2.3511682806972732E-4,0.0,3.659774681663342E-4,0.02850418410041844,5,5
1770320852561,0.8725293292280901,0.4164965639175215,0.0,3.905712808150784,0.0,0.0,1,0.06790231726602657,0.0,0.03125,2.3511682806972732E-4,0.0,2.9278197453306735E-4,0.028500457576153715,5,5
1770320853001,0.8691959958947568,0.5890150893739515,0.0,3.795428542614213,0.0,0.0,1,0.06759553089332213,0.0,0.03125,2.3511682806972732E-4,0.0,2.342255796264539E-4,0.02849673202614378,5,5
1770320853432,0.8679378500578178,0.22587697572631282,0.0,3.6922152909365855,0.0,0.0,1,0.06627606414199505,0.0,0.03125,2.3511682806972732E-4,0.0,1.8738046370116312E-4,0.02849300745000649,5,5
1770320853858,0.8679378500578178,0.6468132241526726,1.0,3.4926209405469035,0.0,0.0,1,0.06541707172937948,0.2934272300469484,0.03125,2.3832893436934353E-4,0.0,1.499043709609305E-4,0.02848928384736016,5,5
1770320854288,0.8625293292280901,0.5050762722761054,0.0,3.4076803757781424,0.0,0.0,1,0.06479223617269624,0.0,0.03125,2.3832893436934353E-4,0.0,1.1992349676874441E-4,0.028485561217823085,5,5
1770320854748,0.8625293292280901,0.20203050891044214,0.0,3.327563278083889,0.0,0.0,1,0.06611200215967045,0.0,0.03125,2.3832893436934353E-4,0.0,9.593879741499553E-5,0.0284818395610138,5,5
1770320855174,0.8644380742743012,0.7354021529276429,0.27083657285595797,3.2361406541699016,0.0,0.0,1,0.06511647102679173,0.0,0.03125,2.3832893436931684E-4,0.0,7.675103793199642E-5,0.028478118876551273,5,5
1770320855607,0.8633463708875451,0.10101525445522107,0.27347799986345334,3.150030526055018,0.0,0.0,1,0.06450577781351324,0.0,0.03125,2.3832893436931684E-4,0.0,6.140083034559715E-5,0.028474399164054365,5,5
1770320856038,0.8612711833911508,0.40406101782088427,1.0,3.0097032812436892,0.0,0.0,1,0.06395320436419731,0.2900232018561485,0.03125,2.4049439055436603E-4,0.0,4.912066427647772E-5,0.02847068042314227,5,5
1770320856480,0.8597768551374179,0.7354021529276429,0.0,2.9504088107324136,0.0,0.0,1,0.06423513869577928,0.0,0.03125,2.4049439055436603E-4,0.0,3.9296531421182177E-5,0.02846696265343429,5,5
1770320856968,0.8589598134779627,1.0,0.2729159143597362,2.879911556271284,0.0,0.0,1,0.06534200555600891,0.0,0.03125,2.4049439055436603E-4,0.0,3.1437225136945745E-5,0.02846324585455018,5,5
1770320857479,0.8635512926482354,0.5150787536377127,1.0,2.692296249604772,0.0,0.0,1,0.06467277694678296,0.4892367906066536,0.03125,2.4488379532536697E-4,0.0,2.5149780109556596E-5,0.02845953002610968,3,5
1770320857928,0.8681427718185077,0.45175395145262565,0.0,2.647492821239398,0.0,1.0,1,0.0641663104520606,0.0,0.03125,2.4488379532536697E-4,0.0,2.011982408764528E-5,0.028455815167732657,5,5
1770320858369,0.8654600376944462,0.22587697572631282,0.2589344651907525,2.59189839813147,0.0,0.0,1,0.06353133465838462,0.0,0.03125,2.4599345816888636E-4,0.0,1.6095859270116226E-5,0.02845210127903941,5,5
1770320858831,0.8681427718185075,0.31943828249996997,0.0,2.551284534304276,0.0,0.0,1,0.06651772102190044,0.0,0.03125,2.4599345816888636E-4,0.0,1.2876687416092981E-5,0.028448388359650245,5,5
1770320859277,0.871476105151841,0.10101525445522107,0.26683138811175966,2.5000651470525037,0.0,0.0,1,0.06543126062170891,0.0,0.03125,2.4710808915476035E-4,0.0,1.0301349932874386E-5,0.0284446764091858,5,5
1770320859727,0.8729006934389631,0.20203050891044214,1.0,2.40361813070934,0.0,0.0,1,0.06466192874255061,0.2777777777777778,0.03125,2.4822771018851385E-4,0.0,8.241079946299509E-6,0.028440965427266818,5,5
1770320860168,0.8783092142686908,0.36421567954234174,0.0,2.3703474979675816,0.0,1.0,1,0.06434197235295382,0.0,0.03125,2.4822771018851385E-4,0.0,6.592863957039608E-6,0.028437255413514273,5,5
1770320860642,0.8749758809353573,0.7142857142857143,0.26651639959746304,2.3268851194548565,0.0,0.0,1,0.06482201503919066,0.0,0.03125,2.4822771018856725E-4,0.0,5.274291165631686E-6,0.028433546367549245,5,5
1770320861094,0.8689598134779627,0.10101525445522107,0.26913917397894027,2.2851946502063063,0.0,0.0,1,0.0641878768279326,0.0,0.03125,2.482277101885406E-4,0.0,4.219432932505349E-6,0.02842983828899326,5,5
1770320861552,0.8735512926482351,0.6468132241526726,0.0,2.2561981077999356,0.0,0.0,1,0.06334245975189123,0.0,0.03125,2.482277101885406E-4,0.0,3.3755463460042795E-6,0.02842613117746773,5,5
1770320861976,0.872293146811296,0.45175395145262565,1.0,2.174257783302949,0.0,0.0,1,0.06306659899481126,0.294811320754717,0.03125,2.5048201049585007E-4,0.0,2.7004370768034237E-6,0.02842242503259451,5,5
1770320862402,0.8689598134779627,0.7142857142857143,0.0,2.149022712169102,0.0,0.0,1,0.06307674165217708,0.0,0.03125,2.5048201049585007E-4,0.0,2.160349661442739E-6,0.028418719853995578,5,5
1770320862869,0.86956736010563,0.6060915267313265,0.0,2.124610450977661,0.0,0.0,1,0.06293879657756085,0.0,0.03125,2.5048201049585007E-4,0.0,1.7282797291541912E-6,0.028415015641293007,5,5
1770320863292,0.8727342509887802,0.7354021529276429,0.0,2.1009825768822727,0.0,0.0,1,0.06331699673929114,0.0,0.03125,2.5048201049585007E-4,0.0,1.382623783323353E-6,0.02841131239410921,5,5
1770320863730,0.871309662701658,0.28571428571428575,0.0,2.078103020333867,0.0,0.0,1,0.06315757388320072,0.0,0.03125,2.5048201049585007E-4,0.0,1.1060990266586824E-6,0.028407610112066717,5,5
1770320864190,0.871309662701658,0.7071067811865476,1.0,2.0060737168386207,0.0,0.0,1,0.06305134224805159,0.2717391304347826,0.03125,2.5275653623583376E-4,0.0,8.848792213269459E-7,0.02840390879478827,5,5
1770320864632,0.8721964443277236,0.8689660757568886,0.0,1.9860921615250795,0.0,0.0,1,0.06357764181060963,0.0,0.03125,2.5275653623583376E-4,0.0,7.079033770615567E-7,0.028400208441896835,5,5
1770320865070,0.8721964443277236,0.40406101782088427,1.0,1.8723511889393818,0.0,0.0,1,0.0640572363076187,0.5707762557077626,0.03125,2.573669802751171E-4,0.0,5.663227016492454E-7,0.028396509053015495,3,5
1770320865499,0.8782125117851184,0.31943828249996997,0.0,1.8561589604337052,0.0,0.0,1,0.06407608980586803,0.0,0.03125,2.573669802751171E-4,0.0,4.5305816131939633E-7,0.028392810627767662,5,5
1770320865950,0.8790295534445733,0.614451804788759,0.0,1.8404021885069717,0.0,0.0,1,0.06657454676720098,0.0,0.03125,2.573669802751171E-4,0.0,3.624465290555171E-7,0.028389113165776747,5,5
1770320866406,0.8798465951040285,0.931314629314664,0.0,1.8250643045299082,0.0,0.0,1,0.06737480670628432,0.0,0.03125,2.573669802751171E-4,0.0,2.899572232444137E-7,0.02838541666666672,5,5
1770320866919,0.8812711833911507,0.42857142857142855,0.2803714971135903,1.801242880848771,0.0,0.0,1,0.0663882996357221,0.0,0.03125,2.585325132419047E-4,0.0,2.31965778595531E-7,0.02838172113006121,5,5
1770320867397,0.8766797042208783,0.45175395145262565,1.0,1.7434695772010664,0.0,0.0,1,0.06779989372002382,0.2615062761506276,0.03125,2.6087924527278114E-4,0.0,1.855726228764248E-7,0.028378026555584523,5,5
1770320867856,0.8779378500578174,0.5050762722761054,0.2740075001554016,1.722099974443874,0.0,0.0,1,0.06631754435966832,0.0,0.03125,2.620604903739702E-4,0.0,1.4845809830113986E-7,0.028374332942860847,5,5
1770320868285,0.8774536932987286,0.36421567954234174,0.0,1.7097538391217981,0.0,0.0,1,0.06572737421717217,0.0,0.03125,2.620604903739702E-4,0.0,1.1876647864091189E-7,0.028370640291514815,5,5
1770320868731,0.8774536932987286,0.30304576336566325,3.052174180236104E-5,1.6977034172659953,0.0,0.0,1,0.06597886990498358,0.0,0.03125,2.6087924527278114E-4,0.0,9.501318291272951E-8,0.02836694860117106,5,5
1770320869165,0.8820451724690009,0.4164965639175215,0.0,1.685940549245799,0.0,0.0,1,0.06497202048373174,0.0,0.03125,2.6087924527278114E-4,0.0,7.601054633018362E-8,0.02836325787145455,5,5
1770320869606,0.8820451724690009,0.10101525445522107,1.0,1.6336887490562626,0.0,0.0,1,0.0637118284117313,0.2834467120181406,0.03125,2.6324701905606E-4,0.0,6.08084370641469E-8,0.028359568101990362,5,5
1770320870033,0.8831368758557568,0.5890150893739515,0.28419340767059487,1.6154155500098073,0.0,0.0,1,0.06357640827753105,0.0,0.03125,2.6324701905606E-4,0.0,4.864674965131752E-8,0.028355879292403796,5,5
1770320870464,0.8864702091890901,0.5714285714285715,0.0,1.60553483598476,0.0,0.0,1,0.06317079294175906,0.0,0.03125,2.6324701905606E-4,0.0,3.8917399721054023E-8,0.02835219144232015,5,5
1770320870889,0.8831368758557568,0.22587697572631282,0.0,1.5958712765204786,0.0,0.0,1,0.06312840661443157,0.0,0.03125,2.6324701905606E-4,0.0,3.113391977684322E-8,0.028348504551365394,5,5
1770320871317,0.8812281308095459,0.6468132241526726,1.0,1.5025961949340925,0.0,0.0,1,0.062472195856893634,0.5841121495327103,0.03125,2.680464364530653E-4,0.0,2.4907135821474578E-8,0.02834481861916527,3,5
1770320871768,0.882652719096668,0.45175395145262565,0.27104849535382,1.4877185821309118,0.0,0.0,1,0.06850272065515282,0.0,0.03125,2.692597340673155E-4,0.0,1.9925708657179663E-8,0.02834113364534585,5,5
1770320872222,0.8872441982669405,0.5714285714285715,0.0,1.4804979159957297,0.0,0.0,1,0.07286876369099982,0.0,0.03125,2.692597340673155E-4,0.0,1.594056692574373E-8,0.02833744962953333,5,5
1770320872646,0.8872441982669405,0.8144110179279557,0.0,1.4734181697313233,0.0,0.0,1,0.07201129374058472,0.0,0.03125,2.692597340673155E-4,0.0,1.2752453540594985E-8,0.028333766571354335,5,5
1770320873089,0.8859860524300013,0.20203050891044214,0.0,1.4664756051222925,0.0,0.0,1,0.07006450331105049,0.0,0.03125,2.692597340673155E-4,0.0,1.0201962832475988E-8,0.02833008447043539,5,5
1770320873553,0.8859860524300013,0.7142857142857143,1.0,1.4240541018607624,0.0,0.0,1,0.06959846194173958,0.2693965517241379,0.03125,2.71702627273791E-4,0.0,8.16157026598079E-9,0.02832640332640335,5,5
1770320873984,0.8859860524300013,0.6468132241526726,0.28119746296364884,1.4110514634443072,0.0,0.0,1,0.06826719628290075,0.0,0.03125,2.729322707213436E-4,0.0,6.529256212784633E-9,0.028322723138885286,5,5
1770320874423,0.8859860524300013,0.20203050891044214,1.0,1.337492497122843,0.0,0.0,1,0.06729323613776614,0.5694760820045558,0.03125,2.7665427774417866E-4,0.0,5.223404970227707E-9,0.02831904390750839,3,5
1770320874863,0.8859860524300013,0.6060915267313265,0.0,1.3329937409002357,0.0,0.0,1,0.0671144854461927,0.0,0.03125,2.7665427774417866E-4,0.0,4.178723976182166E-9,0.02831536563190029,5,5
1770320875305,0.8847279065930621,0.6388765649999399,0.2663911280442003,1.3220146556690004,0.0,0.0,1,0.06577543930843327,0.0,0.03125,2.76654277744152E-4,0.0,3.342979180945733E-9,0.028311688311688288,5,5
1770320875785,0.8878947974762124,0.5890150893739515,0.0,1.3177712368405914,0.0,0.0,1,0.06512243404625527,0.0,0.03125,2.76654277744152E-4,0.0,2.6743833447565867E-9,0.028308011946500455,5,5
1770320876223,0.8878947974762124,0.31943828249996997,0.0,1.3135970011002593,0.0,0.0,1,0.06409644874018462,0.0,0.03125,2.76654277744152E-4,0.0,2.1395066758052694E-9,0.028304336535964647,5,5
1770320876677,0.8824862766464848,0.6060915267313265,1.0,1.2711881840634347,0.0,0.0,1,0.06437293824585466,0.2753303964757709,0.03125,2.791634228278936E-4,0.0,1.7116053406442157E-9,0.02830066207970916,5,5
1770320877120,0.8804110891500907,0.22587697572631282,0.26840004349513297,1.261491404959859,0.0,0.0,1,0.06419607918052202,0.0,0.03125,2.7916342282786693E-4,0.0,1.3692842725153725E-9,0.028296988577362403,5,5
1770320877546,0.8808952459091793,0.22587697572631282,0.2710310437079162,1.2519890706208114,0.0,0.0,1,0.0637972276421162,0.0,0.03125,2.7916342282789354E-4,0.0,1.0954274180122981E-9,0.028293316028552895,5,5
1770320878008,0.8829704334055737,0.6388765649999399,1.0,1.1885147918273282,0.0,0.0,1,0.06541148925725221,0.5411255411255411,0.03125,2.84249334833106E-4,0.0,8.763419344098385E-10,0.028289644432909378,3,5
1770320878456,0.8815458451184515,0.6468132241526726,0.25215242048851666,1.1804171021421135,0.0,0.0,1,0.06515404951885509,0.0,0.03125,2.84249334833106E-4,0.0,7.010735475278709E-10,0.028285973790061036,5,5
1770320878885,0.8823628867779066,0.5050762722761054,0.2546779171388664,1.1724695654161208,0.0,0.0,1,0.06672262278832344,0.0,0.03125,2.855350456477312E-4,0.0,5.608588380222967E-10,0.028282304099636724,5,5
1770320879338,0.8790295534445733,0.22587697572631282,0.0,1.170450891831427,0.0,0.0,1,0.06636214924177394,0.0,0.03125,2.855350456477312E-4,0.0,4.486870704178374E-10,0.02827863536126607,5,5
1770320879784,0.8811047409409677,0.14285714285714288,0.0,1.1684592406238565,0.0,0.0,1,0.06629113785070541,0.0,0.03125,2.855350456477312E-4,0.0,3.5894965633426994E-10,0.02827496757457848,5,5
1770320880217,0.8790295534445733,0.5150787536377127,1.0,1.1379518776774875,0.0,0.0,1,0.07080847322787125,0.28868360277136257,0.03125,2.8812372225835837E-4,0.0,2.87159725067416E-10,0.028271300739203697,5,5
1770320880641,0.8777714076076342,0.6388765649999399,0.0,1.1363842123689132,0.0,0.0,1,0.07068950438364194,0.0,0.03125,2.8812372225835837E-4,0.0,2.297277800539328E-10,0.028267634854771795,5,5
1770320881087,0.8811047409409677,0.40406101782088427,1.0,1.0746144752824895,0.0,0.0,1,0.07048736535906976,0.5605381165919282,0.03125,2.933708061734888E-4,0.0,1.8378222404314626E-10,0.028263969920912735,3,5
1770320881537,0.8784220068169063,0.28571428571428575,0.0,1.0738132533193248,0.0,0.0,1,0.06928191801500481,0.0,0.03125,2.933708061734888E-4,0.0,1.47025779234517E-10,0.028260305937256924,5,5
1770320881986,0.8730134859871788,0.20203050891044214,0.0,1.0730212196123612,0.0,0.0,1,0.06973154419780873,0.0,0.03125,2.933708061734888E-4,0.0,1.176206233876136E-10,0.02825664290343488,5,5
1770320882439,0.8756962201112402,0.5890150893739515,0.0,1.0722382563271726,0.0,0.0,1,0.06928525910006535,0.0,0.03125,2.933708061734888E-4,0.0,9.40964987100909E-11,0.028252980819077234,5,5
1770320882903,0.873013485987179,0.7354021529276429,0.0,1.0714642474070688,0.0,0.0,1,0.06943319002587976,0.0,0.03125,2.933708061734888E-4,0.0,7.527719896807272E-11,0.028249319683814944,5,5
1770320883383,0.8756962201112404,0.8144110179279557,1.0,1.0393085406780427,0.0,0.0,1,0.07212716051562088,0.2604166666666667,0.03125,2.9736794171790357E-4,0.0,6.022175917445818E-11,0.028245659497279085,5,5
1770320883879,0.8696801526538456,0.4164965639175215,0.2519493086281205,1.033759996198208,0.0,0.0,1,0.07091515286354862,0.0,0.03125,2.987122342900708E-4,0.0,4.817740733956655E-11,0.028242000259100952,5,5
1770320884364,0.8696801526538456,0.30304576336566325,0.0,1.0334111148820948,0.0,0.0,1,0.07107406239467864,0.0,0.03125,2.987122342900708E-4,0.0,3.8541925871653245E-11,0.02823834196891195,5,5
1770320884834,0.8676049651574514,0.36421567954234174,3.2455677259436114E-5,1.0330653187301886,0.0,1.0,1,0.06960220272408967,0.0,0.03125,2.9736794171790357E-4,0.0,3.0833540697322594E-11,0.02823468462634371,5,5
1770320885275,0.8630134859871791,0.6468132241526726,0.0,1.0327238435390578,0.0,0.0,1,0.06936305561521648,0.0,0.03125,2.9736794171790357E-4,0.0,2.4666832557858076E-11,0.028231028231028188,5,5
1770320885713,0.8596801526538456,0.7354021529276429,1.0,1.0070917472943828,0.0,0.0,1,0.06879656615849256,0.2853881278538813,0.03125,3.000625275355556E-4,0.0,1.973346604628646E-11,0.02822737278259746,5,5
1770320886157,0.8611047409409678,0.7071067811865476,0.2620032640675782,1.0020363049586383,0.0,0.0,1,0.06978002240892657,0.0,0.03125,3.01418847810165E-4,0.0,1.578677283702917E-11,0.028223718280683596,5,5
1770320886595,0.8596801526538456,0.40406101782088427,0.0,1.0020158991516108,0.0,0.0,1,0.0707592038766547,0.0,0.03125,3.01418847810165E-4,0.0,1.2629418269623336E-11,0.028220064724919114,5,5
1770320887069,0.8609382984907847,0.30304576336566325,0.0,1.0019956982213136,0.0,0.0,1,0.070056061371295,0.0,0.03125,3.01418847810165E-4,0.0,1.0103534615698669E-11,0.02821641211493653,5,5
1770320887506,0.8609382984907847,0.6388765649999399,0.0,1.0019757001026397,0.0,0.0,1,0.06842927175088022,0.0,0.03125,3.01418847810165E-4,0.0,8.082827692558935E-12,0.0282127604503688,5,5
1770320887935,0.8617553401502399,0.5150787536377127,1.0,0.9773998609165521,0.0,0.0,1,0.0679000921333283,0.2913752913752914,0.03125,3.0414967543650857E-4,0.0,6.466262154047149E-12,0.02820910973084889,5,5
1770320888432,0.8598465951040288,0.7284313590846835,0.2721529467411301,0.9727802494072925,0.0,0.0,1,0.06674632374548076,0.0,0.03125,3.0414967543650857E-4,0.0,5.173009723237719E-12,0.02820545995600987,5,5
1770320888899,0.8566797042208786,1.0,0.0,0.9730451081999487,0.0,0.0,1,0.06755048941384532,0.0,0.03125,3.0414967543650857E-4,0.0,4.138407778590175E-12,0.028201811125485143,5,5
1770320889351,0.8547709591746675,0.7071067811865476,0.0,0.9733074605129624,0.0,0.0,1,0.06842292151365166,0.0,0.03125,3.0414967543650857E-4,0.0,3.3107262228721403E-12,0.028198163238908336,5,5
1770320889782,0.8535128133377283,0.7693092581620721,0.0,0.9735673286958673,0.0,0.0,1,0.06777188048096365,0.0,0.03125,3.0414967543650857E-4,0.0,2.6485809782977124E-12,0.028194516295913075,5,5
1770320890202,0.8543298549971834,0.5714285714285715,1.0,0.9452472731699769,0.0,0.0,1,0.06653563620142185,0.2976190476190476,0.03125,3.0829178502740363E-4,0.0,2.11886478263817E-12,0.02819087029613343,5,5
1770320890644,0.8532381516104275,0.40406101782088427,0.0,0.9457651037390433,0.0,0.0,1,0.06700742789619166,0.0,0.03125,3.0829178502740363E-4,0.0,1.695091826110536E-12,0.028187225239203473,5,5
1770320891072,0.8543298549971834,0.7142857142857143,0.28502556414180213,0.9415914739889789,0.0,0.0,1,0.06586642267993528,0.0,0.03125,3.0829178502740363E-4,0.0,1.3560734608884289E-12,0.028183581124757606,5,5
1770320891523,0.8574967458803336,0.8689660757568886,0.0,0.9421417634956887,0.0,0.0,1,0.06544352629153397,0.0,0.03125,3.0829178502740363E-4,0.0,1.0848587687107432E-12,0.028179937952430234,5,5
1770320891972,0.8543298549971835,0.10101525445522107,0.0,0.942687184063984,0.0,0.0,1,0.06674301595851034,0.0,0.03125,3.0829178502740363E-4,0.0,8.678870149685947E-13,0.028176295721855982,5,5
1770320892411,0.8555880008341227,0.8689660757568886,1.0,0.915539329186527,0.0,0.0,1,0.06572113012075961,0.2847380410022779,0.03125,3.1108408433997667E-4,0.0,6.943096119748758E-13,0.02817265443266992,5,5
1770320892857,0.8587548917172729,0.4164965639175215,0.2863869075994367,0.9117740496530466,0.0,0.0,1,0.06590071942234513,0.0,0.03125,3.1248958334875114E-4,0.0,5.554476895799007E-13,0.028169014084507005,5,5
1770320893282,0.8554215583839395,0.36421567954234174,0.0,0.9125791797427484,0.0,0.0,1,0.06541193793938099,0.0,0.03125,3.1248958334875114E-4,0.0,4.443581516639206E-13,0.02816537467700253,5,5
1770320893714,0.8533463708875454,0.6468132241526726,0.0,0.9133776604184864,0.0,0.0,1,0.06838579811889405,0.0,0.03125,3.1248958334875114E-4,0.0,3.5548652133113647E-13,0.02816173620979201,5,5
1770320894159,0.8538305276466341,0.0,0.0,0.9141695338867035,0.0,0.0,1,0.0737489336495584,0.0,0.03125,3.1248958334875114E-4,0.0,2.843892170649092E-13,0.028287264272797707,5,5
1770320894589,0.8569974185297843,0.5150787536377127,1.0,0.8662991845071224,0.0,0.0,1,0.07254962294431402,0.5813953488372093,0.03125,3.18174548936553E-4,0.0,2.275113736519274E-13,0.028283611003486975,3,5
1770320895054,0.8582555643667235,0.7889543583705186,0.0,0.8674589827482507,0.0,0.0,1,0.07120563813881128,0.0,0.03125,3.18174548936553E-4,0.0,1.820090989215419E-13,0.028279958677685957,5,5
1770320895518,0.8550886734835733,0.8689660757568886,0.2839095011289677,0.8643047320743039,0.0,0.0,1,0.06959585230922424,0.0,0.03125,3.181745489365263E-4,0.0,1.4560727913723354E-13,0.028276307295029057,5,5
1770320895955,0.861104740940968,0.7889543583705186,0.0,0.8654791448252122,0.0,0.0,1,0.06897786672523257,0.0,0.03125,3.181745489365263E-4,0.0,1.1648582330978683E-13,0.028272656855151013,5,5
1770320896384,0.861712287568635,0.5890150893739515,0.2923788206153762,0.8623496771795068,0.0,1.0,1,0.0679482234094278,0.0,0.03125,3.196116711603951E-4,0.0,9.318865864782947E-14,0.028269007357686893,5,5
1770320896833,0.861712287568635,0.22587697572631282,1.0,0.8381699937133656,0.0,0.0,1,0.0673961173559117,0.27839643652561247,0.03125,3.2396159911130126E-4,0.0,7.455092691826358E-14,0.028265358802271545,5,5
1770320897300,0.8604541417316959,0.22587697572631282,0.0,0.8395286014467827,0.0,0.0,1,0.07074350549152504,0.0,0.03125,3.2396159911130126E-4,0.0,5.964074153461087E-14,0.028261711188540484,5,5
1770320897738,0.8604541417316959,0.4164965639175215,0.0,0.840877968623375,0.0,0.0,1,0.07041041753060112,0.0,0.03125,3.2396159911130126E-4,0.0,4.7712593227688695E-14,0.028258064516129,5,5
1770320898180,0.8598465951040288,0.5890150893739515,4.02325251689605E-5,0.8422175536050324,0.0,0.0,1,0.06883167085252713,0.0,0.03125,3.225051680818725E-4,0.0,3.817007458215096E-14,0.02825441878467294,5,5
1770320898634,0.8552551159337564,0.4164965639175215,0.0,0.8435485236330382,0.0,0.0,1,0.06752790405688891,0.0,0.03125,3.225051680818725E-4,0.0,3.053605966572077E-14,0.028250773993808043,5,5
1770320899064,0.8539969700968173,0.22587697572631282,1.0,0.8241321938655125,0.0,0.0,1,0.06738210466521605,0.29069767441860467,0.03125,3.254245229424983E-4,0.0,2.4428847732576616E-14,0.028247130143170374,5,5
1770320899488,0.850663636763484,0.36421567954234174,0.0,0.8255841291185327,0.0,0.0,1,0.06620685276762156,0.0,0.03125,3.254245229424983E-4,0.0,1.9543078186061294E-14,0.028243487232396225,5,5
1770320899919,0.850663636763484,0.8144110179279557,1.0,0.7830099464157798,0.0,0.0,1,0.06521968062013832,0.580046403712297,0.03125,3.313417174962525E-4,0.0,1.5634462548849035E-14,0.028239845261121888,3,5
1770320900355,0.8495719333767281,0.7071067811865476,0.0,0.7847126935332984,0.0,0.0,1,0.06491195851023589,0.0,0.03125,3.313417174962525E-4,0.0,1.2507570039079228E-14,0.028236204228983985,5,5
1770320900808,0.8541634125470005,0.6468132241526726,0.0,0.7864057238514465,0.0,0.0,1,0.06424323767662965,0.0,0.03125,3.313417174962525E-4,0.0,1.0006056031263383E-14,0.028232564135619476,5,5
1770320901264,0.8541634125470005,0.45175395145262565,0.0,0.78808903553372,0.0,0.0,1,0.06604652130814405,0.0,0.03125,3.313417174962525E-4,0.0,8.004844825010706E-15,0.028228924980665093,5,5
1770320901707,0.8552551159337564,0.931314629314664,0.2905663172764608,0.7858448461464823,0.0,0.0,1,0.06524090907282204,0.0,0.03125,3.313417174961991E-4,0.0,6.403875860008566E-15,0.02822528676375824,5,5
1770320902143,0.8520882250506062,0.30304576336566325,1.0,0.768189272809426,0.0,0.0,1,0.06425859956294082,0.286697247706422,0.03125,3.3283753481840804E-4,0.0,5.123100688006853E-15,0.028221649484536093,5,5
1770320902586,0.8520882250506062,0.7693092581620721,0.0,0.7699741541295949,0.0,0.0,1,0.06329920984256077,0.0,0.03125,3.3283753481840804E-4,0.0,4.0984805504054826E-15,0.028218013142636278,5,5
1770320903011,0.8474967458803337,0.36421567954234174,0.0,0.7717493757872216,0.0,0.0,1,0.06274267996662926,0.0,0.03125,3.3283753481840804E-4,0.0,3.2787844403243863E-15,0.028214377737696417,5,5
1770320903457,0.8535128133377283,0.4164965639175215,0.2952189790771231,0.7696776583959078,0.0,0.0,1,0.06236913412289205,0.0,0.03125,3.343400175969737E-4,0.0,2.623027552259509E-15,0.028210743269354577,5,5
1770320903916,0.8535128133377283,0.10101525445522107,0.2979514913187297,0.7676273654845017,0.0,0.0,1,0.0628294409944536,0.0,0.03125,3.3584919504097094E-4,0.0,2.0984220418076072E-15,0.028207109737248826,5,5
1770320904367,0.8546045167244845,0.10101525445522107,1.0,0.746790725488175,0.0,1.0,1,0.06223512711503616,0.2771618625277162,0.03125,3.388877513878024E-4,0.0,1.6787376334460858E-15,0.02820347714101734,5,5
1770320904788,0.8591959958947569,0.614451804788759,0.0,0.7486864677176859,0.0,0.0,1,0.06367055833034803,0.0,0.03125,3.388877513878024E-4,0.0,1.3429901067568687E-15,0.028199845480298746,5,5
1770320905228,0.8556264801446297,0.7284313590846835,0.0,0.7505727572757737,0.0,0.0,1,0.06447658924788156,0.0,0.03125,3.388877513878024E-4,0.0,1.0743920854054951E-15,0.028196214754731552,5,5
1770320905693,0.8543950216926967,0.0,0.0,0.7524495701340905,0.0,0.0,1,0.06454323917534281,0.0,0.03125,3.388877513878024E-4,0.0,8.595136683243961E-16,0.028321318228630266,5,5
1770320906120,0.8529704334055742,0.7071067811865476,1.0,0.714142272971813,0.0,0.0,1,0.06396515614904533,0.585480093676815,0.03125,3.450464992220653E-4,0.0,6.87610934659517E-16,0.028317672802162464,3,5
1770320906599,0.8602179593149021,0.5439837932759934,0.0,0.7161895548556174,0.0,0.0,1,0.06332467867397727,0.0,0.03125,3.450464992220653E-4,0.0,5.500887477276136E-16,0.028314028314028294,5,5
1770320907058,0.8570510684317519,0.5439837932759934,0.28245713451022747,0.7146624842496262,0.0,0.0,1,0.06234678237287051,0.0,0.03125,3.4504649922209195E-4,0.0,4.4007099818209094E-16,0.028310384763865604,5,5
1770320907523,0.8591262559281462,0.5150787536377127,1.0,0.6785228166807807,0.0,0.0,1,0.06197453871975446,0.5376344086021505,0.03125,3.5290047496779167E-4,0.0,3.520567985456728E-16,0.02830674215131246,3,5
1770320907974,0.8591262559281462,0.4164965639175215,0.2595284881038588,0.6773306440489174,0.0,0.0,1,0.06239758228596937,0.0,0.03125,3.5290047496779167E-4,0.0,2.816454388365382E-16,0.028303100476006704,5,5
1770320908413,0.8603844017650851,0.7693092581620721,0.0,0.6795232561153701,0.0,0.0,1,0.06345388829605246,0.0,0.03125,3.5290047496779167E-4,0.0,2.253163510692306E-16,0.028299459737586852,5,5
1770320908881,0.8616425476020243,0.22587697572631282,0.0,0.6817079703659457,0.0,0.0,1,0.0633993315210828,0.0,0.03125,3.5290047496779167E-4,0.0,1.802530808553845E-16,0.028295819935691302,5,5
1770320909326,0.8662340267722967,0.40406101782088427,0.0,0.6838847196567839,0.0,0.0,1,0.06310956511990053,0.0,0.03125,3.5290047496779167E-4,0.0,1.442024646843076E-16,0.0282921810699589,5,5
1770320909750,0.8626645110221695,0.8571428571428571,1.0,0.6658637371814365,0.0,0.0,1,0.062410425484223396,0.294811320754717,0.03125,3.5609123657074135E-4,0.0,1.153619717474461E-16,0.028288543140028266,5,5
1770320910182,0.8626645110221695,0.931314629314664,0.0,0.6680960872367047,0.0,0.0,1,0.06240445174697841,0.0,0.03125,3.5609123657074135E-4,0.0,9.228957739795689E-17,0.02828490614553869,5,5
1770320910625,0.8554169851128416,0.6060915267313265,0.0,0.6703209073051412,0.0,0.0,1,0.0628513366199826,0.0,0.03125,3.5609123657074135E-4,0.0,7.383166191836551E-17,0.02828127008612935,5,5
1770320911079,0.8566484435647749,0.7142857142857143,0.27782422591448847,0.6691979360679176,0.0,0.0,1,0.062334346551817604,0.0,0.03125,3.5609123657074135E-4,0.0,5.906532953469241E-17,0.028277634961439535,5,5
1770320911510,0.8534815526816247,0.31943828249996997,0.28045205802683953,0.6680848400274588,0.0,0.0,1,0.06212610130074353,0.0,0.03125,3.5769727732812165E-4,0.0,4.725226362775393E-17,0.028274000771109087,5,5
1770320911964,0.8488900735113523,0.7693092581620721,1.0,0.6538281681729821,0.0,0.0,1,0.06384921659643654,0.2753303964757709,0.03125,3.609308344653976E-4,0.0,3.7801810902203146E-17,0.02827036751477774,5,5
1770320912399,0.8542985943410798,0.6468132241526726,0.0,0.6560993982373879,0.0,0.0,1,0.06313345947723964,0.0,0.03125,3.609308344653976E-4,0.0,3.024144872176252E-17,0.028266735192085335,5,5
1770320912840,0.855556740178019,0.31943828249996997,0.2796457017658592,0.6550937618219735,0.0,0.0,1,0.06520940566657,0.0,0.03125,3.625584135294872E-4,0.0,2.4193158977410014E-17,0.028263103802672163,5,5
1770320913281,0.8582394743020804,0.36421567954234174,0.2823661185883189,0.6540957334570323,0.0,0.0,1,0.0651060777907198,0.0,0.03125,3.625584135294872E-4,0.0,1.935452718192801E-17,0.02825947334617851,5,5
1770320913713,0.8594976201390195,0.5439837932759934,0.0,0.6563661306524974,0.0,0.0,1,0.06512745871584319,0.0,0.03125,3.625584135294872E-4,0.0,1.548362174554241E-17,0.028255843822245108,5,5
1770320914134,0.8582394743020804,0.931314629314664,1.0,0.642433224629862,0.0,1.0,1,0.0674765628169757,0.29691211401425177,0.03125,3.658353303652227E-4,0.0,1.2386897396433928E-17,0.028252215230512356,5,5
1770320914555,0.8576319276744132,0.7071067811865476,0.0,0.6447385943902663,0.0,0.0,1,0.06785039216278871,0.0,0.03125,3.658353303652227E-4,0.0,9.909517917147142E-18,0.02824858757062143,5,5
1770320914982,0.8576319276744132,0.7354021529276429,0.0,0.647037266829204,0.0,0.0,1,0.06662060515879606,0.0,0.03125,3.658353303652227E-4,0.0,7.927614333717715E-18,0.028244960842213396,5,5
1770320915429,0.8540624119242861,0.20203050891044214,0.29282212093338544,0.646103988917027,0.0,0.0,1,0.0657219844379339,0.0,0.03125,3.674847316284293E-4,0.0,6.342091466974172E-18,0.028241335044929428,5,5
1770320915885,0.8540624119242861,0.30304576336566325,0.2955927509869481,0.6451775679846123,0.0,0.0,1,0.06478644474745947,0.0,0.03125,3.6748473162845596E-4,0.0,5.073673173579338E-18,0.028237710178411035,5,5
1770320916347,0.8540624119242861,0.7142857142857143,1.0,0.6315513416793767,0.0,0.0,1,0.063785471684466,0.27056277056277056,0.03125,3.70805579593302E-4,0.0,4.05893853886347E-18,0.02823408624229984,5,5
1770320916821,0.8528042660873469,0.6388765649999399,0.0,0.6338868881717161,0.0,0.0,1,0.06489648817650732,0.0,0.03125,3.70805579593302E-4,0.0,3.2471508310907762E-18,0.02823046323623768,5,5
1770320917265,0.8488900735113523,0.7354021529276429,0.294176415788536,0.6330557147766106,0.0,0.0,1,0.06690915774138358,0.0,0.03125,3.724770906039252E-4,0.0,2.597720664872621E-18,0.02822684115986651,5,5
1770320917724,0.8470510684317519,0.30304576336566325,1.0,0.6015085673707964,0.0,0.0,1,0.06591178088120417,0.5446623093681917,0.03125,3.7923780486831256E-4,0.0,2.078176531898097E-18,0.02822322001282873,3,5
1770320918177,0.8539539175152124,0.31943828249996997,0.2696331494086149,0.6009136856339119,0.0,0.0,1,0.06510721699082832,0.0,0.03125,3.7923780486833923E-4,0.0,1.6625412255184777E-18,0.028219599794766514,5,5
1770320918629,0.8572872508485458,0.28571428571428575,0.2722694565619249,0.600322959899908,0.0,0.0,1,0.06395228037240011,0.0,0.03125,3.7923780486833923E-4,0.0,1.3300329804147823E-18,0.02821598050532259,5,5
1770320919054,0.8581042925080009,0.42857142857142855,0.2748725705463606,0.5997368399304281,0.0,0.0,1,0.06298011034251923,0.0,0.03125,3.809468145279757E-4,0.0,1.064026384331826E-18,0.02821236214413947,5,5
1770320919483,0.8545347767578737,0.30304576336566325,0.0,0.6021470113781877,0.0,0.0,1,0.06265480548917327,0.0,0.03125,3.809468145279757E-4,0.0,8.512211074654608E-19,0.028208744710860323,5,5
1770320919902,0.8545347767578737,0.6776309271789385,1.0,0.5896780159536852,0.0,0.0,1,0.06265649917806769,0.2983293556085919,0.03125,3.8438766207190487E-4,0.0,6.809768859723687E-19,0.028205128205128216,5,5
1770320920326,0.8469859017362391,0.7284313590846835,0.2741567831965224,0.5891644668785363,0.0,0.0,1,0.062189296844753765,0.0,0.03125,3.8438766207190487E-4,0.0,5.44781508777895E-19,0.028201512626586323,5,5
1770320920791,0.8457277558992999,0.931314629314664,0.0,0.5915949479350544,0.0,0.0,1,0.0622118040398506,0.0,0.03125,3.8438766207190487E-4,0.0,4.35825207022316E-19,0.02819789797487826,5,5
1770320921224,0.8449107142398448,0.6776309271789385,0.2823831190276929,0.5910688949056607,0.0,0.0,1,0.06263644511885026,0.0,0.03125,3.861195664951142E-4,0.0,3.4866016561785284E-19,0.02819428424964754,5,5
1770320921662,0.845518260867512,0.8144110179279557,1.0,0.5646456644649382,0.0,0.0,1,0.062861670787535,0.5707762557077626,0.03125,3.931245047950335E-4,0.0,2.7892813249428227E-19,0.02819067145053822,3,5
1770320922095,0.845518260867512,0.40406101782088427,0.0,0.5671146213899522,0.0,0.0,1,0.06254335459784037,0.0,0.03125,3.931245047950335E-4,0.0,2.2314250599542583E-19,0.02818705957719414,5,5
1770320922520,0.8410350009743572,0.8144110179279557,0.26746326120511066,0.5667484890222063,0.0,0.0,1,0.06265356571187101,0.0,0.03125,3.9312450479506015E-4,0.0,1.7851400479634068E-19,0.02818344862925959,5,5
1770320922955,0.8431101884707515,0.45175395145262565,0.270044848327982,0.5663851430634295,0.0,0.0,1,0.06632279613638302,0.0,0.03125,3.948952387273257E-4,0.0,1.4281120383707256E-19,0.02817983860637885,5,5
1770320923408,0.8431101884707515,0.45175395145262565,0.0,0.5688517676562681,0.0,0.0,1,0.06659134693882321,0.0,0.03125,3.948952387273257E-4,0.0,1.1424896306965804E-19,0.02817622950819676,5,5
1770320923853,0.8443683343076905,0.30304576336566325,1.0,0.5572539696632224,0.0,0.0,1,0.06533693563728014,0.2808988764044944,0.03125,3.984603447332521E-4,0.0,9.139917045572644E-20,0.028172621334357828,5,5
1770320924293,0.8422931468112963,0.36421567954234174,4.6425684328049905E-5,0.5597316835722942,0.0,0.0,1,0.06431555128866297,0.0,0.03125,3.9667384059055224E-4,0.0,7.311933636458116E-20,0.028169014084507005,5,5
1770320924755,0.8402179593149021,0.22587697572631282,0.0,0.5622069012438013,0.0,0.0,1,0.0644875710364282,0.0,0.03125,3.9667384059055224E-4,0.0,5.849546909166493E-20,0.028165407758289573,5,5
1770320925187,0.8435512926482355,0.22587697572631282,0.0,0.5646790258511668,0.0,0.0,1,0.0644375037886071,0.0,0.03125,3.9667384059055224E-4,0.0,4.679637527333195E-20,0.028161802355350707,5,5
1770320925619,0.8435512926482355,0.40406101782088427,0.0,0.5671479385737681,0.0,0.0,1,0.0641918283232931,0.0,0.03125,3.9667384059055224E-4,0.0,3.7437100218665564E-20,0.028158197875336022,5,5
1770320926050,0.8389598134779629,0.36421567954234174,1.0,0.5555941564840908,0.0,0.0,1,0.06513247423821862,0.2900232018561485,0.03125,4.0025478565038867E-4,0.0,2.9949680174932455E-20,0.028154594317890913,5,5
1770320926471,0.8410350009743571,0.7354021529276429,0.28247363347783483,0.5552993935166493,0.0,0.0,1,0.06665022124290143,0.0,0.03125,4.0025478565041534E-4,0.0,2.3959744139945967E-20,0.028150991682661552,5,5
1770320926927,0.8422931468112963,0.31943828249996997,0.0,0.5577798426553369,0.0,0.0,1,0.06522397871322347,0.0,0.03125,4.0025478565041534E-4,0.0,1.9167795311956773E-20,0.02814738996929378,5,5
1770320927395,0.8429006934389633,0.7284313590846835,0.0,0.5602574126519047,0.0,0.0,1,0.06502873693353022,0.0,0.03125,4.0025478565041534E-4,0.0,1.533423624956542E-20,0.028143789177433765,5,5
1770320927854,0.8501482193482912,0.45175395145262565,0.29679893152039605,0.5599345601445284,0.0,0.0,1,0.06478213702750757,0.0,0.03125,4.020571979840637E-4,0.0,1.2267388999652337E-20,0.028140189306728014,5,5
1770320928320,0.846814886014958,0.22587697572631282,1.0,0.5485665052530615,0.0,0.0,1,0.06412939531504162,0.26824034334763946,0.03125,4.0568607620752975E-4,0.0,9.81391119972187E-21,0.028136590356823143,5,5
1770320928760,0.8434815526816245,0.28571428571428575,0.2895566482948762,0.5483139838351487,0.0,0.0,1,0.06353216595005157,0.0,0.03125,4.0568607620755637E-4,0.0,7.851128959777496E-21,0.02813299232736577,5,5
1770320929206,0.8442985943410797,0.22587697572631282,0.0,0.5508018776770406,0.0,0.0,1,0.06380397120480759,0.0,0.03125,4.0568607620755637E-4,0.0,6.280903167821997E-21,0.02812939521800284,5,5
1770320929632,0.8442985943410797,0.5150787536377127,0.29819927911500693,0.5505360263744153,0.0,0.0,1,0.06338817154011349,0.0,0.03125,4.0568607620755637E-4,0.0,5.024722534257598E-21,0.028125799028381526,5,5
1770320930093,0.8397071151708073,0.10101525445522107,0.3009412726639101,0.5502717655811927,0.0,0.0,1,0.06310060264353229,0.0,0.03125,4.056860762075563E-4,0.0,4.019778027406078E-21,0.028122203758149,5,5
1770320930553,0.8466099642542677,0.7354021529276429,1.0,0.5391509380314948,0.0,0.0,1,0.06302717134040754,0.2717391304347826,0.03125,4.0934725950337464E-4,0.0,3.215822421924863E-21,0.028118609406952988,5,5
1770320930998,0.8481042925080006,0.22587697572631282,0.0,0.5416471124502594,0.0,0.0,1,0.06278060503920219,0.0,0.03125,4.0934725950337464E-4,0.0,2.5726579375398906E-21,0.028115015974440882,5,5
1770320931446,0.8481042925080006,0.4164965639175215,0.2993592713156816,0.5414352229847224,0.0,0.0,1,0.06296871893352136,0.0,0.03125,4.0934725950337464E-4,0.0,2.0581263500319127E-21,0.02811142346026063,5,5
1770320931891,0.8493624383449397,0.4164965639175215,0.0,0.5439294908067298,0.0,0.0,1,0.06495394128179909,0.0,0.03125,4.0934725950337464E-4,0.0,1.6465010800255303E-21,0.028107831864060295,5,5
1770320932347,0.8447709591746674,0.42857142857142855,0.3082322555231326,0.5437043039406385,0.0,0.0,1,0.06542203107975321,0.0,0.03125,4.0934725950337464E-4,0.0,1.3172008640204242E-21,0.028104241185488044,5,5
1770320932788,0.8447709591746674,0.36421567954234174,1.0,0.5301008613888042,0.0,0.0,1,0.06444828516207247,0.2834467120181406,0.03125,4.1304103036261266E-4,0.0,1.0537606912163395E-21,0.028100651424192158,5,5
1770320933213,0.8447709591746674,0.8144110179279557,0.0,0.5326035597021765,0.0,0.0,1,0.06451535611596362,0.0,0.03125,4.1304103036261266E-4,0.0,8.430085529730716E-22,0.028097062579821253,5,5
1770320933660,0.8447709591746674,0.7693092581620721,0.0,0.5351046184030093,0.0,0.0,1,0.06770466667947231,0.0,0.03125,4.1304103036261266E-4,0.0,6.744068423784573E-22,0.028093474652024053,5,5
1770320934115,0.8447709591746674,0.45175395145262565,0.30919153583983494,0.5349302723821688,0.0,0.0,1,0.0667683839225035,0.0,0.03125,4.13041030362586E-4,0.0,5.395254739027659E-22,0.028089887640449396,5,5
1770320934551,0.8432137386309233,0.36421567954234174,1.0,0.5087475550835765,0.0,0.0,1,0.0658186845275233,0.573394495412844,0.03125,4.2052747681102314E-4,0.0,4.316203791222127E-22,0.02808630154474656,3,5
1770320934983,0.8497139628474067,0.5050762722761054,0.0,0.5112591268446968,0.0,0.0,1,0.06589889125201837,0.0,0.03125,4.2052747681102314E-4,0.0,3.452963032977702E-22,0.02808271636456472,5,5
1770320935416,0.8482893745602845,0.5050762722761054,0.0,0.5137701302541086,0.0,0.0,1,0.06669362668825077,0.0,0.03125,4.2052747681102314E-4,0.0,2.7623704263821618E-22,0.02807913209955326,5,5
1770320935878,0.8495475203972237,0.14285714285714288,0.0,0.516280438735798,0.0,0.0,1,0.06908018202063382,0.0,0.03125,4.2052747681102314E-4,0.0,2.2098963411057294E-22,0.02807554874936191,5,5
1770320936345,0.8541389995674961,0.7071067811865476,0.0,0.5187899258539723,0.0,0.0,1,0.07092706435143657,0.0,0.03125,4.2052747681102314E-4,0.0,1.7679170728845835E-22,0.028071966313640395,5,5
1770320936826,0.8491959958947567,0.931314629314664,1.0,0.5059327627667092,0.0,1.0,1,0.06931800588402492,0.2598752598752599,0.03125,4.2432072951758263E-4,0.0,1.414333658307667E-22,0.02806838479203877,5,5
1770320937303,0.8446045167244843,0.5150787536377127,0.0,0.5084448208234322,0.0,0.0,1,0.06810568204622806,0.0,0.03125,4.2432072951758263E-4,0.0,1.1314669266461335E-22,0.028064804184207204,5,5
1770320937793,0.8433463708875452,0.6388765649999399,0.0,0.5109564524944931,0.0,0.0,1,0.06934261857836624,0.0,0.03125,4.2432072951758263E-4,0.0,9.051735413169069E-23,0.028061224489795866,5,5
1770320938268,0.8441634125470003,0.8689660757568886,0.3044271436678853,0.5109133102914695,0.0,0.0,1,0.06820159906789539,0.0,0.03125,4.24320729517556E-4,0.0,7.241388330535256E-23,0.028057645708455592,5,5
1770320938724,0.8402779478386389,0.20203050891044214,0.30718778916064826,0.5108703921070977,0.0,0.0,1,0.06695309901324403,0.0,0.03125,4.24320729517556E-4,0.0,5.793110664428205E-23,0.02805406783983677,5,5
1770320939155,0.8362073393872907,0.0,1.0,0.4859765662164372,0.0,0.0,1,0.0764894849975605,0.580046403712297,0.03125,4.32008755192955E-4,0.0,4.634488531542564E-23,0.028177993114879563,3,5
1770320939588,0.8316158602170184,0.931314629314664,0.0,0.4884875052605576,0.0,0.0,1,0.07450604785376144,0.0,0.03125,4.32008755192955E-4,0.0,3.707590825234051E-23,0.028174400815910272,5,5
1770320940035,0.8316158602170184,0.931314629314664,1.0,0.4647833560122207,0.0,0.0,1,0.08362810439890772,0.5592841163310962,0.03125,4.3983411877899587E-4,0.0,2.966072660187241E-23,0.028170809432759736,3,5
1770320940495,0.8227818768414829,0.0,0.2606071694203136,0.46495878010791203,0.0,0.0,1,0.08048612348023068,0.0,0.03125,4.398341187789692E-4,0.0,2.372858128149793E-23,0.028294672444557745,5,5
1770320940933,0.8287979442988777,0.7889543583705186,1.0,0.4447091783925493,0.0,0.0,1,0.0793258708235527,0.5707762557077626,0.03125,4.477992288659352E-4,0.0,1.8982865025198345E-23,0.028291066649675067,3,5
1770320941385,0.8256310534157275,0.5439837932759934,0.0,0.4471923955939831,0.0,0.0,1,0.07921851616450909,0.0,0.03125,4.477992288659352E-4,0.0,1.5186292020158678E-23,0.02828746177370034,5,5
1770320941842,0.8166366516392737,0.7142857142857143,0.24791138559659018,0.44743991896652907,0.0,0.0,1,0.07672853815939935,0.0,0.03125,4.477992288659619E-4,0.0,1.2149033616126942E-23,0.028283857816282287,5,5
1770320942284,0.8212281308095463,0.22587697572631282,0.25044517666711796,0.4476864705962109,0.0,0.0,1,0.07445310038904829,0.0,0.03125,4.477992288659352E-4,0.0,9.719226892901555E-24,0.02828025477707008,5,5
1770320942712,0.8224862766464852,0.22587697572631282,0.25299191287109885,0.4479320530838603,0.0,0.0,1,0.07254524334938155,0.0,0.03125,4.477992288659352E-4,0.0,7.775381514321243E-24,0.028276652655712664,5,5
1770320943168,0.8166748294777256,0.20203050891044214,1.0,0.437133084329797,0.0,0.0,1,0.07028797336529023,0.2741228070175438,0.03125,4.518349527771682E-4,0.0,6.220305211456995E-24,0.028273051451859432,5,5
1770320943599,0.8166748294777256,0.6468132241526726,0.0,0.4396074883017768,0.0,0.0,1,0.06960644543108431,0.0,0.03125,4.518349527771682E-4,0.0,4.976244169165596E-24,0.028269451165159776,5,5
1770320944063,0.8212663086479981,0.30304576336566325,1.0,0.4205639951165488,0.0,0.0,1,0.0682019380087121,0.5387931034482758,0.03125,4.6001428901915926E-4,0.0,3.980995335332477E-24,0.02826585179526353,3,5
1770320944505,0.8304110891500909,0.36421567954234174,0.23184081037951643,0.4209093464916968,0.0,0.0,1,0.06806180048703432,0.0,0.03125,4.6208182862266715E-4,0.0,3.184796268265982E-24,0.02826225334182053,5,5
1770320944939,0.8272823761053927,0.5050762722761054,0.2343335725581542,0.4212531014557668,0.0,0.0,1,0.0675582781282362,0.0,0.03125,4.6208182862264054E-4,0.0,2.547837014612786E-24,0.028258655804480615,5,5
1770320945371,0.8226908969351202,0.8144110179279557,0.0,0.4237052815084792,0.0,0.0,1,0.06827786956882685,0.0,0.03125,4.6208182862264054E-4,0.0,2.038269611690229E-24,0.028255059182894282,5,5
