t_ms,entropy_ema,churn01,dCurv01,meanAbsCurv01,two1_eff_rate01,tmr01,feedback_tick,roi_amp01,roi_deqRate01,roi_curvCover01,roi_curvEntropy01,roi_two1RawRate01,two1_exp01,bmu_stability,queue_size,queue_cap
1775941909638,0.05416853513736285,0.0984638883763227,0.0,0.0,0.0,0.33333333333333337,1,1.0,0.9689922480620154,0.0,0.0,0.0,0.0,0.6666666666666667,0,15
1775941909904,0.028107505551417826,0.0,0.0,0.0,0.0,1.0,0,1.0,0.0,0.0,0.0,0.0,0.0,0.875,1,15
1775941910156,0.0201910157568679,0.0,0.0,0.0,0.0,1.0,0,1.0,0.9920634920634921,0.0,0.0,0.0,0.0,0.92,0,15
1775941910411,0.015260172358447732,0.0,0.0,0.0,0.0,1.0,0,1.0,0.0,0.0,0.0,0.0,0.0,0.9444444444444444,1,15
1775941910667,0.01237912420252902,0.0,0.0,0.0,0.0,1.0,0,1.0,0.48828125,0.0,0.0,0.0,0.0,0.9574468085106383,1,15
1775941910929,0.010618209316029898,0.0,0.0,0.0,0.0,1.0,0,1.0,0.9541984732824427,0.0,0.0,0.0,0.0,0.9649122807017544,0,15
1775941911185,0.009215070397490593,0.0,0.0,0.0,0.0,1.0,0,1.0,0.0,0.0,0.0,0.0,0.0,0.9705882352941176,1,15
1775941911441,0.008161715226514512,0.0,0.0,0.0,0.0,1.0,0,0.6876180166945306,0.48828125,0.0,0.0,0.0,0.0,0.9746835443037974,1,15
1775941911700,0.02217369517942788,0.09390561575875987,0.0,0.0,0.0,0.7777777777777778,0,0.3769801440904881,0.9652509652509652,0.0,0.0,0.0,0.0,0.9438202247191011,0,15
1775941911955,0.07996303044782527,0.3499809736486305,0.0,0.0,0.0,0.0,0,0.1860234775921995,0.0,0.0,0.0,0.0,0.0,0.84,1,15
1775941912210,0.13532244989290113,0.3051015259009693,0.0,0.0,0.0,0.0,0,0.12633617943013004,0.0,0.0,0.0,0.0,0.0,0.7567567567567568,2,15
1775941912466,0.19806938189190498,0.32764011705951906,0.0,0.0,0.0,0.0,0,0.08212209515786752,0.0,0.0,0.0,0.0,0.0,0.6885245901639344,3,15
1775941912721,0.2642966672232656,0.415642423967352,0.0,0.0,0.0,0.0,0,0.06814396286249914,0.0,0.0,0.0,0.0,0.0,0.631578947368421,4,15
1775941912977,0.3256599949954355,0.2590855681014718,0.0,0.0,0.0,0.0,0,0.06667237469887416,0.0,0.0,0.0,0.0,0.0,0.5833333333333333,5,15
1775941913232,0.3804967090649232,0.31254841782784704,0.0,0.0,0.0,0.0,0,0.06279153807869464,0.0,0.0,0.0,0.0,0.0,0.5419354838709678,6,15
1775941913487,0.4334015470447282,0.45350111224130174,0.0,0.0,0.0,0.0,0,0.06820385019125541,0.0,0.0,0.0,0.0,0.0,0.5060240963855422,7,15
1775941913742,0.4760502938608199,0.3689817967206032,0.0,0.0,0.0,0.0,0,0.08213838999531833,0.49019607843137253,0.0,0.0,0.0,0.0,0.47457627118644063,7,15
1775941913998,0.5071759845555454,0.39189068703387386,0.0,0.0,0.0,0.0,0,0.06943220059027287,0.0,0.0,0.0,0.0,0.0,0.44680851063829785,8,15
1775941914254,0.5171759845555454,0.38953135108006637,0.0,0.0,0.0,0.0,0,0.0882196127317069,0.0,0.0,0.0,0.0,0.0,0.42211055276381915,9,15
1775941914509,0.5144717241406815,0.4127778435319978,0.0,0.0,0.0,0.0,0,0.0757138579798606,0.0,0.0,0.0,0.0,0.0,0.4,10,15
1775941914765,0.5178050574740148,0.3758767901968474,0.0,0.0,0.0,0.0,0,0.07192875552093854,0.0,0.0,0.0,0.0,0.0,0.38009049773755654,11,15
1775941915020,0.5180256095627569,0.336834408861887,0.0,0.0,0.0,0.0,0,0.0645524197665866,0.0,0.0,0.0,0.0,0.0,0.3620689655172413,12,15
1775941915275,0.5190632033109539,0.40934844805683934,0.0,0.0,0.0,0.0,0,0.08704149359725756,0.0,0.0,0.0,0.0,0.0,0.345679012345679,13,15
1775941915530,0.5269880158145597,0.30818025960722906,0.0,0.0,0.0,0.0,0,0.08890301518886623,0.0,0.0,0.0,0.0,0.0,0.3307086614173228,14,15
1775941915786,0.5246922762294235,0.33061384177496284,0.0,0.0,0.0,0.0,1,0.08367617226620833,0.48828125,0.0,0.0,0.0,0.0,0.31698113207547174,15,15
1775941916042,0.5319880158145596,0.4311822122596829,0.0,0.0,0.0,0.0,0,0.07686320832297303,0.0,0.0,0.0,0.0,0.0,0.30434782608695654,15,15
1775941916297,0.5353213491478929,0.2884958082083713,0.0,0.0,0.0,0.0,1,0.06619070029496261,0.0,0.0,0.0,0.0,0.0,0.29268292682926833,15,15
1775941916552,0.535321349147893,0.3442363421185395,0.0,0.0,0.0,0.0,0,0.08098064436801372,0.0,0.0,0.0,0.0,0.0,0.2818791946308725,15,15
1775941916808,0.5307298699776206,0.32272746258585133,0.0,0.0,0.0,0.0,1,0.0715645285359258,0.0,0.0,0.0,0.0,0.0,0.27184466019417475,15,15
1775941917063,0.5240632033109541,0.3246040903275445,0.0,0.0,0.0,0.0,1,0.0701031151514514,0.0,0.0,0.0,0.0,0.0,0.26249999999999996,15,15
1775941917319,0.5240632033109541,0.34806503590703425,0.0,0.0,0.0,0.0,0,0.06619015702290426,0.0,0.0,0.0,0.0,0.0,0.2537764350453172,15,15
1775941917575,0.5263589428960903,0.4745116073117543,0.0,0.0,0.0,0.0,1,0.08118521347775652,0.0,0.0,0.0,0.0,0.0,0.24561403508771928,15,15
1775941917831,0.5211383908073485,0.35628879408521896,0.0,0.0,0.0,0.0,0,0.07995341308931359,0.48828125,0.0,0.0,0.0,0.0,0.23863636363636365,14,15
1775941918085,0.5194717241406817,0.4358486012390379,0.0,0.0,0.0,0.0,1,0.06630839997726759,0.0,0.0,0.0,0.0,0.0,0.23140495867768596,15,15
1775941918341,0.5161383908073485,0.38831201811148675,0.0,0.0,0.0,0.0,1,0.0660014959498623,0.0,0.0,0.0,0.0,0.0,0.22459893048128343,15,15
1775941918596,0.5201007970591511,0.36762509228252027,0.0,0.0,0.0,0.0,0,0.07237258062560992,0.0,0.0,0.0,0.0,0.0,0.21818181818181814,15,15
1775941918852,0.5146922762294236,0.4726224070131965,0.0,0.0,0.0,0.0,1,0.06840553490271833,0.0,0.0,0.0,0.0,0.0,0.21212121212121215,15,15
1775941919108,0.5146922762294237,0.39412500121345884,0.0,0.0,0.0,0.0,1,0.07494407685456868,0.0,0.0,0.0,0.0,0.0,0.20638820638820643,15,15
1775941919363,0.5186546824812266,0.317777072832218,0.0,0.0,0.0,0.0,1,0.08535225212079384,0.0,0.0,0.0,0.0,0.0,0.2009569377990431,15,15
1775941919618,0.5203213491478932,0.3645697897683331,0.0,0.0,0.0,0.0,1,0.07263036113058614,0.0,0.0,0.0,0.0,0.0,0.19580419580419584,15,15
1775941919873,0.5196922762294236,0.2731518349608501,0.0,0.0,0.0,0.0,0,0.08346816059077851,0.49019607843137253,0.0,0.0,0.0,0.0,0.19090909090909092,15,15
1775941920129,0.519063203310954,0.3636248537828268,0.0,0.0,0.0,0.0,1,0.07160323383720342,0.0,0.0,0.0,0.0,0.0,0.1862527716186253,15,15
1775941920385,0.5180256095627569,0.2811493709151089,0.0,0.0,0.0,0.0,1,0.07028277311084062,0.0,0.0,0.0,0.0,0.0,0.18181818181818177,15,15
1775941920640,0.5160551695822567,0.2901081293436018,0.0,0.0,0.0,0.0,0,0.06796275152889152,0.0,0.0,0.0,0.0,0.0,0.17758985200845667,15,15
1775941920895,0.5160551695822566,0.3875045336742359,0.0,0.0,0.0,0.0,1,0.06617793306161861,0.0,0.0,0.0,0.0,0.0,0.17355371900826444,15,15
1775941921151,0.5154260966637869,0.30536850323213616,0.0,0.0,0.0,0.0,0,0.07366126473144698,0.0,0.0,0.0,0.0,0.0,0.16969696969696968,15,15
1775941921407,0.5120927633304536,0.4284787827081866,0.0,0.0,0.0,0.0,1,0.0666085688315381,0.0,0.0,0.0,0.0,0.0,0.16600790513833996,15,15
1775941921662,0.5131303570786507,0.32949940465010347,0.0,0.0,0.0,0.0,1,0.07162677411307293,0.0,0.0,0.0,0.0,0.0,0.1624758220502901,15,15
1775941921917,0.515917838718606,0.4658113097772741,0.0,0.0,0.0,0.0,0,0.08599264304433656,0.49019607843137253,0.0,0.0,0.0,0.0,0.15909090909090906,15,15
1775941922172,0.5228050574740147,0.4146076788409191,0.0,0.0,0.0,0.0,1,0.08879785094971307,0.0,0.0,0.0,0.0,0.0,0.1558441558441559,15,15
1775941922427,0.5230256095627568,0.39533307681729984,0.0,0.0,0.0,0.0,0,0.06880951625865478,0.0,0.0,0.0,0.0,0.0,0.1527272727272727,15,15
1775941922683,0.5296922762294234,0.4033996574291478,0.0,0.0,0.0,0.0,1,0.06894848774326306,0.0,0.0,0.0,0.0,0.0,0.14973262032085566,15,15
1775941922939,0.5257298699776205,0.4299384424016818,0.0,0.0,0.0,0.0,1,0.07214219161904134,0.0,0.0,0.0,0.0,0.0,0.14685314685314688,15,15
1775941923193,0.5263589428960901,0.3494329085227935,0.0,0.0,0.0,0.0,0,0.07308900578585384,0.0,0.0,0.0,0.0,0.0,0.144082332761578,15,15
1775941923449,0.5217674637258177,0.28152005159416754,0.0,0.0,0.0,0.0,1,0.0667230966936142,0.0,0.0,0.0,0.0,0.0,0.14309764309764306,15,15
1775941923706,0.5217674637258177,0.298004131138948,0.0,0.0,0.0,0.0,1,0.06177431205914058,0.0,0.0,0.0,0.0,0.0,0.14049586776859502,15,15
1775941923963,0.5111383908073482,0.28773656112004004,0.0,0.0,0.0,0.0,1,0.06149766885721266,0.48638132295719844,0.0,0.0,0.0,0.0,0.1382113821138211,15,15
1775941924218,0.5140632033109539,0.4440581354735661,0.0,0.0,0.0,0.0,1,0.0672399784391817,0.0,0.0,0.0,0.0,0.0,0.1357827476038339,15,15
1775941924474,0.5163589428960902,0.2949740883853709,0.0,0.0,0.0,0.0,0,0.06699739614940622,0.0,0.0,0.0,0.0,0.0,0.1334379905808477,15,15
1775941924729,0.5187594299971204,0.4539091326341237,0.0,0.0,0.0,0.0,1,0.10212469400013768,0.0,0.0,0.0,0.0,0.0,0.13117283950617287,15,15
1775941924984,0.5163589428960902,0.2715421376435309,0.0,0.0,0.0,0.0,1,0.09122052349094645,0.0,0.0,0.0,0.0,0.0,0.1289833080424886,15,15
1775941925240,0.5163589428960902,0.3908383441155514,0.0,0.0,0.0,0.0,0,0.07745940517948255,0.0,0.0,0.0,0.0,0.0,0.12686567164179108,15,15
1775941925495,0.5117674637258178,0.27388972402674144,0.0,0.0,0.0,0.0,1,0.06632311096985923,0.0,0.0,0.0,0.0,0.0,0.12628487518355358,15,15
1775941925750,0.5117674637258178,0.37377798602120055,0.0,0.0,0.0,0.0,0,0.06624837224312718,0.0,0.0,0.0,0.0,0.0,0.12427745664739887,15,15
1775941926006,0.5151007970591511,0.2074787145241772,0.0,0.0,0.0,0.0,1,0.06632481836462,0.48828125,0.0,0.0,0.0,0.0,0.12233285917496439,15,15
1775941926262,0.5221759845555453,0.3742019461597887,0.0,0.0,0.0,0.1428571428571429,1,0.06347651799726423,0.0,0.0,0.0,0.0,0.0,0.1204481792717087,15,15
1775941926517,0.511546911637076,0.2695485542956905,1.0,0.946010667322619,1.0,0.11111111111111116,0,0.0648171010335474,0.0,2.44140625E-4,0.0,0.6248360531164665,0.1249672106232933,0.12137931034482763,15,15
1775941926773,0.5109178387186063,0.28863365231111354,0.0,0.9465216696715677,0.0,0.0,1,0.06126395036033665,0.0,2.44140625E-4,0.0,0.0,0.09997376849863465,0.11956521739130432,15,15
1775941927028,0.506546911637076,0.3038453407931701,0.0,0.9470281060865178,0.0,0.0,0,0.0629770495723807,0.0,2.44140625E-4,0.0,0.0,0.07997901479890773,0.11780455153949132,15,15
1775941927284,0.5088426512222122,0.32337671078478825,0.0,0.9475300122558764,0.0,0.0,1,0.06465848122588957,0.0,2.44140625E-4,0.0,0.0,0.06398321183912618,0.11609498680738783,15,15
1775941927539,0.5142511720519396,0.2835952891263373,0.0,0.9480274236859226,0.0,0.0,1,0.07116042457937774,0.0,2.44140625E-4,0.0,0.0,0.05118656947130095,0.11443433029908978,15,15
1775941927794,0.5132135783037425,0.2589702014842407,0.0,0.9485203756997885,0.0,0.0,0,0.09975923346949118,0.0,2.44140625E-4,0.0,0.0,0.040949255577040766,0.11282051282051286,15,15
1775941928049,0.5101007970591511,0.3237632394151613,0.0,0.9490089034364901,0.0,0.0,1,0.07355077381587061,0.49019607843137253,2.44140625E-4,0.0,0.0,0.03275940446163261,0.11125158027812898,15,15
1775941928305,0.5137594299971204,0.35964803651026156,0.0,0.9494930418500087,0.0,0.0,1,0.08042056790338711,0.0,2.44140625E-4,0.0,0.0,0.026207523569306092,0.10972568578553621,15,15
1775941928560,0.5144717241406817,0.25711183767721973,0.0,0.9499728257084197,0.0,0.11111111111111116,1,0.06957411708671356,0.0,2.44140625E-4,0.0,0.0,0.020966018855444874,0.10824108241082409,15,15
1775941928815,0.5173965366442874,0.35032622803207236,0.0,0.9504482895930683,0.0,0.0,1,0.06841410964504163,0.0,2.44140625E-4,0.0,0.0,0.0167728150843559,0.10679611650485432,15,15
1775941929071,0.5246922762294236,0.31002676273032126,0.0,0.950919467897794,0.0,0.0,0,0.07840091632594773,0.0,2.44140625E-4,0.0,0.0,0.013418252067484721,0.10538922155688624,15,15
1775941929327,0.5216842425007262,0.4122897838751111,0.0,0.9513863948281984,0.0,0.0,1,0.09821619408431141,0.0,2.44140625E-4,0.0,0.0,0.010734601653987777,0.10401891252955087,15,15
1775941929582,0.5201007970591511,0.3004965423850761,0.0,0.9518491044009592,0.0,0.0,1,0.07764638282279102,0.0,2.44140625E-4,0.0,0.0,0.008587681323190223,0.1038506417736289,15,15
1775941929837,0.5105093178888788,0.37279392244270004,0.0,0.952307630443188,0.0,0.0,0,0.07052693877273371,0.49019607843137253,2.44140625E-4,0.0,0.0,0.006870145058552178,0.10253456221198154,14,15
1775941930100,0.5098802449704092,0.35990664808072825,0.0,0.9527620065918319,0.0,0.0,1,0.06953197750678591,0.0,2.44140625E-4,0.0,0.0,0.005496116046841743,0.10148232611174457,15,15
1775941930356,0.5084341303924845,0.24974284726308466,0.0,0.9532122662931165,0.0,0.0,0,0.07087361517510743,0.0,2.44140625E-4,0.0,0.0,0.004396892837473395,0.10022522522522526,15,15
1775941930611,0.5044717241406815,0.24912598175273887,0.0,0.9536584428020314,0.0,0.0,1,0.06597752557768449,0.0,2.44140625E-4,0.0,0.0,0.003517514269978716,0.09899888765294773,15,15
1775941930867,0.5055093178888787,0.40549214489354607,0.0,0.9541005691818554,0.0,0.0,1,0.06287069181366459,0.0,2.44140625E-4,0.0,0.0,0.002814011415982973,0.09780219780219779,15,15
1775941931122,0.5059178387186063,0.4040876362687454,0.0,0.9545386783037235,0.0,0.0,0,0.06228489423363962,0.0,2.44140625E-4,0.0,0.0,0.0022512091327863784,0.09663409337676443,15,15
1775941931378,0.5036220991334701,0.4060484276739683,0.0,0.954972802846231,0.0,0.0,1,0.06073783051456512,0.0,2.44140625E-4,0.0,0.0,0.0018009673062291027,0.09549356223175964,15,15
1775941931634,0.5128050574740148,0.44494847073051996,0.0,0.9554029752950776,0.0,0.0,1,0.06805046812203396,0.0,2.44140625E-4,0.0,0.0,0.0014407738449832824,0.09437963944856842,15,15
1775941931888,0.520100797059151,0.36841357103319494,0.0,0.9558292279427482,0.0,0.0,1,0.10724985131893933,0.4921259842519685,2.44140625E-4,0.0,0.0,0.001152619075986626,0.09329140461215935,14,15
1775941932144,0.520100797059151,0.40861348681130516,0.0,0.9562515928882311,0.0,0.0,1,0.08553144265517028,0.0,2.44140625E-4,0.0,0.0,9.220952607893008E-4,0.09222797927461135,15,15
1775941932399,0.5184341303924844,0.3123949777830897,0.0,0.9566701020367722,0.0,0.0,0,0.06884137725679215,0.0,2.44140625E-4,0.0,0.0,7.376762086314407E-4,0.09118852459016391,15,15
1775941932655,0.5184341303924844,0.41062630211438655,0.0,0.9570847870996642,0.0,0.0,1,0.08850639668280168,0.0,2.44140625E-4,0.0,0.0,5.901409669051526E-4,0.09017223910840932,15,15
1775941932910,0.5201007970591509,0.4345312156003013,0.0,0.9574956795940709,0.0,0.0,1,0.0726822144524025,0.0,2.44140625E-4,0.0,0.0,4.721127735241221E-4,0.08917835671342689,15,15
1775941933166,0.5171759845555453,0.3246823519215563,0.0,0.9579028108428851,0.0,0.0,0,0.06375318666605019,0.0,2.44140625E-4,0.0,0.0,3.776902188192977E-4,0.08820614469772048,15,15
1775941933421,0.5105093178888787,0.31056790289378183,0.0,0.9583062119746197,0.0,0.0,1,0.06675413184856407,0.0,2.44140625E-4,0.0,0.0,3.021521750554382E-4,0.08725490196078434,15,15
1775941933677,0.5171759845555453,0.3840500861189269,0.0,0.9587059139233318,0.0,0.0,0,0.06999617818774427,0.0,2.44140625E-4,0.0,0.0,2.417217400443506E-4,0.08632395732298737,15,15
1775941933932,0.5151007970591512,0.38193970523735626,0.0,0.959101947428577,0.0,0.0,1,0.06593667877849536,0.49019607843137253,2.44140625E-4,0.0,0.0,1.9337739203548047E-4,0.08541266794625724,14,15
1775941934188,0.5107298699776208,0.3981263634534952,0.8751161386961585,0.9500143124161359,0.0,0.0,1,0.06696499169258269,0.0,2.44140625E-4,0.0,0.0,1.5470191362838438E-4,0.0845204178537512,15,15
1775941934443,0.5090632033109541,0.28674988290942427,0.0,0.9504894023531719,0.0,0.0,0,0.07576083482926754,0.0,2.44140625E-4,0.0,0.0,1.2376153090270752E-4,0.08364661654135341,15,15
1775941934699,0.5088426512222122,0.31444455694374274,0.0,0.9509602096915867,0.0,0.0,1,0.06776284958802255,0.0,2.44140625E-4,0.0,0.0,9.900922472216602E-5,0.0827906976744186,15,15
1775941934953,0.5048802449704093,0.2284303135450526,0.0,0.9514267686205834,0.0,0.0,0,0.07883749128457287,0.0,2.44140625E-4,0.0,0.0,7.920737977773282E-5,0.08195211786372003,15,15
1775941935208,0.49821357830374263,0.2554188139993359,0.0,0.9518891131403834,0.0,0.0,1,0.13252387415297234,0.0,2.44140625E-4,0.0,0.0,6.336590382218626E-5,0.083180987202925,15,15
1775941935463,0.5044717241406816,0.449920697473691,0.0,0.9523472770615888,0.0,0.0,1,0.09403178496348073,0.0,2.44140625E-4,0.0,0.0,5.0692723057749005E-5,0.08235294117647063,15,15
1775941935719,0.5061383908073482,0.3647224975579938,0.0,0.9528012940045866,0.0,0.0,1,0.08103781092672449,0.0,2.44140625E-4,0.0,0.0,4.055417844619921E-5,0.0815412186379928,15,15
1775941935973,0.5117674637258177,0.4313117467429477,0.0,0.9532511973989958,0.0,0.0,1,0.06483466484163701,0.4921259842519685,2.44140625E-4,0.0,0.0,3.2443342756959365E-5,0.08074534161490687,15,15
1775941936229,0.4994717241406815,0.3328531973695563,0.0,0.953697020483157,0.0,0.0,0,0.1071389673546452,0.0,2.44140625E-4,0.0,0.0,2.5954674205567493E-5,0.08084358523725832,15,15
1775941936484,0.49758450538527293,0.31531427452407523,0.0,0.9541387963036607,0.0,0.0,1,0.11539478701956157,0.0,2.44140625E-4,0.0,0.0,2.0763739364453997E-5,0.08093994778067881,15,15
1775941936739,0.49321357830374246,0.39680828023859466,0.5259154659136337,0.9498490101062634,0.0,0.0,1,0.1137312399742938,0.0,2.44140625E-4,0.0,0.0,1.6610991491563197E-5,0.08017241379310347,15,15
1775941936995,0.4903935133160307,0.23095336178146358,0.0,0.9503255889826262,0.0,0.0,0,0.14483186337472764,0.0,2.44140625E-4,0.0,0.0,1.3288793193250558E-5,0.07941929974380868,15,15
1775941937252,0.4873517468067788,0.24466582104216886,0.0,0.9507978733936805,0.0,0.0,1,0.13666801667184877,0.9727626459143969,2.44140625E-4,0.0,0.0,1.0631034554600447E-5,0.08044030482641829,15,15
1775941937507,0.492584505385273,0.36658861470635756,0.0,0.9512658975938236,0.0,0.1428571428571429,0,0.10435775652051954,0.0,2.44140625E-4,0.0,0.0,8.504827643680358E-6,0.07969798657718119,15,15
1775941937762,0.49408472960175653,0.3294611383940331,0.0,0.9517296956487024,0.0,0.0,1,0.07676353521332409,0.0,2.44140625E-4,0.0,0.0,6.8038621149442865E-6,0.07896924355777224,15,15
1775941938018,0.49115991709815077,0.3118942124289771,0.0,0.9521893014345598,0.0,0.0,1,0.09869686668909033,0.0,2.44140625E-4,0.0,0.0,5.44308969195543E-6,0.07825370675453047,15,15
1775941938273,0.4884556566832871,0.4359705973066706,0.0,0.9526447486376248,0.0,0.0,0,0.07660352917130506,0.0,2.44140625E-4,0.0,0.0,4.354471753564344E-6,0.07755102040816331,15,15
1775941938528,0.4929930262150005,0.2495414190838033,0.0,0.9530960707535451,0.0,0.0,1,0.0846542263299254,0.0,2.44140625E-4,0.0,0.0,3.4835774028514756E-6,0.07686084142394822,15,15
1775941938784,0.5020578933471486,0.30256139950936567,0.0,0.9535433010868616,0.0,0.0,0,0.06904833548393302,0.0,2.44140625E-4,0.0,0.0,2.7868619222811807E-6,0.07698476343223737,15,15
1775941939040,0.5110202995989513,0.46216958811711395,0.0,0.9539864727505238,0.0,0.0,1,0.0669076492548469,0.0,2.44140625E-4,0.0,0.0,2.2294895378249445E-6,0.07631160572337048,15,15
1775941939294,0.5080256095627569,0.2454926384973413,0.0,0.9544256186654454,0.0,0.0,1,0.1152351504177106,0.4921259842519685,2.44140625E-4,0.0,0.0,1.7835916302599558E-6,0.0764381402679275,15,15
1775941939550,0.4986098926437179,0.17449070349447895,0.0,0.9548607715600994,0.0,0.0,0,0.1650519877670644,0.0,2.44140625E-4,0.0,0.0,1.4268733042079648E-6,0.07968750000000002,15,15
1775941939814,0.5003428754386956,0.3502843382718955,0.6580701866225632,0.9505609073101015,0.0,0.0,0,0.10326448063056644,0.9469696969696969,2.44140625E-4,0.0,0.0,1.1414986433663719E-6,0.07906976744186045,14,15
1775941940069,0.49457647165657553,0.4168974227352394,0.0,0.9510310695055787,0.0,0.11111111111111116,1,0.07492684861909506,0.0,2.44140625E-4,0.0,0.0,9.131989146930975E-7,0.07840122982321296,15,15
1775941940342,0.488947398738106,0.37488367689070984,0.0,0.9514969884493755,0.0,0.0,0,0.07296029678834878,0.0,2.44140625E-4,0.0,0.0,7.30559131754478E-7,0.0778625954198473,15,15
1775941940598,0.49465969288166717,0.4316143140891173,0.0,0.9519586981130562,0.0,0.0,1,0.08531227420537474,0.0,2.44140625E-4,0.0,0.0,5.844473054035824E-7,0.07721423164269492,15,15
1775941940852,0.49758450538527293,0.42609822324144997,0.0,0.9524162322784726,0.0,0.0,0,0.06945483162097665,0.0,2.44140625E-4,0.0,0.0,4.67557844322866E-7,0.07657657657657657,15,15
1775941941109,0.4982135783037425,0.31672602473178424,0.0,0.9528696245371753,0.0,0.0,1,0.08383395412168733,0.0,2.44140625E-4,0.0,0.0,3.740462754582928E-7,0.07594936708860756,15,15
1775941941364,0.4929930262150005,0.3117878201023219,0.7283926468920864,0.9485975295464814,0.0,0.0,1,0.06752525281397843,0.0,2.44140625E-4,0.0,0.0,2.9923702036663426E-7,0.07533234859675042,15,15
1775941941619,0.5032135783037425,0.3960002789772859,0.0,0.9490853639167696,0.0,0.0,0,0.0670807140329417,0.49019607843137253,2.44140625E-4,0.0,0.0,2.393896162933074E-7,0.07472527472527468,14,15
1775941941874,0.5138426512222121,0.34552584049673646,0.0,0.9495688144501222,0.0,0.0,1,0.08021157946079403,0.0,2.44140625E-4,0.0,0.0,1.9151169303464592E-7,0.0741279069767442,15,15
1775941942130,0.5151007970591512,0.27849797864501,0.0,0.9500479158852684,0.0,0.0,1,0.06827229738695866,0.0,2.44140625E-4,0.0,0.0,1.5320935442771674E-7,0.07354001441961067,15,15
1775941942384,0.5098802449704092,0.30705771409515364,0.0,0.9505227027740826,0.0,0.0,1,0.0681805450121441,0.0,2.44140625E-4,0.0,0.0,1.225674835421734E-7,0.07296137339055797,15,15
1775941942641,0.5117674637258178,0.225811044130667,0.0,0.9509932094808144,0.0,0.0,1,0.0739708308920471,0.0,2.44140625E-4,0.0,0.0,9.805398683373873E-8,0.07239176721078777,15,15
1775941942896,0.512805057474015,0.3064757321133898,0.0,0.9514594701813653,0.0,0.0,0,0.07874282055443158,0.0,2.44140625E-4,0.0,0.0,7.844318946699099E-8,0.07183098591549297,15,15
1775941943151,0.5101007970591512,0.2764905789683391,0.0,0.9519215188626082,0.0,0.0,1,0.08441073975304977,0.0,2.44140625E-4,0.0,0.0,6.27545515735928E-8,0.07127882599580715,15,15
1775941943407,0.508350909167393,0.4616937450307957,0.0,0.9523793893217538,0.0,0.0,1,0.07616372245440167,0.0,2.44140625E-4,0.0,0.0,5.0203641258874245E-8,0.07073509015256585,15,15
1775941943664,0.5151007970591512,0.39836130263740427,0.0,0.9528331151657572,0.0,0.0,0,0.09193243430448483,0.48638132295719844,2.44140625E-4,0.0,0.0,4.0162913007099396E-8,0.07024793388429751,14,15
1775941943918,0.5157298699776207,0.41660816778045534,0.0,0.953282729810768,0.0,0.0,1,0.07420975520071506,0.0,2.44140625E-4,0.0,0.0,3.213033040567952E-8,0.06971975393028029,15,15
1775941944174,0.5234341303924843,0.2850579496868488,0.0,0.9537282664816229,0.0,0.0,0,0.06991727654550495,0.0,2.44140625E-4,0.0,0.0,2.5704264324543616E-8,0.06919945725915877,15,15
1775941944430,0.5228050574740147,0.4565470400873769,0.0,0.9541697582113771,0.0,0.0,1,0.07450423031059318,0.0,2.44140625E-4,0.0,0.0,2.0563411459634894E-8,0.06868686868686869,15,15
1775941944685,0.5223965366442872,0.3333254565886362,0.0,0.9546072378408765,0.0,0.0,1,0.06654549622092658,0.0,2.44140625E-4,0.0,0.0,1.6450729167707917E-8,0.06818181818181823,15,15
1775941944940,0.5273965366442871,0.2796585033296862,0.0,0.9550407380183693,0.0,0.0,0,0.06410217207927699,0.0,2.44140625E-4,0.0,0.0,1.3160583334166334E-8,0.06768414067684136,15,15
1775941945196,0.5246922762294234,0.43814037800548405,0.0,0.9554702911991549,0.0,0.0,1,0.06367549453982452,0.0,2.44140625E-4,0.0,0.0,1.0528466667333068E-8,0.06719367588932801,15,15
1775941945466,0.5190632033109539,0.30738575316856837,0.0,0.9558959296452718,0.0,0.0,1,0.06967320363487234,0.0,2.44140625E-4,0.0,0.0,8.422773333866454E-9,0.06684141546526867,15,15
1775941945722,0.5217674637258177,0.4156254938132675,0.0,0.9563176854252203,0.0,0.0,1,0.08509226540062774,0.48828125,2.44140625E-4,0.0,0.0,6.738218667093164E-9,0.066363044892648,14,15
1775941945977,0.5120927633304538,0.49834856033675573,0.0,0.9567355904137229,0.0,0.0,1,0.06797173254414986,0.0,2.44140625E-4,0.0,0.0,5.390574933674531E-9,0.06589147286821706,15,15
1775941946233,0.5223965366442872,0.41115326896678545,1.0,0.9476925898651584,0.0,0.0,0,0.06411395374222827,0.0,2.44140625E-4,0.0,0.0,4.3124599469396255E-9,0.06606799230275817,15,15
1775941946488,0.5123965366442873,0.5039199949405861,0.0,0.9481885436274179,0.0,0.0,1,0.06422653530133753,0.0,2.44140625E-4,0.0,0.0,3.4499679575517007E-9,0.06560509554140126,15,15
1775941946743,0.5146922762294235,0.32618626413606133,0.0,0.9486800494493365,0.0,0.0,1,0.07419622929115921,0.0,2.44140625E-4,0.0,0.0,2.7599743660413607E-9,0.0651486401012018,15,15
1775941946999,0.5157298699776206,0.33550383668357164,0.0,0.9491671424097057,0.0,0.0,0,0.07345731400151924,0.0,2.44140625E-4,0.0,0.0,2.2079794928330887E-9,0.06469849246231152,15,15
1775941947253,0.5186546824812263,0.2718716095906473,0.0,0.9496498574019924,0.0,0.0,1,0.0658240618479645,0.0,2.44140625E-4,0.0,0.0,1.766383594266471E-9,0.06425452276980659,15,15
1775941947509,0.520321349147893,0.36470209406327514,1.0,0.945422501618179,0.0,0.0,0,0.0646356589609314,0.0,2.44140625E-4,0.0,0.0,1.4131068754131769E-9,0.06381660470879802,15,15
1775941947766,0.5230256095627568,0.38289764633290796,0.0,0.9459387522126913,0.0,0.0,1,0.07160939132154556,0.48638132295719844,2.44140625E-4,0.0,0.0,1.1304855003305415E-9,0.06338461538461537,14,15
1775941948020,0.5207298699776205,0.36849016949218355,0.0,0.9464503959729926,0.0,0.0,1,0.07254968853489431,0.0,2.44140625E-4,0.0,0.0,9.043884002644332E-10,0.06295843520782396,15,15
1775941948276,0.5234341303924843,0.36109008922705826,0.0,0.9469574687937807,0.0,0.0,0,0.06895884505041804,0.0,2.44140625E-4,0.0,0.0,7.235107202115466E-10,0.06253794778384947,15,15
1775941948531,0.5301007970591509,0.31531934809021417,0.0,0.9474600063888485,0.0,0.125,1,0.06696738478501171,0.0,2.44140625E-4,0.0,0.0,5.788085761692373E-10,0.062123039806996405,15,15
1775941948786,0.5313589428960901,0.43359369124851266,0.0,0.9479580442900073,0.0,0.0,0,0.07170591257650957,0.0,2.44140625E-4,0.0,0.0,4.630468609353899E-10,0.061713600958657855,15,15
1775941949042,0.5228050574740147,0.36286212444854754,0.0,0.9484516178460606,0.0,0.0,1,0.06417444420672132,0.0,2.44140625E-4,0.0,0.0,3.7043748874831195E-10,0.061309523809523814,15,15
1775941949298,0.5230256095627568,0.31750660439553086,0.0,0.9489407622218289,0.0,0.0,1,0.06677663970606569,0.0,2.44140625E-4,0.0,0.0,2.963499909986496E-10,0.06091070372560614,15,15
1775941949552,0.5223965366442873,0.33869010800666527,0.0,0.9494255123972235,0.0,0.0,0,0.06322335430702844,0.0,2.44140625E-4,0.0,0.0,2.370799927989197E-10,0.06051703877790837,15,15
1775941949815,0.5161383908073481,0.39396199671836496,0.0,0.9499059031663684,0.0,0.0,1,0.07122256338454425,0.47528517110266155,2.44140625E-4,0.0,0.0,1.8966399423913576E-10,0.06016355140186913,15,15
1775941950070,0.5123965366442872,0.3252470038316614,0.0,0.9503819691367701,0.0,0.0,1,0.06445133509919435,0.0,2.44140625E-4,0.0,0.0,1.5173119539130862E-10,0.05977945443993038,15,15
1775941950326,0.5044717241406814,0.4108828643891398,0.0,0.950853744728535,0.0,0.0,0,0.06324815019353461,0.0,2.44140625E-4,0.0,0.0,1.213849563130469E-10,0.05940023068050748,15,15
1775941950580,0.5021759845555452,0.29394988167791086,0.0,0.9513212641736315,0.0,0.0,1,0.06445788126027499,0.0,2.44140625E-4,0.0,0.0,9.710796505043753E-11,0.05916140149339455,15,15
1775941950835,0.503842651222212,0.2690175525710652,0.0,0.9517845615151973,0.0,0.0,0,0.06512577560583338,0.0,2.44140625E-4,0.0,0.0,7.768637204035003E-11,0.058789954337899575,15,15
1775941951091,0.5067674637258177,0.40563794131970654,1.0,0.9475275661102344,0.0,0.0,1,0.06322625672245258,0.0,2.44140625E-4,0.0,0.0,6.214909763228002E-11,0.05842314237095858,15,15
1775941951346,0.5065469116370759,0.39353523887516395,0.0,0.948024998606945,0.0,0.0,1,0.06476197970625365,0.0,2.44140625E-4,0.0,0.0,4.971927810582402E-11,0.05806087936865845,15,15
1775941951602,0.5115469116370759,0.4232894431403493,0.0,0.948517971521748,0.0,0.0,0,0.06876797903301496,0.0,2.44140625E-4,0.0,0.0,3.977542248465922E-11,0.057703081232493014,15,15
1775941951858,0.5051007970591511,0.402707496870406,0.0,0.9490065199945267,0.0,0.0,1,0.06909206694371205,0.48828125,2.44140625E-4,0.0,0.0,3.1820337987727374E-11,0.05734966592427615,15,15
1775941952113,0.5028050574740149,0.37879211910988614,0.0,0.9494906789801337,0.0,0.0,0,0.06344896781995278,0.0,2.44140625E-4,0.0,0.0,2.54562703901819E-11,0.05700055340343113,15,15
1775941952368,0.5008346174935148,0.23598889313325003,0.0,0.9499704832475196,0.0,0.0,1,0.07786330251090297,0.0,2.44140625E-4,0.0,0.0,2.036501631214552E-11,0.057205720572057195,15,15
1775941952624,0.5055093178888787,0.4115525412893696,0.0,0.9504459673789093,0.0,0.0,1,0.06535803692404751,0.0,2.44140625E-4,0.0,0.0,1.6292013049716416E-11,0.056861673045380035,15,15
1775941952879,0.5032135783037424,0.37039015138315073,0.0,0.9509171657690245,0.0,0.0,0,0.06996047182950417,0.0,2.44140625E-4,0.0,0.0,1.3033610439773134E-11,0.05652173913043479,15,15
1775941953135,0.5042511720519396,0.39807598866038196,0.0,0.9513841126243532,0.0,0.0,1,0.06828611085648058,0.0,2.44140625E-4,0.0,0.0,1.0426888351818508E-11,0.05618584548892491,15,15
1775941953390,0.5047970237453175,0.3520977887211046,0.0,0.9518468419624622,0.0,0.0,1,0.06522684803622333,0.0,2.44140625E-4,0.0,0.0,8.341510681454806E-12,0.055853920515574695,15,15
1775941953645,0.5105093178888787,0.4637038283854638,0.0,0.9523053876113557,0.0,0.0,1,0.0742580117324668,0.0,2.44140625E-4,0.0,0.0,6.673208545163845E-12,0.05552589428723975,15,15
1775941953901,0.5044717241406816,0.33335051164394836,0.0,0.9527597832088753,0.0,0.0,1,0.07914399584103812,0.48828125,2.44140625E-4,0.0,0.0,5.338566836131076E-12,0.05520169851380041,15,15
1775941954156,0.5038426512222122,0.3080841623401356,1.0,0.9484892173644278,0.0,0.0,0,0.07503349006760981,0.0,2.44140625E-4,0.0,0.0,4.270853468904862E-12,0.05488126649076519,15,15
1775941954411,0.5078050574740149,0.502940740213259,0.0,0.9489780239415105,0.0,0.0,1,0.07676384416498225,0.0,2.44140625E-4,0.0,0.0,3.4166827751238896E-12,0.05456453305351516,15,15
1775941954667,0.5094717241406815,0.36696336800525253,0.0,0.9494624389897903,0.0,0.09999999999999998,1,0.06744238054025456,0.0,2.44140625E-4,0.0,0.0,2.7333462200991117E-12,0.05425143453312464,15,15
1775941954923,0.5105093178888787,0.3349176132082395,0.0,0.9499424972891262,0.0,0.0,0,0.0664895053158708,0.0,2.44140625E-4,0.0,0.0,2.1866769760792893E-12,0.053941908713692976,15,15
1775941955178,0.49979702374531765,0.40368583244098866,0.0,0.9504182334326982,0.0,0.0,1,0.0658866145765781,0.0,2.44140625E-4,0.0,0.0,1.7493415808634316E-12,0.0536358947911294,15,15
1775941955434,0.493455656683287,0.33654918122048233,1.0,0.9461802190674696,0.0,0.0,0,0.06913389192967342,0.0,2.44140625E-4,0.0,0.0,1.3994732646907454E-12,0.053333333333333344,15,15
1775941955701,0.49979702374531754,0.4548212084970743,0.0,0.9466897059601121,0.0,0.0,1,0.06887968481144037,0.4681647940074906,2.44140625E-4,0.0,0.0,1.1195786117525964E-12,0.053142565150740895,14,15
1775941955957,0.5054260966637871,0.3605676644799859,0.0,0.9471946387531108,0.0,0.0,0,0.06970107446444025,0.0,2.44140625E-4,0.0,0.0,8.956628894020772E-13,0.05284552845528456,15,15
1775941956213,0.5094717241406815,0.29887538476626524,0.0,0.9476950530746955,0.0,0.0,1,0.06742688562339912,0.0,2.44140625E-4,0.0,0.0,7.165303115216618E-13,0.05255179383527031,15,15
1775941956467,0.5240632033109538,0.3099042733736857,0.0,0.9481909843706255,0.0,0.0,1,0.07068073421982127,0.0,2.44140625E-4,0.0,0.0,5.732242492173295E-13,0.052261306532663365,15,15
1775941956723,0.5167674637258176,0.3908054913158584,0.0,0.9486824679031868,0.0,0.0,0,0.06687342508705148,0.0,2.44140625E-4,0.0,0.0,4.585793993738637E-13,0.05197401299350324,15,15
1775941956979,0.5167674637258177,0.374893668285812,0.0,0.9491695387502399,0.0,0.0,1,0.06454563771081197,0.0,2.44140625E-4,0.0,0.0,3.6686351949909093E-13,0.05168986083499005,15,15
1775941957234,0.5117674637258177,0.20559904294621417,0.0,0.9496522318043167,0.0,0.0,1,0.06220581217297883,0.0,2.44140625E-4,0.0,0.0,2.9349081559927275E-13,0.05190311418685123,15,15
1775941957490,0.5032135783037425,0.354131030667817,0.0,0.9501305817717652,0.0,0.0,1,0.061219010801224855,0.0,2.44140625E-4,0.0,0.0,2.347926524794182E-13,0.05162241887905605,15,15
1775941957744,0.5038426512222121,0.33679581610237697,0.0,0.9506046231719416,0.0,0.0,1,0.06614564670363528,0.4921259842519685,2.44140625E-4,0.0,0.0,1.878341219835346E-13,0.05134474327628358,14,15
1775941958000,0.5015469116370758,0.3460012034148079,0.0,0.9510743903364486,0.0,0.0,0,0.06395207949584758,0.0,2.44140625E-4,0.0,0.0,1.5026729758682767E-13,0.05107003891050588,15,15
1775941958256,0.5002055445750452,0.27186629724338546,0.0,0.9515399174084194,0.0,0.0,1,0.06748747710016025,0.0,2.44140625E-4,0.0,0.0,1.2021383806946215E-13,0.05079825834542817,15,15
1775941958511,0.4985388779083785,0.3887786925076792,0.0,0.9520012383418457,0.0,0.0,1,0.06948582332797149,0.0,2.44140625E-4,0.0,0.0,9.617107045556973E-14,0.05052935514918189,15,15
1775941958767,0.49908472960175654,0.2950671286112231,0.0,0.9524583869009503,0.0,0.0,0,0.06531392012426976,0.0,2.44140625E-4,0.0,0.0,7.693685636445579E-14,0.05026328386787937,15,15
1775941959023,0.4970927633304539,0.3132331812807062,0.0,0.9529113966596027,0.0,0.0,1,0.06368403568021098,0.0,2.44140625E-4,0.0,0.0,6.154948509156464E-14,0.050000000000000044,15,15
1775941959277,0.4967674637258178,0.35568274120277565,0.0,0.9533603010007756,0.0,0.0,0,0.0647895316753483,0.0,2.44140625E-4,0.0,0.0,4.923958807325171E-14,0.04973945997157747,15,15
1775941959532,0.49804713585355936,0.47224329944940957,0.0,0.9538051331160445,0.0,0.0,1,0.06939032580309903,0.0,2.44140625E-4,0.0,0.0,3.939167045860137E-14,0.04948162111215837,15,15
1775941959789,0.49613839080734834,0.24335818422479602,0.0,0.9542459260051264,0.0,0.0,1,0.06998296582285232,0.48638132295719844,2.44140625E-4,0.0,0.0,3.1513336366881096E-14,0.049226441631504914,15,15
1775941960043,0.4939799820858625,0.20553057913470685,0.0,0.9546827124754589,0.0,0.0,0,0.07523490611219871,0.0,2.44140625E-4,0.0,0.0,2.521066909350488E-14,0.049906716417910446,15,15
1775941960299,0.4852055445750453,0.39900018981091606,0.0,0.9551155251418179,0.0,0.0,1,0.06949032169976288,0.0,2.44140625E-4,0.0,0.0,2.0168535274803905E-14,0.04965197215777262,15,15
1775941960555,0.48195543246680345,0.36993324681557144,0.0,0.9555443964259741,0.0,0.0,0,0.06413107331738752,0.0,2.44140625E-4,0.0,0.0,1.6134828219843125E-14,0.04939981532779314,15,15
1775941960807,0.47736395329653103,0.259837876452241,0.0,0.9559693585563862,0.0,0.0,1,0.06496536582569208,0.0,2.44140625E-4,0.0,0.0,1.29078625758745E-14,0.04928604329801933,15,15
1775941961063,0.48069728662986433,0.37695425046749065,1.0,0.9516539989896019,0.0,0.0,0,0.07571145689087329,0.0,2.44140625E-4,0.0,0.0,1.03262900606996E-14,0.04903758020164983,15,15
1775941961317,0.478389340554976,0.2800264007562206,0.0,0.9521142884166806,0.0,0.0,1,0.06486535231927476,0.0,2.44140625E-4,0.0,0.0,8.26103204855968E-15,0.048791609667122704,15,15
1775941961573,0.4727602676365065,0.38378120844149327,0.0,0.9525704137621984,0.0,0.0,1,0.06460679525752167,0.0,2.44140625E-4,0.0,0.0,6.6088256388477445E-15,0.04854809437386565,15,15
1775941961829,0.4767889900166204,0.32773997114569176,0.0,0.9530224085530226,0.0,0.0,0,0.06813127005910694,0.48828125,2.44140625E-4,0.0,0.0,5.287060511078196E-15,0.04830699774266367,14,15
1775941962084,0.47767704641141484,0.347458707856178,0.0,0.9534703061249966,0.0,0.0,1,0.06379117864146856,0.0,2.44140625E-4,0.0,0.0,4.229648408862556E-15,0.048068283917340526,15,15
1775941962344,0.4794100292063926,0.33436005650205425,0.0,0.9539141396224489,0.0,0.0,0,0.06567371831876695,0.9615384615384615,2.44140625E-4,0.0,0.0,3.383718727090045E-15,0.047853309481216466,13,15
1775941962600,0.49438850291559006,0.2470043635918994,0.0,0.9543539419977422,0.0,0.0,0,0.1010707254437158,0.0,2.44140625E-4,0.0,0.0,2.7069749816720362E-15,0.04761904761904767,14,15
1775941962854,0.4910551695822568,0.39856167999099607,0.0,0.954789746010862,0.0,0.0,1,0.07830224535482193,0.0,2.44140625E-4,0.0,0.0,2.1655799853376293E-15,0.047829937998228544,15,15
1775941963111,0.49602029959895144,0.35187547038179456,0.0,0.9552215842290441,0.0,0.0,0,0.07474084044983617,0.0,2.44140625E-4,0.0,0.0,1.7324639882701036E-15,0.04759806081974438,15,15
1775941963366,0.4984341303924845,0.33572851522672487,0.0,0.9556494890264399,0.0,0.0,1,0.07535648267039866,0.0,2.44140625E-4,0.0,0.0,1.385971190616083E-15,0.047368421052631615,15,15
1775941963622,0.502686966265618,0.40723933029067305,0.0,0.9560734925838188,0.0,0.09090909090909094,0,0.10312051474112417,0.0,2.44140625E-4,0.0,0.0,1.1087769524928663E-15,0.047140986468790946,15,15
1775941963877,0.5101007970591511,0.42061527266598236,0.0,0.9564936268883071,0.0,0.0,1,0.08457375127969688,0.0,2.44140625E-4,0.0,0.0,8.870215619942931E-16,0.0469157254561251,15,15
1775941964132,0.5070578933471485,0.3046794370083708,0.0,0.956909923733163,0.0,0.0,1,0.10666001768557001,0.0,2.44140625E-4,0.0,0.0,7.096172495954345E-16,0.046692607003890996,15,15
1775941964387,0.5127218362489233,0.3968594675639691,0.0,0.9573224147175856,0.0,0.0,0,0.07500081706709102,0.49019607843137253,2.44140625E-4,0.0,0.0,5.676937996763477E-16,0.04647160068846812,15,15
1775941964643,0.5167674637258178,0.2576605493480501,0.0,0.9577311312465594,0.0,0.0,1,0.09117339677972533,0.0,2.44140625E-4,0.0,0.0,4.541550397410782E-16,0.046680942184154195,15,15
1775941964899,0.5134341303924844,0.30260839180717125,0.0,0.9581361045307306,0.0,0.0,1,0.0682864412503264,0.0,2.44140625E-4,0.0,0.0,3.6332403179286254E-16,0.04646206308610401,15,15
1775941965154,0.5084341303924845,0.25865258014156894,0.0,0.9585373655863181,0.0,0.0,1,0.07876945895775689,0.0,2.44140625E-4,0.0,0.0,2.9065922543429003E-16,0.04624522698345357,15,15
1775941965409,0.5027218362489233,0.2697535654851704,0.0,0.9589349452350545,0.0,0.0,1,0.07489294579297322,0.0,2.44140625E-4,0.0,0.0,2.3252738034743203E-16,0.04603040540540537,15,15
1775941965665,0.5023965366442874,0.3415525838685348,0.0,0.9593288741041605,0.0,0.0,0,0.06404021901320345,0.0,2.44140625E-4,0.0,0.0,1.8602190427794562E-16,0.045817570407734376,15,15
1775941965926,0.499063203310954,0.38880001523794894,1.0,0.9502369518525656,0.0,0.0,1,0.0854155360612917,0.0,2.44140625E-4,0.0,0.0,1.488175234223565E-16,0.04570230607966452,15,15
1775941966181,0.49938850291558995,0.360102257062086,0.0,0.9507100342482783,0.0,0.0,0,0.10502376990029477,0.0,2.44140625E-4,0.0,0.0,1.1905401873788521E-16,0.04549248747913193,15,15
1775941966437,0.49916795082684806,0.3509403401832623,0.0,0.9511788500616166,0.0,0.0,1,0.0784452678397467,0.48828125,2.44140625E-4,0.0,0.0,9.524321499030817E-17,0.045284586622351464,15,15
1775941966692,0.4957513962684233,0.3395651490811971,0.0,0.9516434333934645,0.0,0.0,1,0.07105726435294055,0.0,2.44140625E-4,0.0,0.0,7.619457199224655E-17,0.04507857733664189,15,15
1775941966947,0.5087594299971205,0.4035760059770191,0.0,0.9521038181554198,0.0,0.0,0,0.07378383175250841,0.0,2.44140625E-4,0.0,0.0,6.095565759379724E-17,0.04487443392342527,15,15
1775941967203,0.5114636904119844,0.42619427549674577,0.0,0.9525600380691776,0.0,0.0,1,0.0731924655203414,0.0,2.44140625E-4,0.0,0.0,4.8764526075037795E-17,0.04467213114754098,15,15
1775941967458,0.5060202995989515,0.36719673488868043,0.0,0.9530121266659538,0.0,0.0,0,0.06687500252493842,0.0,2.44140625E-4,0.0,0.0,3.901162086003024E-17,0.04447164422684613,15,15
1775941967715,0.49736395329653094,0.29696845723317905,0.0,0.9534601172859529,0.0,0.19999999999999996,1,0.07271954930516611,0.9727626459143969,2.44140625E-4,0.0,0.0,3.120929668802419E-17,0.045103616416091064,14,15
1775941967970,0.48632635954833403,0.3977993818272766,0.0,0.9539040430778748,0.0,0.09999999999999998,1,0.07020455566738035,0.0,2.44140625E-4,0.0,0.0,2.4967437350419355E-17,0.04490291262135926,15,15
1775941968225,0.4907997475102095,0.30981246258041206,0.0,0.9543439369984634,0.0,0.0,0,0.07453583127102546,0.0,2.44140625E-4,0.0,0.0,1.9973949880335484E-17,0.04470398711236412,15,15
1775941968482,0.4878050574740151,0.28179521949015124,0.0,0.9547798318120949,0.0,0.0,1,0.07300738468147504,0.0,2.44140625E-4,0.0,0.0,1.597915990426839E-17,0.044506816359262236,15,15
1775941968737,0.4861383908073484,0.2207603833122428,0.0,0.9552117600904032,0.0,0.0,1,0.07833022656489602,0.0,2.44140625E-4,0.0,0.0,1.2783327923414712E-17,0.04431137724550893,15,15
1775941968992,0.4867348803780615,0.28142074877067275,0.0,0.9556397542119454,0.0,0.0,1,0.06546316422535832,0.0,2.44140625E-4,0.0,0.0,1.0226662338731771E-17,0.044117647058823484,15,15
1775941969247,0.47538130682627877,0.3230526723425585,0.0,0.9560638463619026,0.0,0.09999999999999998,1,0.07087070932379512,0.0,2.44140625E-4,0.0,0.0,8.181329870985417E-18,0.04432132963988922,15,15
1775941969503,0.4704645280513704,0.35464282256594726,0.0,0.956484068531819,0.0,0.0,0,0.06584461427333933,0.0,2.44140625E-4,0.0,0.0,6.545063896788334E-18,0.04412923561859727,15,15
1775941969758,0.4744932504314843,0.40936133242954387,0.0,0.9569004525193748,0.0,0.0,1,0.07073196837377628,0.49019607843137253,2.44140625E-4,0.0,0.0,5.236051117430667E-18,0.04393879952922719,15,15
1775941970014,0.47945838044817896,0.31458954205756273,0.0,0.9573130299281957,0.0,0.0,1,0.07130891279135179,0.0,2.44140625E-4,0.0,0.0,4.188840893944534E-18,0.043749999999999956,15,15
1775941970269,0.47874608630461774,0.3033635994478302,0.0,0.9577218321676952,0.0,0.0,0,0.07175708214176994,0.0,2.44140625E-4,0.0,0.0,3.3510727151556275E-18,0.04356281602489309,15,15
1775941970524,0.47468121917246986,0.20303899051921853,0.0,0.9581268904529517,0.0,0.09090909090909094,1,0.0670152914665199,0.0,2.44140625E-4,0.0,0.0,2.680858172124502E-18,0.04376452362509686,15,15
1775941970779,0.4799849924863033,0.31708894055026093,0.0,0.9585282358046175,0.0,0.0,0,0.0836889943070207,0.0,2.44140625E-4,0.0,0.0,2.1446865376996017E-18,0.04357886617817197,15,15
1775941971034,0.48209276333045403,0.4388261990220944,0.0,0.9589258990488599,0.0,0.0,1,0.07992099198400424,0.0,2.44140625E-4,0.0,0.0,1.7157492301596815E-18,0.04349499615088526,15,15
1775941971290,0.4816708988082235,0.3657718147135416,0.0,0.9593199108173343,0.0,0.0,0,0.07377105433329749,0.0,2.44140625E-4,0.0,0.0,1.3725993841277453E-18,0.04331161364507474,15,15
1775941971546,0.4880122658702542,0.3124302040310116,0.0,0.9597103015471868,0.0,0.09090909090909094,1,0.06769197979514649,0.0,2.44140625E-4,0.0,0.0,1.0980795073021963E-18,0.04351145038167936,15,15
1775941971801,0.48634559920358755,0.2858961495846205,0.0,0.9600971014810886,0.0,0.0,1,0.07308190553058747,0.49019607843137253,2.44140625E-4,0.0,0.0,8.78463605841757E-19,0.043329532497149326,15,15
1775941972056,0.48384265122221226,0.37490456404861133,0.0,0.9604803406672976,0.0,0.0,0,0.07208721855766088,0.0,2.44140625E-4,0.0,0.0,7.027708846734057E-19,0.04314912944738836,15,15
1775941972312,0.4807513962684233,0.3851216328095843,0.0,0.9608600489597499,0.0,0.0,1,0.07867931617473377,0.0,2.44140625E-4,0.0,0.0,5.622167077387246E-19,0.04297022238974746,15,15
1775941972596,0.47236395329653125,0.2100333572499135,0.0,0.9612362560181793,0.0,0.0,0,0.0739413378694947,0.8802816901408451,2.44140625E-4,0.0,0.0,4.497733661909797E-19,0.043543543543543506,13,15
1775941972851,0.4730977737308947,0.287341268087261,0.0,0.9616089913082637,0.0,0.0,0,0.0701540016025533,0.0,2.44140625E-4,0.0,0.0,3.598186929527838E-19,0.043364485981308376,14,15
1775941973107,0.4828265837648176,0.363126014021137,0.0,0.9619782841017984,0.0,0.0,1,0.07168850383323307,0.0,2.44140625E-4,0.0,0.0,2.8785495436222706E-19,0.04318689501116901,15,15
1775941973363,0.47797968252249773,0.3073810613159746,0.0,0.9623441634768953,0.0,0.0,0,0.07099519548222132,0.0,2.44140625E-4,0.0,0.0,2.3028396348978166E-19,0.043010752688172005,15,15
1775941973617,0.47279171378151225,0.4054760020602279,0.0,0.962706658318208,0.0,0.0,1,0.06898693043992986,0.0,2.44140625E-4,0.0,0.0,1.8422717079182534E-19,0.04283604135893648,15,15
1775941973873,0.47845565668328705,0.47388260705522794,0.0,0.9630657973171808,0.0,0.0,1,0.07098136271992365,0.0,2.44140625E-4,0.0,0.0,1.4738173663346028E-19,0.04266274365575584,15,15
1775941974129,0.481754120033315,0.35449766906867336,0.0,0.9634216089723231,0.0,0.0,0,0.06837934689291915,0.0,2.44140625E-4,0.0,0.0,1.1790538930676822E-19,0.04249084249084245,15,15
1775941974384,0.48571652628511786,0.354562988427195,0.0,0.9637741215895067,0.0,0.0,1,0.06983079939437732,0.0,2.44140625E-4,0.0,0.0,9.432431144541458E-20,0.042320321050711374,15,15
1775941974640,0.47925117205193973,0.26186605254596457,0.0,0.964123363282286,0.0,0.09090909090909094,0,0.07464357231948147,0.48828125,2.44140625E-4,0.0,0.0,7.545944915633167E-20,0.04215116279069764,14,15
1775941974895,0.4873639532965311,0.2770091951235274,0.0,0.9644693619722413,0.0,0.0,1,0.07835692367369039,0.0,2.44140625E-4,0.0,0.0,6.036755932506534E-20,0.04198335142960552,15,15
1775941975152,0.48401841347344554,0.3088242552576744,0.0,0.9648121453893438,0.0,0.0,0,0.06761753915158453,0.9727626459143969,2.44140625E-4,0.0,0.0,4.829404746005228E-20,0.04219257122250275,13,15
1775941975408,0.4683460334459561,0.2940027531541061,0.0,0.9651517410723409,0.0,0.0,0,0.06453092427420978,0.0,2.44140625E-4,0.0,0.0,3.8635237968041825E-20,0.042025862068965525,14,15
1775941975663,0.4679375126162285,0.40156652455862035,0.0,0.9654881763691645,0.0,0.0,1,0.07234795452127055,0.0,2.44140625E-4,0.0,0.0,3.090819037443346E-20,0.041860465116279055,15,15
1775941975922,0.4622190371371504,0.3176403864223225,0.0,0.9658214784373568,0.0,0.0,0,0.08503274940329744,0.9652509652509652,2.44140625E-4,0.0,0.0,2.472655229954677E-20,0.0417112299465241,14,15
1775941976192,0.45825663088534746,0.2493921248766719,0.0,0.9661516742445183,0.0,0.0,1,0.08601439235096654,0.0,2.44140625E-4,0.0,0.0,1.9781241839637418E-20,0.04163701067615655,15,15
1775941976448,0.4478265837648175,0.21085461875936287,0.0,0.9664787905687731,0.0,0.0,0,0.11479799368207472,0.0,2.44140625E-4,0.0,0.0,1.5824993471709936E-20,0.04147465437788023,15,15
1775941976703,0.43543184189051043,0.34202222146040734,0.0,0.9668028539992539,0.0,0.0,1,0.08340555362080268,0.0,2.44140625E-4,0.0,0.0,1.265999477736795E-20,0.041313559322033844,15,15
1775941976962,0.4298535575854036,0.13329729755064165,1.0,1.4794457988194942,1.0,0.0,0,0.0670504781968985,0.9652509652509652,4.8828125E-4,0.07781478256677081,0.3828390824170441,0.07656781648340882,0.042223786066150626,13,15
1775941977218,0.43309777373089486,0.43144099641094213,0.0,1.4723864725352052,0.0,0.0,0,0.06673765904008425,0.0,4.8828125E-4,0.07781478256677081,0.0,0.06125425318672706,0.04206098843322814,14,15
1775941977473,0.4376721706899781,0.2994965267987927,0.0,1.4654637889319164,0.0,0.0,1,0.06372975802151559,0.0,4.8828125E-4,0.07781478256677081,0.0,0.04900340254938165,0.04189944134078216,15,15
1775941977729,0.4387097644381753,0.3254660095741446,0.0,1.4586741583098173,0.0,0.0,0,0.06602371395039035,0.0,4.8828125E-4,0.07781478256677081,0.0,0.039202722039505325,0.04173913043478261,15,15
1775941977984,0.44877608056648627,0.30167515700097614,0.0,1.4520141144561287,0.0,0.0,1,0.07073605579846112,0.0,4.8828125E-4,0.07781478256677081,0.0,0.03136217763160426,0.04158004158004158,15,15
1775941978240,0.4539425230166693,0.22018237478216307,0.0,1.4454803093747923,0.0,0.0,1,0.06699240578790049,0.0,4.8828125E-4,0.07781478256677081,0.0,0.02508974210528341,0.04142216085605799,15,15
1775941978495,0.4615143282893196,0.36368977610590525,0.0,1.439069508283887,0.0,0.09090909090909094,0,0.07048544826376027,0.0,4.8828125E-4,0.07781478256677081,0.0,0.02007179368422673,0.04126547455295737,15,15
1775941978755,0.45753971554776457,0.29596648264054526,0.0,1.4327785848650387,0.0,0.1428571428571429,1,0.06635115464103312,0.9615384615384615,4.8828125E-4,0.07781478256677081,0.0,0.016057434947381384,0.04146675805346123,13,15
1775941979010,0.4447921480238809,0.3375234198204695,0.0,1.4266045167501396,0.0,0.0,1,0.06614619845250201,0.0,4.8828125E-4,0.07781478256677081,0.0,0.012845947957905108,0.041311027654489574,15,15
1775941979271,0.44528876580013693,0.1771339374440729,0.0,1.4205443812316565,0.0,0.11111111111111116,1,0.06185966267437942,0.9578544061302682,4.8828125E-4,0.07781478256677081,0.0,0.010276758366324086,0.04117046614494724,13,15
1775941979526,0.4399171322593555,0.29697445230414843,0.0,1.4145953511837195,0.0,0.18181818181818177,0,0.06259093786763965,0.0,4.8828125E-4,0.07781478256677081,0.0,0.008221406693059269,0.0416949152542373,14,15
1775941979794,0.4378965988633842,0.24231530659506084,0.0,1.4087546911819953,0.0,0.09999999999999998,0,0.06918095331769858,0.9328358208955223,4.8828125E-4,0.07781478256677081,0.0,0.0065771253544474155,0.04189189189189191,13,15
1775941980049,0.4428419447629613,0.26805578176960504,0.0,1.4030197538111435,0.0,0.0,0,0.0672430704666047,0.0,4.8828125E-4,0.07781478256677081,0.0,0.005261700283557933,0.04173678895994615,14,15
1775941980315,0.4343483342721036,0.36474997136507364,0.0,1.3973879761493555,0.0,0.25,0,0.06753683410219175,0.9398496240601504,4.8828125E-4,0.07781478256677081,0.0,0.004209360226846346,0.04193223750419317,13,15
1775941980570,0.4212792155674893,0.19489948698804627,0.0,1.3918568764201473,0.0,0.09999999999999998,0,0.06454897624938645,0.0,4.8828125E-4,0.07781478256677081,0.0,0.003367488181477077,0.04177807486631013,14,15
1775941980827,0.404609125062523,0.18512545436246042,0.0,1.3864240508021968,0.0,0.0,1,0.06745305967135416,0.9727626459143969,4.8828125E-4,0.07781478256677081,0.0,0.002693990545181662,0.0419720186542305,13,15
1775941981083,0.37447602808187164,0.22925482070158834,0.0,1.3810871703885899,0.0,0.30000000000000004,1,0.06737093169600726,0.0,4.8828125E-4,0.07781478256677081,0.0,0.0021551924361453297,0.0424825755061401,15,15
1775941981334,0.3747003913199361,0.35448052440806654,0.33084157841598055,1.3734715263927968,0.0,0.0,0,0.06628159273353744,0.9960159362549801,4.8828125E-4,0.07772947486363144,0.0,0.001724153948916264,0.04245439469320067,13,15
1775941981589,0.3769961309050723,0.3603444011314639,0.0,1.3683610604883567,0.0,0.0,0,0.06599650434790753,0.0,4.8828125E-4,0.07772947486363144,0.0,0.0013793231591330112,0.042300066093853284,14,15
1775941981845,0.38286977391240057,0.3433773265053141,0.0,1.3633390236364988,0.0,0.09999999999999998,0,0.06454098677848938,0.9765625,4.8828125E-4,0.07772947486363144,0.0,0.0011034585273064091,0.042476127757655635,13,15
1775941982105,0.389758081947636,0.20688968448365377,0.0,1.358403387459899,0.0,0.0,0,0.06705916877583891,0.0,4.8828125E-4,0.07772947486363144,0.0,8.827668218451273E-4,0.04266491631112568,14,15
1775941982361,0.3739334549924507,0.15851951841070638,0.0,1.3535521841998774,0.0,0.18181818181818177,1,0.11447813271706597,0.9765625,4.8828125E-4,0.07772947486363144,0.0,7.062134574761019E-4,0.043165467625899234,13,15
1775941982623,0.34962240124723865,0.14125665668528126,0.0,1.3487835044657217,0.0,0.19999999999999996,0,0.09302196346367925,0.0,4.8828125E-4,0.07772947486363144,0.0,5.649707659808816E-4,0.04400260756192964,14,15
1775941982878,0.34114886004119716,0.2943305461563448,0.0,1.34409549508362,0.0,0.0,1,0.13597367490445592,0.9803921568627451,4.8828125E-4,0.07772947486363144,0.0,4.5197661278470534E-4,0.044819746670997085,13,15
1775941983140,0.34297934568480254,0.3011309404948245,0.0,1.3394863570400954,0.0,0.09999999999999998,1,0.11808126296299734,0.0,4.8828125E-4,0.07772947486363144,0.0,3.6158129022776427E-4,0.044674651990935565,15,15
1775941983396,0.33542681445476213,0.22227891378840856,1.0,1.7896223609586592,1.0,0.30000000000000004,0,0.07644451034483994,0.9765625,7.32421875E-4,0.12629310960985995,0.38631974880164144,0.07755321479251051,0.04548387096774198,13,15
1775941983659,0.3194108613863588,0.1317126213102768,1.0,1.7579461935538112,0.0,0.19999999999999996,0,0.06595530533966215,0.0,7.32421875E-4,0.1258983700607152,0.0,0.06204257183400841,0.04598070739549842,14,15
1775941983914,0.3142242153370261,0.2584328454502297,1.0,1.7258213452966114,0.0,0.0,0,0.06830743326822686,0.9803921568627451,7.32421875E-4,0.12542085421828736,0.0,0.04963405746720673,0.0458186478692727,13,15
1775941984174,0.2968984351995409,0.23671960509845574,0.6869531024189774,1.7033162280148222,0.0,0.19999999999999996,0,0.07196284457304294,0.0,7.32421875E-4,0.12514104165919246,0.0,0.03970724597376538,0.045991695943787936,14,15
1775941984429,0.3041147136228148,0.28629741055476027,1.0,1.6736974691302584,0.0,0.18181818181818177,1,0.06956176976885813,0.9803921568627451,7.32421875E-4,0.12483708915853801,0.0,0.031765796779012305,0.04646721833227241,13,15
1775941984690,0.2801335411933668,0.010566435316654573,1.0,1.644008436844392,0.0,0.19999999999999996,0,0.06514963137790192,0.0,7.32421875E-4,0.12422530023820758,0.0,0.025412637423209844,0.0466370558375635,14,15
1775941984946,0.29244030701686724,0.10960119034564174,1.0,1.6160079813953478,0.0,0.09999999999999998,1,0.0638699240925753,0.9765625,7.32421875E-4,0.1235787727337072,0.0,0.020330109938567875,0.04679102118242173,13,15
1775941985207,0.28198705898313153,0.09951027089575797,0.9180386738785153,1.5928233761460082,0.0,0.30000000000000004,1,0.060693051149121977,0.0,7.32421875E-4,0.12303852145174222,0.0,0.0162640879508543,0.04758903246139301,15,15
1775941985461,0.28070327332088346,0.17010006385077073,1.0,2.000938273609657,1.0,0.4545454545454546,0,0.06915792520748097,0.984251968503937,7.32421875E-4,0.12816489296532413,0.38867465638540744,0.09074620163776494,0.0483668341708543,13,15
1775941985722,0.2747387742321534,0.13880371687612456,1.0,1.9524514274760696,0.0,0.30000000000000004,0,0.0643300233029728,0.0,7.32421875E-4,0.12829740077919785,0.0,0.07259696131021195,0.04915466499686916,14,15
1775941985978,0.27504957135871083,0.1907180032347662,1.0,1.9034028401210508,0.0,0.4,0,0.06687990011281278,0.9765625,7.32421875E-4,0.1283915012604474,0.0,0.05807756904816957,0.04960998439937603,13,15
1775941986249,0.26831333286670833,0.136460001351492,1.0,1.86048685076002,0.0,0.4444444444444444,0,0.0656542984902454,0.0,7.32421875E-4,0.12842732729389714,0.0,0.04646205523853566,0.05069984447900466,14,15
1775941986533,0.26288939064697286,0.007482611441127487,0.5730174839324559,1.83216105133104,0.0,0.33333333333333337,1,0.07241203227200915,0.8802816901408451,7.32421875E-4,0.12842869724581754,0.0,0.03716964419082853,0.0509633312616532,13,15
1775941986788,0.25795985504413893,0.12391448794163233,1.0,1.790126105460733,0.0,0.36363636363636365,0,0.07058688890634587,0.0,7.32421875E-4,0.128392328443236,0.0,0.029735715352662825,0.051718798389594256,14,15
1775941987046,0.24010505787072867,0.16331734968805348,0.9292510143430183,1.7561281926064227,0.0,0.5,1,0.06741739467624308,0.9689922480620154,7.32421875E-4,0.12832711762144255,0.0,0.02378857228213026,0.05279407224451993,13,15
1775941987302,0.23125003744973444,0.03998193397707984,1.0,2.1072193953269003,1.0,0.5,1,0.07195297369174945,0.0,7.32421875E-4,0.12589228074603118,0.38631974880164144,0.09629480758603251,0.05415384615384611,15,15
1775941987560,0.2192944997655009,0.16348221047103392,1.0,2.0485940882680955,0.0,0.5,1,0.06928736422515763,0.9689922480620154,7.32421875E-4,0.12636495129354042,0.0,0.07703584606882602,0.05521472392638038,13,15
1775941987816,0.21850751865584367,0.09396988346142339,1.0,1.985255852792672,0.0,0.09090909090909094,0,0.06768624708025922,0.0,7.32421875E-4,0.12688570035389238,0.0,0.06162867685506082,0.0553347600122287,14,15
1775941988074,0.21044644730837886,0.05824418603538458,1.0,1.9262139654123582,0.0,0.30000000000000004,0,0.06255608213550633,0.9689922480620154,7.32421875E-4,0.12732902286747627,0.0,0.04930294148404866,0.05608046327339222,13,15
1775941988329,0.20784645021272327,0.09364729517524108,1.0,1.8711137001925358,0.0,0.2727272727272727,0,0.07776767518072311,0.0,7.32421875E-4,0.12769566198926777,0.0,0.03944235318723893,0.056804374240583266,14,15
1775941988589,0.19836028016803725,0.03679748668304958,1.0,1.8230906161009164,0.0,0.30000000000000004,0,0.07040403523044012,0.9615384615384615,7.32421875E-4,0.12796090083383754,0.0,0.03155388254979115,0.0575408843125379,13,15
1775941988845,0.20562522534284183,0.11493873365932639,1.0,1.7746966168807,0.0,0.09999999999999998,0,0.06871692356859112,0.0,7.32421875E-4,0.12818482852683044,0.0,0.02524310603983292,0.057953516450347076,14,15
1775941989107,0.21454975953015135,0.20628855281465538,0.995893895955969,1.7337126436831873,0.0,0.19999999999999996,1,0.06557651254531466,0.9541984732824427,7.32421875E-4,0.12825257017026692,0.0,0.02019448483186634,0.05777911525729762,13,15
1775941989362,0.2017506381093469,0.033878823591328475,1.0,1.6879381270266418,0.0,0.0,0,0.06254803588817041,0.0,7.32421875E-4,0.1283533048932386,0.0,0.016155587865493072,0.058788242351529685,14,15
1775941989622,0.21053093107215196,0.26724728674963916,0.8418073857387148,1.653562558879589,0.0,0.09999999999999998,1,0.06799531302263924,0.9615384615384615,7.32421875E-4,0.1283734355085291,0.0,0.012924470292394458,0.058911483253588526,13,15
1775941989877,0.21086253250071033,0.0921345298033499,1.0,1.6156909752515647,0.0,0.18181818181818177,1,0.06785727657031984,0.0,7.32421875E-4,0.12833747275901378,0.0,0.010339576233915567,0.059910581222056614,15,15
1775941990151,0.20465179489478771,0.0070066881942430085,1.0,1.5751554228783817,0.0,0.0,0,0.06456284561486975,0.9124087591240875,7.32421875E-4,0.1282076275099619,0.0,0.008271660987132454,0.0612184249628529,13,15
1775941990407,0.20694978471058315,0.08690967159197859,1.0,1.8984128949785481,1.0,0.09090909090909094,0,0.07067286081718062,0.0,7.32421875E-4,0.1259909960965753,0.38631974880164144,0.08388127855003426,0.0622037914691943,14,15
1775941990666,0.20245078639922795,0.008979133729352985,1.0,1.8302314499468335,0.0,0.4,0,0.0663366536908437,0.9652509652509652,7.32421875E-4,0.12670817862439468,0.0,0.06710502284002741,0.06261075014766682,13,15
1775941990922,0.2060745493538919,0.13576366012532431,1.0,1.7818116899490664,0.0,0.36363636363636365,0,0.06958909801303158,0.0,7.32421875E-4,0.12712783440529088,0.0,0.05368401827202193,0.06240800706505745,14,15
1775941991180,0.19476392859214786,0.00607686845197808,1.0,1.7260893964137938,0.0,0.5,1,0.06605701781678104,0.9689922480620154,7.32421875E-4,0.12759049189798058,0.0,0.04294721461761755,0.06398591135896681,13,15
1775941991435,0.1889557778425032,0.10992435844445311,1.0,1.680813874916059,0.0,0.5454545454545454,0,0.06186646290640315,0.0,7.32421875E-4,0.1278925360532581,0.0,0.03435777169409404,0.06495026331187825,14,15
1775941991697,0.18299167888540924,0.0,0.29902792720294313,1.6599741038626314,0.0,1.0,0,0.061716248463341644,0.9541984732824427,7.32421875E-4,0.12796853594408317,0.0,0.027486217355275233,0.06549707602339183,13,15
1775941991952,0.17034550918549698,0.0055244258654346175,1.0,1.9634887054090961,1.0,0.4545454545454546,0,0.0646134717404909,0.0,7.32421875E-4,0.1234137407846712,0.3874937168619954,0.09948771725661928,0.06703584960652875,14,15
1775941992210,0.16435872499801554,0.008979133729352985,1.0,1.8952630850431404,0.0,0.19999999999999996,1,0.0637300273881904,0.9689922480620154,7.32421875E-4,0.12432819018246251,0.0,0.07959017380529543,0.06742226097064807,13,15
1775941992465,0.14478439366781143,0.0069674273084360605,1.0,2.160067776658769,1.0,0.4545454545454546,0,0.063952094347283,0.0,7.32421875E-4,0.11868243176907353,0.3874937168619954,0.14117088241663545,0.0686558516801854,14,15
1775941992728,0.15378431031594375,0.011496255058919502,1.0,2.069350534597139,0.0,0.30000000000000004,1,0.07701010249870809,0.9505703422053231,7.32421875E-4,0.12008223902907027,0.0,0.11293670593330836,0.06903523974581172,13,15
1775941992984,0.15727283213360496,0.012128309303445405,1.0,1.9909131651736474,0.0,0.2727272727272727,0,0.0673819260791085,0.0,7.32421875E-4,0.12127381897725975,0.0,0.09034936474664669,0.06968039159228334,14,15
1775941993242,0.16372658613765395,0.03940817371318864,1.0,1.9230295557201849,0.0,0.19999999999999996,0,0.06409533587500305,0.9689922480620154,7.32421875E-4,0.12227916076426955,0.0,0.07227949179731735,0.07005455067470567,13,15
1775941993498,0.17047969844265076,0.04984602435504715,1.0,1.8598253033130496,0.0,0.2727272727272727,0,0.06827084448617546,0.0,7.32421875E-4,0.12320890729681457,0.0,0.057823593437853885,0.0706926159129937,14,15
1775941993758,0.17170283158788582,0.010566435316654573,1.0,2.1031362049560873,1.0,0.11111111111111116,0,0.07389854531320322,0.9615384615384615,9.765625E-4,0.15644138135416344,0.38169241239324847,0.12259735722893281,0.07106164383561642,13,15
1775941994013,0.16441940020703677,0.006544781971042911,1.0,2.3287450794392406,1.0,0.4545454545454546,0,0.09240372066189906,0.0,9.765625E-4,0.1492191940403109,0.3874937168619954,0.17557662915554534,0.0722617354196301,14,15
1775941994276,0.17212081237665924,0.010373863342750377,1.0,2.219515843189675,0.0,0.33333333333333337,1,0.07556972165183881,0.9505703422053231,9.765625E-4,0.15010163955045885,0.0,0.14046130332443627,0.07262411347517728,13,15
1775941994531,0.17555626133009616,0.007987783414044354,1.0,2.125383933091852,0.0,0.36363636363636365,0,0.06883406394059324,0.0,9.765625E-4,0.15082544420244343,0.0,0.11236904265954901,0.07352941176470584,14,15
1775941994793,0.17463512123063651,0.00607686845197808,1.0,2.038566209823068,0.0,0.8,1,0.06280228917297467,0.9541984732824427,9.765625E-4,0.15146519868357208,0.0,0.08989523412763922,0.07473209249858992,13,15
1775941995049,0.1807518996946257,0.11586131250256254,1.0,2.2598290049883585,1.0,0.36363636363636365,0,0.07913765600940173,0.0,0.001220703125,0.17894504963932348,0.38631974880164144,0.14918013706243968,0.07478211976384597,14,15
1775941995306,0.17476834555527754,0.006541778323110544,1.0,2.456332965398516,1.0,0.19999999999999996,0,0.07355321090368362,0.9727626459143969,0.001220703125,0.1821417051023987,0.3851526927871777,0.1963746482073873,0.0759742080179423,13,15
1775941995561,0.17830112637695633,0.12335244709556731,1.0,2.353975211082062,0.0,0.5,0,0.0906127291126791,0.0,0.001220703125,0.18243020504531673,0.0,0.15709971856590985,0.07657909446618227,14,15
1775941995835,0.16073009640555036,0.006734350297014739,1.0,2.5092465322692545,1.0,0.6,0,0.07099895533090858,0.9124087591240875,0.001220703125,0.1763165127779737,0.36631568825927563,0.198942912504583,0.07748049052396877,13,15
1775941996090,0.14446941869354268,0.007142492739258056,1.0,2.38637850712733,0.0,0.5454545454545454,0,0.06632351902801467,0.0,0.001220703125,0.17686829488972633,0.0,0.1591543300036664,0.07835509863851065,14,15
1775941996353,0.14989336091327815,0.009908953471617913,1.0,2.273721110273454,0.0,0.7,1,0.07039894572634095,0.9505703422053231,0.001220703125,0.17734521595971592,0.0,0.12732346400293312,0.0786921584926572,14,15
1775941996608,0.15101589407185392,0.010626206393476088,1.0,2.4415210526820856,1.0,0.30000000000000004,0,0.06522858422532905,0.0,0.001220703125,0.17726116358828298,0.3874937168619954,0.17935751457474558,0.0790055248618785,15,15
1775941996888,0.15643983629158942,0.17621907389821048,0.42178827893942605,2.3834785483615244,0.0,0.5,0,0.06550458075623593,0.8928571428571428,0.001220703125,0.17742056125958933,0.0,0.14348601165979646,0.07923799006073995,14,15
1775941997143,0.1602676742728783,0.03878947118681505,1.0,2.533737446695857,1.0,0.18181818181818177,0,0.06791849626496077,0.0,0.001220703125,0.1738044521523203,0.3874937168619954,0.19228755270023629,0.08009909165978535,15,15
1775941997405,0.16138701921734547,0.00878656175544879,1.0,2.4056549198897894,0.0,0.5,1,0.06510061466429332,0.9541984732824427,0.001220703125,0.17452598891766144,0.0,0.15383004216018903,0.08070271754048863,14,15
1775941997660,0.16548978171983045,0.008833074088830653,1.0,2.539801855142851,1.0,0.36363636363636365,1,0.06561876717134102,0.0,0.001220703125,0.17171961967331253,0.3874937168619954,0.20056277710055032,0.08155446086480567,15,15
1775941997923,0.16255421122346908,0.0049544767358089565,1.0,2.409969021404887,0.0,0.7,0,0.06284712817449158,0.9505703422053231,0.001220703125,0.17251879417437366,0.0,0.16045022168044026,0.08296943231441045,14,15
1775941998178,0.1608875445568024,0.0045040697598263246,1.0,2.2910602658913457,0.0,0.5454545454545454,1,0.08026780579108904,0.0,0.001220703125,0.17325491775308646,0.0,0.1283601773443522,0.08462585034013603,15,15
1775941998442,0.15770110848793828,0.0071992601681472035,1.0,2.441491606476028,1.0,0.5,1,0.07277028746516617,0.9469696969696969,0.001220703125,0.1683051999541276,0.37717197926294976,0.17812253772807174,0.08548168249660792,15,15
1775941998697,0.16013996684225007,0.0069674273084360605,1.0,2.3187458893328503,0.0,0.4545454545454546,1,0.07364210723089894,0.0,0.001220703125,0.16916506239427673,0.0,0.1424980301824574,0.08658008658008653,15,15
1775941998956,0.1662250932731278,0.011688827032823697,1.0,2.2134640129143026,0.0,0.4,1,0.06699480665727665,0.9652509652509652,0.001220703125,0.16989339793848157,0.0,0.11399842414596593,0.0866162978953049,14,15
1775941999212,0.15894906668924683,0.006544781971042911,1.0,2.1093462645289875,0.0,0.5454545454545454,0,0.06634687661070249,0.0,0.001220703125,0.17063225898287998,0.0,0.09119873931677275,0.0877051385525962,15,15
1775941999474,0.16152737546802756,0.0110963568014517,1.0,2.0199141919544363,0.0,0.30000000000000004,1,0.07653031613742063,0.9541984732824427,0.001220703125,0.1712442457429087,0.0,0.0729589914534182,0.08827475181110811,14,15
1775941999729,0.1560965895960148,0.0085854941822595,1.0,2.162469458547404,1.0,0.4545454545454546,1,0.06940408841732003,0.0,0.001220703125,0.16507075371110186,0.3874937168619954,0.13586593653513365,0.08881754949170684,15,15
1775942000002,0.16414772225465116,0.012883607517487189,1.0,2.041292826458649,0.0,0.4444444444444444,0,0.06890583682893772,0.9157509157509157,0.001220703125,0.1661276761806285,0.0,0.10869274922810693,0.08911419423692635,14,15
1775942000257,0.14617409080135185,0.007565138076651205,1.0,1.9497700081067955,0.0,0.4545454545454546,1,0.0755208875380011,0.0,0.001220703125,0.16688190359573984,0.0,0.08695419938248555,0.08991753125831337,15,15
1775942000514,0.14663356970689942,0.0033671751485073696,1.0,2.0839877651900975,1.0,0.19999999999999996,1,0.07832726575758411,0.9727626459143969,0.001220703125,0.1600044170549492,0.3851526927871777,0.146593898063424,0.09153621650305122,15,15
1775942000770,0.14101153865701038,0.006544781971042911,1.0,1.9882598157275369,0.0,0.2727272727272727,1,0.06799654545276586,0.0,0.001220703125,0.16092733449579824,0.0,0.1172751184507392,0.09259259259259256,15,15
1775942001035,0.13802087375263394,0.0033671751485073696,1.0,2.1064910376040404,1.0,0.30000000000000004,1,0.06599568692156245,0.9433962264150942,0.001220703125,0.15402485792363554,0.37605815570900514,0.1690317259023924,0.09419525065963064,14,15
1775942001290,0.14288805094947257,0.005349360434612624,1.0,2.0081824523264906,0.0,0.4545454545454546,0,0.07251995170770703,0.0,0.001220703125,0.15508988198471962,0.0,0.13522538072191392,0.09576427255985265,15,15
1775942001556,0.1423345784795046,0.007856742013183862,1.0,2.121208117572833,1.0,0.30000000000000004,1,0.07361142665913685,0.9398496240601504,0.001220703125,0.14821290007839097,0.3749507372988633,0.1831704520373038,0.09630018367882442,14,15
1775942001812,0.1432052193674196,0.010444434458263449,1.0,2.229922052809873,1.0,0.36363636363636365,1,0.0651424029206599,0.0,0.001220703125,0.1418064907282255,0.38631974880164144,0.22380031139017134,0.0968079539508111,15,15
1775942002107,0.14262862535934975,0.005611958580845616,0.5011934737614856,2.172270548967981,0.0,0.5,0,0.06406722656693724,0.8474576271186441,0.001220703125,0.14229943547701698,0.0,0.1790402491121371,0.09701882845188281,14,15
1775942002362,0.1399453808251894,0.007565138076651205,1.0,2.066983539211026,0.0,0.5454545454545454,1,0.06139208416422691,0.0,0.001220703125,0.14362441015154132,0.0,0.14323219928970968,0.09778357235984358,15,15
1775942002633,0.1270009276381294,0.004489566864676492,1.0,2.170468518469807,1.0,0.4,0,0.06241165566114265,0.9225092250922509,0.001220703125,0.137285084215198,0.36950787424576026,0.1884873342809198,0.09908972691807538,14,15
1775942002889,0.1300551167013322,0.0069674273084360605,1.0,2.0645962544173755,0.0,0.36363636363636365,0,0.07747093458696577,0.0,0.001220703125,0.1387024175966621,0.0,0.15078986742473585,0.100103734439834,15,15
1775942003153,0.13536625649611356,0.008321651884316326,1.0,1.9537426714408435,0.0,0.6,1,0.06610665822709565,0.9469696969696969,0.001220703125,0.14031985707882652,0.0,0.12063189393978868,0.1006207966890843,14,15
1775942003408,0.14639363775422437,0.010698720869225247,1.0,2.0698089839420493,1.0,0.2727272727272727,1,0.06858091941423335,0.0,0.00146484375,0.16666523418357723,0.3874937168619954,0.17400425852423004,0.10110910497807579,15,15
1775942003666,0.1532667044305883,0.010373863342750377,1.0,1.964462115859337,0.0,0.4,0,0.07900657757894816,0.9689922480620154,0.00146484375,0.1676846953409204,0.0,0.13920340681938403,0.10136351942372013,14,15
1775942003921,0.15558048075487457,0.0085854941822595,1.0,2.0698549327386075,1.0,0.5454545454545454,1,0.0696955092037322,0.0,0.00146484375,0.15989873487611642,0.3874937168619954,0.18886146882790633,0.10184710107747563,15,15
1775942004182,0.14926795256941874,0.0071992601681472035,1.0,2.1561776455534463,1.0,0.5,0,0.06506691085881779,0.9578544061302682,0.00146484375,0.15282757896206026,0.38055242306359816,0.2271996596750447,0.10261003070624364,14,15
1775942004437,0.1540873633485579,0.012732726576051191,1.0,2.2450894855281436,1.0,0.5454545454545454,1,0.07113218211128017,0.0,0.00146484375,0.16431541923236148,0.3874937168619954,0.2592584711124349,0.10283235519265121,15,15
1775942004693,0.16325859456918068,0.011561266672584164,1.0,2.115314017120221,0.0,0.30000000000000004,0,0.06662131705025043,0.9765625,0.00146484375,0.165580826457536,0.0,0.2074067768899479,0.10333418172562991,14,15
1775942004949,0.16403243714899254,0.009605850287867793,1.0,2.0113125922748325,0.0,0.6363636363636364,0,0.06642826475138797,0.0,0.00146484375,0.1666032793869946,0.0,0.16592542151195833,0.10355329949238579,15,15
1775942005207,0.15876598002757325,0.004489566864676492,1.0,1.902126628836682,0.0,0.4,1,0.07122279941592179,0.9689922480620154,0.00146484375,0.16774847923837685,0.0,0.13274033720956666,0.1048101265822785,14,15
1775942005462,0.16539252439908733,0.007987783414044354,1.0,1.8146812628921019,0.0,0.36363636363636365,0,0.06668106381233055,0.0,0.00146484375,0.16865921468345552,0.0,0.10619226976765334,0.10552890684170668,15,15
1775942005731,0.16313390502791567,0.007664170039279667,1.0,1.7279475844050303,0.0,0.30000000000000004,1,0.062183096421460006,0.929368029739777,0.00146484375,0.16958669389822323,0.0,0.08495381581412267,0.10627046084109792,14,15
1775942005986,0.15823677254568572,0.009605850287867793,1.0,1.8402615838269898,1.0,0.36363636363636365,1,0.06332019604473253,0.0,0.00146484375,0.16151545123079972,0.3874937168619954,0.14546179602369724,0.1067302862882974,15,15
1775942006244,0.16625996325643314,0.01195378777522226,1.0,1.7449749741936285,0.0,0.19999999999999996,0,0.06169478055816608,0.9689922480620154,0.00146484375,0.16269522315792156,0.0,0.1163694368189578,0.1069639278557114,14,15
1775942006498,0.17077165851032633,0.0055244258654346175,1.0,1.6687423903055358,0.0,0.18181818181818177,1,0.06726007293155249,0.0,0.00146484375,0.16363139406602284,0.0,0.09309554945516624,0.10816887334499126,15,15
1775942006763,0.1677944549775418,0.009908953471617913,1.0,1.5875443023186695,0.0,0.19999999999999996,0,0.06633911273896262,0.9433962264150942,0.00146484375,0.16465851527119968,0.0,0.074476439564133,0.10839770745078492,14,15
1775942007019,0.16787240603906595,0.007449174112797084,1.0,1.701942730713048,1.0,0.09090909090909094,0,0.07172935718083914,0.0,0.00146484375,0.17143253824934723,0.38631974880164144,0.1368451014116347,0.10984095427435392,15,15
1775942007278,0.16787240603906595,0.011223917161691232,0.4594769818570516,1.661631352239368,0.0,0.0,0,0.07080375246336451,0.9652509652509652,0.00146484375,0.1717949785964752,0.0,0.10947608112930776,0.10981366459627329,13,15
1775942007543,0.16787240603906595,0.00878656175544879,0.8871559382665071,1.596216934116297,0.0,0.19999999999999996,0,0.06688373862493009,0.0,0.00146484375,0.1724806772968172,0.0,0.08758086490344621,0.11028500619578685,14,15
1775942007798,0.17006291760161707,0.0028860028860028864,1.0,1.8609884798231326,1.0,0.0,1,0.095969589698688,1.0,0.00146484375,0.17798305173007783,0.6248360531164665,0.1950319025460503,0.11220958971824024,12,15
1775942008068,0.16557619287629904,0.010101525445522109,0.9943307357473501,1.780964003826296,0.0,0.5,0,0.07874917563054246,0.0,0.00146484375,0.17871474338239346,0.0,0.15602552203684025,0.11217948717948723,13,15
1775942008352,0.16844401180322782,0.006544781971042911,1.0,1.683119609681517,0.0,0.36363636363636365,0,0.07110713781845551,0.8802816901408451,0.00146484375,0.17966028795468106,0.0,0.12482041762947221,0.11310548315711821,12,15
1775942008607,0.1674107315878909,0.009430784857045797,1.0,1.7754738107028787,1.0,0.36363636363636365,0,0.07101658806661473,0.0,0.00146484375,0.17269697086746824,0.3874937168619954,0.17735507747597687,0.1135360470819029,13,15
1775942008864,0.16212420251288048,0.0071992601681472035,1.0,1.857368252835798,1.0,0.4,0,0.07408914951958204,0.9727626459143969,0.00146484375,0.1657403091394109,0.3851526927871777,0.21891460053821704,0.1142367906066536,12,15
1775942009120,0.1589358312710536,0.008162848844866349,1.0,1.7705511682585646,0.0,0.36363636363636365,0,0.06605282889302692,0.0,0.00146484375,0.16675558975013796,0.0,0.17513168043057364,0.11490607465235425,13,15
1775942009378,0.15785071102430023,0.00878656175544879,1.0,1.6726011679301542,0.0,0.4,0,0.06542775718414265,0.9689922480620154,0.00146484375,0.16797580745485374,0.0,0.14010534434445893,0.11535653443660254,12,15
1775942009633,0.15935718088154943,0.009255719426223804,0.9668882332423426,1.5994531220887136,0.0,0.2727272727272727,0,0.06738424682019002,0.0,0.00146484375,0.16887283671787537,0.0,0.11208427547556715,0.11601941747572819,13,15
1775942009896,0.15383800381477755,0.007664170039279667,1.0,1.5161645100287975,0.0,0.19999999999999996,0,0.06596759442780384,0.9505703422053231,0.00146484375,0.1699289701575012,0.0,0.08966742038045372,0.1167070217917675,12,15
1775942010150,0.1474703687635657,0.006544781971042911,0.8529089769480759,1.4541550241197554,0.0,0.2727272727272727,0,0.06543047364155374,0.0,0.00146484375,0.17068665464624547,0.0,0.07173393630436298,0.11760444337116638,13,15
1775942010426,0.15002641250006124,0.008321651884316326,1.0,1.3740932146527618,0.0,0.4,0,0.06749676514738054,0.9057971014492753,0.00146484375,0.17166699204153948,0.0,0.05738714904349038,0.11804384485666108,12,15
1775942010681,0.15465350040512182,0.007987783414044354,1.0,1.4840831294922219,1.0,0.4545454545454546,0,0.06700253435861984,0.0,0.00146484375,0.1631635566546432,0.3874937168619954,0.1234084626071914,0.11869293608841902,13,15
1775942010943,0.15148511840303777,0.00944404360048545,1.0,1.4100879328087603,0.0,0.6,0,0.06729501461995946,0.9541984732824427,0.00146484375,0.16425683718051542,0.0,0.09872677008575313,0.11888782358581018,12,15
1775942011198,0.14749185864947845,0.006544781971042911,0.773445235825935,1.3551418562040374,0.0,0.2727272727272727,0,0.06602287177459644,0.0,0.00146484375,0.16503988033623368,0.0,0.07898141606860251,0.11977049964140574,13,15
1775942011460,0.15284647748777305,0.008121702755582424,0.9260667967532858,1.2916830635838052,0.0,0.4,0,0.08172628435127421,0.9541984732824427,0.00146484375,0.1659335239975676,0.0,0.06318513285488202,0.1204388266157882,12,15
1775942011716,0.15420937084060615,0.010873786300047242,1.0,1.4070847331377376,1.0,0.18181818181818177,0,0.07023178258311892,0.0,0.00146484375,0.15703589591961864,0.38631974880164144,0.1278120560442339,0.12083729781160801,13,15
1775942011973,0.16160355482453856,0.009709004342884013,1.0,1.490657235626306,1.0,0.4,0,0.06693581240696264,0.9727626459143969,0.00146484375,0.16827037793636695,0.3851526927871777,0.17928018339282265,0.12126245847176076,12,15
1775942012228,0.16098920376520617,0.009008139519652649,0.8419817986419895,1.4296396386776078,0.0,0.2727272727272727,0,0.06361785245335931,0.0,0.00146484375,0.16907890735174402,0.0,0.14342414671425813,0.12165680473372786,13,15
1775942012503,0.16098920376520617,0.011223917161691232,0.3723476977697508,1.4001398092505681,0.0,0.0,0,0.06389483915675893,0.9090909090909091,0.00146484375,0.16942496613115568,0.0,0.11473931737140651,0.12162801703738757,12,15
1775942012763,0.16502969308015808,0.0071992601681472035,0.7213541882259923,1.3496599334048889,0.0,0.4,0,0.06963695091054292,0.0,0.00146484375,0.17007500533407785,0.0,0.09179145389712522,0.12228517469310674,13,15
1775942013019,0.16692942618357506,0.008410428751437505,1.0,1.2818381492726176,0.0,0.36363636363636365,0,0.07909485631163488,0.9765625,0.00146484375,0.17093976993256318,0.0,0.07343316311770018,0.12291028961619965,12,15
1775942013283,0.17277451433883187,0.009908953471617913,0.6408469961163266,1.2387857343610735,0.0,0.4,0,0.06895872799518973,0.0,0.00146484375,0.17143899702759197,0.0,0.05874653049416015,0.12332628611698382,13,15
1775942013538,0.17389575426141904,0.008162848844866349,0.9047617707432596,1.1803240321711148,0.0,0.36363636363636365,0,0.07655251858258044,0.9803921568627451,0.00146484375,0.17206600020631976,0.0,0.04699722439532812,0.12417994376757269,12,15
1775942013797,0.18439761118657946,0.010366486187920671,0.5714216653410109,1.1434745790231138,0.0,0.30000000000000004,0,0.06783643441361409,0.0,0.00146484375,0.17239967157768954,0.0,0.0375977795162625,0.1243571762505844,13,15
1775942014052,0.18669262024985464,0.008162848844866349,1.0,1.2401555395222847,1.0,0.36363636363636365,0,0.0806414567079833,0.9803921568627451,0.00146484375,0.16410376346304234,0.3874937168619954,0.1075769669854091,0.12473770109582649,12,15
1775942014313,0.1830640147369273,0.009251471626581256,0.6198766412652374,1.1995308392007762,0.0,0.30000000000000004,0,0.07144617861489698,0.0,0.00146484375,0.1646874903648046,0.0,0.08606157358832728,0.12514538264712727,13,15
1775942014568,0.17900164849304656,0.009008139519652649,0.9853300087546891,1.137366404235847,0.0,0.4545454545454546,0,0.07009886740980184,0.9803921568627451,0.00146484375,0.16553010592402068,0.0,0.06884925887066183,0.12552204176334103,12,15
1775942014818,0.17672611250705997,0.0055049741508988405,0.49367979305570386,1.1061764522728867,0.0,0.4444444444444444,0,0.06955381368406792,0.0,0.00146484375,0.16589692142802667,0.0,0.05507940709652947,0.12641815235008103,13,15
1775942015073,0.17923221700810613,0.013089563942085825,0.8760790978484773,1.0525667370740672,0.0,0.2727272727272727,0,0.06428979611369919,0.9803921568627451,0.00146484375,0.1664343210595756,0.0,0.044063525677223575,0.12655889145496535,12,15
1775942015333,0.18574471289730118,0.010638824085148942,1.0,1.1795806930493986,1.0,0.4,0,0.06652216931759915,0.0,0.00146484375,0.15731337758415062,0.38169241239324847,0.11158930302042856,0.12695852534562213,13,15
1775942015588,0.18594494828101013,0.010028495625260942,0.8512856347310328,1.1257137570523323,0.0,0.2727272727272727,0,0.061752832722185076,0.9803921568627451,0.00146484375,0.15825013993040477,0.0,0.08927144241634286,0.12709721903010807,12,15
1775942015857,0.17975142616039316,0.00878656175544879,0.5380110825422298,1.0919110664109735,0.0,0.30000000000000004,0,0.06284651566145064,0.0,0.00146484375,0.15879107541196036,0.0,0.07141715393307428,0.12749369410685618,13,15
1775942016143,0.17527213839996908,0.007565138076651205,0.8574314896049716,1.0394422828890486,0.0,0.36363636363636365,0,0.06438698489931073,0.8741258741258742,0.00146484375,0.15955107720315714,0.0,0.057133723146459425,0.1280878316559927,12,15
1775942016398,0.165011525444696,0.009605850287867793,1.0,1.1629586908707166,1.0,0.2727272727272727,0,0.07197043063868099,0.0,0.00146484375,0.150504201218758,0.3874937168619954,0.12320572188956663,0.12845083276294778,13,15
1775942016656,0.16578822483929928,0.00878656175544879,1.0,1.2569459873226743,1.0,0.30000000000000004,0,0.07327026892001995,0.9689922480620154,0.00146484375,0.14272141611725908,0.38399249004097413,0.17536307551984814,0.12884133849305712,12,15
1775942016911,0.17442693957064132,0.008826367584440012,1.0,1.5143446349584764,1.0,0.36363636363636365,0,0.07507476205105908,0.0,0.00146484375,0.1274165507539657,0.6248360531164665,0.26525767103917186,0.1294277929155313,13,15
1775942017173,0.17759301743890737,0.010373863342750377,1.0,1.4261651224997343,0.0,0.5,0,0.07234249925828448,0.9541984732824427,0.00146484375,0.1296632175245938,0.0,0.2122061368313375,0.12958767557770734,12,15
1775942017428,0.17703346785627316,0.005947071202827767,1.0,1.6739092907960427,1.0,0.4545454545454546,0,0.0689403809327326,0.0,0.00146484375,0.15199048842534155,0.6248360531164665,0.2947321200883633,0.13062146892655369,13,15
1775942017708,0.17587778289967912,0.022447834323382463,0.6139186479919893,1.6213047090080213,0.0,0.0,0,0.06864493981522607,0.8928571428571428,0.00146484375,0.15277525896489094,0.0,0.23578569607069066,0.13059195661997292,12,15
1775942017972,0.17019161305943717,0.011496255058919502,0.8431791644823794,1.5549036911661243,0.0,0.19999999999999996,0,0.06476139120736259,0.0,0.00146484375,0.15386660758790982,0.0,0.18862855685655255,0.13052299368800724,13,15
1775942018227,0.16494759353546015,0.006544781971042911,1.0,1.45706958482828,0.0,0.4545454545454546,0,0.061954334787202955,0.9803921568627451,0.00146484375,0.15563310694950777,0.0,0.15090284548524205,0.131324488419159,12,15
1775942018490,0.16304061474013873,0.00878656175544879,0.7354268944149562,1.4015343335331196,0.0,0.4,0,0.06157753182065256,0.0,0.00146484375,0.1566146171339568,0.0,0.12072227638819365,0.13170293919676912,13,15
1775942018745,0.1827280280421887,0.01206920783647753,1.0,1.318421078076732,0.0,0.09999999999999998,0,0.062344914298342095,0.9803921568627451,0.00146484375,0.15817459248129095,0.0,0.09657782111055492,0.13160250671441365,12,15
1775942019009,0.1808805195607268,0.009908953471617913,0.6448176607613577,1.2717165880942056,0.0,0.30000000000000004,0,0.06596302909926158,0.0,0.00146484375,0.15902323360943124,0.0,0.07726225688844394,0.13175524787851722,13,15
1775942019265,0.17932920744140937,0.005947071202827767,1.0,1.3444421419958774,1.0,0.5454545454545454,0,0.07365470897717692,0.9765625,0.00146484375,0.15295957730995327,0.38631974880164144,0.13907375527108345,0.13276899086656269,12,15
1775942019528,0.17736176954209715,0.011031345187787037,0.6722862244455402,1.2959477044243652,0.0,0.0,0,0.07132520346074381,0.0,0.00146484375,0.15392165194484425,0.0,0.11125900421686677,0.13269615470104468,13,15
1775942019784,0.17321368118485758,0.007987783414044354,1.0,1.222518629501808,0.0,0.36363636363636365,0,0.07450209704082535,0.9765625,0.00146484375,0.15543790765823146,0.0,0.08900720337349342,0.13325942350332598,12,15
1775942020047,0.18113594163277416,0.015520912052463531,0.5912782864666104,1.181588941666317,0.0,0.11111111111111116,0,0.07384412542744244,0.0,0.00146484375,0.15625477619214903,0.0,0.07120576269879474,0.13296460176991154,13,15
1775942020302,0.18444774867530508,0.012732726576051193,1.0,1.3988544083638172,1.0,0.18181818181818177,0,0.08102843959451292,0.9803921568627451,0.00146484375,0.15508114897425015,0.6248360531164665,0.18193182078232908,0.13308320459059808,12,15
1775942020561,0.19429634736301674,0.01215373690395616,0.6997231714167588,1.3466205690642339,0.0,0.19999999999999996,0,0.09288286839274575,0.0,0.00146484375,0.15605715485338625,0.0,0.14554545662586327,0.132790134331645,13,15
1775942020816,0.19948612802232898,0.009430784857045798,1.0,1.4109572341272445,1.0,0.36363636363636365,0,0.07656379923688111,0.9803921568627451,0.00146484375,0.1581494644606123,0.3874937168619954,0.19393510867308972,0.1333479789103691,12,15
1775942021073,0.20501928399928102,0.014005999233656311,0.7198089040533306,1.3577788220420715,0.0,0.0,0,0.07849013037133762,0.0,0.00146484375,0.15909282140168388,0.0,0.1551480869384718,0.13327487943884264,13,15
1775942021330,0.2048544644310238,0.011048851730869235,1.0,1.5493180041612598,1.0,0.2727272727272727,0,0.07347866179691308,0.9727626459143969,0.00146484375,0.14976220505834714,0.6219627888131413,0.24851102731340569,0.13339164662147385,12,15
1775942021597,0.21142864952710522,0.012218748517620823,0.802442202064122,1.4867641024531342,0.0,0.30000000000000004,0,0.0752468013167694,0.0,0.00146484375,0.15089856295450715,0.0,0.19880882185072457,0.13353698450796425,13,15
1775942021852,0.21065949426498087,0.007142492739258056,1.0,1.3938978082514457,0.0,0.4545454545454546,0,0.06962765019177797,0.9803921568627451,0.00146484375,0.15274483025882932,0.0,0.15904705748057968,0.13408794079233788,12,15
1775942022111,0.21285099399373847,0.010173914214016477,1.0,1.4797198023526947,1.0,0.19999999999999996,0,0.06273731234257182,0.0,0.001708984375,0.17687701243340212,0.3828390824170441,0.20380546246787257,0.13444830582102518,13,15
1775942022366,0.21283713989113653,0.007142492739258056,1.0,1.387248722233217,0.0,0.5454545454545454,0,0.0641583412572131,0.9803921568627451,0.001708984375,0.17809640652014622,0.0,0.16304436997429805,0.1349945828819068,12,15
1775942022630,0.20706625631677059,0.00944404360048545,0.6966432747403318,1.3350704884134623,0.0,0.30000000000000004,0,0.0609069935867584,0.0,0.001708984375,0.17874797317884325,0.0,0.13043549597943846,0.13535135135135135,13,15
1775942022922,0.20807019605268862,0.0,0.47231682985996204,1.2992808048562012,0.0,1.0,0,0.067371877004968,0.8561643835616439,0.001708984375,0.17917309711311855,0.0,0.10434839678355078,0.13553826199740593,12,15
1775942023186,0.19873868138020992,0.0071992601681472035,1.0,1.3897080898772223,1.0,0.4,0,0.08371204819258922,0.0,0.001708984375,0.17209102530283005,0.37717197926294976,0.15891311327943058,0.1361087144089732,13,15
1775942023442,0.19783478095044515,0.006544781971042911,0.8112515278928294,1.4378985867481517,1.0,0.5454545454545454,0,0.07128806855417914,0.9765625,0.001708984375,0.1656790490006145,0.38631974880164144,0.20439444038387278,0.13686249193027755,12,15
1775942023704,0.1915836572186479,0.009908953471617913,0.7564584708030855,1.382126218491764,0.0,0.4,0,0.06432690378798273,0.0,0.001708984375,0.16656344921176042,0.0,0.16351555230709824,0.1372127979385871,13,15
1775942023960,0.18584797066548178,0.008833074088830653,1.0,1.2983935909742037,0.0,0.2727272727272727,0,0.062110572918912116,0.9765625,0.001708984375,0.16796270518743445,0.0,0.1308124418456786,0.13774635818337622,12,15
1775942024218,0.18207353315466446,0.010181291368846183,1.0,1.3885500662161143,1.0,0.30000000000000004,0,0.06910571329496956,0.0,0.001708984375,0.17217713833200404,0.38399249004097413,0.1814484514847377,0.13809320222317234,13,15
1775942024474,0.17967321310969475,0.010028495625260942,1.0,1.3039727032908832,0.0,0.2727272727272727,0,0.06290904275069811,0.9765625,0.001708984375,0.1734542009767314,0.0,0.14515876118779017,0.13819577735124755,12,15
1775942024741,0.17396761692458393,0.009908953471617913,0.6648666700321749,1.2565642015295375,0.0,0.4,0,0.06313030406249343,0.0,0.001708984375,0.17413800481991834,0.0,0.11612700895023215,0.13832730368163437,13,15
1775942024996,0.17736062858074925,0.011114659702227754,1.0,1.1847172389776919,0.0,0.36363636363636365,0,0.07089445255598197,0.9803921568627451,0.001708984375,0.17522413149308202,0.0,0.09290160716018572,0.13864118895966027,12,15
1775942025260,0.17879551760509793,0.008386663497980989,0.5852686653636747,1.1446419354079196,0.0,0.6,0,0.09297894299860529,0.0,0.001708984375,0.17575647581511103,0.0,0.07432128572814858,0.139406779661017,13,15
1775942025516,0.18419122198670126,0.012650727670836671,0.9313433061601168,1.0828031223875731,0.0,0.4,0,0.08305789628088031,0.9765625,0.001708984375,0.17652033678751053,0.0,0.05945702858251887,0.140139505389981,12,15
1775942025778,0.19188624001352136,0.011768592956147772,0.5169480948389106,1.0488228744302117,0.0,0.30000000000000004,0,0.11724405888409245,0.0,0.001708984375,0.17688265543270554,0.0,0.047565622866015095,0.14026576671588276,13,15
1775942026033,0.1927555620668989,0.011048851730869235,0.8244167636819293,0.9957170998734244,0.0,0.36363636363636365,0,0.08308634228273253,0.9803921568627451,0.001708984375,0.17734342874641545,0.0,0.03805249829281208,0.14036195286195285,12,15
1775942026294,0.19690708377542085,0.009908953471617913,0.45814164597926493,0.9668270632186086,0.0,0.5,0,0.06860583888453221,0.0,0.001708984375,0.17752007197288844,0.0,0.030441998634249665,0.14048719025619483,13,15
1775942026550,0.19019561461544277,0.006785655373223423,1.0,1.0525297227967767,1.0,0.6363636363636364,0,0.13710770929814375,0.9765625,0.001708984375,0.1699876897995319,0.38631974880164144,0.10161754866772803,0.14163000209511833,12,15
1775942026809,0.18998412920265662,0.023256934090381653,0.4546328560314521,1.023420133090554,0.0,0.5,0,0.14050373287920134,0.0,0.001708984375,0.1703812511942562,0.0,0.08129403893418242,0.14217018607568477,13,15
1775942027065,0.20105157358561193,0.018679309806282674,0.6721407782557127,0.9812215769525969,0.0,0.36363636363636365,0,0.15356013731863247,0.9765625,0.001708984375,0.17088467917712902,0.0,0.06503523114734594,0.14309553608677517,12,15
1775942027328,0.19982057344117526,0.0071992601681472035,0.45703707212691835,0.9531623798690789,0.0,0.4,0,0.0963255338250007,0.0,0.001708984375,0.17116071625262058,0.0,0.05202818491787675,0.14363030807660282,13,15
1775942027583,0.20570789342969117,0.014175728019052635,0.7302675259551523,0.9086737840470007,0.0,0.30000000000000004,0,0.07304257035240824,0.9803921568627451,0.001708984375,0.17146520051186195,0.0,0.0416225479343014,0.14330218068535827,12,15
1775942027846,0.20987989587437034,0.009908953471617913,0.4062464996870194,0.8847665221881286,0.0,0.19999999999999996,0,0.06881199938668398,0.0,0.001708984375,0.17154526032502634,0.0,0.033298038347441127,0.14341968911917102,13,15
1775942028147,0.20987989587437034,0.011223917161691232,0.04028982635805938,0.8833775597511652,0.0,0.0,1,0.07009741567671256,0.0,0.001708984375,0.17154917827351668,0.0,0.026638430677952903,0.14338997099046835,15,15
1775942028407,0.20996545631725488,0.014005999233656311,0.5483650496279274,0.8518624423895943,0.0,0.30000000000000004,1,0.06440933313081079,0.9615384615384615,0.001708984375,0.1715253338412873,0.0,0.021310744542362325,0.1433002481389578,14,15
1775942028662,0.20919366666984932,0.014773438787267779,0.4095349112965241,0.8290598972861467,0.0,0.18181818181818177,1,0.09260836563270251,0.0,0.001708984375,0.1714029546925155,0.0,0.01704859563388986,0.1429750361048071,15,15
1775942028929,0.21083261546938586,0.016250782665994556,0.5617693378562257,0.7976853848102177,0.0,0.4,0,0.07545189097809148,0.9363295880149812,0.001708984375,0.17106154387576994,0.0,0.013638876507111888,0.1426806670784435,14,15
1775942029186,0.2253401214684469,0.016034668295056585,1.0,0.9179028716801255,1.0,0.09090909090909094,1,0.0859481369502785,0.0,0.001953125,0.19605123786644033,0.3851526927871777,0.08794163976312505,0.14276910435497125,15,15
1775942029444,0.22808456760437004,0.010838773213882843,0.5754445443383623,0.8846300183380635,0.0,0.09999999999999998,0,0.07161858091849495,0.9689922480620154,0.001953125,0.19541483574762009,0.0,0.07035331181050004,0.1428864288642886,14,15
1775942029700,0.22342446584208142,0.014793605960231207,0.4278142411806819,0.8606028321387167,0.0,0.0,0,0.07015240572056924,0.0,0.001953125,0.194817801784349,0.0,0.056282649448400036,0.14297402331765185,15,15
1775942029966,0.22756870415564745,0.011031345187787039,0.5560827257981829,0.829473917513887,0.0,0.4,0,0.06873113919967112,0.9398496240601504,0.001953125,0.19384902265014892,0.0,0.04502611955872003,0.1432945499081445,14,15
1775942030221,0.23026940316623357,0.010451140962654091,1.0,1.0795683287617914,1.0,0.2727272727272727,1,0.08269187155983831,0.0,0.001953125,0.20168447262483757,0.6248360531164665,0.16098810627026933,0.14358452138492872,15,15
1775942030484,0.23198115918458312,0.014198571207560505,0.7630073334915961,1.0318230705332219,0.0,0.6,1,0.08324133902796828,0.9505703422053231,0.001953125,0.2015577161620046,0.0,0.12879048501621546,0.1436991869918699,14,15
1775942030739,0.22438593416418884,0.007142492739258056,0.5478006167606885,0.9981236256696127,0.0,0.4545454545454546,1,0.06919192129857565,0.0,0.001953125,0.201277964199456,0.0,0.10303238801297238,0.14418981950922738,15,15
1775942031002,0.22159637482672848,0.010838773213882841,0.5691010559766373,0.9637516184841158,0.0,0.19999999999999996,0,0.07413486523085867,0.9505703422053231,0.001953125,0.20086846910510375,0.0,0.0824259104103779,0.14430277271807324,14,15
1775942031257,0.22661916269768415,0.01747766973805803,0.4902275218229882,0.9347522884097222,0.0,0.18181818181818177,1,0.0698215983028214,0.0,0.001953125,0.20043555362778223,0.0,0.06594072832830232,0.14398222940226169,15,15
1775942031525,0.21938935800248854,0.011761215801318064,0.5178813182552803,0.904621808680997,0.0,0.30000000000000004,0,0.06667667813598406,0.9328358208955223,0.001953125,0.1998143497183554,0.0,0.05275258266264186,0.1440951229343007,14,15
1775942031781,0.22617792606208637,0.013512209279478974,0.44647276647335643,0.8792395393968114,0.0,0.2727272727272727,0,0.06964061242547105,0.0,0.001953125,0.1991873936545638,0.0,0.042202066130113486,0.14417856424693343,15,15
1775942032039,0.21784597046551302,0.010173914214016477,1.0,0.9856808418677941,1.0,0.4,0,0.06935499387042116,0.9689922480620154,0.001953125,0.20607791729984734,0.38399249004097413,0.11056015091228562,0.1446919526389725,14,15
1775942032293,0.22558207935958607,0.01771854314023854,0.5222120531771459,0.954945236573042,0.0,0.18181818181818177,1,0.06109696778111775,0.0,0.001953125,0.20554880489733607,0.0,0.0884481207298285,0.14437324789747696,15,15
1775942032555,0.22932173761536623,0.01538597453739429,0.65529044028258,0.9168569166461127,0.0,0.19999999999999996,0,0.06722175015675483,0.9541984732824427,0.001953125,0.2047964430765592,0.0,0.0707584965838628,0.14428457234212633,14,15
1775942032810,0.2291134361035025,0.011296431637440391,0.46754699663406396,0.8903918308922252,0.0,0.2727272727272727,1,0.07525986107998572,0.0,0.001953125,0.20404529065201357,0.0,0.05660679726709024,0.14436689930209368,15,15
1775942033070,0.24195887690964443,0.0426006393568611,0.4865381835482431,0.8632825175937273,0.0,0.09999999999999998,1,0.1178862119890324,0.9615384615384615,0.001953125,0.20311805164329874,0.0,0.0452854378136722,0.14427860696517414,15,15
1775942033396,0.24408803647861962,0.033671751485073696,0.034831880285934314,0.8624892174497986,0.0,0.0,1,0.11226907664098572,0.0,0.001953125,0.20307666858542703,0.0,0.036228350250937756,0.14424990051731001,15,15
1775942033659,0.24765104597203266,0.012418697646354723,0.5820241957345061,0.8308957132347552,0.0,0.30000000000000004,0,0.08684363738750521,0.9505703422053231,0.001953125,0.2017493927808543,0.0,0.028982680200750205,0.14416203335980937,14,15
1775942033914,0.23659440829829465,0.008410428751437504,0.4047059811263827,0.8097322291457795,0.0,0.2727272727272727,1,0.0734624602851315,0.0,0.001953125,0.20066666866364202,0.0,0.023186144160600164,0.14464038042401428,15,15
1775942034176,0.2441373847847329,0.017903095866960806,0.4553961570935111,0.7860973987391887,0.0,0.19999999999999996,0,0.0647997408704054,0.9541984732824427,0.001953125,0.1992701444538594,0.0,0.01854891532848013,0.14455210599169466,14,15
1775942034430,0.238855130093337,0.010626206393476088,1.0,0.9057913119777417,1.0,0.2727272727272727,1,0.06593085984741723,0.0,0.001953125,0.19585049050667785,0.38867465638540744,0.0925740635398656,0.14483030781373318,15,15
1775942034693,0.23431513601448745,0.011961164930051968,0.5537323695441162,0.8755809714624896,0.0,0.30000000000000004,0,0.06548474120457784,0.9505703422053231,0.001953125,0.19511719868169375,0.0,0.07405925083189248,0.14493895234344234,14,15
1775942034949,0.24089980998852475,0.011894142405655533,0.4461549029261515,0.8518775683515425,0.0,0.09090909090909094,1,0.0664134920156955,0.0,0.001953125,0.1943948812306927,0.0,0.05924740066551398,0.14501866771467875,15,15
1775942035214,0.2404651670740698,0.013348517388619653,0.5337465318891786,0.82369965928253,0.0,0.30000000000000004,0,0.06802039231481784,0.9433962264150942,0.001953125,0.19338550291563203,0.0,0.04739792053241119,0.14493037850558932,14,15
1775942035470,0.24814133287708515,0.01995448795524055,0.40245399125519526,0.8031725870383963,0.0,0.09090909090909094,0,0.07014962928532617,0.0,0.001953125,0.19245403402214467,0.0,0.037918336425928956,0.14481409001956946,15,15
1775942035729,0.2465187621281227,0.018670328044995393,0.44433523177155465,0.7807012430746305,0.0,0.19999999999999996,0,0.06612212891719169,0.9652509652509652,0.001953125,0.19132594519546173,0.0,0.030334669140743165,0.14492187499999998,14,15
1775942035985,0.24207146149810016,0.01357801725083749,0.36602188622133736,0.7628032786102111,0.0,0.09090909090909094,1,0.06539839918114194,0.0,0.001953125,0.1902011227776099,0.0,0.024267735312594532,0.14500097446891447,15,15
1775942036254,0.25097280371411823,0.01493581897592124,0.40937621046842443,0.7428810032457059,0.0,0.0,0,0.06751436789211342,0.929368029739777,0.001953125,0.18880243657816023,0.0,0.019414188250075626,0.14491344096479286,14,15
1775942036509,0.2557056768523328,0.018798000712814705,0.33032142659890684,0.727442890011265,0.0,0.09090909090909094,1,0.09697793613329421,0.0,0.001953125,0.18753527124922548,0.0,0.0155313506000605,0.14479813664596275,15,15
1775942036774,0.255091827366029,0.011496255058919502,0.3755924954057898,0.7098877634717742,0.0,0.30000000000000004,1,0.07308337906776706,0.9433962264150942,0.001953125,0.1858888871349869,0.0,0.012425080480048402,0.14471135218907405,15,15
1775942037029,0.25561468484260896,0.013155371913444344,1.0,0.8360840286518977,1.0,0.2727272727272727,1,0.08088183345009237,0.0,0.001953125,0.17969361226073785,0.3874937168619954,0.08743880775643781,0.14459694567948966,15,15
1775942037287,0.25390796496316703,0.016315794279659217,0.5299412496499644,0.8093198034094712,0.0,0.30000000000000004,0,0.06896708296518433,0.9689922480620154,0.001953125,0.1789643864832806,0.0,0.06995104620515025,0.1445109010225738,14,15
1775942037542,0.2569421917096297,0.014598373356445784,0.3958844263807505,0.7900530652507036,0.0,0.18181818181818177,0,0.06800567677108002,0.0,0.001953125,0.17828903397406723,0.0,0.0559608369641202,0.14439738159414706,15,15
1775942037801,0.26014944315316807,0.020479762651290655,0.4427538742494929,0.768641771812891,0.0,0.19999999999999996,0,0.06593538490486157,0.9652509652509652,0.001953125,0.1774183277973921,0.0,0.04476866957129616,0.144119907763259,14,15
1775942038057,0.25172732060465364,0.013948315285444907,0.35979619565422993,0.751865402602679,0.0,0.5454545454545454,1,0.06547716779614311,0.0,0.001953125,0.1765520159377318,0.0,0.03581493565703693,0.1441994247363375,15,15
1775942038318,0.25549981565039104,0.014078388002150681,0.37336614823087977,0.7346659238020518,0.0,0.19999999999999996,0,0.06578209278843618,0.9578544061302682,0.001953125,0.175546114999987,0.0,0.028651948525629547,0.14430622009569383,14,15
1775942038655,0.25549981565039104,0.025097441747368093,0.03087347505640005,0.7350697324574669,0.0,0.0,1,0.06499457920112608,0.0,0.001953125,0.17545495919220835,0.0,0.02292155882050364,0.14427860696517414,15,15
1775942038915,0.2555083932280781,0.01195378777522226,0.39239099202913563,0.717499503028121,0.0,0.19999999999999996,1,0.07015245250129604,0.9615384615384615,0.001953125,0.1742101081607928,0.0,0.01833724705640291,0.14457601222307104,14,15
1775942039171,0.25956638691801176,0.0131486654090537,1.0,0.8485380914092492,1.0,0.09090909090909094,1,0.07713073505107891,0.0,0.001953125,0.1830343688125868,0.38631974880164144,0.09193374740545063,0.14446350295406896,15,15
1775942039435,0.25786230910507574,0.01360610097618851,0.4812216624446692,0.8253282249903648,0.0,0.19999999999999996,0,0.07204845130417654,0.9469696969696969,0.001953125,0.18230150346222684,0.0,0.07354699792436051,0.1445691459007038,14,15
1775942039690,0.26358890256251166,0.019350023022843263,0.42131844574293564,0.8055285213377599,0.0,0.18181818181818177,1,0.07264873994647003,0.0,0.001953125,0.18153571019950596,0.0,0.05883759833948841,0.1442672741078208,15,15
1775942039948,0.26582786437775086,0.011761215801318064,0.4724639157854288,0.7834728942584877,0.0,0.0,0,0.07004733509757442,0.9689922480620154,0.001953125,0.18054505855083952,0.0,0.04707007867159073,0.14437286851079956,14,15
1775942040203,0.2657310034897861,0.016557086662447852,0.3805401933066061,0.7663334219105103,0.0,0.0,0,0.06343385313720522,0.0,0.001953125,0.1796217995037545,0.0,0.03765606293727258,0.1440726035167328,15,15
1775942040461,0.2673233221658698,0.01043887495641504,0.3974581565015659,0.7486374555698594,0.0,0.0,0,0.06392208985871874,0.9689922480620154,0.001953125,0.1785105631670433,0.0,0.03012485034981807,0.1445555765238724,14,15
1775942040717,0.26982581532843497,0.015189377620270285,0.34715850423078676,0.7336754469629526,0.0,0.18181818181818177,0,0.07108634919151503,0.0,0.001953125,0.17743633664827743,0.0,0.024099880279854456,0.14425612052730696,15,15
1775942040985,0.2737839298690955,0.022072530397493573,0.36376833595997543,0.7181540140491883,0.0,0.09999999999999998,1,0.07248223946096329,0.9328358208955223,0.001953125,0.17614362705946893,0.0,0.019279904223883565,0.143984962406015,14,15
1775942041240,0.2809867215322037,0.11420200199403559,0.2908667963319205,0.7063628210847125,0.0,0.09090909090909094,1,0.06988668636881462,0.0,0.001953125,0.1750032574073103,0.0,0.015423923379106853,0.1438754455074095,15,15
1775942041502,0.2815052779404028,0.013076179491391383,0.3620467018116144,0.6914059934137389,0.0,0.0,0,0.06877055588852014,0.9541984732824427,0.001953125,0.1734260777843262,0.0,0.012339138703285483,0.1439805279910129,14,15
1775942041758,0.27337572916500885,0.011537305039620903,1.0,0.8324849441289016,1.0,0.18181818181818177,1,0.07210945540291458,0.0,0.001953125,0.17224549122472577,0.38631974880164144,0.08713526072295669,0.14424514200298955,15,15
1775942042014,0.2795612399721419,0.018103044995694706,0.5073139258350585,0.8092682449484253,0.0,0.19999999999999996,0,0.07194106876924436,0.9765625,0.001953125,0.17169812039771287,0.0,0.06970820857836535,0.14397612831033202,14,15
1775942042270,0.2717921011637707,0.011289725133049747,0.41179416532284807,0.7910262382848661,0.0,0.09090909090909094,0,0.06770165461592376,0.0,0.001953125,0.17108104991996886,0.0,0.05576656686269228,0.1442397171040387,15,15
1775942042534,0.26980140966119687,0.0073813992696395,0.49767652465806267,0.7689503283874798,0.0,0.0,1,0.06395141386428055,0.9469696969696969,0.001953125,0.17016446098602003,0.0,0.044613253490153826,0.14508638305777444,14,15
1775942042789,0.2695857641392432,0.01720461620605521,0.37181346081375094,0.7531775494018829,0.0,0.18181818181818177,1,0.06306491782750427,0.0,0.001953125,0.1693531782661438,0.0,0.03569060279212306,0.14497589914720055,15,15
1775942043047,0.26892412202135085,0.011361317543850263,1.0,0.8849042561331154,1.0,0.09999999999999998,1,0.06695905588143278,0.9689922480620154,0.002197265625,0.19452422319292292,0.38399249004097413,0.10535098024189328,0.14544781643227234,14,15
1775942043303,0.2631696806210338,0.014409894916842504,0.48828295018491275,0.8622800064017633,0.0,0.18181818181818177,1,0.06410320910516207,0.0,0.002197265625,0.1935716204005132,0.0,0.08428078419351463,0.14533702677746996,15,15
1775942043565,0.25670284286794565,0.014928441821091532,0.5078972157445829,0.8390749244872111,0.0,0.09999999999999998,0,0.06330330176681778,0.9541984732824427,0.002197265625,0.19242986642095203,0.0,0.06742462735481171,0.14525345622119812,14,15
1775942043935,0.255361475805915,0.025097441747368093,0.04101277649766841,0.8384917488328101,0.0,0.0,1,0.06395326061156234,0.0,0.002197265625,0.19234619293329372,0.0,0.05393970188384937,0.14522668632510138,15,15
1775942044189,0.24815652669874222,0.010279412918423617,0.5286755388878998,0.8150883415627292,0.0,0.0,1,0.06159503044339927,0.984251968503937,0.002197265625,0.19099780171090824,0.0,0.0431517615070795,0.1455381784728611,14,15
1775942044444,0.24873832132203366,0.012739433080441835,0.4267468925652185,0.7967981158546658,0.0,0.0,1,0.06264102126794782,0.0,0.002197265625,0.18975047785270358,0.0,0.0345214092056636,0.1457950789570327,15,15
1775942044714,0.26125405412363284,0.018567954866827174,0.47931561927126654,0.776361308857851,0.0,0.09999999999999998,0,0.0660104169072823,0.9259259259259258,0.002197265625,0.18818645043866045,0.0,0.027617127364530883,0.14552785923753664,14,15
1775942044970,0.2569775132451157,0.013753082681659486,0.38721485333400046,0.7604548285560088,0.0,0.18181818181818177,1,0.0639905198009361,0.0,0.002197265625,0.18676436131290175,0.0,0.02209370189162471,0.14541796231937076,15,15
1775942045227,0.2617468098695411,0.013915800437920338,0.4036140352837596,0.7440581536173639,0.0,0.2222222222222222,0,0.062499114872620776,0.9727626459143969,0.002197265625,0.18512841291546953,0.0,0.017674961513299767,0.14551761913456274,14,15
1775942045483,0.2517950235453494,0.014357499954265274,0.35328773073294667,0.7301791600388448,0.0,0.09090909090909094,0,0.06446599908895068,0.0,0.002197265625,0.18356953765986048,0.0,0.014139969210639813,0.1452259475218659,15,15
1775942045748,0.2588512060857488,0.015593300820957898,0.3684595835649533,0.715849005149053,0.0,0.09999999999999998,1,0.06216666629031507,0.9433962264150942,0.002197265625,0.18179418894994565,0.0,0.011311975368511851,0.145325572935613,14,15
1775942046004,0.25933928685242574,0.01442330792562379,0.32268288695873476,0.7037595345899657,0.0,0.18181818181818177,0,0.06460984346094105,0.0,0.002197265625,0.18011746951153626,0.0,0.009049580294809482,0.14557996006534757,15,15
1775942046268,0.2592636154618166,0.016250782665994556,0.3915888298184092,0.6888589999272637,0.0,0.19999999999999996,1,0.06440152661525464,0.9469696969696969,0.002197265625,0.17787574530659933,0.0,0.007239664235847586,0.1454973727124479,14,15
1775942046523,0.262090623740347,0.01535495862162692,0.2935348521600178,0.6784105082706305,0.0,0.09090909090909094,1,0.06562962118768814,0.0,0.002197265625,0.17604511020871483,0.0,0.005791731388678069,0.14556962025316456,15,15
1775942046780,0.2660319060355511,0.019135237916127857,0.33067467680009605,0.6665493226592691,0.0,0.09999999999999998,0,0.06999317046778487,0.9727626459143969,0.002197265625,0.1738357428862869,0.0,0.004633385110942456,0.14530685920577613,14,15
1775942047036,0.26819964678813446,0.013934854616872123,0.2669053620954392,0.657566105079183,0.0,0.0,1,0.06761612742490765,0.0,0.002197265625,0.1719363589231381,0.0,0.003706708088753965,0.14519906323185017,15,15
1775942047294,0.27072881966734064,0.017565746356067877,0.2943755946061565,0.647589287386937,0.0,0.0,0,0.07305718153555127,0.9689922480620154,0.002197265625,0.16968191260572035,0.0,0.0029653664710031723,0.14511778457112035,14,15
1775942047550,0.27236196662107687,0.017586927197521505,0.24332135224270232,0.6398819940455981,0.0,0.18181818181818177,0,0.0693884697876772,0.0,0.002197265625,0.16773753344754502,0.0,0.002372293176802538,0.14501076812634606,15,15
1775942047811,0.27513891575558497,0.017903095866960806,0.27646325161980445,0.6309580812134353,0.0,0.09999999999999998,1,0.06681807837267299,0.9578544061302682,0.002197265625,0.16535824835871266,0.0,0.0018978345414420305,0.1447509853099248,14,15
1775942048066,0.27917106197399855,0.018979772648027343,0.22363358101213981,0.6243128513801095,0.0,0.0,0,0.0641427834932179,0.0,0.002197265625,0.16332691977925115,0.0,0.0015182676331536244,0.14464509207938492,15,15
1775942048331,0.27580760518731245,0.011296305930185602,0.25249670714637457,0.6166385407061981,0.0,0.19999999999999996,1,0.061302960085883554,0.9433962264150942,0.002197265625,0.16091452395651662,0.0,0.0012146141065228996,0.1447438872032839,14,15
1775942048586,0.2837245694932793,0.018673091274488317,0.20435693714745057,0.6109926671699248,0.0,0.19999999999999996,1,0.0712901994591173,0.0,0.002197265625,0.15886561249769232,0.0,9.716912852183197E-4,0.14463840399002492,15,15
1775942048848,0.286404268943195,0.01616796102508829,0.21426623285705398,0.6050702037363714,0.0,0.19999999999999996,0,0.07053495389810982,0.9541984732824427,0.002197265625,0.15661132531219346,0.0,7.773530281746558E-4,0.14473684210526316,14,15
1775942049195,0.2843645487326753,0.022447834323382463,0.017656949289152023,0.6067953482762549,0.0,0.0,1,0.07609251846353977,0.0,0.002197265625,0.1564224452648217,0.0,6.218824225397247E-4,0.14471111111111112,15,15
1775942049450,0.2844543742320284,0.014175728019052633,0.19160545126941803,0.6019674273063829,0.0,0.18181818181818177,1,0.07657111697665067,0.0,0.002197265625,0.15434565769062375,0.0,4.975059380317798E-4,0.14460610361958837,15,15
1775942049706,0.29131011599708007,0.010203561056082937,0.18370212824414328,0.5975331427377155,0.0,0.09090909090909094,1,0.08074357196266534,0.0,0.002197265625,0.15229392391974916,0.0,3.980047504254239E-4,0.14485567557995394,15,15
1775942049961,0.2847993804390576,0.015371149555482922,0.17679693998933887,0.5934468403962916,0.0,0.09090909090909094,0,0.07370259884786591,0.0,0.002197265625,0.1502493453109369,0.0,3.184038003403391E-4,0.14475079533404034,15,15
1775942050217,0.28830091031275745,0.02126984969463238,0.19976145904507508,0.588611760401422,0.0,0.18181818181818177,1,0.07171854827538073,0.9765625,0.002197265625,0.14785481933305022,0.0,2.547230402722713E-4,0.14446992414887982,13,15
1775942050479,0.290903894972951,0.017830707098466438,0.14802628415897487,0.5857347783412304,0.0,0.0,0,0.06705808697476555,0.0,0.002197265625,0.14601262555950775,0.0,2.0377843221781704E-4,0.14439161824264835,14,15
1775942050735,0.28396944900845733,0.013155371913444342,0.18479487551710486,0.5816250346259728,0.0,0.0,0,0.07075597719520378,0.9765625,0.002197265625,0.1436376397994072,0.0,1.6302274577425363E-4,0.1444639718804921,13,15
1775942051003,0.2908170991735322,0.021135333500398937,0.1314622582345914,0.5794730803149607,0.0,0.33333333333333337,0,0.0670661530449706,0.0,0.002197265625,0.1419080984675481,0.0,1.304181966194029E-4,0.14421052631578946,14,15
1775942051258,0.2968752327458084,0.019865734885843887,0.18290777791591212,0.5756040467284875,0.0,0.18181818181818177,0,0.06974422339296428,0.9803921568627451,0.002197265625,0.1394281765766151,0.0,1.0433455729552232E-4,0.14393276133776922,13,15
1775942051516,0.2921859913022194,0.014928441821091532,0.12526924024811112,0.5737889100802225,0.0,0.09999999999999998,0,0.06489211949753301,0.0,0.002197265625,0.13768145302662874,0.0,8.346764583641787E-5,0.14385596923614752,14,15
1775942051771,0.2941333608932803,0.014350793449874631,0.16844225136501698,0.5705766709301207,0.0,0.0,1,0.06289836899319037,0.9803921568627451,0.002197265625,0.13526084405122477,0.0,6.67741166691343E-5,0.1435799023028611,13,15
1775942052037,0.2875222310023722,0.014935818975921241,0.11526698319569799,0.5692106618307438,0.0,0.09999999999999998,0,0.06934049053109223,0.0,0.002197265625,0.13356530652029416,0.0,5.341929333530744E-5,0.143329850226402,14,15
1775942052292,0.29289446951408765,0.021559094160491205,0.11859874875973565,0.567788626533818,0.0,0.09090909090909094,1,0.07014438134194143,0.0,0.002197265625,0.13179166143858714,0.0,4.273543466824595E-5,0.1430557969754911,15,15
1775942052554,0.29450702654219546,0.01195378777522226,1.0,0.7298049024788913,1.0,0.19999999999999996,0,0.07156853602285013,0.9541984732824427,0.002197265625,0.15721096943683555,0.3794190581306538,0.07591799997386536,0.14350164844698943,14,15
1775942052811,0.28666212838681876,0.015255185591628804,1.0,0.8926721285573346,1.0,0.2727272727272727,0,0.07640584915596545,0.0,0.002197265625,0.17402756877012823,0.3851526927871777,0.13776493853652783,0.14357464496016625,15,15
1775942053075,0.29276343437494573,0.025677016239238404,0.6082305511347771,0.8707872925098923,0.0,0.09999999999999998,1,0.07134185291309827,0.9469696969696969,0.002197265625,0.17310325544817134,0.0,0.11021195082922226,0.1433264177040111,14,15
1775942053331,0.2953377011744431,0.017672902341843447,0.5313393346251948,0.8521130434206658,0.0,0.18181818181818177,1,0.06967260997835877,0.0,0.002197265625,0.17216993290885765,0.0,0.08816956066337782,0.1432269197584124,15,15
1775942053587,0.2902266206087204,0.013806050104922411,0.5523708128727637,0.8329385443822066,0.0,0.30000000000000004,0,0.06520509400727634,0.9765625,0.002197265625,0.1710563537921865,0.0,0.07053564853070225,0.14349698535745048,14,15
1775942053842,0.2886401669553239,0.017055024400664875,0.4830090839840862,0.8166125146042922,0.0,0.09090909090909094,1,0.06752199480576403,0.0,0.002197265625,0.16995620440259623,0.0,0.056428518824561805,0.14322558459422285,15,15
1775942054105,0.2849891511931506,0.01709040361252351,0.5402270466232413,0.7984348725941224,0.0,0.19999999999999996,0,0.06703864206724465,0.9505703422053231,0.002197265625,0.16859772527328842,0.0,0.04514281505964945,0.14297974596635765,14,15
1775942054481,0.28447474564477826,0.015873015873015876,0.04109094106643499,0.798576205960012,0.0,0.0,1,0.06984759598444629,0.0,0.002197265625,0.1684864984721778,0.0,0.03611425204771956,0.14295520851209886,15,15
1775942054736,0.28766587239302416,0.017477669738058026,0.443504307182305,0.7844522794893247,0.0,0.2727272727272727,1,0.06820471587926671,0.0,0.002197265625,0.1672309146814576,0.0,0.02889140163817565,0.1428571428571429,15,15
1775942054995,0.28534616914550903,0.015328340078559337,0.4617693434767063,0.7699010993730123,0.0,0.0,0,0.07469214069392821,0.9652509652509652,0.002197265625,0.1657883923651588,0.0,0.02311312131054052,0.14278385772913815,14,15
1775942055251,0.286203244811712,0.013993956083839998,1.0,0.9257571600066424,1.0,0.09090909090909094,0,0.06907969451093776,0.0,0.002197265625,0.18521968378021444,0.38631974880164144,0.09575444680876072,0.1428571428571429,15,15
1775942055507,0.2926501044989945,0.02294951290852609,0.6509839304291302,0.902161294810021,0.0,0.09999999999999998,1,0.07215504358449158,0.9765625,0.002197265625,0.18403195186020482,0.0,0.07660355744700859,0.14278411995229168,14,15
1775942055762,0.2944111870136846,0.018375355375421558,0.568356508399881,0.8819985057666359,0.0,0.09090909090909094,1,0.08546233311100226,0.0,0.002197265625,0.1828544918633068,0.0,0.06128284595760687,0.14251700680272106,15,15
1775942056026,0.2940831299118313,0.01803065622720034,0.5902348129907803,0.8613305523827781,0.0,0.09999999999999998,0,0.07337351039959042,0.9469696969696969,0.002197265625,0.18147897681407146,0.0,0.0490262767660855,0.1422750424448217,14,15
1775942056281,0.29616293860224735,0.019047317888411658,0.5158720479672184,0.8437039429967965,0.0,0.18181818181818177,1,0.06472650570179515,0.0,0.002197265625,0.18013632049731645,0.0,0.0392210214128684,0.14217929164548382,15,15
1775942056537,0.29706200413107187,0.015968860323698066,0.4931544505364174,0.8271808913280773,0.0,0.18181818181818177,0,0.0701562718143442,0.0,0.002197265625,0.17872463610156705,0.0,0.03137681713029472,0.14208389715832204,15,15
1775942056792,0.30082094887981536,0.01669818703463025,0.5361107542608207,0.8093565456660222,0.0,0.09090909090909094,1,0.06451631338068149,0.9803921568627451,0.002197265625,0.17699920405893668,0.0,0.025101453704235777,0.1419888569981428,14,15
1775942057047,0.302371673407656,0.015959375894232707,0.4474566039261666,0.794973919028386,0.0,0.0,1,0.07231405317191057,0.0,0.002197265625,0.17544492964292213,0.0,0.020081162963388622,0.14206268958543988,15,15
1775942057304,0.30263442624801856,0.02186711510985834,0.4655779890047122,0.7801735668349564,0.0,0.09999999999999998,0,0.07791539285472318,0.9727626459143969,0.002197265625,0.1736903878133489,0.0,0.016064930370710898,0.14182368775235532,14,15
1775942057560,0.3065510703439233,0.01819358344020892,0.40780743301148104,0.767634298283628,0.0,0.0,1,0.0696161331259274,0.0,0.002197265625,0.17202338158467623,0.0,0.012851944296568718,0.14172963895885815,15,15
1775942057818,0.30584522429334166,0.01596801189635439,0.425175704529915,0.7546909606059173,0.0,0.0,1,0.06340161522801731,0.9689922480620154,0.002197265625,0.17014006839898155,0.0,0.010281555437254975,0.14182732606873427,15,15
1775942058073,0.309004952819506,0.018191344470127293,0.37245825893310763,0.7437706920510665,0.0,0.36363636363636365,1,0.06884069562695294,0.0,0.002197265625,0.16837280965956838,0.0,0.00822524434980398,0.14156626506024095,15,15
1775942058333,0.308218886443388,0.01985489756892566,0.38838228090347326,0.7324862107629162,0.0,0.19999999999999996,0,0.07088693433200012,0.9615384615384615,0.002197265625,0.166399578855284,0.0,0.006580195479843185,0.1414968259271634,14,15
1775942058588,0.3065318654415442,0.018663606845022957,0.3405844265778045,0.7230001555866507,0.0,0.18181818181818177,0,0.0793751647905073,0.0,0.002197265625,0.16455541880390448,0.0,0.005264156383874548,0.14140403535100887,15,15
1775942058855,0.30629793490742485,0.02417691015586125,0.41224219377172,0.7112714371379261,0.0,0.19999999999999996,1,0.07025448354155063,0.9363295880149812,0.002197265625,0.16216067536879744,0.0,0.004211325107099639,0.14116863659064427,14,15
1775942059110,0.30192124942912174,0.013818890653018001,0.30836954925505,0.7031667896639315,0.0,0.0,1,0.06712342067591212,0.0,0.002197265625,0.16025700858531222,0.0,0.0033690600856797117,0.14124293785310738,15,15
1775942059373,0.30281192575515575,0.017903095866960806,0.3219159541504703,0.6947612024858595,0.0,0.09999999999999998,0,0.07074746811836995,0.9505703422053231,0.002197265625,0.15816102316227648,0.0,0.0026952480685437695,0.14117451891174515,14,15
1775942059754,0.30210464489900946,0.011223917161691232,0.0264951319441078,0.6960384138913336,0.0,0.0,1,0.06891405627644094,0.0,0.002197265625,0.15798497997911176,0.0,0.002156198454835016,0.14115110300215628,15,15
1775942060013,0.3018127897729224,0.02274672997388867,0.3369421827564242,0.687462311817621,0.0,0.0,1,0.06179694276603078,0.9652509652509652,0.002197265625,0.15569400900207322,0.0,0.0017249587638680126,0.14108296075509186,14,15
1775942060268,0.3034685501186627,0.014552732558050695,0.27258657936265884,0.6810611299203404,0.0,0.09090909090909094,1,0.06918596045404285,0.0,0.002197265625,0.15374118079698004,0.0,0.0013799670110944103,0.14115702479338843,15,15
1775942060526,0.29784908237401,0.014535920718453436,0.2845884091456359,0.674406040522602,0.0,0.09999999999999998,0,0.06783029229912413,0.9689922480620154,0.002197265625,0.15161472142480192,0.0,0.0011039736088755282,0.14125412541254123,14,15
1775942060782,0.29565813822769177,0.022072028098417105,0.25012201294818914,0.6689356831982184,0.0,0.0,1,0.06261331651302125,0.0,0.002197265625,0.14966244615185967,0.0,8.831788871004226E-4,0.14099818810739584,15,15
1775942061037,0.2945615591194989,0.019395711481029854,0.24032377438005412,0.6638723951323987,0.0,0.09090909090909094,1,0.0628924093861609,0.0,0.002197265625,0.14771637879563168,0.0,7.065431096803382E-4,0.14090759618546533,15,15
1775942061299,0.2952702610134309,0.023564167030157856,0.2513489840811696,0.6585803049733557,0.0,0.09999999999999998,0,0.0634029165102693,0.9541984732824427,0.002197265625,0.14560000202189333,0.0,5.652344877442706E-4,0.1408404464871963,14,15
1775942061553,0.29142365933447606,0.013993956083839998,0.2208943111042272,0.6542984498066923,0.0,0.0,1,0.06314537647696546,0.0,0.002197265625,0.14367418281310335,0.0,4.521875901954165E-4,0.14091430444043918,15,15
1775942061809,0.2950931844450382,0.020363672624060913,0.21251135821147782,0.6503556135705889,0.0,0.0,0,0.06148704764423921,0.0,0.002197265625,0.1417594787579962,0.0,3.6175007215633325E-4,0.1406607785410533,15,15
1775942062072,0.29765510070883666,0.018295616969598905,0.2402273096515654,0.6456968741840672,0.0,0.0,0,0.06282218456274405,0.9505703422053231,0.002197265625,0.13951787788048556,0.0,2.8940005772506663E-4,0.1404310907903331,14,15
1775942062327,0.29322989557741796,0.016873252465452238,0.1944471921472715,0.6424454049094662,0.0,0.09090909090909094,1,0.06390915620376221,0.0,0.002197265625,0.13764741245657383,0.0,2.315200461800533E-4,0.1405052974735126,15,15
1775942062584,0.2994639739605907,0.015618729462054075,0.18711779697177244,0.6394803295546525,0.0,0.0,0,0.06473949144703375,0.0,0.002197265625,0.13579883161204268,0.0,1.8521603694404264E-4,0.14025382362512206,15,15
1775942062839,0.30358435469151074,0.013337143848656977,0.1800517364707905,0.6367877540932976,0.0,0.09090909090909094,1,0.061049068167156065,0.0,0.002197265625,0.13397590262802353,0.0,1.4817282955523412E-4,0.1403280818580478,15,15
1775942063094,0.30047097339376644,0.024197517139922936,0.1732217614510704,0.6343549128531651,0.0,0.0,1,0.06407731316251628,0.0,0.002197265625,0.13218259052658854,0.0,1.185382636441873E-4,0.1400778210116731,15,15
1775942063354,0.3027356123596349,0.01531053005131773,0.19600458470984594,0.631370467457423,0.0,0.19999999999999996,0,0.068128243100199,0.9615384615384615,0.002197265625,0.13009946341620182,0.0,9.483061091534984E-5,0.1401748138556167,14,15
1775942063610,0.30045579238284004,0.01724508603119575,0.1588705037523712,0.6294572173784332,0.0,0.36363636363636365,1,0.06401207311190556,0.0,0.002197265625,0.12837031183814152,0.0,7.586448873227988E-5,0.14057198254968495,15,15
1775942063868,0.3007123516576382,0.022582178987959303,0.16639242553293415,0.6274057265394665,0.0,0.09999999999999998,0,0.06988220903910043,0.9689922480620154,0.002197265625,0.12652191814542485,0.0,6.069159098582391E-5,0.14034521697047908,14,15
1775942064123,0.29845854062140564,0.04113944406252808,0.1335362332110709,0.626275043664206,0.0,0.09090909090909094,1,0.10020579413990757,0.0,0.002197265625,0.12501294006241873,0.0,4.855327278865913E-5,0.14025764895330117,15,15
1775942064385,0.30012529693112616,0.02427185375342911,0.15427135520255802,0.62466049273434,0.0,0.0,0,0.07518027185294507,0.9541984732824427,0.002197265625,0.12324098756652588,0.0,3.8842618230927306E-5,0.14003215434083605,14,15
1775942064641,0.2973286330560985,0.020672138926417238,0.13575108628526392,0.6235732752737126,0.0,0.18181818181818177,0,0.06592601357317304,0.0,0.002197265625,0.12165814684307316,0.0,3.107409458474185E-5,0.14010592200288874,15,15
1775942065030,0.2973286330560985,0.03174603174603175,0.01222424109276569,0.6256245800657462,0.0,0.0,1,0.06534385999248798,0.0,0.002197265625,0.12151576677043852,0.0,2.485927566779348E-5,0.14008344030808728,15,15
1775942065444,0.29612459685771825,0.0,0.012408266749520808,0.6276710950430343,0.0,0.0,1,0.0664642361976863,0.0,0.002197265625,0.12137369448135314,0.0,1.9887420534234786E-5,0.14022140221402213,15,15
1775942065845,0.29522433397317155,0.015873015873015876,0.04996608718782569,0.6288096231428453,0.0,1.0,1,0.0654759755926114,0.6234413965087281,0.002197265625,0.12080849212068441,0.0,1.590993642738783E-5,0.1401989092075714,13,15
1775942066268,0.29522433397317155,0.015873015873015876,0.012584351376921188,0.6308532497078256,0.0,0.0,1,0.06444541663459617,0.0,0.002197265625,0.1206679653806958,0.0,1.2727949141910265E-5,0.14017642341619885,15,15
1775942066677,0.2930379029449798,0.025097441747368093,0.012773704806456943,0.6328919001046077,0.0,0.0,1,0.06357467377650616,0.0,0.002197265625,0.12052774900609305,0.0,1.0182359313528213E-5,0.14015394483643362,15,15
1775942067078,0.29380430672709984,0.015873015873015876,0.012965857545706342,0.6349255096699955,0.0,0.0,1,0.06301891982487572,0.0,0.002197265625,0.1203878433921007,0.0,8.14588745082257E-6,0.1401314734648068,15,15
1775942067480,0.29380430672709984,0.015873015873015876,0.01316084946808351,0.6369540144924847,0.0,0.0,1,0.0638750521177046,0.0,0.002197265625,0.12024824892407474,0.0,6.516709960658056E-6,0.14010900929785186,15,15
1775942067892,0.29500834292548006,0.025097441747368093,0.026643565446956893,0.6386813177403664,0.0,0.0,1,0.06367059235711033,0.3033980582524272,0.002197265625,0.11996999491834995,0.0,5.213367968526445E-6,0.14008655233210454,15,15
1775942068305,0.29724997287205734,0.04046840883803798,0.013450735460203811,0.64070255927685,0.0,0.0,1,0.06563958210494555,0.0,0.002197265625,0.11983246215612788,0.0,4.170694374821156E-6,0.1400641025641025,15,15
1775942068710,0.2960459366736772,0.025097441747368093,0.013691051511294837,0.6427176846431862,0.0,0.0,1,0.06611361464676127,0.0,0.002197265625,0.11969411169694649,0.0,3.336555499856925E-6,0.1400416599903862,15,15
1775942069110,0.2964544575034047,0.025097441747368093,0.013858005193681322,0.6447282813550026,0.0,0.0,1,0.06754963077623488,0.0,0.002197265625,0.11955719661736308,0.0,2.6692443998855403E-6,0.1400192246074976,15,15
1775942069530,0.29484190047529696,0.033671751485073696,0.042082236302977964,0.6461483590863991,0.0,0.0,1,0.06662705997841141,0.5952380952380952,0.002197265625,0.1191449522847086,0.0,2.1353955199084325E-6,0.13999679641198137,13,15
1775942069966,0.2960459366736772,0.03549314249999667,0.014127082827949994,0.6481527187477868,0.0,0.0,1,0.06669743701806259,0.0,0.002197265625,0.11900927592164186,0.0,1.7083164159267461E-6,0.13997437540038438,15,15
1775942070360,0.29681234045579713,0.0,0.014339200242566795,0.6501515489233654,0.0,0.0,1,0.06880901995889069,0.0,0.002197265625,0.11887391046331612,0.0,1.366653132741397E-6,0.14011208967173738,15,15
1775942070775,0.29577527925296554,0.033671751485073696,0.04354342440273251,0.651568101505393,0.0,0.0,0,0.06766951893131648,0.6024096385542169,0.002197265625,0.11846635832336358,0.0,1.0933225061931177E-6,0.14008965738072365,13,15
1775942071198,0.2940422964579879,0.011223917161691232,0.014658530426232726,0.6535595333355605,0.0,0.0,1,0.06671144720551797,0.0,0.002197265625,0.11833113844575943,0.0,8.746580049544942E-7,0.14006723227149032,15,15
1775942071598,0.29573754216582177,0.011223917161691232,0.014878466981163697,0.6555452688644383,0.0,0.0,1,0.06631884076039928,0.0,0.002197265625,0.11819623440056028,0.0,6.997264039635954E-7,0.14004481434058902,15,15
1775942071999,0.29737812150063553,0.025097441747368093,0.01505890241319861,0.6575260608353045,0.0,0.0,1,0.06807798709571386,0.0,0.002197265625,0.11806273715360653,0.0,5.597811231708763E-7,0.14002240358457352,15,15
1775942072402,0.2941540967242467,0.033671751485073696,0.015328314132535943,0.6595002286097474,0.0,0.0,1,0.0735713722126486,0.0,0.002197265625,0.11792846133347602,0.0,4.478248985367011E-7,0.14,15,15
1775942072812,0.2941540967242467,0.015873015873015876,0.0310287800250401,0.6611849975900966,0.0,0.0,1,0.07529520432142277,0.3048780487804878,0.002197265625,0.11766085947535448,0.0,3.5825991882936093E-7,0.1399776035834267,15,15
1775942073220,0.2942745224911165,0.025097441747368093,0.015707440792291725,0.6631497294209117,0.0,0.0,1,0.07499544130950488,0.0,0.002197265625,0.11752753384623249,0.0,2.8660793506348874E-7,0.139955214331414,15,15
1775942073633,0.2942745224911165,0.011223917161691232,0.015942775725375443,0.6651084912192134,0.0,0.0,1,0.07340321968323588,0.0,0.002197265625,0.11739452534185674,0.0,2.29286348050791E-7,0.13993283224052455,15,15
1775942074045,0.2945590561496966,0.011223917161691232,0.016181559234028666,0.6670612304455252,0.0,0.0,1,0.0752340764471631,0.0,0.002197265625,0.11726183414505967,0.0,1.8342907844063283E-7,0.13991045730732332,15,15
1775942074459,0.2945590561496966,0.022447834323382463,0.016423839521494753,0.6690078954001266,0.0,1.0,1,0.07302562171106455,0.0,0.002197265625,0.11712946043013651,0.0,1.4674326275250627E-7,0.13988808952837728,15,15
1775942074855,0.2948820691187837,0.015873015873015876,0.033197816927398385,0.6706694641311847,0.0,0.0,1,0.0729778667392207,0.31565656565656564,0.002197265625,0.11686672463372244,0.0,1.1739461020200502E-7,0.13986572890025573,14,15
1775942075279,0.2948820691187837,0.033671751485073696,0.01682919496232066,0.6726061882678969,0.0,0.0,1,0.07576453575389068,0.0,0.002197265625,0.116735300286512,0.0,9.391568816160402E-8,0.13984337541953018,15,15
1775942075680,0.29430477128040006,0.011223917161691232,0.017080947493138033,0.6745366874563806,0.0,0.0,1,0.07463109872965915,0.0,0.002197265625,0.116604194046803,0.0,7.513255052928323E-8,0.13982102908277405,15,15
1775942076074,0.2954210252126382,0.015873015873015876,0.017336377463244214,0.6764609131536303,0.0,1.0,1,0.07284298754097455,0.0,0.002197265625,0.11647340604704538,0.0,6.010604042342658E-8,0.1397986898865633,15,15
1775942076469,0.2941540967242467,0.011223917161691232,0.0175955359221038,0.6783788176700616,0.0,0.0,1,0.07160228679972949,0.0,0.002197265625,0.1163429364114955,0.0,4.8084832338741263E-8,0.139776357827476,15,15
1775942076867,0.2926753987985656,0.03549314249999667,0.05327022491008042,0.6797398879649226,0.0,0.0,1,0.070471359963718,0.6281407035175879,0.002197265625,0.11595343881094147,0.0,3.846786587099301E-8,0.13975403290209232,13,15
1775942077297,0.2929984117676527,0.03174603174603175,0.01793180230052819,0.6816497672922046,0.0,0.0,1,0.06932399514758844,0.0,0.002197265625,0.1158242437128989,0.0,3.077429269679441E-8,0.13973171510699456,15,15
1775942077702,0.2926753987985656,0.03174603174603175,0.018199641689147644,0.6835531844706839,0.0,0.0,1,0.06901446364552724,0.0,0.002197265625,0.11569536747942771,0.0,2.461943415743553E-8,0.13970940443876734,15,15
1775942078113,0.2927958245654354,0.0,0.05509713081984779,0.6849081140858766,0.0,0.0,1,0.06839258766535157,0.6082725060827251,0.001953125,0.11531065269037354,0.0,1.9695547325948424E-8,0.13984674329501912,13,15
1775942078542,0.2923908651399855,0.04046840883803798,0.01854654654065784,0.6868032130764692,0.0,0.0,1,0.06827441871960606,0.0,0.001953125,0.11518305260035855,0.0,1.5756437860758738E-8,0.13982442138866724,15,15
1775942078948,0.2923908651399855,0.025097441747368093,0.018823333202843993,0.6886917144262381,0.0,0.0,1,0.07396076856358537,0.0,0.001953125,0.11505577167893632,0.0,1.2605150288606991E-8,0.1398021066070858,15,15
1775942079346,0.29014976773877366,0.022447834323382463,0.01910414326514043,0.690573575583492,0.0,0.0,1,0.07250379413075493,0.0,0.001953125,0.11492880996396905,0.0,1.0084120230885594E-8,0.13977979894686454,15,15
1775942079747,0.2904727807078608,0.033671751485073696,0.019333619687567208,0.6924495218412148,0.0,0.0,1,0.07180507642966882,0.0,0.001953125,0.11480316722951904,0.0,8.067296184708475E-9,0.13975749840459473,15,15
1775942080154,0.2954181385239364,0.025097441747368093,0.03918675810744473,0.6940523289872749,0.0,0.0,1,0.07032340072978825,0.30712530712530717,0.001953125,0.11455182903888576,0.0,6.453836947766781E-9,0.1397352049768703,15,15
1775942080574,0.2986421633003252,0.03549314249999667,0.019864293833036922,0.6959163867919778,0.0,0.0,1,0.06924534665527518,0.0,0.001953125,0.11442613670100811,0.0,5.163069558213425E-9,0.13971291866028712,15,15
1775942080985,0.2987928378564786,0.022447834323382463,0.020160207160610094,0.6977736400852328,0.0,0.0,1,0.06783323057238923,0.0,0.001953125,0.114300763672021,0.0,4.13045564657074E-9,0.1396906394514431,15,15
1775942081392,0.2999485228130726,0.03549314249999667,0.02041218659093395,0.6996246748381807,0.0,0.0,1,0.06758385836695936,0.0,0.001953125,0.11417653943201825,0.0,3.304364517256592E-9,0.13966836734693877,15,15
1775942081802,0.30012086122600634,0.011223917161691232,0.020765213877905576,0.7014681990909513,0.0,0.0,1,0.06736761517188421,0.0,0.001953125,0.11405180176991174,0.0,2.643491613805274E-9,0.13964610234337638,15,15
1775942082208,0.30012086122600634,0.025097441747368093,0.04202532998081667,0.7030423613951882,0.0,0.0,1,0.06636669322290117,0.30788177339901474,0.001953125,0.11380328425360595,0.0,2.114793291044219E-9,0.13962384443736053,15,15
1775942082632,0.2983878784310287,0.022447834323382463,0.02127176437848854,0.7048744047160552,0.0,0.0,1,0.06731998358473701,0.0,0.001953125,0.1136795043366691,0.0,1.6918346328353753E-9,0.13960159362549796,15,15
1775942083037,0.29838787843102865,0.022447834323382463,0.021525705650142345,0.7067002113290572,0.0,0.0,1,0.06596430283972482,0.0,0.001953125,0.11355701403110814,0.0,1.3534677062683002E-9,0.1395793499043977,15,15
1775942083436,0.29838787843102865,0.015873015873015876,0.02184564090007235,0.7085189872780321,0.0,0.0,1,0.06791747058556673,0.0,0.001953125,0.11343483922854802,0.0,1.0827741650146403E-9,0.13955711327067066,15,15
1775942083847,0.2995975354602037,0.011223917161691232,0.02217017822214253,0.7103306992143167,0.0,0.0,1,0.06682923706085536,0.0,0.001953125,0.11331298018154738,0.0,8.662193320117123E-10,0.13953488372093026,15,15
1775942084247,0.29985182032950014,0.025097441747368093,0.044997977983022706,0.7118761236984453,0.0,0.0,1,0.0669501542956206,0.3125,0.001953125,0.11306826954361632,0.0,6.929754656093699E-10,0.13951266125179174,15,15
1775942084667,0.3001363539880802,0.025097441747368093,0.022775730296046473,0.7136752523447822,0.0,0.0,1,0.06615312194042444,0.0,0.001953125,0.11294639261107023,0.0,5.543803724874959E-10,0.13949044585987258,15,15
1775942085066,0.3001363539880802,0.011223917161691232,0.02311364861667133,0.7154672222171605,0.0,0.0,1,0.06619438349989529,0.0,0.001953125,0.1128248344949189,0.0,4.435042979899967E-10,0.13946823754179272,15,15
1775942085464,0.3001363539880802,0.03549314249999667,0.023456419674537102,0.7172520031526823,0.0,0.0,1,0.06540029606633363,0.0,0.001953125,0.11270359510599881,0.0,3.5480343839199736E-10,0.13944603629417385,15,15
1775942085863,0.2990773715150586,0.0,0.023804108354606612,0.7190295658464785,0.0,1.0,1,0.0644186870062691,0.0,0.001953125,0.11258267434861054,0.0,2.8384275071359793E-10,0.139583001750756,15,15
1775942086268,0.2987928378564786,0.015873015873015876,0.0720395045168909,0.7202924462919836,0.0,0.0,0,0.06434943432686935,0.6172839506172839,0.001953125,0.11222182281171784,0.0,2.2707420057087836E-10,0.13956078930617444,13,15
1775942086692,0.2998518203295002,0.03174603174603175,0.02424684597014753,0.7220602831869289,0.0,0.0,1,0.0656140611218296,0.0,0.001953125,0.11210217549459972,0.0,1.816593604567027E-10,0.13953858392999208,15,15
1775942087091,0.29985182032950014,0.011223917161691232,0.024533763493544435,0.7238215470595313,0.0,0.0,1,0.06528244512967832,0.0,0.001953125,0.11198378050614088,0.0,1.4532748836536216E-10,0.1395163856188355,15,15
1775942087504,0.30085066543728206,0.015873015873015876,0.024970403779462684,0.7255747274776652,0.0,0.0,1,0.06797502762048899,0.0,0.001953125,0.11186476551732726,0.0,1.1626199069228973E-10,0.13949419436933352,15,15
1775942087899,0.3032649031267013,0.033671751485073696,0.025265130962731343,0.7273212836303669,0.0,0.0,1,0.07049689259979251,0.0,0.001953125,0.11174699962647343,0.0,9.30095925538318E-11,0.13947201017811706,15,15
1775942088308,0.30561231497881997,0.03549314249999667,0.051274779628756414,0.728810712088972,0.0,0.0,1,0.07239356774916995,0.3056234718826406,0.001953125,0.11151055075859465,0.0,7.440767404306545E-11,0.13944983304181902,15,15
1775942088738,0.30653181751862013,0.03174603174603175,0.025874289189684593,0.7305448527846504,0.0,0.0,1,0.07155336739789506,0.0,0.001953125,0.11139372656951056,0.0,5.952613923445236E-11,0.13942766295707476,15,15
1775942089134,0.3041844056665015,0.03549314249999667,0.026334850170561946,0.7322708103442612,0.0,0.0,1,0.07083570625295771,0.0,0.001953125,0.11127629180590162,0.0,4.7620911387561894E-11,0.13940549992052143,15,15
1775942089536,0.3032488659027634,0.0,0.02672364385447285,0.7339893051448778,0.0,1.0,1,0.06905185884238549,0.0,0.001953125,0.11115917407095875,0.0,3.809672911004952E-11,0.13954227590591228,15,15
1775942089946,0.3036538253282133,0.03549314249999667,0.0808607445876626,0.7352106464927971,0.0,0.0,1,0.06781911592961466,0.6097560975609756,0.001953125,0.11080972124946438,0.0,3.0477383288039614E-11,0.13952010170030194,13,15
1775942090388,0.30426955455418,0.022447834323382463,0.027133321841391483,0.7369196501194972,0.0,0.0,1,0.06683048975792906,0.0,0.001953125,0.11069477633894623,0.0,2.4381906630431693E-11,0.1394979345408326,15,15
1775942090793,0.30455408821276,0.025097441747368093,0.027615998480122136,0.7386203839664678,0.0,0.0,1,0.06575909701633548,0.0,0.001953125,0.11057923742796875,0.0,1.9505525304345355E-11,0.13947577442414616,15,15
1775942091193,0.3055084607358655,0.025097441747368093,0.02795662159460825,0.7403141353214501,0.0,0.0,1,0.06911840591758811,0.0,0.001953125,0.11046475196983764,0.0,1.5604420243476285E-11,0.13945362134688688,15,15
1775942091589,0.3056423198382922,0.025097441747368093,0.028436095867221733,0.7419997310668345,0.0,0.0,1,0.0682506975279121,0.0,0.001953125,0.1103498417271711,0.0,1.248353619478103E-11,0.1394314753057011,15,15
1775942091993,0.3055084607358656,0.022447834323382463,0.0859482035815075,0.7431994520778118,0.0,0.0,0,0.06726328201456509,0.6188118811881188,0.001953125,0.11000789219002878,0.0,9.986828955824824E-12,0.13940933629723717,13,15
1775942092422,0.30659467505575694,0.015873015873015876,0.028954623163236864,0.7448745826255754,0.0,0.0,1,0.06663386689901357,0.0,0.001953125,0.10989423902386261,0.0,7.98946316465986E-12,0.13938720431814577,15,15
1775942092821,0.3056591352920189,0.025097441747368093,0.029380531634722516,0.7465420727066117,0.0,0.0,1,0.06586543348636631,0.0,0.001953125,0.10978090043609276,0.0,6.391570531727888E-12,0.13936507936507936,15,15
1775942093214,0.3018846977812015,0.011223917161691232,0.029812447328875016,0.7482019067433853,0.0,0.0,1,0.06541458916606144,0.0,0.001953125,0.10966787618428575,0.0,5.113256425382311E-12,0.13934296143469294,15,15
1775942093626,0.30268637844251295,0.0,0.030250447349601566,0.74985406995744,0.0,0.0,1,0.06492656522699831,0.0,0.001953125,0.10955516602079536,0.0,4.090605140305849E-12,0.13947953030783877,15,15
1775942094025,0.30268637844251295,0.011223917161691232,0.09151266037878292,0.7510301839005766,0.0,0.0,1,0.06368982362015647,0.6265664160401002,0.001953125,0.10921891750658695,0.0,3.2724841122446792E-12,0.13945740123750594,13,15
1775942094461,0.30566286321310115,0.025097441747368093,0.03079702684628606,0.7526716769626951,0.0,0.0,1,0.06421539405178994,0.0,0.001953125,0.10910746111733696,0.0,2.6179872897957435E-12,0.13943527918781728,15,15
1775942094866,0.30661149050948366,0.022447834323382463,0.031248867776972482,0.7543054438907123,0.0,0.0,1,0.0671379036991689,0.0,0.001953125,0.10899631750166872,0.0,2.094389831836595E-12,0.13941316415543215,15,15
1775942095268,0.3063269568509036,0.011223917161691232,0.03170704718991102,0.7559314727414785,0.0,0.0,1,0.06701929203810555,0.0,0.001953125,0.1088854863816688,0.0,1.6755118654692761E-12,0.13939105613701241,15,15
1775942095670,0.3067006076973258,0.011223917161691232,0.032171645422308895,0.7575497523480872,0.0,0.0,1,0.06661463511273455,0.0,0.001953125,0.10877496747454554,0.0,1.340409492375421E-12,0.13936895512922154,15,15
1775942096069,0.3071690862054388,0.015873015873015876,0.06507999807904968,0.7589308069976483,0.0,0.0,1,0.06551100894223619,0.3132832080200501,0.001953125,0.1085548651436521,0.0,1.0723275939003368E-12,0.1393468611287254,14,15
1775942096484,0.3065917883670552,0.011223917161691232,0.032933551322644035,0.7605359021161208,0.0,0.0,1,0.0645759955473905,0.0,0.001953125,0.1084452811303286,0.0,8.578620751202695E-13,0.13932477413219213,15,15
1775942096881,0.3058131780951831,0.025097441747368093,0.033314927735714275,0.7621338966517421,0.0,0.0,1,0.06937632409500931,0.0,0.001953125,0.10833684961873409,0.0,6.862896600962157E-13,0.1393026941362916,15,15
1775942097287,0.30529877254681076,0.0,0.03380198305532047,0.7637240908653008,0.0,0.0,1,0.0682702413602244,0.0,0.001953125,0.10822872580597802,0.0,5.490317280769726E-13,0.13943907463159566,15,15
1775942097683,0.3058760703851944,0.011223917161691232,0.10254533813325165,0.7648550557015023,0.0,0.0,1,0.06735357972335246,0.6313131313131313,0.001953125,0.10790368030061503,0.0,4.3922538246157806E-13,0.13941698352344745,13,15
1775942098112,0.3052603411592277,0.025097441747368093,0.03450732415789798,0.7664336028789009,0.0,0.0,1,0.07085197024016833,0.0,0.001953125,0.10779595118804293,0.0,3.513803059692625E-13,0.1393948994139078,15,15
1775942098515,0.30391897409719704,0.022447834323382463,0.03501096484190384,0.7680043170050814,0.0,0.0,1,0.07154770801636522,0.0,0.001953125,0.10768853122530232,0.0,2.8110424477541003E-13,0.13937282229965153,15,15
1775942098915,0.30417325896649355,0.022447834323382463,0.035521593226601963,0.769567192498596,0.0,0.0,1,0.07517424520802687,0.0,0.001953125,0.10758142007894066,0.0,2.2488339582032805E-13,0.13935075217735549,15,15
1775942099321,0.2999347870271767,0.03549314249999667,0.10731657273605874,0.7706814382657415,0.0,0.0,1,0.07361368200498748,0.6157635467980295,0.001953125,0.10726275175405661,0.0,1.7990671665626245E-13,0.13932868904369855,13,15
1775942099753,0.3002385603410102,0.025097441747368093,0.03606263544665394,0.7722337529983511,0.0,0.0,1,0.07717763938466486,0.0,0.001953125,0.1071575262858295,0.0,1.4392537332500998E-13,0.13930663289536172,15,15
1775942100160,0.2996496560660274,0.03174603174603175,0.03667551853314931,0.7737776697701502,0.0,0.0,1,0.07531939120098555,0.0,0.001953125,0.10705194818047165,0.0,1.15140298660008E-13,0.1392845837290282,15,15
1775942100559,0.2987700367969474,0.033671751485073696,0.0370957324699254,0.7753143801519132,0.0,0.0,1,0.07335807631894004,0.0,0.001953125,0.10694748621918344,0.0,9.21122389280064E-14,0.13926254154138318,15,15
1775942100961,0.2984855031383674,0.03549314249999667,0.03775083615031304,0.7768425424071712,0.0,0.0,1,0.07512162308321362,0.0,0.001953125,0.10684251800609916,0.0,7.368979114240513E-14,0.1392405063291139,15,15
1775942101364,0.2989539816464803,0.0,0.0763489051843361,0.7781467478877866,0.0,0.0,1,0.07308544952447066,0.31017369727047145,0.001953125,0.1066334992947137,0.0,5.89518329139241E-14,0.13937668090492006,15,15
1775942101777,0.2989539816464803,0.011223917161691232,0.03863174424099169,0.7796614467553431,0.0,0.0,1,0.07662423183641698,0.0,0.001953125,0.10652944805066521,0.0,4.716146633113928E-14,0.13935463460930086,15,15
1775942102191,0.2989539816464803,0.0,0.11680825142890838,0.780741736275339,0.0,0.0,1,0.08824808679528279,0.6038647342995169,0.001953125,0.10621912220883924,0.0,3.772917306491143E-14,0.1394907480626285,13,15
1775942102617,0.2989539816464804,0.011223917161691232,0.039303135436015345,0.7822452046190792,0.0,0.0,1,0.08687882114059103,0.0,0.001953125,0.10611628827038909,0.0,3.0183338451929144E-14,0.13946869070208734,15,15
1775942103021,0.3000349133490488,0.025097441747368093,0.03975073368733767,0.7837414155922544,0.0,0.0,1,0.08560158361965028,0.0,0.001953125,0.10601454175586839,0.0,2.4146670761543318E-14,0.13944664031620557,15,15
1775942103431,0.2996612625026266,0.022447834323382463,0.04045116106015692,0.7852290666181285,0.0,0.0,1,0.08313560887154714,0.0,0.001953125,0.10591231097086638,0.0,1.9317336609234655E-14,0.13942459690167563,15,15
1775942103831,0.2996612625026266,0.015873015873015876,0.04093849001442085,0.7867093186253351,0.0,0.0,1,0.08030896063148542,0.0,0.001953125,0.10581100896642297,0.0,1.5453869287387724E-14,0.13940256045519206,15,15
1775942104230,0.30068195115404306,0.033671751485073696,0.08298431164781829,0.7879724982164995,0.0,0.0,1,0.07934506212114906,0.3132832080200501,0.001953125,0.10560805353401802,0.0,1.236309542991018E-14,0.13938053097345138,14,15
1775942104648,0.30167031098511826,0.011223917161691232,0.04198637086724409,0.7894386985601909,0.0,0.0,1,0.07685029841966293,0.0,0.001953125,0.10550702804465781,0.0,9.890476343928144E-15,0.13935850845315212,15,15
1775942105048,0.30167031098511826,0.015873015873015876,0.04259270550801848,0.7908969964933705,0.0,0.0,1,0.07652198132878581,0.0,0.001953125,0.10540630348710565,0.0,7.912381075142516E-15,0.13933649289099526,15,15
1775942105446,0.30167031098511826,0.04046840883803798,0.04320726483215309,0.7923473966272088,0.0,0.0,1,0.07454116775756393,0.0,0.001953125,0.10530587944248578,0.0,6.329904860114014E-15,0.13931448428368343,15,15
1775942105850,0.3028259959417123,0.022447834323382463,0.04383014497525072,0.7937899041988711,0.0,0.0,1,0.07374745367035743,0.0,0.001953125,0.10520575548852153,0.0,5.063923888091211E-15,0.1392924826279217,15,15
1775942106249,0.30157890716172725,0.011223917161691232,0.08862216692006691,0.7950199245714703,0.0,1.0,1,0.07240804460741697,0.3132832080200501,0.001953125,0.10500640614668787,0.0,4.0511391104729694E-15,0.13927048792041685,14,15
1775942106660,0.30247917004627384,0.03174603174603175,0.044728589499254706,0.796449393066736,0.0,0.0,1,0.07109323716010556,0.0,0.001953125,0.10490778630348824,0.0,3.2409112883783755E-15,0.13924850015787815,15,15
1775942107069,0.30157890716172725,0.025097441747368093,0.04548182558144374,0.7978704814665316,0.0,0.0,1,0.07005589750155207,0.0,0.001953125,0.10480885596020383,0.0,2.5927290307027007E-15,0.13922651933701657,15,15
1775942107471,0.3030680743212567,0.015873015873015876,0.046135366987638725,0.7992836933166892,0.0,0.0,1,0.06866480431094835,0.0,0.001953125,0.10471022355545308,0.0,2.074183224562161E-15,0.13920454545454541,15,15
1775942107871,0.3033910872903438,0.011223917161691232,0.046653610760038405,0.8006896597379236,0.0,0.0,1,0.06779791254400076,0.0,0.001953125,0.10461263285775732,0.0,1.6593465796497287E-15,0.13918257850718008,15,15
1775942108269,0.3021439985103587,0.03549314249999667,0.09461273968481938,0.8018865850511111,0.0,0.0,1,0.06651358344124753,0.31407035175879394,0.001953125,0.10441684773860807,0.0,1.327477263719783E-15,0.13916061849163774,14,15
1775942108683,0.3004110157153811,0.011223917161691232,0.047864206072263125,0.8032784320960081,0.0,0.0,1,0.08842083129695016,0.0,0.001953125,0.10431939964939335,0.0,1.0619818109758265E-15,0.13913866540463793,15,15
1775942109082,0.3038624402571113,0.03549314249999667,0.04854905550820631,0.8046624296724402,0.0,0.0,1,0.09141422386767112,0.0,0.001953125,0.10422225209284146,0.0,8.495854487806612E-16,0.13911671924290225,15,15
1775942109480,0.3061040702036886,0.0,0.04924360656081374,0.8060385857383225,0.0,0.0,1,0.08901349531318194,0.0,0.001953125,0.10412539976857613,0.0,6.796683590245291E-16,0.13925248383535715,15,15
1775942109892,0.30478179206088396,0.025097441747368093,0.14880093674115008,0.8070136529389186,0.0,0.0,1,0.08541322238744092,0.6067961165048544,0.001953125,0.1038365951539336,0.0,5.437346872196233E-16,0.13923052664774516,13,15
1775942110336,0.30556040233275605,0.022447834323382463,0.05005711873025922,0.8083785516782725,0.0,0.0,1,0.08261541315913894,0.0,0.001953125,0.10374091436167543,0.0,4.3498774977569865E-16,0.13920857638341477,15,15
1775942110736,0.30644845872755067,0.011223917161691232,0.0507716911301362,0.8097356198541401,0.0,0.0,1,0.08354717229128494,0.0,0.001953125,0.1036455264922423,0.0,3.479901998205589E-16,0.13918663303909207,15,15
1775942111136,0.3070257565659342,0.0,0.051495717691789206,0.8110848698369107,0.0,0.0,1,0.08291859871349871,0.0,0.001953125,0.10355043107138712,0.0,2.7839215985644716E-16,0.13932230102442866,15,15
1775942111534,0.308348034708739,0.022447834323382463,0.15558316620075271,0.812041796181351,0.0,0.0,1,0.08309654546437545,0.6281407035175879,0.001953125,0.10326689471723544,0.0,2.2271372788515773E-16,0.13930034667507096,13,15
1775942111958,0.308348034708739,0.011223917161691232,0.05233629456801643,0.8133797845446502,0.0,0.0,1,0.07978490645030079,0.0,0.001953125,0.10317296429436039,0.0,1.781709823081262E-16,0.1392783992437372,15,15
1775942112360,0.3094182118046926,0.015873015873015876,0.052916717116546455,0.8147105613372615,0.0,0.0,1,0.07815540647326176,0.0,0.001953125,0.10308002449584909,0.0,1.4253678584650096E-16,0.1392564587271582,15,15
1775942112753,0.3087541181668901,0.03174603174603175,0.05383639787364038,0.8160329536537254,0.0,0.0,1,0.08511414287408264,0.0,0.001953125,0.10298667080358226,0.0,1.1402942867720077E-16,0.13923452512206647,15,15
1775942113158,0.31103076883280034,0.011223917161691232,0.054600734034434814,0.8173475732601442,0.0,0.0,1,0.08159970262616538,0.0,0.001953125,0.10289360617639746,0.0,9.122354294176061E-17,0.13921259842519684,15,15
1775942113565,0.3094182118046926,0.03549314249999667,0.11018072874839334,0.8184671975205653,0.0,0.0,1,0.08128948307726089,0.30712530712530717,0.001953125,0.10270903420174726,0.0,7.29788343534085E-17,0.13919067863328605,15,15
1775942113987,0.3095520709071192,0.011223917161691232,0.055818630855889124,0.8197684527410248,0.0,0.0,1,0.08091345013270883,0.0,0.001953125,0.10261683096618916,0.0,5.838306748272681E-17,0.13916876574307302,15,15
1775942114388,0.3094013963509658,0.025097441747368093,0.056608833423661624,0.8210619703043004,0.0,0.0,1,0.07877946725844637,0.0,0.001953125,0.10252491481135997,0.0,4.670645398618145E-17,0.1391468597512986,15,15
1775942114787,0.30902774550454365,0.011223917161691232,0.05740930242946735,0.8223477668535623,0.0,0.0,1,0.07716760885314325,0.0,0.001953125,0.1024332852326319,0.0,3.736516318894516E-17,0.1391249606547057,15,15
1775942115188,0.30857087343302986,0.03174603174603175,0.05822014509524463,0.8236258594919492,0.0,0.0,1,0.07500916987066109,0.0,0.001953125,0.10234194172307236,0.0,2.989213055115613E-17,0.1391030684500394,15,15
1775942115588,0.31018343046113767,0.022447834323382463,0.17582812417275717,0.8245294032759666,0.0,0.0,1,0.0736202788062501,0.625,0.001953125,0.10206962250620373,0.0,2.3913704440924907E-17,0.1390811831340466,13,15
1775942116019,0.3106519089692506,0.022447834323382463,0.05913839855587267,0.8257963686987432,0.0,0.0,1,0.07233767278022518,0.0,0.001953125,0.10197941815905477,0.0,1.9130963552739927E-17,0.1390593047034765,15,15
1775942116416,0.30992914559184115,0.03549314249999667,0.05997155953725081,0.8270556590989638,0.0,0.0,1,0.07098071276131984,0.0,0.001953125,0.10188949731299438,0.0,1.5304770842191943E-17,0.13903743315508021,15,15
1775942116817,0.31099932268779473,0.015873015873015876,0.060815430695080476,0.828307293245229,0.0,0.0,1,0.07003592609470756,0.0,0.001953125,0.10179985944795085,0.0,1.2243816673753555E-17,0.13901556848561092,15,15
1775942117219,0.3117220860652042,0.025097441747368093,0.06167012063587361,0.8295512903308727,0.0,0.0,1,0.07138376931362342,0.0,0.001953125,0.10171050404177583,0.0,9.795053339002845E-18,0.13899371069182387,15,15
1775942117619,0.3119763709345007,0.011223917161691232,0.12460373328090078,0.8306085847362403,0.0,0.0,1,0.06977034608534408,0.3125,0.001953125,0.10153263850724294,0.0,7.836042671202277E-18,0.13897185977047632,15,15
1775942118035,0.3122993839035878,0.025097441747368093,0.06301740702837277,0.8318394519107166,0.0,0.0,1,0.06962228695561548,0.0,0.001953125,0.10144412732448814,0.0,6.268834136961821E-18,0.13895001571832755,15,15
1775942118440,0.31171047962860504,0.025097441747368093,0.06390018946640619,0.8330627292633542,0.0,0.0,1,0.06845879370380295,0.0,0.001953125,0.10135589649187039,0.0,5.0150673095694575E-18,0.1389281785321389,15,15
1775942118837,0.31157662052617835,0.033671751485073696,0.06459176749022687,0.8342789921540387,0.0,1.0,1,0.06766617612719328,0.0,0.001953125,0.10126859644157597,0.0,4.012053847655566E-18,0.13890634820867376,15,15
1775942119239,0.3121009459287539,0.025097441747368093,0.06554220725801298,0.8354875731342799,0.0,0.0,1,0.06649972238817031,0.0,0.001953125,0.10118143891754153,0.0,3.209643078124453E-18,0.1388845247446976,15,15
1775942119641,0.31132233565688183,0.025097441747368093,0.13252049697242382,0.8365135130325655,0.0,0.0,1,0.06549864898161917,0.31094527363184077,0.001953125,0.10100756739008297,0.0,2.5677144624995625E-18,0.13886270813697765,15,15
1775942120058,0.3125694244368669,0.011223917161691232,0.06712203803815162,0.8377086854890439,0.0,0.0,1,0.0654873409194987,0.0,0.001953125,0.10092072287293424,0.0,2.05417156999965E-18,0.13884089838228364,15,15
1775942120462,0.3128237093061634,0.011223917161691232,0.06805665513236017,0.8388963628271059,0.0,0.0,1,0.06489159537598015,0.0,0.001953125,0.10083415551345305,0.0,1.6433372559997202E-18,0.1388190954773869,15,15
1775942120867,0.31175353221020985,0.011223917161691232,0.06900297817323987,0.8400765676523637,0.0,0.0,1,0.0643813296999055,0.0,0.001953125,0.10074786476861256,0.0,1.3146698047997762E-18,0.13879729941906105,15,15
1775942121275,0.31068335511425627,0.011223917161691232,0.06996111722974734,0.8412493229214116,0.0,1.0,1,0.06446440325817025,0.0,0.001953125,0.10066185009367609,0.0,1.051735843839821E-18,0.13877551020408163,15,15
1775942121678,0.31120768051683184,0.033671751485073696,0.14108621639054753,0.842243780621081,0.0,0.0,1,0.06565746972802966,0.31017369727047145,0.001953125,0.10049127956188876,0.0,8.413886750718569E-19,0.13875372782922624,15,15
1775942122095,0.31083402967040963,0.025097441747368093,0.07145496785027997,0.8434037358400256,0.0,0.0,1,0.0650855687525118,0.0,0.001953125,0.10040608720424479,0.0,6.731109400574856E-19,0.13873195229127433,15,15
1775942122494,0.31100636808334337,0.025097441747368093,0.07221386505185534,0.8445568396516665,0.0,0.0,1,0.06523792791309906,0.0,0.001953125,0.10032179908552082,0.0,5.384887520459885E-19,0.1387101835870077,15,15
1775942122888,0.3116489222602938,0.022447834323382463,0.21860029105887072,0.8453652663822308,0.0,0.0,0,0.0649789995569964,0.6345177664974619,0.001953125,0.10006867366580112,0.0,4.3079100163679087E-19,0.13868842171320994,13,15
1775942123320,0.3121947739536718,0.022447834323382463,0.07350332980116542,0.8465071324662254,0.0,0.0,1,0.06532580767320614,0.0,0.001953125,0.09998484261506509,0.0,3.4463280130943273E-19,0.13866666666666672,15,15
1775942123719,0.310582216925564,0.011223917161691232,0.07451715809433274,0.8476416536407974,0.0,0.0,1,0.06433482667344191,0.0,0.001953125,0.09990128267864444,0.0,2.757062410475462E-19,0.1386449184441656,15,15
1775942124126,0.31078352935905246,0.015873015873015876,0.0755434171745112,0.8487688550621664,0.0,0.0,1,0.06492237147165232,0.0,0.001953125,0.09981799329622093,0.0,2.2056499283803695E-19,0.1386231770424965,15,15
1775942124523,0.31078352935905246,0.022447834323382463,0.07658221648851837,0.8498887621838865,0.0,0.0,1,0.06373069354788607,0.0,0.001953125,0.09973497390607683,0.0,1.7645199427042957E-19,0.13860144245845096,15,15
1775942124925,0.31440729231371645,0.4889816444682338,0.07763366524528247,0.8510014007495273,0.0,0.0,1,0.0656413160624962,0.31094527363184077,0.001953125,0.0996522239451222,0.0,1.4116159541634366E-19,0.13857971468882269,15,15
1775942125337,0.31515445644058293,0.5111505456541149,0.07869787237585286,0.8521067967854101,0.0,0.0,1,0.065105571361315,0.0,0.001953125,0.09956974284892155,0.0,1.1292927633307492E-19,0.13855799373040756,15,15
1775942125736,0.3159208602227029,0.0,0.07977494649044348,0.8532049765934027,0.0,0.0,1,0.06543886455943182,0.0,0.001953125,0.09948753005172063,0.0,9.034342106645994E-20,0.1386929948283968,15,15
1775942126147,0.31700179192527134,0.025097441747368093,0.2404186928218593,0.8539721964307754,0.0,0.0,0,0.06540064153953389,0.6082725060827251,0.001953125,0.09924296762585848,0.0,7.227473685316796E-20,0.13867126292698218,13,15
1775942126576,0.3173319672513443,0.025097441747368093,0.08063613037068451,0.855060458021415,0.0,0.0,1,0.07013713162479715,0.0,0.001953125,0.09916241784198243,0.0,5.781978948253436E-20,0.13864953783487388,15,15
1775942126979,0.3175332796848328,0.03549314249999667,0.08199906094325982,0.8561410363224022,0.0,0.0,1,0.0727877563275632,0.0,0.001953125,0.09908153357553728,0.0,4.6255831586027497E-20,0.13862781954887216,15,15
1775942127388,0.31770561809776654,0.04046840883803798,0.08284964248962152,0.85721499200342,0.0,0.0,1,0.0725169468435852,0.0,0.001953125,0.0990015093396568,0.0,3.7004665268822E-20,0.13860610806577922,15,15
1775942127792,0.31758519233089666,0.033671751485073696,0.0842475490691846,0.8582813204264981,0.0,0.0,1,0.0938188900442544,0.0,0.001953125,0.09892115182103427,0.0,2.96037322150576E-20,0.13858440338239897,15,15
1775942128193,0.3173838798974082,0.011223917161691232,0.17006599425359206,0.8591825495372599,0.0,0.0,1,0.09481535727825051,0.31172069825436405,0.001953125,0.09876122747132669,0.0,2.368298577204608E-20,0.13856270549553784,15,15
1775942128607,0.3149123780610385,0.011223917161691232,0.0859700725653727,0.8602366750114543,0.0,1.0,1,0.09305108080348107,0.0,0.001953125,0.0986816594861069,0.0,1.8946388617636864E-20,0.13854101440200373,15,15
1775942129006,0.31436652636766055,0.03174603174603175,0.25920001767618567,0.8609723508022998,0.0,0.0,1,0.0893337960167313,0.6265664160401002,0.001953125,0.09844452534236862,0.0,1.5157110894109493E-20,0.13851933009860695,13,15
1775942129439,0.31419418795472676,0.011223917161691232,0.08713100919291568,0.8620162433353423,0.0,0.0,1,0.08703491835879824,0.0,0.001953125,0.09836600196298394,0.0,1.2125688715287596E-20,0.13849765258215962,15,15
1775942129855,0.31409388451844616,0.04046840883803798,0.0883084024504346,0.863053128039152,0.0,0.0,1,0.08426758228934841,0.0,0.001953125,0.09828773828107104,0.0,9.700550972230077E-21,0.13847598184947585,15,15
1775942130248,0.3146711823568298,0.022447834323382463,0.08949956968824604,0.8640830338271411,0.0,0.0,1,0.08116371979011489,0.0,0.001953125,0.09820973371316292,0.0,7.760440777784062E-21,0.13845431789737173,15,15
1775942130649,0.3139639015006836,0.022447834323382463,0.09070461418868131,0.8651059898150512,0.0,0.0,1,0.07848825378944661,0.0,0.001953125,0.09813198767489739,0.0,6.20835262222725E-21,0.13843266072266547,15,15
1775942131049,0.3135902506542614,0.011223917161691232,0.2733966211857869,0.8658192946432869,0.0,0.0,1,0.07631454591833119,0.625,0.001953125,0.09790029488139843,0.0,4.9666820977818E-21,0.13841101032217706,13,15
1775942131477,0.3130815555797376,0.011223917161691232,0.09189447706850998,0.8668321757596605,0.0,1.0,1,0.07391623892284092,0.0,0.001953125,0.09782357710099338,0.0,3.97334567822544E-21,0.13838936669272872,15,15
1775942131876,0.3130815555797376,0.033671751485073696,0.0928276487372691,0.8678386511975879,0.0,1.0,1,0.07198541531313517,0.0,0.001953125,0.09774767412743601,0.0,3.1786765425803523E-21,0.13836772983114443,15,15
1775942132280,0.31360588098231323,0.03549314249999667,0.09414636713761332,0.8688381432068022,0.0,0.0,1,0.0704670070511815,0.0,0.001953125,0.09767190048561936,0.0,2.542941234064282E-21,0.13834609973425038,15,15
1775942132686,0.31360588098231323,0.025097441747368093,0.0956391492489448,0.8698304374649573,0.0,0.0,1,0.07084395971242498,0.0,0.001953125,0.09759594357192479,0.0,2.0343529872514256E-21,0.13832447639887469,15,15
1775942133092,0.313232230135891,0.015873015873015876,0.19297285344677542,0.8706684499901639,0.0,0.0,1,0.0715143802561625,0.30788177339901474,0.001953125,0.09744479067682904,0.0,1.6274823898011405E-21,0.1383028598218472,15,15
1775942133512,0.31368910220740476,0.033671751485073696,0.09728836218632042,0.8716493724421265,0.0,0.0,1,0.07080538869524722,0.0,0.001953125,0.0973700240156097,0.0,1.3019859118409125E-21,0.13828125000000002,15,15
1775942133917,0.31296633882999525,0.04046840883803798,0.09882587078175246,0.8726231786416303,0.0,1.0,1,0.06966137075970329,0.0,0.001953125,0.09729507710838972,0.0,1.0415887294727301E-21,0.13825964693016712,15,15
1775942134322,0.3128156642738419,0.022447834323382463,0.1001375569298194,0.8735902642593876,0.0,0.0,1,0.07287593128684944,0.0,0.001953125,0.09722038167970813,0.0,8.332709835781841E-22,0.1382380506091846,15,15
1775942134716,0.3120492604917219,0.015873015873015876,0.1011359656983039,0.8745511307790904,0.0,0.0,1,0.0722728330822322,0.0,0.001953125,0.09714648032954123,0.0,6.6661678686254735E-22,0.1382164610338904,15,15
1775942135115,0.31072698234891716,0.03549314249999667,0.20468221795968664,0.87536083479478,0.0,0.0,1,0.0702835571626573,0.3132832080200501,0.001953125,0.09699833698255172,0.0,5.33293429490038E-22,0.1381948782011243,15,15
1775942135523,0.3113910759867196,0.011223917161691232,0.10343272267275966,0.8763097432904694,0.0,0.0,1,0.07326722916330689,0.0,0.001953125,0.0969246392685523,0.0,4.266347435920304E-22,0.13817330210772838,15,15
1775942135933,0.3111065423281396,0.033671751485073696,0.10445533600606953,0.8772525069833254,0.0,1.0,1,0.07206575595539708,0.0,0.001953125,0.09685172658963331,0.0,3.413077948736243E-22,0.13815173275054637,15,15
1775942136335,0.31187294611025956,0.011223917161691232,0.10617630385752311,0.8781882207662003,0.0,0.0,1,0.07083103319424064,0.0,0.001953125,0.09677852305598703,0.0,2.730462358988995E-22,0.13813017012642426,15,15
1775942136727,0.3153243706519898,0.03174603174603175,0.1073036171828116,0.8791177388196476,0.0,0.0,1,0.07244326580730627,0.0,0.001953125,0.09670598646638197,0.0,2.184369887191196E-22,0.13810861423220977,15,15
1775942137127,0.3147470728136062,0.022447834323382463,0.21694438764323803,0.8798997655840484,0.0,0.0,1,0.07101461172170881,0.3125,0.001953125,0.09656081011081326,0.0,1.747495909752957E-22,0.13808706506475266,15,15
1775942137537,0.31520394488512,0.011223917161691232,0.10961561946684563,0.8808177032077137,0.0,0.0,1,0.07072211875974486,0.0,0.001953125,0.09648859054003428,0.0,1.3979967278023656E-22,0.13806552262090488,15,15
1775942137941,0.31520394488512,0.015873015873015876,0.11104623312141612,0.8817291750280718,0.0,0.0,1,0.06963800376181034,0.0,0.001953125,0.0964166159086751,0.0,1.1183973822418925E-22,0.13804398689751984,15,15
1775942138342,0.31363958836277084,0.022447834323382463,0.112492257272244,0.8826342130076131,0.0,0.0,1,0.07406552381576419,0.0,0.001953125,0.09634488561731118,0.0,8.94717905793514E-23,0.1380224578914535,15,15
1775942138752,0.31496186650557556,0.03174603174603175,0.11395377273698948,0.883532849199823,0.0,0.0,1,0.07453802682548724,0.0,0.001953125,0.0962733990661517,0.0,7.157743246348112E-23,0.1380009355995634,15,15
1775942139156,0.31511254106172887,0.011223917161691232,0.22947418752366114,0.8842881972371054,0.0,0.0,1,0.07512334508378474,0.3094059405940594,0.001953125,0.09613155907046085,0.0,5.72619459707849E-23,0.1379794200187091,15,15
1775942139585,0.3154715734469194,0.03174603174603175,0.11607642224774538,0.8851758663021507,0.0,0.0,1,0.07286519269106455,0.0,0.001953125,0.09606079843182341,0.0,4.580955677662792E-23,0.13795791114575218,15,15
1775942139986,0.3145981355133565,0.011223917161691232,0.11757596583668953,0.886057216379367,0.0,0.0,1,0.07084525987270222,0.0,0.001953125,0.09599027913761919,0.0,3.6647645421302336E-23,0.1379364089775561,15,15
1775942140392,0.31551763805315675,0.025097441747368093,0.11909126357601,0.8869322798714483,0.0,0.0,1,0.06976190329582707,0.0,0.001953125,0.09592000058648398,0.0,2.931811633704187E-23,0.1379149135109864,15,15
1775942140795,0.3162043820144629,0.03174603174603175,0.12022871123126481,0.8878015313979132,0.0,0.0,1,0.06837097035320867,0.0,0.001953125,0.09585047027561057,0.0,2.3454493069633497E-23,0.13789342474291055,15,15
1775942141198,0.31664777282749573,0.015873015873015876,0.24314274767980296,0.8885301609030999,0.0,0.0,1,0.06731862504577237,0.31017369727047145,0.001953125,0.0957111072089516,0.0,1.87635944557068E-23,0.13787194267019787,15,15
1775942141620,0.31769354917399234,0.011223917161691232,0.12282036383727764,0.8893882676235115,0.0,0.0,1,0.06747042296111708,0.0,0.001953125,0.09564178349207653,0.0,1.5010875564565442E-23,0.1378504672897196,15,15
1775942142015,0.31769354917399234,0.03174603174603175,0.12439003507220886,0.8902402041446168,0.0,0.0,1,0.06628741958584894,0.0,0.001953125,0.09557269751624689,0.0,1.2008700451652355E-23,0.13782899859834918,15,15
1775942142419,0.31827084701237596,0.011223917161691232,0.12597576164453533,0.8910860031957984,0.0,0.0,1,0.06514855824097919,0.0,0.001953125,0.09550384867880658,0.0,9.606960361321884E-24,0.13780753659296174,15,15
1775942142821,0.318555380670956,0.03174603174603175,0.12757760539278787,0.891925697550197,0.0,0.0,1,0.06586632142387565,0.0,0.001953125,0.09543523637694983,0.0,7.685568289057507E-24,0.13778608127043435,15,15
1775942143232,0.32200680521268626,0.04046840883803798,0.2008552921929209,0.8926861704360844,0.0,0.0,1,0.06526353606315462,0.30413625304136255,0.001953125,0.09532683885803205,0.0,6.1484546312460066E-24,0.13776463262764638,15,15
1775942143658,0.32168379224359916,0.04046840883803798,0.13027773283196897,0.8935146955888656,0.0,0.0,1,0.06458034923557605,0.0,0.001953125,0.095258838325327,0.0,4.918763704996806E-24,0.13774319066147855,15,15
1775942144052,0.32168379224359916,0.0,0.39174110091465136,0.8940792445415593,0.0,0.0,1,0.06485012604373759,0.6345177664974619,0.001953125,0.09505624039004644,0.0,3.935010963997445E-24,0.13787737317149085,13,15
1775942144496,0.3212269201720854,0.0,0.13156792686429453,0.8948991033658134,0.0,0.0,1,0.06494077346273958,0.0,0.001953125,0.09498917362210858,0.0,3.148008771197956E-24,0.13801151392562627,15,15
1775942144904,0.3212269201720854,0.03174603174603175,0.13322578759465917,0.8957129865520705,0.0,0.0,1,0.06406105623009657,0.0,0.001953125,0.09492233878742483,0.0,2.518407016958365E-24,0.13799004355942746,15,15
1775942145317,0.32078352935905247,0.025097441747368093,0.13445641480558082,0.8965213463576501,0.0,0.0,1,0.06386431671698206,0.0,0.001953125,0.09485621639721634,0.0,2.014725613566692E-24,0.13796857987245292,15,15
1775942145716,0.3210680630176325,0.015873015873015876,0.13659410828510807,0.8973233720555476,0.0,0.0,1,0.06279193782227234,0.0,0.001953125,0.09478984158805658,0.0,1.6117804908533538E-24,0.13794712286158628,15,15
1775942146118,0.32186129175073636,0.022447834323382463,0.27515366747707704,0.8979940240216178,0.0,0.0,1,0.06302149268594341,0.31094527363184077,0.001953125,0.09465778176140886,0.0,1.289424392682683E-24,0.13792567252371324,15,15
1775942146529,0.3214179009377034,0.033671751485073696,0.1386010791390575,0.8987862695912574,0.0,0.0,1,0.06505195212259016,0.0,0.001953125,0.09459246384087286,0.0,1.0315395141461465E-24,0.1379042288557214,15,15
1775942146931,0.32156857549385676,0.025097441747368093,0.14021299609570242,0.8995727892666721,0.0,0.0,1,0.06559002004530853,0.0,0.001953125,0.0945274774997084,0.0,8.252316113169172E-25,0.13788279185450025,15,15
1775942147334,0.32124556252476966,0.033671751485073696,0.14242791251991244,0.9003531003621903,0.0,0.0,1,0.06477830539316741,0.0,0.001953125,0.09446224375895042,0.0,6.601852890535338E-25,0.13786136151694128,15,15
1775942147735,0.32072123712219414,0.015873015873015876,0.14419090439226287,0.9011276539881463,0.0,0.0,1,0.06402306956599464,0.0,0.001953125,0.0943972371486587,0.0,5.281482312428271E-25,0.13783993783993786,15,15
1775942148141,0.3205705625660407,0.025097441747368093,0.2898882083625056,0.9017744984874964,0.0,0.0,1,0.06505865353588534,0.30788177339901474,0.001953125,0.09426837014122864,0.0,4.225185849942617E-25,0.13781852082038537,15,15
1775942148554,0.32081264094558515,0.03549314249999667,0.1466093373201056,0.9025392290697574,0.0,0.0,1,0.06410157639240185,0.0,0.001953125,0.09420403932846377,0.0,3.380148679954094E-25,0.13779711045518095,15,15
1775942148951,0.3209633155017385,0.03174603174603175,0.14841152215075573,0.9032982879725555,0.0,0.0,1,0.06909976922909782,0.0,0.001953125,0.09413993324354036,0.0,2.7041189439632753E-25,0.13777570674122397,15,15
1775942149350,0.3213860626993047,0.025097441747368093,0.15023037870982953,0.904051708351653,0.0,0.0,1,0.07021199366080286,0.0,0.001953125,0.09407605128421291,0.0,2.16329515517062E-25,0.13775430967541547,15,15
1775942149753,0.3187216855551611,0.04046840883803798,0.15206592665612773,0.9047995233412451,0.0,0.0,1,0.06901135262402117,0.0,0.001953125,0.09401239284841989,0.0,1.7306361241364962E-25,0.13773291925465836,15,15
1775942150152,0.3154715734469194,0.033671751485073696,0.30562121883408705,0.9054228248368582,0.0,1.0,1,0.068578319853206,0.3132832080200501,0.001953125,0.09388620164484278,0.0,1.3845088993091972E-25,0.1377115354758578,14,15
1775942150566,0.3150666140214695,0.022447834323382463,0.15454292207963036,0.9061610896894143,0.0,0.0,1,0.06774588172930517,0.0,0.001953125,0.09382320822989577,0.0,1.1076071194473578E-25,0.13769015833592058,15,15
1775942150971,0.3133538827485655,0.04046840883803798,0.1564175054041361,0.9068938348629838,0.0,0.0,1,0.06660383796555075,0.0,0.001953125,0.09376043594004067,0.0,8.860856955578863E-26,0.1376687878317554,15,15
1775942151368,0.3132032081924121,0.022447834323382463,0.15830881980678022,0.9076210934311729,0.0,0.0,1,0.07001846187471152,0.0,0.001953125,0.09369788417431678,0.0,7.08868556446309E-26,0.13764742396027307,15,15
1775942151767,0.31274633612089836,0.0,0.16021686916160643,0.9083428984296817,0.0,0.0,1,0.06879888747910405,0.0,0.001953125,0.09363555233202914,0.0,5.670948451570472E-26,0.13778122575640028,15,15
1775942152174,0.3149879660674757,0.015873015873015876,0.4110506652820157,0.908878293529962,0.0,0.0,1,0.06790243031388696,0.6142506142506143,0.001953125,0.09347544788408668,0.0,4.536758761256378E-26,0.13775985107043132,13,15
1775942152606,0.3160581431634293,0.025097441747368093,0.16200055119166148,0.9095916786931391,0.0,0.0,1,0.06802024909644758,0.0,0.001953125,0.09341390174857092,0.0,3.629407009005102E-26,0.13773848301535596,15,15
1775942153004,0.3128080310551875,0.025097441747368093,0.16394084522276514,0.9102996881671149,0.0,0.0,1,0.06701740038926107,0.0,0.001953125,0.09335257276379591,0.0,2.9035256072040817E-26,0.13771712158808935,15,15
1775942153402,0.31235115898367377,0.03549314249999667,0.16534012107404372,0.9110027414508604,0.0,0.0,1,0.06685698710909027,0.0,0.001953125,0.09329190265233833,0.0,2.3228204857632653E-26,0.13769576678554818,15,15
1775942153797,0.3121498465501853,0.011223917161691232,0.16730910455205963,0.9117004801219488,0.0,0.0,1,0.06569100500212981,0.0,0.001953125,0.09323144668971436,0.0,1.8582563886106124E-26,0.13767441860465113,15,15
1775942154204,0.3121498465501853,0.011223917161691232,0.33718200457947356,0.9122798459505904,0.0,0.0,1,0.06772604933717696,0.30712530712530717,0.001953125,0.09311073229921644,0.0,1.4866051108884898E-26,0.137653077042319,15,15
1775942154623,0.3116813680420723,0.03549314249999667,0.17045294876157405,0.9129681663236283,0.0,0.0,1,0.06727015564022647,0.0,0.001953125,0.09305047449679955,0.0,1.189284088710792E-26,0.13763174209547424,15,15
1775942155027,0.31106563881610566,0.033671751485073696,0.1718764749676409,0.9136516460477435,0.0,1.0,1,0.06658864615834557,0.0,0.001953125,0.09299086906986351,0.0,9.514272709686337E-27,0.13761041376104133,15,15
1775942155430,0.3123936621856334,0.025097441747368093,0.09737311610616567,0.9143790082181139,0.0,0.0,1,0.06578890369991051,0.0,0.001953125,0.09295592671723835,0.0,7.61141816774907E-27,0.13758909203594671,15,15
1775942155843,0.3130518466906357,0.03549314249999667,0.17720840861847534,0.9150510895879443,0.0,0.0,1,0.06593043387194908,0.0,0.001953125,0.09289621979121598,0.0,6.089134534199256E-27,0.13756777691711852,15,15
1775942156254,0.31184781049225546,0.03174603174603175,0.35638352575359794,0.9156075905986167,0.0,0.0,1,0.07035339560736402,0.30413625304136255,0.001953125,0.09277744143732673,0.0,4.871307627359405E-27,0.137546468401487,15,15
1775942156670,0.31217082346134256,0.025097441747368093,0.17981673347668614,0.9162709352308189,0.0,0.0,1,0.06980605248842321,0.0,0.001953125,0.09271836881916264,0.0,3.897046101887524E-27,0.13752516648598423,15,15
1775942157084,0.31217082346134256,0.0,0.18190481893534471,0.916929210751797,0.0,0.0,1,0.06943293775444866,0.0,0.001953125,0.09265950644741378,0.0,3.1176368815100195E-27,0.1376587178693094,15,15
1775942157478,0.31069212553566145,0.03549314249999667,0.5452891123362529,0.9173659164985501,0.0,0.0,1,0.07142634552207155,0.6345177664974619,0.001953125,0.09248417487315776,0.0,2.494109505208016E-27,0.13763740517107914,13,15
1775942157909,0.31218129269519096,0.015873015873015876,0.1829489882491014,0.9180170448696404,0.0,0.0,1,0.07007221458463049,0.0,0.001953125,0.09242614755202426,0.0,1.9952876041664128E-27,0.13761609907120742,15,15
1775942158309,0.31160399485680734,0.011223917161691232,0.18506171821091258,0.9186631749030469,0.0,0.0,1,0.06881051290765598,0.0,0.001953125,0.09236832751227605,0.0,1.5962300833331302E-27,0.13759479956663057,15,15
1775942158714,0.3103569060768222,0.022447834323382463,0.1871908452286461,0.9193043389053628,0.0,0.0,1,0.0681377087561982,0.0,0.001953125,0.09231071416244004,0.0,1.2769840666665042E-27,0.13757350665428658,15,15
1775942159128,0.309235940367506,0.0,0.18933631244019594,0.9199405690983015,0.0,0.0,1,0.06851010624421175,0.0,0.001953125,0.09225330691157872,0.0,1.0215872533332034E-27,0.1377069472381247,15,15
1775942159524,0.3096928124390198,0.04046840883803798,0.566851080984719,0.9203622430870588,0.0,0.0,1,0.0683312147000455,0.6313131313131313,0.001953125,0.09208262488987334,0.0,8.172698026665628E-28,0.13768564356435642,13,15
1775942159959,0.3098941248725082,0.011223917161691232,0.19031435088126314,0.9209915164154294,0.0,0.0,1,0.07005534188373291,0.0,0.001953125,0.09202603480984295,0.0,6.538158421332502E-28,0.13766434648105186,15,15
1775942160364,0.3109643019684618,0.03549314249999667,0.10718909565463287,0.9216620282266328,0.0,0.0,1,0.07295360388808048,0.0,0.001953125,0.09199318883242566,0.0,5.230526737066002E-28,0.13764305598515314,15,15
1775942160772,0.31397233569715916,0.044895668646764926,0.19543192331592493,0.9222809879682983,0.0,0.0,1,0.07328556573150838,0.0,0.001953125,0.09193692419374361,0.0,4.184421389652802E-28,0.1376217720736045,15,15
1775942161168,0.31397233569715916,0.022447834323382463,0.19764126906192864,0.9228951526226135,0.0,0.0,1,0.07144482815531183,0.0,0.001953125,0.09188085940622984,0.0,3.3475371117222416E-28,0.1376004947433519,15,15
1775942161565,0.312579296368146,0.015873015873015876,0.39714961535400956,0.9234023373088667,0.0,0.0,1,0.06977242209668175,0.3148614609571788,0.001953125,0.0917693341141791,0.0,2.6780296893777933E-28,0.13757922399134337,15,15
1775942161984,0.3133141511921569,0.04046840883803798,0.20030325357201947,0.9240083877930448,0.0,0.0,1,0.06891530971503844,0.0,0.001953125,0.09171387243865602,0.0,2.142423751502235E-28,0.13755795981452856,15,15
1775942162382,0.3131634766360035,0.011223917161691232,0.2018472252652311,0.9246100774556102,0.0,0.0,1,0.06802502348307171,0.0,0.001953125,0.09165901187822155,0.0,1.713939001201788E-28,0.13753670220985936,15,15
1775942162789,0.3117704373069904,0.03549314249999667,0.20480952142933753,0.925206731678018,0.0,0.0,1,0.07514634912579646,0.0,0.001953125,0.0916039476368503,0.0,1.3711512009614306E-28,0.1375154511742892,15,15
1775942163187,0.31292612226358446,0.025097441747368093,0.2070831146360591,0.9257987374048784,0.0,0.0,1,0.07310769481584492,0.0,0.001953125,0.09154908210267804,0.0,1.0969209607691444E-28,0.13749420670477364,15,15
1775942163591,0.31212444160227304,0.025097441747368093,0.6198294735788896,0.9261874962732211,0.0,0.0,0,0.09224749784022623,0.6188118811881188,0.001953125,0.0913856719207542,0.0,8.775367686153156E-29,0.13747296879826998,13,15
1775942164020,0.310968756645679,0.033671751485073696,0.20713406566823425,0.9267733313327552,0.0,1.0,1,0.08923930246341276,0.0,0.001953125,0.0913319881864339,0.0,7.020294148922525E-29,0.13745173745173744,15,15
1775942164420,0.3088997344419435,0.033671751485073696,0.21015506081608187,0.9273542387614231,0.0,0.0,1,0.08585554878377002,0.0,0.001953125,0.09127810578003252,0.0,5.61623531913802E-29,0.13743051266213713,15,15
1775942164824,0.3088997344419435,0.022447834323382463,0.21246502731462655,0.9279305974666013,0.0,0.0,1,0.08330661274996909,0.0,0.001953125,0.0912244186023331,0.0,4.4929882553104164E-29,0.13740929442643202,15,15
1775942165228,0.3097647204472988,0.015873015873015876,0.21404284620478217,0.9285027788656235,0.0,0.0,1,0.08414245319214077,0.0,0.001953125,0.09117131556226653,0.0,3.594390604248333E-29,0.13738808274158687,15,15
1775942165631,0.30573599806718493,0.0,0.43057731086021567,0.9289739852880132,0.0,0.0,1,0.08184108844622986,0.31017369727047145,0.001953125,0.09106529668811707,0.0,2.875512483398667E-29,0.13752122241086584,15,15
1775942166050,0.30553468563369646,0.025097441747368093,0.21693288798990162,0.9295384254686341,0.0,0.0,1,0.08047396566349282,0.0,0.001953125,0.0910126660808493,0.0,2.3004099867189335E-29,0.13749999999999996,15,15
1775942166455,0.30463442274914976,0.015873015873015876,0.6505369121803504,0.9299083033361684,0.0,0.0,1,0.0775655848858024,0.6172839506172839,0.001953125,0.09085506817725343,0.0,1.840327989375147E-29,0.13747878413825032,13,15
1775942166893,0.304462084336216,0.022447834323382463,0.2173398482762721,0.9304665743183634,0.0,0.0,1,0.0759779705512517,0.0,0.001953125,0.09080329889992553,0.0,1.4722623915001177E-29,0.13745757482258558,15,15
1775942167307,0.3057865463014661,0.025097441747368093,0.22047564783485382,0.9310201071602094,0.0,0.0,1,0.07449800040712298,0.0,0.001953125,0.09075133674079715,0.0,1.1778099132000943E-29,0.13743637204997683,15,15
1775942167713,0.30849080671632984,0.025097441747368093,0.22206532204366286,0.9315696016027726,0.0,0.0,1,0.07937789673033854,0.0,0.001953125,0.09069994390127527,0.0,9.422479305600755E-30,0.1374151758173967,15,15
1775942168116,0.30866314512926357,0.03174603174603175,0.22525179626792585,0.9321144201535625,0.0,1.0,1,0.077217666195757,0.0,0.001953125,0.09064835854500383,0.0,7.537983444480604E-30,0.13739398612181963,15,15
1775942168515,0.31012301029557726,0.025097441747368093,0.45212979427947597,0.9325627130741245,0.0,0.0,1,0.07685218864728569,0.3132832080200501,0.001953125,0.09054575236745763,0.0,6.030386755584483E-30,0.13737280296022203,14,15
1775942168944,0.31012301029557726,0.015873015873015876,0.22790622666645435,0.9331002033856568,0.0,1.0,1,0.07453477601571491,0.0,0.001953125,0.09049473040828218,0.0,4.824309404467587E-30,0.1373516263295822,15,15
1775942169348,0.3106279932297958,0.015873015873015876,0.23032863604084175,0.9336334326613357,0.0,0.0,1,0.07232397748947121,0.0,0.001953125,0.09044389511160451,0.0,3.85944752357407E-30,0.13733045622688045,15,15
1775942169757,0.3096396333987206,0.0,0.2327653959744709,0.9341624309293955,0.0,0.0,1,0.07059571225891093,0.0,0.001953125,0.09039324591053417,0.0,3.0875580188592562E-30,0.13746339959932197,15,15
1775942170157,0.3099241670573007,0.011223917161691232,0.6948195326255368,0.9345076536107418,0.0,0.0,1,0.07241496870831281,0.625,0.001953125,0.09024277613789243,0.0,2.470046415087405E-30,0.137442218798151,13,15
1775942170577,0.3112464452001054,0.025097441747368093,0.23316260403257907,0.9350307403794073,0.0,0.0,1,0.07210948604668929,0.0,0.001953125,0.09019286408821506,0.0,1.9760371320699242E-30,0.13742104452318593,15,15
1775942170980,0.31223480503118056,0.015873015873015876,0.23561584946910838,0.9355496617955558,0.0,1.0,1,0.07130676581190688,0.0,0.001953125,0.09014313531881538,0.0,1.5808297056559396E-30,0.13739987677141097,15,15
1775942171383,0.31223480503118056,0.015873015873015876,0.2380831022998641,0.936064447524402,0.0,0.0,1,0.06997928683836722,0.0,0.001953125,0.09009358926789526,0.0,1.2646637645247517E-30,0.13737871553981207,15,15
1775942171788,0.31131530249138034,0.011223917161691232,0.2405641957625094,0.9365751270986145,0.0,0.0,1,0.06893520221207468,0.0,0.001953125,0.09004422537453166,0.0,1.0117310116198014E-30,0.1373575608253773,15,15
1775942172187,0.3131082429647434,0.015873015873015876,0.4825684985563928,0.9369943853430748,0.0,0.0,1,0.06750159527145481,0.3132832080200501,0.001953125,0.08994604182119387,0.0,8.093848092958412E-31,0.13733641262509622,14,15
1775942172608,0.31223480503118056,0.011223917161691232,0.2431749182142655,0.9374981418940442,0.0,1.0,1,0.06668561118293541,0.0,0.001953125,0.08989722104380411,0.0,6.47507847436673E-31,0.13731527093596063,15,15
1775942173014,0.31171047962860493,0.011223917161691232,0.24568379311572835,0.9379978684425613,0.0,0.0,1,0.06618609872812915,0.0,0.001953125,0.08984858018915158,0.0,5.180062779493385E-31,0.13729413575496385,15,15
1775942173424,0.3103882014858002,0.011223917161691232,0.24820596935147315,0.9384935940609577,0.0,0.0,1,0.0655212937362224,0.0,0.001953125,0.08980011870077938,0.0,4.144050223594708E-31,0.13727300707910128,15,15
1775942173835,0.3098832185515817,0.0,0.7410916919194163,0.9388149867832479,0.0,0.0,1,0.06452427803865696,0.6082725060827251,0.001953125,0.08965580488247425,0.0,3.3152401788757664E-31,0.1374057547314972,13,15
1775942174271,0.308982955667035,0.011223917161691232,0.24831610346656108,0.9393051464184736,0.0,0.0,1,0.06382739185755083,0.0,0.001953125,0.0896080553129574,0.0,2.652192143100613E-31,0.13738461538461544,15,15
1775942174681,0.3103759949960481,0.011223917161691232,0.25085196018206507,0.9397913686085922,0.0,0.0,1,0.06325527352818722,0.0,0.001953125,0.08956048234121196,0.0,2.1217537144804905E-31,0.1373634825411475,15,15
1775942175105,0.31078095442149806,0.025097441747368093,0.2524972625536743,0.9402739825074516,0.0,0.0,1,0.0650742018620313,0.0,0.001953125,0.08951343084504175,0.0,1.6974029715843924E-31,0.13734235619809287,15,15
1775942175517,0.3100460995974872,0.033671751485073696,0.25597142694491987,0.9407524115499738,0.0,0.0,1,0.06654614137332876,0.0,0.001953125,0.08946620792585641,0.0,1.357922377267514E-31,0.13732123635245275,15,15
1775942175921,0.3112378264930118,0.03174603174603175,0.513157989169238,0.9411442904887284,0.0,0.0,1,0.07017620022609522,0.3094059405940594,0.001953125,0.08937228640142693,0.0,1.086337901814011E-31,0.13730012300123007,15,15
1775942176339,0.3112378264930118,0.025097441747368093,0.2585098120363551,0.9416161883264212,0.0,0.0,1,0.06882211190117327,0.0,0.001953125,0.08932558670097265,0.0,8.69070321451209E-32,0.13727901614142968,15,15
1775942176742,0.3112378264930118,0.03549314249999667,0.2601605720804208,0.9420845747043713,0.0,0.0,1,0.07037027266675806,0.0,0.001953125,0.0892793998547221,0.0,6.952562571609672E-32,0.13725791577005841,15,15
1775942177147,0.3092989354706207,0.033671751485073696,0.26370395126630936,0.9425488831758791,0.0,0.0,1,0.0686915584068301,0.0,0.001953125,0.0892330447671488,0.0,5.562050057287737E-32,0.13723682188412478,15,15
1775942177558,0.3062909017419233,0.011223917161691232,0.26631415271938896,0.9430094409806952,0.0,0.0,1,0.06754581089233422,0.0,0.001953125,0.0891868619088396,0.0,4.44964004583019E-32,0.13721573448063917,15,15
1775942177955,0.30749493794030364,0.015873015873015876,0.533671227406238,0.9433857948832939,0.0,0.0,1,0.06622435689732686,0.3148614609571788,0.001953125,0.08909501070794502,0.0,3.559712036664152E-32,0.13719465355661387,14,15
1775942178373,0.306970612537728,0.011223917161691232,0.2678204091287709,0.9438403415191536,0.0,0.0,1,0.06910149927808269,0.0,0.001953125,0.08904967503006893,0.0,2.847769629331322E-32,0.13717357910906303,15,15
1775942178778,0.306970612537728,0.011223917161691232,0.2704488690550579,0.9442912054205858,0.0,0.0,1,0.06928089414803797,0.0,0.001953125,0.08900450800999068,0.0,2.2782157034650578E-32,0.13715251113500226,15,15
1775942179176,0.3083636518667411,0.022447834323382463,0.27408514952593055,0.9447381237032774,0.0,0.0,1,0.06746896163817624,0.0,0.001953125,0.08895917528732482,0.0,1.8225725627720464E-32,0.13713144963144963,15,15
1775942179577,0.30790677979522735,0.015873015873015876,0.27674007812152207,0.9451814178658099,0.0,0.0,1,0.0727325619206112,0.0,0.001953125,0.08891401156106883,0.0,1.458058050217637E-32,0.1371103945954245,15,15
1775942179973,0.3067027435968472,0.025097441747368093,0.5543322743542178,0.9455427990404076,0.0,0.0,1,0.07215183218636588,0.31565656565656564,0.001953125,0.08882418894943231,0.0,1.1664464401741097E-32,0.1370893460239484,14,15
1775942180392,0.3067027435968471,0.025097441747368093,0.279136077147663,0.9459800164754253,0.0,0.0,1,0.07140811732888477,0.0,0.001953125,0.08877952899240316,0.0,9.331571521392878E-33,0.13706830391404456,15,15
1775942180788,0.30736683723464964,0.011223917161691232,0.2807867334231606,0.9464139635828476,0.0,0.0,1,0.07023571726980433,0.0,0.001953125,0.08873536255319782,0.0,7.465257217114303E-33,0.13704726826273783,15,15
1775942181191,0.30512520728807224,0.033671751485073696,0.28450759124778685,0.9468440956499559,0.0,0.0,1,0.06937689683463484,0.0,0.001953125,0.08869103435446847,0.0,5.972205773691443E-33,0.13702623906705536,15,15
1775942181594,0.30558207935958603,0.015873015873015876,0.2872030280283775,0.9472707270332181,0.0,0.0,1,0.07119531164001577,0.0,0.001953125,0.08864687194917888,0.0,4.7777646189531546E-33,0.13700521632402574,15,15
1775942182003,0.30437804316120576,0.022447834323382463,0.5740077042046838,0.9476179643655005,0.0,0.0,1,0.07117800873418068,0.3056234718826406,0.001953125,0.08855936486936447,0.0,3.822211695162524E-33,0.13698420003067957,15,15
1775942182421,0.3059614886027809,0.04046840883803798,0.2895157416326794,0.9480387345961573,0.0,0.0,1,0.06988304661186023,0.0,0.001953125,0.08851569698658507,0.0,3.0577693561300193E-33,0.13696319018404912,15,15
1775942182823,0.3064299671108939,0.03174603174603175,0.2911598187084404,0.9484563503609423,0.0,0.0,1,0.0687800867328535,0.0,0.001953125,0.088472512165934,0.0,2.4462154849040156E-33,0.13694218678116854,15,15
1775942183221,0.30717713123776036,0.011223917161691232,0.2949669852245349,0.9488702770744635,0.0,0.0,1,0.06905942005049702,0.0,0.001953125,0.0884291679940819,0.0,1.9569723879232125E-33,0.13692118981907386,15,15
1775942183622,0.306947259347968,0.011223917161691232,0.2966004531890061,0.9492811012130542,0.0,0.0,1,0.06810002745266491,0.0,0.001953125,0.0883863062110279,0.0,1.56557791033857E-33,0.13690019929480302,15,15
1775942184026,0.305154318874605,0.03549314249999667,0.8862827338831586,0.9495403877269906,0.0,0.0,1,0.06853837285982217,0.6188118811881188,0.001953125,0.08825772800578086,0.0,1.2524623282708561E-33,0.13687921520539548,13,15
1775942184447,0.305154318874605,0.04046840883803798,0.29667630558608277,0.9499463177744683,0.0,0.0,1,0.07211713287036665,0.0,0.001953125,0.08821519039028183,0.0,1.001969862616685E-33,0.13685823754789272,15,15
1775942184850,0.30435636613437583,0.04046840883803798,0.29941346633678423,0.9503489235682686,0.0,0.0,1,0.07069675860469463,0.0,0.001953125,0.08817281279900467,0.0,8.01575890093348E-34,0.136837266319338,15,15
1775942185246,0.3045287045473095,0.011223917161691232,0.30215918611656745,0.9507482306137098,0.0,0.0,1,0.06995487540111076,0.0,0.001953125,0.08813059471220847,0.0,6.412607120746784E-34,0.13681630151677648,15,15
1775942185644,0.30374165714972284,0.025097441747368093,0.303782910388798,0.9511445344510515,0.0,0.0,1,0.07083558370319719,0.0,0.001953125,0.08808884716628501,0.0,5.130085696597428E-34,0.13679534313725494,15,15
1775942186046,0.305275868674176,0.03549314249999667,0.6101016605266898,0.9514655579185208,0.0,0.0,1,0.07181494126806645,0.31094527363184077,0.001953125,0.08800520115258252,0.0,4.104068557277942E-34,0.13677439117782197,15,15
1775942186458,0.305275868674176,0.022447834323382463,0.3070464976849082,0.9518561239314776,0.0,0.0,1,0.07306149768113286,0.0,0.001953125,0.087963614566254,0.0,3.2832548458223538E-34,0.13675344563552838,15,15
1775942186857,0.3057327407456898,0.025097441747368093,0.30981448290010455,0.9522434815223066,0.0,0.0,1,0.07117795375193843,0.0,0.001953125,0.08792218490741434,0.0,2.626603876657883E-34,0.13673250650742608,15,15
1775942187252,0.30399975795071216,0.015873015873015876,0.31258995974594345,0.952627655525067,0.0,0.0,1,0.06932504153193042,0.0,0.001953125,0.08788091166277615,0.0,2.1012831013263064E-34,0.13671157379056953,15,15
1775942187652,0.3045141634990845,0.03549314249999667,0.3153726371930108,0.9530086706234356,0.0,0.0,1,0.0683991630358307,0.0,0.001953125,0.08783979432014126,0.0,1.6810264810610453E-34,0.13669064748201443,15,15
1775942188049,0.3047684483683811,0.0,0.6307401450223395,0.9533167536509707,0.0,0.0,1,0.06834181717483913,0.3148614609571788,0.001953125,0.08775802529755085,0.0,1.3448211848488363E-34,0.13682277318640956,14,15
1775942188476,0.3065532062434446,0.03549314249999667,0.31618515122202145,0.953692767317351,0.0,0.0,1,0.06760309083138773,0.0,0.001953125,0.08771767358515616,0.0,1.075856947879069E-34,0.13680183626625864,15,15
1775942188879,0.3065532062434446,0.03174603174603175,0.9437351140212427,0.9539281232590326,0.0,1.0,1,0.06613865007688487,0.6203473945409429,0.001953125,0.08759663273713975,0.0,8.606855583032552E-35,0.13678090575275392,13,15
1775942189316,0.30580604211657814,0.015873015873015876,0.31578657871616506,0.9542996397695142,0.0,0.0,1,0.06557056236825683,0.0,0.001953125,0.08755659116635817,0.0,6.885484466426042E-35,0.13675998164295544,15,15
1775942189720,0.3055517572472816,0.022447834323382463,0.3173847074389472,0.9546683445115799,0.0,0.0,1,0.06598550018802109,0.0,0.001953125,0.0875169971924427,0.0,5.508387573140834E-35,0.13673906393392476,15,15
1775942190126,0.3055517572472816,0.022447834323382463,0.32138801812645523,0.9550337466783334,0.0,0.0,1,0.06583753530858599,0.0,0.001953125,0.0874772575307883,0.0,4.4067100585126676E-35,0.13671815262272524,15,15
1775942190525,0.3059859789952918,0.022447834323382463,0.32297205322709527,0.9553963839520668,0.0,0.0,1,0.06616029767311817,0.0,0.001953125,0.08743796320977153,0.0,3.5253680468101344E-35,0.136697247706422,15,15
1775942190927,0.30741988708346435,0.04046840883803798,0.9636374203902652,0.9556228991745387,0.0,0.0,0,0.06670365167402367,0.6218905472636815,0.001953125,0.08732009306008397,0.0,2.8202944374481075E-35,0.13667634918208227,13,15
1775942191363,0.3070561560912453,0.04046840883803798,0.3211844219279102,0.9559814378129984,0.0,0.0,1,0.06619463583642209,0.0,0.001953125,0.08728139208594944,0.0,2.256235549958486E-35,0.13665545704677473,15,15
1775942191768,0.3070561560912453,0.033671751485073696,0.3252229565935084,0.9563367539016501,0.0,0.0,1,0.0650508438976237,0.0,0.001953125,0.08724254752538388,0.0,1.8049884399667888E-35,0.13663457129756995,15,15
1775942192171,0.30665119666579543,0.03549314249999667,0.32678831891294896,0.9566893753776841,0.0,0.0,1,0.06437954735555582,0.0,0.001953125,0.08720414029161411,0.0,1.443990751973431E-35,0.13661369193154038,15,15
1775942192568,0.3068525090992839,0.015873015873015876,0.33086608222120334,0.9570388220858439,0.0,0.0,1,0.06472617765250338,0.0,0.001953125,0.08716558973239578,0.0,1.1551926015787449E-35,0.13659281894576014,15,15
1775942192968,0.3061402149557228,0.011223917161691232,0.6613169319314157,0.9573209241906797,0.0,0.0,1,0.06585007999722788,0.3125,0.001953125,0.08708892881577665,0.0,9.24154081262996E-36,0.13657195233730524,15,15
1775942193386,0.3050100801813838,0.011223917161691232,0.3313802772835748,0.9576657564076181,0.0,0.0,1,0.06615003668326609,0.0,0.001953125,0.08705110318471952,0.0,7.393232650103968E-36,0.13655109210325345,15,15
1775942193784,0.3035761720932112,0.033671751485073696,0.3354905789975333,0.9580074768372676,0.0,0.0,1,0.07755038734566624,0.0,0.001953125,0.08701313602792486,0.0,5.914586120083175E-36,0.13653023824068422,15,15
1775942194184,0.30426291605451733,0.025097441747368093,0.33832077531010507,0.9583463582914057,0.0,0.0,1,0.0827578382167864,0.0,0.001953125,0.0869753138161945,0.0,4.73166889606654E-36,0.1365093907466789,15,15
1775942194579,0.30426291605451733,0.011223917161691232,0.3398467152474902,0.9586826677515125,0.0,0.0,1,0.08009369565018121,0.0,0.001953125,0.08693791931037403,0.0,3.7853351168532325E-36,0.13648854961832058,15,15
1775942194983,0.30528360470593385,0.015873015873015876,0.6816330082081274,0.9589532652484429,0.0,0.0,1,0.07809333111655645,0.3094059405940594,0.001953125,0.08686299277215125,0.0,3.028268093482586E-36,0.13646771485269427,15,15
1775942195391,0.30600636808334336,0.015873015873015876,0.34279932880761516,0.9592846505043914,0.0,1.0,1,0.07631178153668344,0.0,0.001953125,0.08682574426046408,0.0,2.422614474786069E-36,0.1364468864468864,15,15
1775942195792,0.3065207736317157,0.03174603174603175,0.34564022913830034,0.9596132770972828,0.0,1.0,1,0.07341657478353142,0.0,0.001953125,0.08678863827723195,0.0,1.9380915798288553E-36,0.13642606439798566,15,15
1775942196191,0.30548317988351864,0.025097441747368093,0.34848470802067066,0.9599391671127153,0.0,0.0,1,0.07283031017474202,0.0,0.001953125,0.08675167434151514,0.0,1.5504732638630845E-36,0.13640524870308213,15,15
1775942196593,0.3058917007132462,0.025097441747368093,0.35045891748287195,0.9602624965400048,0.0,0.0,1,0.07159855507199808,0.0,0.001953125,0.0867150392899619,0.0,1.2403786110904676E-36,0.1363844393592677,15,15
1775942196992,0.3048459243667495,0.04046840883803798,0.7016707849634277,0.9605220404524321,0.0,1.0,1,0.069678376488871,0.3132832080200501,0.001953125,0.08664181570161676,0.0,9.923028888723742E-37,0.13636363636363635,14,15
1775942197419,0.3048459243667495,0.011223917161691232,0.35280539689787593,0.960840716038349,0.0,0.0,1,0.06840858889443499,0.0,0.001953125,0.08660541435367836,0.0,7.938423110978994E-37,0.13634283971328354,15,15
1775942197821,0.3055326683280557,0.025097441747368093,0.35565745333266297,0.9611567328884232,0.0,0.0,1,0.07131591984514479,0.0,0.001953125,0.08656915266923335,0.0,6.350738488783195E-37,0.13632204940530646,15,15
1775942198215,0.3047347155878265,0.03174603174603175,0.35851194961763216,0.9614701124289444,0.0,0.0,1,0.07051355603355164,0.0,0.001953125,0.08653303017422467,0.0,5.080590791026556E-37,0.13630126543680443,15,15
1775942198614,0.3039683118057065,0.04046840883803798,0.3613685591544827,0.9617808759400559,0.0,0.0,1,0.0707071245457315,0.0,0.001953125,0.08649704639574846,0.0,4.064472632821246E-37,0.136280487804878,15,15
1775942199010,0.303080255410912,0.022447834323382463,0.7200275120907024,0.9620300291912874,0.0,0.0,1,0.06952169758638874,0.31565656565656564,0.001953125,0.08642576070827174,0.0,3.2515781062569967E-37,0.13625971650663005,14,15
1775942199428,0.303080255410912,0.033671751485073696,0.36267249415077724,0.9623364647802652,0.0,0.0,1,0.06841304735197423,0.0,0.001953125,0.08639018908345136,0.0,2.6012624850055976E-37,0.13623895153916488,15,15
1775942199829,0.30351447715892216,0.011223917161691232,0.36553159426387516,0.9626403384847576,0.0,0.0,1,0.0667823610261216,0.0,0.001953125,0.08635475430002416,0.0,2.081009988004478E-37,0.13621819289958859,15,15
1775942200225,0.3012378264930119,0.011223917161691232,0.368392001597728,0.9629416710796335,0.0,0.0,1,0.06672455337132197,0.0,0.001953125,0.08631945589084682,0.0,1.6648079904035825E-37,0.13619744058500916,15,15
1775942200625,0.3012378264930119,0.03174603174603175,1.0,0.9631250397951249,0.0,0.0,0,0.06685469955709536,0.625,0.001953125,0.086214374254762,0.0,1.3318463923228662E-37,0.13617669459253623,13,15
1775942201063,0.2979877143847701,0.022447834323382463,0.3650703754986781,0.9634229993798016,0.0,0.0,1,0.06677075903858865,0.0,0.001953125,0.08617961669433091,0.0,1.065477113858293E-37,0.13615595491928112,15,15
1775942201470,0.29695012063657295,0.03174603174603175,0.36793059261116134,0.9637184619714111,0.0,0.0,1,0.06613658864792774,0.0,0.001953125,0.08614499318982405,0.0,8.523816910866344E-38,0.13613522156235724,15,15
1775942201866,0.29633439141060636,0.022447834323382463,0.3707918407501971,0.9640114479190663,0.0,0.0,1,0.06565877039787173,0.0,0.001953125,0.08611050328105896,0.0,6.819053528693075E-38,0.13611449451887947,15,15
1775942202269,0.29789874793295545,0.022447834323382463,1.0,0.9641897917591749,0.0,0.0,0,0.06442274144103288,0.6203473945409429,0.001953125,0.086007830544827,0.0,5.45524282295446E-38,0.13609377378596443,13,15
1775942202696,0.30167318544377275,0.5472163230456571,0.0,0.964535180561856,0.0,0.0,1,0.06573128573013286,0.0,0.001953125,0.086007830544827,0.0,4.364194258363568E-38,0.13607305936073055,15,15
1775942203101,0.3025734483283194,0.5276434964633226,0.3748204674746112,0.9648216474137078,0.0,0.0,1,0.0648404205568968,0.0,0.001953125,0.08597387044045687,0.0,3.491355406690855E-38,0.13605235124029824,15,15
1775942203508,0.30382053710830453,0.0,0.3776828439313392,0.9651057092209523,0.0,0.0,1,0.06416942669559897,0.0,0.001953125,0.08594004164835935,0.0,2.793084325352684E-38,0.13618381010346925,15,15
1775942203913,0.2999122404950605,0.011223917161691232,1.0,0.9652780360410563,0.0,0.0,1,0.06414974048114076,0.6172839506172839,0.001953125,0.0858395881046123,0.0,2.2344674602821473E-38,0.13616309143465688,13,15
1775942204346,0.30055479467201096,0.015873015873015876,0.3740220733874336,0.9655589119090662,0.0,0.0,1,0.06335210121324762,0.0,0.001953125,0.08580627894750821,0.0,1.787573968225718E-38,0.1361423790690599,15,15
1775942204740,0.30091852566422994,0.011223917161691232,0.37688441516336874,0.9658374248609599,0.0,0.0,1,0.06388037561032148,0.0,0.001953125,0.08577309885293982,0.0,1.4300591745805744E-38,0.1361216730038023,15,15
1775942205153,0.30524956947504017,0.022447834323382463,0.3797467554779567,0.9661135943313547,0.0,0.0,1,0.06525052765622352,0.0,0.001953125,0.0857400473735121,0.0,1.1440473396644595E-38,0.13610097323600978,15,15
1775942205550,0.30459138497003796,0.022447834323382463,0.38260876412495987,0.9663874396148815,0.0,0.0,1,0.06584265786469838,0.0,0.001953125,0.08570712406299559,0.0,9.152378717315677E-39,0.13608027976280979,15,15
1775942205952,0.3044709592031681,0.0,1.0,0.9665530127020834,0.0,0.0,0,0.07031151496463574,0.6218905472636815,0.001953125,0.0856091187001077,0.0,7.321902973852542E-39,0.1362116144724841,13,15
1775942206377,0.3049952846057437,0.033671751485073696,0.37873530596616367,0.9668237863540456,0.0,0.0,1,0.06993854147118658,0.0,0.001953125,0.08557670362625985,0.0,5.857522379082034E-39,0.13619091047271625,15,15
1775942206779,0.30365391754371296,0.015873015873015876,0.3815974675246936,0.967092276709275,0.0,0.0,1,0.07056893914631655,0.0,0.001953125,0.08554441450766463,0.0,4.686017903265627E-39,0.13617021276595742,15,15
1775942207174,0.3034441679845099,0.011223917161691232,0.38445908391686734,0.9673585026499355,0.0,0.0,1,0.06956953851907106,0.0,0.001953125,0.08551225090508799,0.0,3.748814322612502E-39,0.136149521349339,15,15
1775942207576,0.3031418465538136,0.011223917161691232,0.3873198252724022,0.96762248292029,0.0,0.0,1,0.07012472592498079,0.0,0.001953125,0.08548021238046163,0.0,2.999051458090002E-39,0.13612883621999394,15,15
1775942207971,0.30237544277169354,0.011223917161691232,0.7724103933762768,0.9678328671767741,0.0,0.0,1,0.0689110823231994,0.3164556962025316,0.001953125,0.08541650881861437,0.0,2.3992411664720015E-39,0.136108157375057,14,15
1775942208381,0.3002676719275429,0.025097441747368093,0.38658795641645893,0.9680933500679548,0.0,0.0,1,0.07003406163325825,0.0,0.001953125,0.08538507855123206,0.0,1.9193929331776013E-39,0.13608748481166466,15,15
1775942208779,0.30105471932512956,0.03549314249999667,0.3909763067196912,0.9683514314975049,0.0,0.0,1,0.06910592733937908,0.0,0.001953125,0.08535353494588274,0.0,1.535514346542081E-39,0.13606681852695524,15,15
1775942209176,0.30080043445583304,0.033671751485073696,0.3938338229466578,0.9686073330911404,0.0,0.0,1,0.07050762066070437,0.0,0.001953125,0.08532211425001751,0.0,1.228411477233665E-39,0.13604615851806867,15,15
1775942209574,0.29908770318292904,0.04046840883803798,0.3966893861457133,0.9688610729817966,0.0,0.0,1,0.0694242543991933,0.0,0.001953125,0.0852908160325414,0.0,9.827291817869322E-40,0.1360255047821467,15,15
1775942209967,0.30209573691162633,0.033671751485073696,0.39854052269913465,0.9691127960355838,0.0,0.0,1,0.07187656797712505,0.0,0.001953125,0.0852597966360021,0.0,7.861833454295458E-40,0.13600485731633272,15,15
1775942210367,0.3005615253871732,0.022447834323382463,0.7964232632295803,0.9693125718186768,0.0,1.0,1,0.07285501846885686,0.3125,0.001953125,0.08519780734597622,0.0,6.289466763436367E-40,0.135984216117772,15,15
1775942210779,0.29997262111219036,0.011223917161691232,0.4000664350667465,0.9695606474592636,0.0,0.0,1,0.07644981955001835,0.0,0.001953125,0.08516699406709882,0.0,5.031573410749094E-40,0.13596358118361151,15,15
1775942211191,0.3008921236519906,0.022447834323382463,0.40291659671304925,0.9698066249397854,0.0,0.0,1,0.07642496344217534,0.0,0.001953125,0.08513630113153853,0.0,4.025258728599275E-40,0.13594295251099986,15,15
1775942211589,0.3008921236519906,0.015873015873015876,0.4057637678073724,0.9700505217949366,0.0,0.0,1,0.07400588185346733,0.0,0.001953125,0.08510572811516863,0.0,3.2202069828794203E-40,0.13592233009708743,15,15
1775942211989,0.3014810279269734,0.011223917161691232,0.4086076250937727,0.970292355427599,0.0,0.0,1,0.07228887708848533,0.0,0.001953125,0.08507527459502419,0.0,2.5761655863035363E-40,0.13590171393902628,15,15
1775942212397,0.301581331363254,0.03174603174603175,0.8141721657263071,0.9704838502062683,0.0,0.0,1,0.0708397396012338,0.30637254901960786,0.001953125,0.08501472435735831,0.0,2.060932469042829E-40,0.13588110403397025,15,15
1775942212806,0.30125115603718106,0.03549314249999667,0.4089093022184458,0.9707223052608366,0.0,0.0,1,0.06941696996407598,0.0,0.001953125,0.0849846267997118,0.0,1.6487459752342633E-40,0.13586050037907504,15,15
1775942213208,0.30266011399625153,0.025097441747368093,0.41174911783228996,0.9709587410268974,0.0,0.0,1,0.06916444535580141,0.0,0.001953125,0.08495464705803954,0.0,1.3189967801874107E-40,0.13583990297149784,15,15
1775942213609,0.30419432552070463,0.015873015873015876,0.4145849439490355,0.9711931744542028,0.0,0.0,1,0.06780372253322242,0.0,0.001953125,0.08492478471517792,0.0,1.0551974241499286E-40,0.1358193118083978,15,15
1775942214006,0.3052752572232731,0.015873015873015876,0.4174164625091739,0.9714256223635721,0.0,0.0,1,0.070223263187329,0.0,0.001953125,0.08489503935512174,0.0,8.441579393199428E-41,0.1357987268869354,15,15
1775942214399,0.30650569543389267,0.015873015873015876,1.0,0.9715624764212836,0.0,0.0,0,0.06912539673760099,0.6361323155216285,0.001953125,0.08480650102909858,0.0,6.753263514559543E-41,0.13577814820427336,13,15
1775942214834,0.306735567323685,0.022447834323382463,0.41045316562002043,0.9717925380815635,0.0,0.0,1,0.06997914234960889,0.0,0.001953125,0.08477743618522073,0.0,5.402610811647635E-41,0.13575757575757574,15,15
1775942215235,0.3057148786722685,0.0,0.413290848954869,0.9720206467361935,0.0,0.0,1,0.06934351469819781,0.0,0.001953125,0.08474848532154311,0.0,4.322088649318108E-41,0.13588850174216027,15,15
1775942215633,0.3052508442437689,0.03549314249999667,1.0,0.9721552473484958,0.0,0.0,1,0.0713753336296045,0.6281407035175879,0.001953125,0.08466166512845717,0.0,3.4576709194544865E-41,0.13586791881248106,13,15
1775942216059,0.30535114768004956,0.011223917161691232,0.4097002285495695,0.972380639164051,0.0,0.0,1,0.06990173951690352,0.0,0.001953125,0.08463295220301804,0.0,2.7661367355635895E-41,0.1358473421172195,15,15
1775942216452,0.30535114768004956,0.022447834323382463,0.4125389597147578,0.9726041153007597,0.0,0.0,1,0.07219710545138877,0.0,0.001953125,0.0846043521719254,0.0,2.2129093884508716E-41,0.1358267716535433,15,15
1775942216852,0.30948931618308584,0.03174603174603175,0.23279514088106076,0.9728455362315521,0.0,0.0,1,0.07085290794401168,0.0,0.001953125,0.08458772931672603,0.0,1.7703275107606975E-41,0.13580620741862226,15,15
1775942217261,0.30887460719843285,0.047619047619047616,0.4206544398133435,0.9730649424886177,0.0,0.0,1,0.07191188311029816,0.0,0.001953125,0.08455930791010176,0.0,1.416262008608558E-41,0.13578564940962756,15,15
1775942217667,0.30887460719843285,0.04046840883803798,0.8377738561338615,0.9732380966241444,0.0,0.0,1,0.07039537503714782,0.30788177339901474,0.001953125,0.08450280023898328,0.0,1.1330096068868466E-41,0.13576509762373246,15,15
1775942218093,0.3109823780425836,0.03549314249999667,0.4206581936319062,0.9734544328082798,0.0,0.0,1,0.07102322357364467,0.0,0.001953125,0.08447471419949551,0.0,9.064076855094773E-42,0.13574455205811142,15,15
1775942218491,0.3101027587735036,0.025097441747368093,0.4234845170955495,0.9736689285930072,0.0,0.0,1,0.07002353950512225,0.0,0.001953125,0.08444673778072778,0.0,7.251261484075819E-42,0.13572401270994094,15,15
1775942218889,0.3106800566118872,0.011223917161691232,0.42630041026860643,0.973881600135989,0.0,0.0,1,0.06927362213602857,0.0,0.001953125,0.0844188716150494,0.0,5.801009187260655E-42,0.1357034795763994,15,15
1775942219289,0.3099933126505811,0.025097441747368093,0.4291106986407957,0.9740924629285037,0.0,0.0,1,0.06942030305129937,0.0,0.001953125,0.0843911153067166,0.0,4.6408073498085245E-42,0.13568295265466646,15,15
1775942219698,0.31195040893857845,0.03174603174603175,0.8526643062307974,0.9742585745190901,0.0,0.0,1,0.06858098320888613,0.3056234718826406,0.001953125,0.08433613446759586,0.0,3.71264587984682E-42,0.13566243194192373,15,15
1775942220111,0.31263715289988453,0.022447834323382463,0.42892676913904637,0.9744664882822434,0.0,0.0,1,0.06803065136273581,0.0,0.001953125,0.08430870446871111,0.0,2.970116703877456E-42,0.1356419174353546,15,15
1775942220514,0.31263715289988453,0.011223917161691232,0.43173154094074956,0.9746726322727082,0.0,0.0,1,0.06638361100133154,0.0,0.001953125,0.08428138275945782,0.0,2.376093363101965E-42,0.13562140913214393,15,15
1775942220911,0.3127297247713777,0.022447834323382463,0.434530117316371,0.9748770215633854,0.0,0.0,1,0.06567120068989979,0.0,0.001953125,0.08425416894977554,0.0,1.900874690481572E-42,0.13560090702947847,15,15
1775942221322,0.3136299876559244,0.015873015873015876,0.4373221969878642,0.9750796711082547,0.0,0.0,1,0.06595291189428222,0.0,0.001953125,0.08422706265074024,0.0,1.520699752385258E-42,0.13558041112454655,15,15
1775942221724,0.3133276662252281,0.025097441747368093,0.8703914167697482,0.975238690885934,0.0,0.0,1,0.06590780608879453,0.31094527363184077,0.001953125,0.08417317103458971,0.0,1.2165598019082064E-42,0.13555992141453832,15,15
1775942222143,0.31244804695614814,0.04046840883803798,0.43689807717147894,0.9754385133661099,0.0,0.0,1,0.06607094520195023,0.0,0.001953125,0.08414638494529786,0.0,9.732478415265653E-43,0.13553943789664546,15,15
1775942222543,0.3120743961097259,0.03174603174603175,0.4396844120680597,0.9756366336232403,0.0,0.0,1,0.0658447490155702,0.0,0.001953125,0.08411970482229718,0.0,7.785982732212522E-43,0.13551896056806167,15,15
1775942222942,0.30932407108862475,0.03174603174603175,0.4424637011457833,0.9758330662044412,0.0,0.0,1,0.07054843112802552,0.0,0.001953125,0.08409313028232782,0.0,6.228786185770017E-43,0.13549848942598186,15,15
1775942223357,0.3086013077112153,0.0,1.0,0.9759462151471393,0.0,0.0,0,0.06943237277248424,0.6024096385542169,0.001953125,0.08401403634493392,0.0,4.983028948616014E-43,0.1356290590545235,13,15
1775942223792,0.31205273225294555,0.5371087084345597,0.0,0.9761810100043897,0.0,0.0,1,0.06889610323601415,0.0,0.001953125,0.08401403634493392,0.0,3.986423158892811E-43,0.13560857746904253,15,15
1775942224202,0.31567649520760954,0.4603174603174603,0.0,0.9764135682253269,0.0,0.0,1,0.0681077569057369,0.0,0.001953125,0.08401403634493392,0.0,3.1891385271142493E-43,0.135588102068549,15,15
1775942224596,0.31567649520760954,0.5221233080443978,0.4537449582108312,0.976603381908469,0.0,0.0,1,0.0666008664975807,0.0,0.001953125,0.08398788032704975,0.0,2.5513108216913995E-43,0.13556763285024154,15,15
1775942225003,0.31638377606375573,0.03549314249999667,0.454678848235807,0.9767917399941712,0.0,0.0,1,0.06657280613511954,0.0,0.001953125,0.08396202034967042,0.0,2.0410486573531197E-43,0.13554716981132076,15,15
1775942225403,0.3171065394411653,0.0,0.9061033206738652,0.976938549705586,0.0,0.0,1,0.06619394698526994,0.3125,0.001953125,0.08391041504727016,0.0,1.6328389258824959E-43,0.13567763356474494,15,15
1775942225830,0.31806091196427083,0.025097441747368093,0.45375313606253986,0.9771242916974039,0.0,0.0,1,0.06577579312853168,0.0,0.001953125,0.08388486138674758,0.0,1.3062711407059968E-43,0.13565716010261053,15,15
1775942226226,0.31733814858686127,0.025097441747368093,1.0,0.9772297542705288,0.0,0.0,1,0.06568206108939939,0.6313131313131313,0.001953125,0.08380823483357132,0.0,1.0450169125647974E-43,0.13563669281834645,13,15
1775942226674,0.3175394610203498,0.011223917161691232,0.44841417143915124,0.9774133267183605,0.0,0.0,1,0.06937629884930867,0.0,0.001953125,0.08378289530743187,0.0,8.36013530051838E-44,0.1356162317091567,15,15
1775942227076,0.3177117994332835,0.011223917161691232,0.4511693604658722,0.9775953320990602,0.0,0.0,1,0.07024024802126615,0.0,0.001953125,0.08375765649493615,0.0,6.688108240414704E-44,0.13559577677224732,15,15
1775942227480,0.317510486999795,0.03174603174603175,0.45391631035849417,0.9777757839005942,0.0,0.0,1,0.07056686373906089,0.0,0.001953125,0.08373251802846192,0.0,5.350486592331764E-44,0.13557532800482586,15,15
1775942227879,0.31684639336199255,0.022447834323382463,0.45665474252587135,0.9779546955015982,0.0,0.0,1,0.06931783041630132,0.0,0.001953125,0.08370747954149632,0.0,4.280389273865411E-44,0.13555488540410132,15,15
1775942228281,0.3173104277904922,0.03549314249999667,0.9063680291178996,0.9780941832226784,0.0,0.0,1,0.07025956320286861,0.31094527363184077,0.001953125,0.08365788590883703,0.0,3.4243114190923293E-44,0.13553444896728484,15,15
1775942228702,0.31754029968028447,0.033671751485073696,0.4557139673946796,0.9782706061490222,0.0,0.0,1,0.06872741483269673,0.0,0.001953125,0.0836331443538716,0.0,2.739449135273864E-44,0.13551401869158874,15,15
1775942229113,0.31519288782816585,0.011223917161691232,0.4584466589522336,0.978445522290709,0.0,0.0,1,0.0679444910119406,0.0,0.001953125,0.08360850132695126,0.0,2.1915593082190911E-44,0.1354935945742276,15,15
1775942229511,0.31585107233316806,0.011223917161691232,0.46117037952795886,0.9786189446537007,0.0,0.0,1,0.06709009370275137,0.0,0.001953125,0.08358395646707263,0.0,1.753247446575273E-44,0.1354731766124171,15,15
1775942229913,0.3149630159383735,0.03174603174603175,0.4638848605215907,0.9787908861377371,0.0,0.0,1,0.0664369579726424,0.0,0.001953125,0.08355950941433257,0.0,1.4025979572602185E-44,0.13545276480337498,15,15
1775942230316,0.3149630159383735,0.022447834323382463,0.9204450177789827,0.9789245459458379,0.0,0.0,1,0.06590766018480959,0.31017369727047145,0.001953125,0.08351108811179551,0.0,1.122078365808175E-44,0.1354323591443206,15,15
1775942230728,0.31519288782816585,0.011223917161691232,0.4608551302195884,0.9790942513148513,0.0,0.0,1,0.06571337490428283,0.0,0.001953125,0.08348711235639374,0.0,8.9766269264654E-45,0.13541195963247477,15,15
1775942231129,0.31653425489019654,0.03174603174603175,0.46546130172875544,0.9792623556904709,0.0,0.0,1,0.06515693823547104,0.0,0.001953125,0.08346305221533613,0.0,7.18130154117232E-45,0.13539156626506021,15,15
1775942231546,0.316735567323685,0.033671751485073696,0.4681663089347504,0.9794290234469933,0.0,0.0,1,0.06458968302453386,0.0,0.001953125,0.08343908724213872,0.0,5.745041232937856E-45,0.1353711790393013,15,15
1775942231945,0.3147298504639934,0.011223917161691232,0.4708556917282856,0.9795942674727586,0.0,0.0,1,0.0645710930739189,0.0,0.001953125,0.08341521794655352,0.0,4.5960329863502847E-45,0.135350797952424,15,15
1775942232346,0.3154111053584349,0.03549314249999667,0.9339995054701322,0.9797223403466561,0.0,0.0,1,0.06625651328291728,0.31172069825436405,0.001953125,0.08336794263092034,0.0,3.676826389080228E-45,0.13533042300165588,15,15
1775942232760,0.3155315311253048,0.033671751485073696,0.469490720802887,0.9798852958517477,0.0,0.0,1,0.06569283572339103,0.0,0.001953125,0.08334435747127622,0.0,2.941461111264183E-45,0.13531005418422637,15,15
1775942233176,0.3155315311253048,0.015873015873015876,0.47217512880898976,0.9800468585509307,0.0,0.0,1,0.06461011810504114,0.0,0.001953125,0.08332086659004896,0.0,2.3531688890113464E-45,0.13528969149736647,15,15
1775942233573,0.31607738281868275,0.022447834323382463,0.4729054701540338,0.9802071867936774,0.0,0.0,1,0.06477013578210661,0.0,0.001953125,0.08329764572748288,0.0,1.8825351112090773E-45,0.13526933493830873,15,15
1775942233973,0.31584751092889046,0.022447834323382463,0.4775412032889168,0.9803659978982325,0.0,0.0,1,0.06615718432437442,0.0,0.001953125,0.0832743415794268,0.0,1.506028088967262E-45,0.13524898450428768,15,15
1775942234382,0.31630438300040425,0.011223917161691232,0.9489190505037216,0.9804885725850195,0.0,0.0,1,0.06622987310876981,0.3056234718826406,0.001953125,0.08322801266207447,0.0,1.2048224711738096E-45,0.1352286401925391,15,15
1775942234808,0.3165056954338927,0.015873015873015876,0.47594023306748817,0.9806451915447838,0.0,1.0,1,0.06610084893599819,0.0,0.001953125,0.08320498720438621,0.0,9.638579769390477E-46,0.13520830200030076,15,15
1775942235215,0.3159598437405147,0.011223917161691232,0.47859942194417454,0.9808004715068763,0.0,0.0,1,0.06593164646248212,0.0,0.001953125,0.08318205395688455,0.0,7.710863815512382E-46,0.13518796992481208,15,15
1775942235609,0.31449997857420103,0.025097441747368093,0.4812477287871487,0.9809544241165534,0.0,0.0,1,0.0658685646691498,0.0,0.001953125,0.08315921257805459,0.0,6.168691052409906E-46,0.13516764396331382,15,15
1775942236010,0.31501438412257343,0.03174603174603175,0.48388491656180865,0.981107060922017,0.0,0.0,1,0.06511882547238941,0.0,0.001953125,0.08313646272745077,0.0,4.9349528419279245E-46,0.13514732411304875,15,15
1775942236412,0.31455751205105964,0.025097441747368093,0.961282236423395,0.9812245148508724,0.0,0.0,1,0.06467154315367876,0.31094527363184077,0.001953125,0.08309123625447415,0.0,3.9479622735423395E-46,0.13512701037126107,15,15
1775942236829,0.3130343415407021,0.011223917161691232,0.48208132304225265,0.9813750498964803,0.0,0.0,1,0.06439695326790089,0.0,0.001953125,0.08306875895653956,0.0,3.1583698188338716E-46,0.13510670273519687,15,15
1775942237238,0.30820092155686324,0.0,0.48471494924583464,0.9815242977078377,0.0,0.0,1,0.06361216326662192,0.0,0.001953125,0.08304637183570376,0.0,2.5266958550670975E-46,0.13523666416228397,15,15
1775942237641,0.3095829169989719,0.015873015873015876,1.0,0.9816059866363959,0.0,0.0,1,0.06281992453034017,0.6203473945409429,0.001953125,0.08297974818980389,0.0,2.021356684053678E-46,0.13521634615384615,13,15
1775942238076,0.308657793628377,0.015873015873015876,0.47598805198985983,0.9817536636800677,0.0,0.0,1,0.06536804138394056,0.0,0.001953125,0.08295771843666039,0.0,1.6170853472429424E-46,0.13519603424966198,15,15
1775942238477,0.3095772961681772,0.033671751485073696,0.4766780623308951,0.9819002120700671,0.0,1.0,1,0.06535608409761623,0.0,0.001953125,0.08293594192629325,0.0,1.293668277794354E-46,0.1351757284469811,15,15
1775942238882,0.3095772961681772,0.033671751485073696,0.4813240367145945,0.9820453689020895,0.0,0.0,1,0.07304486054429339,0.0,0.001953125,0.08291408813552305,0.0,1.0349346222354833E-46,0.13515542874305453,15,15
1775942239284,0.3087153271052356,0.0,1.0,0.9821249161375755,0.0,0.0,1,0.07171380249717887,0.6218905472636815,0.001953125,0.08284905259232701,0.0,8.279476977883867E-47,0.13528528528528527,13,15
1775942239716,0.3077958245654354,0.015873015873015876,0.47278316980446156,0.9822685413527678,0.0,0.0,1,0.07368719340058137,0.0,0.001953125,0.08282754826519782,0.0,6.623581582307094E-47,0.13526497522894465,15,15
1775942240117,0.3110198493418242,0.011223917161691232,0.47545489302589167,0.9824109350918414,0.0,0.0,1,0.07232285767206482,0.0,0.001953125,0.08280613048975788,0.0,5.298865265845675E-47,0.13524467126988893,15,15
1775942240521,0.3107655644725277,0.022447834323382463,0.478116019914142,0.9825521081330169,0.0,0.0,1,0.07186170222242534,0.0,0.001953125,0.08278479894239911,0.0,4.2390922126765404E-47,0.13522437340537297,15,15
1775942240921,0.31146081595333025,0.0,0.4807663081944412,0.9826920711634385,0.0,0.0,1,0.07151048804972844,0.0,0.001953125,0.08276355330055013,0.0,3.3912737701412326E-47,0.1353541416566627,15,15
1775942241318,0.3106737685557436,0.0,1.0,0.9827686327104453,0.0,0.0,1,0.07050440286175176,0.6297229219143576,0.001953125,0.08270032859785537,0.0,2.7130190161129864E-47,0.13548387096774195,13,15
1775942241750,0.3116281410788491,0.022447834323382463,0.4722558648904052,0.9829071192574572,0.0,0.0,1,0.06966280724234057,0.0,0.001953125,0.08267942337299442,0.0,2.1704152128903893E-47,0.13546354635463542,15,15
1775942242153,0.3113860626993047,0.025097441747368093,0.474929638400378,0.9830444171540849,0.0,0.0,1,0.0683863478039848,0.0,0.001953125,0.08265860245626598,0.0,1.7363321703123116E-47,0.13544322783860807,15,15
1775942242566,0.31193191439268264,0.011223917161691232,0.47561835168572486,0.9831806644518686,0.0,0.0,1,0.06785993010589773,0.0,0.001953125,0.08263802099896726,0.0,1.3890657362498494E-47,0.13542291541691664,15,15
1775942242975,0.3107278781943025,0.011223917161691232,0.4782788119354467,0.9833157420173951,0.0,0.0,1,0.06745300176833649,0.0,0.001953125,0.08261752253338085,0.0,1.1112525889998795E-47,0.13540260908681956,15,15
1775942243372,0.30639683438349224,0.011223917161691232,0.9543035900942759,0.9834194018378838,0.0,1.0,1,0.06761714165531824,0.3148614609571788,0.001953125,0.08257646305396536,0.0,8.890020711999037E-48,0.13538230884557723,14,15
1775942243793,0.3053761457320758,0.011223917161691232,0.47661647214625635,0.983552613339451,0.0,0.0,1,0.06813679361053747,0.0,0.001953125,0.08255621168502926,0.0,7.11201656959923E-48,0.13536201469045117,15,15
1775942244207,0.3032469861631006,0.03549314249999667,1.0,0.9836253201191099,0.0,0.0,1,0.07177593108875979,0.6038647342995169,0.001953125,0.08249548657222197,0.0,5.689613255679385E-48,0.13534172661870503,13,15
1775942244637,0.3028587168554467,0.04046840883803798,0.47024939173967223,0.9837569981865818,0.0,0.0,1,0.07083269259571848,0.0,0.001953125,0.08247540829147276,0.0,4.551690604543508E-48,0.13532144462760376,15,15
1775942245038,0.3024153260424138,0.03174603174603175,0.47293088154373886,0.9838875442781709,0.0,1.0,1,0.06899677857847054,0.0,0.001953125,0.08245541120947485,0.0,3.641352483634807E-48,0.1353011687144141,15,15
1775942245444,0.3045365781450453,0.015873015873015876,0.4736057819138709,0.9840170917344329,0.0,0.0,1,0.07164206711133435,0.0,0.001953125,0.08243564575698574,0.0,2.913081986907846E-48,0.1352808988764045,15,15
1775942245838,0.3033808931884513,0.011223917161691232,0.47829170409968785,0.9841454018703192,0.0,0.0,1,0.0705744303738922,0.0,0.001953125,0.08241580948335125,0.0,2.3304655895262768E-48,0.13526063511084485,15,15
1775942246248,0.3077119369992615,0.015873015873015876,0.7416585184507524,0.9842567427481235,0.0,0.0,1,0.07577971499947192,0.3048780487804878,0.001953125,0.08238477995068283,0.0,1.8643724716210216E-48,0.13524037741500672,15,15
1775942246656,0.3102837422719118,0.011223917161691232,0.26790357031706213,0.9843957950753407,0.0,0.0,1,0.07703441198640053,0.0,0.001953125,0.08237340333077289,0.0,1.4914979772968173E-48,0.1352201257861635,15,15
1775942247064,0.30880504434623063,0.022447834323382463,0.4854979898543544,0.9845208711236706,0.0,0.0,1,0.07476416903790062,0.0,0.001953125,0.08235381984054499,0.0,1.193198381837454E-48,0.13519988022159002,15,15
1775942247485,0.3124288073008946,0.537928990566049,0.0,0.9846732760714577,0.0,0.0,1,0.07710791465331591,0.0,0.001953125,0.08235381984054499,0.0,9.545587054699632E-49,0.13517964071856292,15,15
1775942247884,0.31257948185704804,0.5322788138764195,0.4979788146800011,0.9847957963174611,0.0,0.0,1,0.07554140345540385,0.0,0.001953125,0.0823343156756599,0.0,7.636469643759706E-49,0.13515940727436015,15,15
1775942248290,0.313789138886223,0.011223917161691232,0.9887273114597219,0.9848891381191269,0.0,0.0,1,0.07300158438615334,0.30788177339901474,0.001953125,0.08229554412242288,0.0,6.109175715007765E-49,0.13513917988626156,15,15
1775942248706,0.317412901840887,0.025097441747368093,0.4944759607127532,0.9850100506235283,0.0,0.0,1,0.0729328100465581,0.0,0.001953125,0.08227636681830902,0.0,4.8873405720062124E-49,0.13511895855154865,15,15
1775942249106,0.317082726514814,0.015873015873015876,0.498298461170152,0.9851298552034536,0.0,0.0,1,0.07176534454354683,0.0,0.001953125,0.08225717655697562,0.0,3.90987245760497E-49,0.13509874326750448,15,15
1775942249506,0.3148410965682367,0.011223917161691232,0.4987447124539658,0.9852487504454132,0.0,0.0,1,0.07082095887153898,0.0,0.001953125,0.08223820891095253,0.0,3.1278979660839764E-49,0.13507853403141357,15,15
1775942249908,0.3160715347788563,0.011223917161691232,0.5013013365487055,0.9853666255929582,0.0,0.0,1,0.0708890474675378,0.0,0.001953125,0.08221931816671571,0.0,2.5023183728671814E-49,0.1350583308405624,15,15
1775942250309,0.3160715347788563,0.033671751485073696,0.9994078133985441,0.985456055126144,0.0,0.0,1,0.08448000180896989,0.31172069825436405,0.001953125,0.08218147727650349,0.0,2.001854698293745E-49,0.13503813369223872,15,15
1775942250721,0.31229709726803895,0.011223917161691232,0.5010095874303785,0.9855722024939996,0.0,0.0,1,0.09643695172464498,0.0,0.001953125,0.08216267197804623,0.0,1.6014837586349962E-49,0.135017942583732,15,15
1775942251119,0.31229709726803895,0.0,0.5035548895663156,0.9856873537453233,0.0,0.0,1,0.09169705516874958,0.0,0.001953125,0.08214394305525322,0.0,1.281187006907997E-49,0.1351472566900882,15,15
1775942251518,0.3138202677783964,0.03549314249999667,1.0,0.9857481949230426,0.0,0.0,0,0.08896535545554309,0.6265664160401002,0.001953125,0.08208835260207792,0.0,1.0249496055263976E-49,0.13512705530642755,13,15
1775942251958,0.31560502565346,0.04046840883803798,0.4937946635179888,0.985862165083145,0.0,0.0,1,0.08546261231870017,0.0,0.001953125,0.08206992565919859,0.0,8.199596844211181E-50,0.1351068599611418,15,15
1775942252360,0.31520006622801017,0.03549314249999667,0.49424984486651674,0.9859752706289602,0.0,0.0,1,0.08291140448925986,0.0,0.001953125,0.0820517139893511,0.0,6.559677475368945E-50,0.13508667065152424,15,15
1775942252768,0.315643457041043,0.015873015873015876,0.4989754753665222,0.9860872902497971,0.0,0.0,1,0.08078314286125424,0.0,0.001953125,0.08203343600730441,0.0,5.2477419802951565E-50,0.13506648737486926,15,15
1775942253164,0.31633020100234915,0.025097441747368093,0.49937289097292537,0.9861984619836432,0.0,0.0,1,0.08136188319379485,0.0,0.001953125,0.0820153721102353,0.0,4.1981935842361255E-50,0.13504631012847323,15,15
1775942253574,0.31633020100234915,0.03549314249999667,0.9957033639110262,0.9862826835834215,0.0,0.0,1,0.0784067047767626,0.3048780487804878,0.001953125,0.08197918561233829,0.0,3.3585548673889006E-50,0.1350261389096341,15,15
1775942253993,0.3148070304919916,0.011223917161691232,0.4991710492777751,0.9863922237303993,0.0,0.0,1,0.07606976242431525,0.0,0.001953125,0.08196120278931347,0.0,2.6868438939111205E-50,0.13500597371565115,15,15
1775942254406,0.31500834292548013,0.03174603174603175,0.5017255397813389,0.9865008234250803,0.0,0.0,1,0.07499860376298727,0.0,0.001953125,0.0819432932088175,0.0,2.1494751151288966E-50,0.13498581454382563,15,15
1775942254805,0.31500834292548013,0.022447834323382463,0.5042672052280583,0.9866084910007167,0.0,0.0,1,0.07330825579324032,0.0,0.001953125,0.08192545659096706,0.0,1.7195800921031173E-50,0.13496566139146016,15,15
1775942255212,0.3141202865306855,0.025097441747368093,0.506795850907805,0.9867152347178382,0.0,0.0,1,0.07204209262032932,0.0,0.001953125,0.08190769265682138,0.0,1.375664073682494E-50,0.1349455142558591,15,15
1775942255618,0.31424071229755535,0.03549314249999667,1.0,0.9867959308411676,0.0,0.0,1,0.07092229003341666,0.30788177339901474,0.001953125,0.08187238172858202,0.0,1.1005312589459951E-50,0.1349253731343284,15,15
1775942256033,0.3145252459561354,0.03549314249999667,0.502041577832647,0.9869013309897917,0.0,0.0,1,0.07258815941885978,0.0,0.001953125,0.08185496899095415,0.0,8.804250071567961E-51,0.13490523802417553,15,15
1775942256433,0.3145252459561354,0.033671751485073696,0.5067839278252269,0.987005716602985,0.0,0.0,1,0.07185781729573772,0.0,0.001953125,0.08183749241900605,0.0,7.043400057254369E-51,0.13488510892270966,15,15
1775942256836,0.3136001225855405,0.0,0.5092994210737267,0.987109206570085,0.0,0.0,1,0.07057012721371843,0.0,0.001953125,0.08182008715275244,0.0,5.634720045803495E-51,0.1350141727584664,15,15
1775942257247,0.31198756555743273,0.011223917161691232,1.0,0.9871628851548264,0.0,0.0,1,0.06960122557417085,0.6082725060827251,0.001953125,0.08176829645936999,0.0,4.507776036642797E-51,0.13499403341288785,13,15
1775942257673,0.3087635407810439,0.011223917161691232,0.4991729666307479,0.9872653290374549,0.0,0.0,1,0.07020014642976986,0.0,0.001953125,0.08175117369173239,0.0,3.606220829314238E-51,0.13497390007457122,15,15
1775942258069,0.30887298690396636,0.011223917161691232,0.5017274305557154,0.9873668927680308,0.0,0.0,1,0.07150191888200119,0.0,0.001953125,0.08173412087232709,0.0,2.88497666345139E-51,0.1349537727408291,15,15
1775942258465,0.30887298690396636,0.011223917161691232,0.5042690690925999,0.9874675841674291,0.0,0.0,1,0.06981483703840227,0.0,0.001953125,0.08171713773242506,0.0,2.3079813307611122E-51,0.13493365140897573,15,15
1775942258874,0.3064014850675967,0.04046840883803798,1.0,0.9875199128002822,0.0,0.0,1,0.06934332185258306,0.6112469437652812,0.001953125,0.08166660371617264,0.0,1.84638506460889E-51,0.13491353607632672,13,15
1775942259309,0.30676521605981566,0.022447834323382463,0.49228698870253146,0.9876196869663556,0.0,0.0,1,0.06796093357878383,0.0,0.001953125,0.08165002496039528,0.0,1.477108051687112E-51,0.13489342674019977,15,15
1775942259704,0.30587715966502105,0.022447834323382463,0.49704592285819954,0.9877184989264787,0.0,0.0,1,0.06675932352229119,0.0,0.001953125,0.0816333856453463,0.0,1.1816864413496896E-51,0.13487332339791358,15,15
1775942260120,0.3049605242290593,0.04046840883803798,0.49961085540542244,0.9878164613421838,0.0,0.0,1,0.06955579041586381,0.0,0.001953125,0.08161681441909177,0.0,9.453491530797517E-52,0.13485322604678884,15,15
1775942260527,0.3049605242290593,0.025097441747368093,0.5021631275991196,0.9879135817748237,0.0,0.0,1,0.06995354041306709,0.0,0.001953125,0.08160031101925576,0.0,7.562793224638015E-52,0.13483313468414782,15,15
1775942260925,0.306627190895726,0.025097441747368093,0.9934838609749111,0.9879870252602264,0.0,0.0,1,0.07031318775283009,0.31407035175879394,0.001953125,0.08156770935155425,0.0,6.050234579710412E-52,0.1348130493073142,14,15
1775942261335,0.30572692801117934,0.022447834323382463,0.49760718482442545,0.9880829228465071,0.0,0.0,1,0.06975470506837671,0.0,0.001953125,0.08155153302106852,0.0,4.8401876637683304E-52,0.13479296991361334,15,15
1775942261739,0.3083765462421187,0.03549314249999667,0.5023856450220594,0.9881778939297886,0.0,0.0,1,0.07006512781826477,0.0,0.001953125,0.08153529685268524,0.0,3.8721501310146646E-52,0.13477289650037227,15,15
1775942262138,0.30714610803149905,0.033671751485073696,0.504923918479347,0.9882720488576088,0.0,0.0,1,0.06913744267569066,0.0,0.001953125,0.08151912721874105,0.0,3.097720104811732E-52,0.1347528290649196,15,15
1775942262539,0.30735585759070216,0.03549314249999667,0.5074491221617732,0.9883653949012625,0.0,0.0,1,0.07023981048600426,0.0,0.001953125,0.08150302386219922,0.0,2.4781760838493857E-52,0.1347327676045854,15,15
1775942262943,0.31057988236709105,0.04046840883803798,1.0,0.9884357605373798,0.0,0.0,1,0.07017041299605534,0.3094059405940594,0.001953125,0.0814712137166767,0.0,1.9825408670795087E-52,0.13471271211670144,15,15
1775942263359,0.31057988236709105,0.015873015873015876,0.5049050640014648,0.9885278379746869,0.0,0.0,1,0.07127705541650917,0.0,0.001953125,0.0814553067676203,0.0,1.586032693663607E-52,0.13469266259860102,15,15
1775942263766,0.31057988236709105,0.03174603174603175,0.5074303592202624,0.988619124250027,0.0,0.0,1,0.07116425562016576,0.0,0.001953125,0.0814394650805812,0.0,1.2688261549308858E-52,0.13467261904761907,15,15
1775942264164,0.3127090419360662,0.022447834323382463,0.5099423975506946,0.9887096264180142,0.0,0.0,1,0.07086496337988894,0.0,0.001953125,0.08142368840291613,0.0,1.0150609239447088E-52,0.13465258146109205,15,15
1775942264568,0.3097010082073688,0.0,0.5124409955234226,0.9887993514707172,0.0,0.0,1,0.06905438791285208,0.0,0.001953125,0.0814079764828572,0.0,8.12048739155767E-53,0.13478131508479618,15,15
1775942264965,0.30546253626805187,0.033671751485073696,1.0,0.9888450418167547,0.0,0.0,1,0.06822857951821706,0.6297229219143576,0.001953125,0.08136122676371974,0.0,6.496389913246136E-53,0.13476126729138782,13,15
1775942265400,0.31023581888665114,0.5335789306022735,0.0,0.9889553453322945,0.0,0.0,1,0.06938241851545973,0.0,0.001953125,0.08136122676371974,0.0,5.197111930596909E-53,0.13474122546103506,15,15
1775942265805,0.31023581888665114,0.5232079277412544,0.5100007267953774,0.9890431913401638,0.0,0.0,1,0.0685516359443614,0.0,0.001953125,0.08134589137782688,0.0,4.157689544477528E-53,0.13472118959107804,15,15
1775942266209,0.3124774488332285,0.011223917161691232,0.5147921934428001,0.9891301864173621,0.0,0.0,1,0.06975827520995649,0.0,0.001953125,0.08133049896247768,0.0,3.3261516355820226E-53,0.1347011596788582,15,15
1775942266611,0.30981307168908495,0.015873015873015876,0.5172641222316682,0.9892164348966077,0.0,1.0,1,0.0701355608026206,0.0,0.001953125,0.08131516981473817,0.0,2.660921308465618E-53,0.13468113572171847,15,15
1775942267015,0.31285638229697366,0.015873015873015876,1.0,0.9892809411970664,0.0,0.0,1,0.0692389916493115,0.3094059405940594,0.001953125,0.08128477113165604,0.0,2.1287370467724946E-53,0.13466111771700362,15,15
1775942267439,0.31285638229697366,0.03549314249999667,0.5143380215951769,0.989366026988913,0.0,0.0,1,0.06872425414919685,0.0,0.001953125,0.0812696299969686,0.0,1.702989637417996E-53,0.13464110566205978,15,15
1775942267845,0.31231053060359565,0.025097441747368093,0.5168124796751555,0.9894503824717769,0.0,0.0,1,0.06758572683000416,0.0,0.001953125,0.08125455115357635,0.0,1.3623917099343967E-53,0.13462109955423474,15,15
1775942268239,0.3106085870577376,0.03174603174603175,0.5192730166784717,0.9895340141681628,0.0,0.0,1,0.0694464765214144,0.0,0.001953125,0.08123953435917333,0.0,1.0899133679475174E-53,0.13460109939087805,15,15
1775942268635,0.3118671397905628,0.011223917161691232,0.5217194682124615,0.9896169285424171,0.0,0.0,1,0.06800889447892036,0.0,0.001953125,0.08122457937230158,0.0,8.71930694358014E-54,0.1345811051693404,15,15
1775942269038,0.3120178143467162,0.0,1.0,0.9896583480922767,0.0,0.0,1,0.067700905983613,0.6203473945409429,0.001953125,0.08118008285496718,0.0,6.975445554864112E-54,0.13470963909104416,13,15
1775942269466,0.3122720992160127,0.0,0.5108522115777981,0.9897404504043286,0.0,0.0,1,0.07235435463862631,0.0,0.001953125,0.08116537270052204,0.0,5.58035644389129E-54,0.1348381348381349,15,15
1775942269865,0.3139072169245702,0.025097441747368093,0.5133458500068435,0.9898218475905436,0.0,0.0,1,0.07062660693855854,0.0,0.001953125,0.08115072315895919,0.0,4.464285155113033E-54,0.13481811432813662,15,15
1775942270268,0.31326466274761977,0.033671751485073696,0.5158258057953664,0.9899025459570671,0.0,0.0,1,0.07013697261575819,0.0,0.001953125,0.08113613399386109,0.0,3.5714281240904263E-54,0.13479809976247026,15,15
1775942270665,0.3139072169245702,0.011223917161691232,0.5159833159106589,0.9899826415204486,0.0,0.0,1,0.06981183781989699,0.0,0.001953125,0.08112171766604785,0.0,2.857142499272341E-54,0.13477809113848893,15,15
1775942271077,0.31443154232714576,0.03549314249999667,1.0,0.9900422109682692,0.0,0.0,1,0.06816451600587459,0.3033980582524272,0.001953125,0.08109283809387488,0.0,2.2857139994178727E-54,0.1347580884535471,15,15
1775942271488,0.31591024025282693,0.025097441747368093,0.5153433765345775,0.990121141175058,0.0,0.0,1,0.06803835341561397,0.0,0.001953125,0.08107848758630148,0.0,1.8285711995342982E-54,0.13473809170500073,15,15
1775942271901,0.3121358027420096,0.015873015873015876,0.5154941690313141,0.9901994823726228,0.0,0.0,1,0.06735493977984917,0.0,0.001953125,0.08106430747847605,0.0,1.4628569596274387E-54,0.13471810089020775,15,15
1775942272304,0.3157595656966735,0.04046840883803798,0.5202964779138745,0.990277062647271,0.0,0.0,1,0.06758400491184588,0.0,0.001953125,0.08105007513426822,0.0,1.170285567701951E-54,0.13469811600652726,15,15
1775942272714,0.31591496425995225,0.025097441747368093,0.5227433839702991,0.9903539773017255,0.0,0.0,1,0.0674891087248902,0.0,0.001953125,0.08103590106153524,0.0,9.362284541615608E-55,0.13467813705132003,15,15
1775942273114,0.3178720605479496,0.04046840883803798,0.8081406645611636,0.9904196791039378,0.0,0.0,1,0.06828660918223686,0.3125,0.001953125,0.08101378246825491,0.0,7.489827633292486E-55,0.13465816402194863,15,15
1775942273541,0.3194846175760574,0.0,0.28867542794607515,0.9905040578254346,0.0,0.0,1,0.07365216309422341,0.0,0.001953125,0.08100581283328198,0.0,5.991862106633989E-55,0.13478647686832745,15,15
1775942273948,0.3202317817029238,0.015873015873015876,1.0,0.9905411809494397,0.0,0.0,1,0.07238452787441807,0.6142506142506143,0.001953125,0.08096401350323294,0.0,4.793489685307192E-55,0.13476649369903637,13,15
1775942274377,0.32038245625907724,0.015873015873015876,0.5133251604441382,0.9906161663010206,0.0,0.0,1,0.07400401807440979,0.0,0.001953125,0.0809503036266045,0.0,3.834791748245754E-55,0.1347465164541951,15,15
1775942274781,0.32038245625907724,0.011223917161691232,0.5181609615287464,0.990690421675505,0.0,1.0,1,0.07425072840273403,0.0,0.001953125,0.08093654214803223,0.0,3.067833398596603E-55,0.13472654513116944,15,15
1775942275185,0.319724271754075,0.03549314249999667,0.5206137670481817,0.9907640400014959,0.0,0.0,1,0.0731693439210417,0.0,0.001953125,0.08092283756962973,0.0,2.4542667188772828E-55,0.13470657972732658,15,15
1775942275589,0.31793133128071194,0.03549314249999667,0.5230523989111456,0.9908370269869435,0.0,0.0,1,0.07413986093024082,0.0,0.001953125,0.08090918966813615,0.0,1.9634133751018262E-55,0.13468662024003553,15,15
1775942275989,0.3167756463241179,0.03174603174603175,1.0,0.990872818070185,0.0,1.0,1,0.07291754279805528,0.625,0.001953125,0.08086858380441782,0.0,1.570730700081461E-55,0.1346666666666667,13,15
1775942276427,0.3172441248322309,0.015873015873015876,0.5121042266352904,0.9909451012470777,0.0,0.0,1,0.0727365733281822,0.0,0.001953125,0.08085516039382594,0.0,1.256584560065169E-55,0.1346467190045919,15,15
1775942276832,0.31647772105011085,0.033671751485073696,0.5122512864514883,0.991016846692585,0.0,1.0,1,0.07364775762602933,0.0,0.001953125,0.08084189744211713,0.0,1.0052676480521352E-55,0.13462677725118488,15,15
1775942277230,0.31647772105011085,0.033671751485073696,0.5170999789654873,0.9910878928123782,0.0,0.0,1,0.07172610623208502,0.0,0.001953125,0.08082858448710234,0.0,8.042141184417082E-56,0.1346068414038205,15,15
1775942277632,0.3167565442348423,0.0,1.0,0.9911228290279277,0.0,0.0,0,0.0702074153329897,0.6218905472636815,0.001953125,0.0807889755847876,0.0,6.433712947533665E-56,0.13473497186852235,13,15
1775942278058,0.3168491161063356,0.0,0.5065107402798197,0.9911931876944933,0.0,1.0,1,0.07759572835100212,0.0,0.001953125,0.0807758818842852,0.0,5.146970358026932E-56,0.13486306439674312,15,15
1775942278463,0.3153704181806544,0.03549314249999667,0.5067013097850461,0.991263022592099,0.0,0.0,1,0.07554138301583743,0.0,0.001953125,0.0807629450142227,0.0,4.117576286421546E-56,0.13484310242747188,15,15
1775942278869,0.3157005935067274,0.0,0.5092171110104139,0.9913322570173659,0.0,1.0,1,0.07428994225382707,0.0,0.001953125,0.08075006174745435,0.0,3.294061029137237E-56,0.1349711410389226,15,15
1775942279274,0.3157005935067274,0.011223917161691232,1.0,0.9913664333936208,0.0,0.0,1,0.07489415877351674,0.6172839506172839,0.001953125,0.08071152679079016,0.0,2.63524882330979E-56,0.13495116898490678,13,15
1775942279698,0.3155077181989535,0.033671751485073696,0.501375104200537,0.991434913111562,0.0,0.0,1,0.07372769483422012,0.0,0.001953125,0.08069875418431399,0.0,2.108199058647832E-56,0.13493120284065685,15,15
1775942280096,0.3160850160373372,0.011223917161691232,0.5039184023853178,0.9915028037618209,0.0,0.0,1,0.07205504453455805,0.0,0.001953125,0.08068603458719051,0.0,1.6865592469182659E-56,0.13491124260355025,15,15
1775942280505,0.31412791974933985,0.025097441747368093,0.506448705861933,0.9915701106412829,0.0,0.0,1,0.07445932629826021,0.0,0.001953125,0.08067336779009972,0.0,1.3492473975346127E-56,0.13489128827096586,15,15
1775942280902,0.31412791974933985,0.03549314249999667,0.507681465448695,0.9916368819626843,0.0,0.0,1,0.07393233874189527,0.0,0.001953125,0.08066081133916148,0.0,1.0793979180276902E-56,0.134871339840284,15,15
1775942281308,0.3159208602227028,0.0,1.0,0.9916863927944921,0.0,0.0,1,0.07216184607046794,0.30788177339901474,0.001953125,0.08063579684581622,0.0,8.635183344221523E-57,0.13499926068312884,15,15
1775942281719,0.3173298181817733,0.033671751485073696,0.5063539940967419,0.9917522259504582,0.0,0.0,1,0.07071985561043219,0.0,0.001953125,0.08062333865200787,0.0,6.908146675377218E-57,0.13497930218805443,15,15
1775942282123,0.3199941953259169,0.015873015873015876,1.0,0.9917846950352196,0.0,0.0,1,0.0691360484300392,0.6188118811881188,0.001953125,0.0805862738541642,0.0,5.526517340301775E-57,0.13495934959349598,13,15
1775942282550,0.3176321396124696,0.022447834323382463,0.4940963304307409,0.991849964466708,0.0,0.0,1,0.0685794048160053,0.0,0.001953125,0.08057411866974705,0.0,4.42121387224142E-57,0.13493940289683715,15,15
1775942282956,0.3163091295303568,0.011223917161691232,0.49900216155056126,0.9919145951914623,0.0,1.0,1,0.0687367361318835,0.0,0.001953125,0.08056191683330183,0.0,3.5369710977931365E-57,0.13491946209546324,15,15
1775942283356,0.3156665753534063,0.03549314249999667,0.5015573250974965,0.9919786696903692,0.0,0.0,1,0.0673849237509525,0.0,0.001953125,0.080549765749059,0.0,2.8295768782345095E-57,0.13489952718676124,15,15
1775942283760,0.3159208602227028,0.03549314249999667,0.5017493445242708,0.9920422685107703,0.0,0.0,1,0.06615890803358966,0.0,0.001953125,0.08053776151368933,0.0,2.263661502587608E-57,0.13487959816811934,15,15
1775942284162,0.3157547031452863,0.03549314249999667,1.0,0.9920893639287999,0.0,0.0,1,0.0650112495157259,0.31094527363184077,0.001953125,0.08051371043534174,0.0,1.8109292020700865E-57,0.13485967503692764,15,15
1775942284570,0.31509060950748374,0.0,0.5016538178508859,0.9921520342371235,0.0,1.0,1,0.06405695691636809,0.0,0.001953125,0.0805017599264811,0.0,1.4487433616560694E-57,0.13498744646285632,15,15
1775942284973,0.31466786230991756,0.03549314249999667,1.0,0.9921829517738129,0.0,0.0,1,0.064963905465005,0.6203473945409429,0.001953125,0.08046620614435177,0.0,1.1589946893248556E-57,0.13496751329001777,13,15
1775942285400,0.3143557546834729,0.03549314249999667,0.4919717628416862,0.9922450120366056,0.0,0.0,1,0.06387365921063262,0.0,0.001953125,0.08045445347577754,0.0,9.271957514598845E-58,0.1349475860032482,15,15
1775942285805,0.3136484738273267,0.03549314249999667,0.49456080853293855,0.9923065375306268,0.0,0.0,1,0.06335764384345485,0.0,0.001953125,0.08044274977705773,0.0,7.417566011679076E-58,0.134927664599941,15,15
1775942286204,0.31064044009862934,0.015873015873015876,0.4958702364937182,0.9923675725751023,0.0,0.0,1,0.06565588300771634,0.0,0.001953125,0.08043114832661652,0.0,5.934052809343261E-58,0.1349077490774908,15,15
1775942286609,0.3094364039002491,0.04046840883803798,0.4997209862468631,0.9924280423727134,0.0,1.0,1,0.06652195091153647,0.0,0.001953125,0.08041954174230408,0.0,4.747242247474609E-58,0.13488783943329397,15,15
1775942287009,0.3078238468721413,0.033671751485073696,0.9898216028540869,0.9924729508306641,0.0,1.0,1,0.0659872747947058,0.3125,0.001953125,0.08039656518877975,0.0,3.797793797979688E-58,0.13486793566474842,15,15
1775942287422,0.3037951244920274,0.033671751485073696,0.49742573193522865,0.9925326078506869,0.0,0.0,1,0.06455378240253203,0.0,0.001953125,0.0803851027824118,0.0,3.0382350383837504E-58,0.13484803776925347,15,15
1775942287828,0.3037951244920274,0.011223917161691232,1.0,0.9925620467397437,0.0,0.0,1,0.06355937128461393,0.6157635467980295,0.001953125,0.080351001694929,0.0,2.4305880307070006E-58,0.1348281457442101,13,15
1775942288259,0.2993781328042597,0.03549314249999667,0.4879858889602184,0.9926211223252085,0.0,0.0,1,0.06398848681224736,0.0,0.001953125,0.08033972941053323,0.0,1.9444704245656005E-58,0.1348082595870207,15,15
1775942288661,0.29869138884295354,0.04046840883803798,0.4905932542653775,0.9926796884539701,0.0,0.0,1,0.06383332878296127,0.0,0.001953125,0.08032850418403972,0.0,1.5555763396524805E-58,0.13478837929508924,15,15
1775942289065,0.29869138884295354,0.015873015873015876,0.49318869028814405,0.9927377497282619,0.0,0.0,1,0.06434252259682818,0.0,0.001953125,0.08031732582780016,0.0,1.2444610717219844E-58,0.13476850486582126,15,15
1775942289470,0.2994036829865147,0.022447834323382463,0.27283464880403824,0.9928018781892564,0.0,0.0,1,0.06549240777735968,0.0,0.001953125,0.08031102244271912,0.0,9.955688573775876E-59,0.13474863629662392,15,15
1775942289873,0.3008126409455851,0.03549314249999667,0.9909791574585987,0.9928444318156356,0.0,0.0,1,0.06543884748482359,0.31017369727047145,0.001953125,0.0802888584764657,0.0,7.9645508590207015E-59,0.13472877358490565,15,15
1775942290308,0.29987710118184707,0.025097441747368093,0.49682600280449724,0.992901123432388,0.0,0.0,1,0.06425882086507494,0.0,0.001953125,0.08027784589357312,0.0,6.3716406872165616E-59,0.1347089167280766,15,15
1775942290719,0.29987710118184707,0.03549314249999667,0.4970334321708065,0.9929573949176623,0.0,0.0,1,0.06671676775524787,0.0,0.001953125,0.08026696693117731,0.0,5.097312549773249E-59,0.13468906572354844,15,15
1775942291115,0.300240832174066,0.011223917161691232,0.4995982265946515,0.993013181596732,0.0,0.0,1,0.06765216759666404,0.0,0.001953125,0.08025613341285867,0.0,4.0778500398186E-59,0.13466922056873432,15,15
1775942291512,0.3019427757199241,0.025097441747368093,0.5032672712259256,0.9930684562493826,0.0,0.0,1,0.06724204690462002,0.0,0.001953125,0.08024530728129135,0.0,3.26228003185488E-59,0.13464938126104886,15,15
1775942291914,0.3031345026154487,0.03549314249999667,1.0,0.9931092260901434,0.0,0.0,1,0.0664356078968542,0.31094527363184077,0.001708984375,0.0802236913550859,0.0,2.6098240254839044E-59,0.13462954779790837,15,15
1775942292334,0.3029046307256564,0.011223917161691232,0.5020793429798018,0.9931637258377713,0.0,0.0,1,0.0659883832051521,0.0,0.001708984375,0.08021295115161953,0.0,2.0878592203871235E-59,0.13460972017673045,15,15
1775942292745,0.30193906357961886,0.04046840883803798,0.504618971787166,0.9932177566704616,0.0,0.0,1,0.06568556281928874,0.0,0.001708984375,0.08020225588039454,0.0,1.6702873763096988E-59,0.13458989839493452,15,15
1775942293153,0.3010703496531814,0.03549314249999667,0.5071455517714749,0.993271322824234,0.0,0.0,1,0.06446578803304928,0.0,0.001708984375,0.08019160536160937,0.0,1.3362299010477591E-59,0.13457008244994106,15,15
1775942293558,0.3010703496531814,0.025097441747368093,0.50965889398695,0.993324428496314,0.0,0.0,1,0.06362123944686657,0.0,0.001708984375,0.08018099941612808,0.0,1.0689839208382073E-59,0.13455027233917272,15,15
1775942293969,0.30107034965318136,0.015873015873015876,1.0,0.9933635605641342,0.0,0.0,1,0.06415778656132608,0.30413625304136255,0.001708984375,0.08016000502710177,0.0,8.551871366705659E-60,0.13453046806005298,15,15
1775942294382,0.30147502915111934,0.03549314249999667,0.507020573334847,0.9934159586948597,0.0,0.0,1,0.06375637757985074,0.0,0.001708984375,0.0801495313525042,0.0,6.841497093364527E-60,0.13451066961000735,15,15
1775942294774,0.30300924067557244,0.015873015873015876,0.2797942708614081,0.9934740045932591,0.0,0.0,1,0.06528323029700206,0.0,0.001708984375,0.08014363914498893,0.0,5.473197674691622E-60,0.13449087698646267,15,15
1775942295194,0.303313013989406,0.015873015873015876,0.5155475567468862,0.9935254152607504,0.0,0.0,1,0.06523668963706981,0.0,0.001708984375,0.08013323416979166,0.0,4.378558139753298E-60,0.1344710901868471,15,15
1775942295596,0.3043506077376032,0.03549314249999667,0.5180087425496489,0.9935763848094944,0.0,0.0,1,0.06651608164227915,0.0,0.001708984375,0.08012287311474817,0.0,3.5028465118026387E-60,0.13445130920859072,15,15
1775942296009,0.3049931619145536,0.04046840883803798,1.0,0.9936137661152283,0.0,0.0,1,0.06607452087901913,0.3026634382566586,0.001708984375,0.0801023633908494,0.0,2.802277209442111E-60,0.1344315340491249,15,15
1775942296429,0.30956555216560006,0.015873015873015876,0.5125917648047336,0.9936641246171656,0.0,0.0,1,0.06737662600384689,0.0,0.001708984375,0.08009221434824108,0.0,2.2418217675536888E-60,0.13441176470588234,15,15
1775942296830,0.3091015177371005,0.025097441747368093,0.517587859158958,0.9937139863121213,0.0,0.0,1,0.0672725118922964,0.0,0.001708984375,0.0800820248267536,0.0,1.7934574140429512E-60,0.13439200117629757,15,15
1775942297246,0.31063572926155364,0.022447834323382463,0.5200437630857704,0.9937634202332134,0.0,0.0,1,0.06623405023420277,0.0,0.001708984375,0.08007187802972525,0.0,1.434765931234361E-60,0.13437224345780652,15,15
1775942297650,0.31063572926155364,0.022447834323382463,0.5224855290150411,0.9938124302434382,0.0,1.0,1,0.07185864277207744,0.0,0.001708984375,0.08006177378555927,0.0,1.147812744987489E-60,0.13435249154784656,15,15
1775942298045,0.31283719056464426,0.025097441747368093,1.0,0.9938354282072459,0.0,0.0,1,0.07429630605599309,0.6329113924050632,0.001708984375,0.08003171466385568,0.0,9.182501959899912E-61,0.13433274544385654,13,15
1775942298473,0.3130670624544366,0.011223917161691232,0.5090883496274168,0.9938840448850513,0.0,0.0,1,0.07342827759618065,0.0,0.001708984375,0.08002185969551687,0.0,7.346001567919929E-61,0.13431300514327704,15,15
1775942298882,0.3130670624544366,0.033671751485073696,0.5140989755686781,0.9939321814488264,0.0,0.0,1,0.07182611852230986,0.0,0.001708984375,0.08001196529971111,0.0,5.876801254335944E-61,0.1342932706435498,15,15
1775942299288,0.3125985839463236,0.0,0.5165745247235511,0.9939799048859322,0.0,1.0,1,0.07156908203980601,0.0,0.001708984375,0.08000211244217222,0.0,4.7014410034687553E-61,0.13442044953724108,15,15
1775942299687,0.31290090537702003,0.033671751485073696,1.0,0.99400243960861,0.0,0.0,1,0.07074454990071777,0.6265664160401002,0.001708984375,0.07997288075205801,0.0,3.761152802775005E-61,0.13440070505287893,13,15
1775942300121,0.31219362452087374,0.011223917161691232,0.5060536356214008,0.9940497167105147,0.0,1.0,1,0.07153661985196269,0.0,0.001708984375,0.07996319202425092,0.0,3.008922242220004E-61,0.1343809663680423,15,15
1775942300522,0.31652466833168397,0.033671751485073696,0.27860487106247717,0.994102165665254,0.0,0.0,1,0.07061124112524475,0.0,0.001708984375,0.07995775491522106,0.0,2.4071377937760033E-61,0.13436123348017626,15,15
1775942300929,0.3181372253597917,0.050194883494736185,0.5145835960061559,0.99414855104441,0.0,0.0,1,0.07100979560971,0.0,0.001708984375,0.07994813019159218,0.0,1.9257102350208026E-61,0.13434150638672737,15,15
1775942301328,0.31584148577465554,0.022447834323382463,0.5170627515034326,0.9941945382774197,0.0,0.0,1,0.07134281382398378,0.0,0.001708984375,0.07993854561320461,0.0,1.5405681880166421E-61,0.13432178508514392,15,15
1775942301728,0.3138843894866582,0.025097441747368093,1.0,0.9942281376669365,0.0,0.0,1,0.0707929981865901,0.3125,0.001708984375,0.07991957506431835,0.0,1.2324545504133138E-61,0.13430206957287538,15,15
1775942302142,0.3138843894866582,0.011223917161691232,0.5116220911487871,0.9942735780720763,0.0,0.0,1,0.07354406185390631,0.0,0.001708984375,0.07991018841928124,0.0,9.859636403306511E-62,0.13428235984737302,15,15
1775942302540,0.3154678349282333,0.022447834323382463,0.2824094627048907,0.9943240105920851,0.0,0.0,1,0.07319721566984087,0.0,0.001708984375,0.07990488789456873,0.0,7.887709122645208E-62,0.13426265590608955,15,15
1775942302946,0.31669827313885285,0.03549314249999667,0.5227521314607568,0.9943685340515912,0.0,0.0,1,0.0721604417648628,0.0,0.001708984375,0.07989548523224498,0.0,6.310167298116167E-62,0.13424295774647887,15,15
1775942303348,0.3170573055240434,0.015873015873015876,0.5225639875749089,0.9944127356889872,0.0,0.0,1,0.07099259137911686,0.0,0.001708984375,0.07988619967853429,0.0,5.0481338384929335E-62,0.13422326536599682,15,15
1775942303752,0.31256010463581657,0.033671751485073696,1.0,0.9944331031545018,0.0,0.0,1,0.06881588191813943,0.6188118811881188,0.001708984375,0.07985834504760199,0.0,4.038507070794347E-62,0.13420357876210032,13,15
1775942304189,0.3123180262562722,0.011223917161691232,0.5141384188258462,0.9944768402121729,0.0,0.0,1,0.07029199155274542,0.0,0.001708984375,0.07984913822412777,0.0,3.230805656635478E-62,0.13418389793224816,15,15
1775942304598,0.31152007351604305,0.011223917161691232,0.5166136946791164,0.9945202021202836,0.0,1.0,1,0.07198454465320796,0.0,0.001708984375,0.07983997016469596,0.0,2.5846445253083826E-62,0.13416422287390029,15,15
1775942305000,0.3117621518955875,0.025097441747368093,0.2830749224496074,0.994568448885343,0.0,0.0,1,0.07286261938759643,0.0,0.001708984375,0.07983484659250636,0.0,2.067715620246706E-62,0.13414455358451838,15,15
1775942305400,0.3105317136849678,0.03174603174603175,0.5225408165596288,0.9946110504789968,0.0,0.0,1,0.07193695040562831,0.0,0.001708984375,0.07982581467113557,0.0,1.654172496197365E-62,0.13412489006156547,15,15
1775942305798,0.3110461192333402,0.025097441747368093,1.0,0.9946418766795992,0.0,0.0,1,0.07037406114912821,0.31407035175879394,0.001708984375,0.07980771343626199,0.0,1.323337996957892E-62,0.13410523230250626,14,15
1775942306216,0.3072716817225228,0.011223917161691232,0.5219789612847042,0.9946838633496483,0.0,0.0,1,0.07050418887928703,0.0,0.001708984375,0.07979871997749549,0.0,1.0586703975663136E-62,0.13408558030480655,15,15
1775942306615,0.30737198515880343,0.04046840883803798,0.5244093266988062,0.994725490475455,0.0,0.0,1,0.06945636779336242,0.0,0.001708984375,0.0797897644189177,0.0,8.46936318053051E-63,0.13406593406593403,15,15
1775942307013,0.3064176126356979,0.015873015873015876,0.5254853245024308,0.9947667900576527,0.0,0.0,1,0.06842426460023657,0.0,0.001708984375,0.07978088658014908,0.0,6.775490544424408E-63,0.13404629358335773,15,15
1775942307417,0.3064176126356979,0.015873015873015876,0.529247602048126,0.9948077073900471,0.0,0.0,1,0.06945362727752948,0.0,0.001708984375,0.0797720061804422,0.0,5.420392435539526E-63,0.13402665885454812,15,15
1775942307823,0.3066596910152424,0.011223917161691232,1.0,0.9948262920518528,0.0,0.0,1,0.06826348102094958,0.6157635467980295,0.001708984375,0.07974558902907877,0.0,4.3363139484316215E-63,0.1340070298769771,13,15
1775942308255,0.3066596910152424,0.025097441747368093,0.517919781662111,0.994866840287869,0.0,0.0,1,0.06684338963510555,0.0,0.001708984375,0.07973685749068916,0.0,3.4690511587452974E-63,0.13398740664811837,15,15
1775942308664,0.3058932872331223,0.0,0.5203736708021818,0.9949070411720948,0.0,0.0,1,0.06636728690568733,0.0,0.001708984375,0.07972816279117052,0.0,2.775240926996238E-63,0.13411420204978042,15,15
1775942309078,0.3066596910152424,0.025097441747368093,1.0,0.9949254558630238,0.0,0.0,1,0.06842242901448044,0.6038647342995169,0.001708984375,0.07970229823426299,0.0,2.2201927415969904E-63,0.13409456887717752,13,15
1775942309506,0.30619565658674275,0.015873015873015876,0.5070175528324956,0.9949653451292987,0.0,0.0,1,0.06881858148110705,0.0,0.001708984375,0.07969382056607442,0.0,1.7761541932775925E-63,0.13407494145199061,15,15
1775942309910,0.3075236799562705,0.011223917161691232,0.5121265462440435,0.9950048376920607,0.0,0.0,1,0.06798130163928728,0.0,0.001708984375,0.07968530750894443,0.0,1.420923354622074E-63,0.13405531977169616,15,15
1775942310319,0.307724992389759,0.011223917161691232,0.5146128819137964,0.9950439916704447,0.0,0.0,1,0.07031553171729205,0.0,0.001708984375,0.0796768304039468,0.0,1.1367386836976592E-63,0.13403570383377228,15,15
1775942310725,0.3066548152938054,0.025097441747368093,1.0,0.9950620518667677,0.0,0.0,1,0.06998646498458126,0.6157635467980295,0.001708984375,0.07965168323142592,0.0,9.093909469581274E-64,0.13401609363569866,13,15
1775942311162,0.3107929837968417,0.050194883494736185,0.3569223645026662,0.9951038860026606,0.0,0.0,1,0.06872293682742271,0.0,0.001708984375,0.07964584432369022,0.0,7.27512757566502E-64,0.1339964891749561,15,15
1775942311567,0.31125701822534124,0.025097441747368093,0.508974868219464,0.9951423030089243,0.0,0.0,1,0.06720357946581021,0.0,0.001708984375,0.07963753390110523,0.0,5.8201020605320156E-64,0.13397689044902739,15,15
1775942311972,0.30941458930744115,0.04046840883803798,0.5114782834500925,0.9951803905220736,0.0,0.0,1,0.06812625243845791,0.0,0.001708984375,0.07962925860719816,0.0,4.6560816484256126E-64,0.1339572974553963,15,15
1775942312374,0.3070671774553225,0.03549314249999667,0.5139681445467832,0.9952181515278392,0.0,0.0,1,0.06784400642745918,0.0,0.001708984375,0.07962101829903682,0.0,3.7248653187404906E-64,0.13393771019154843,15,15
1775942312780,0.3070671774553225,0.03549314249999667,1.0,0.9952455511313618,0.0,0.0,1,0.0681967451645259,0.30788177339901474,0.001708984375,0.07960471039338106,0.0,2.9798922549923927E-64,0.13391812865497077,15,15
1775942313199,0.3059114924987285,0.025097441747368093,0.5111794195876643,0.9952828175923777,0.0,0.0,1,0.06724352724716316,0.0,0.001708984375,0.07959657388130054,0.0,2.3839138039939144E-64,0.13389855284315155,15,15
1775942313606,0.31004966100176484,0.011223917161691232,0.5136708966667678,0.9953197646137459,0.0,0.0,1,0.06671045300246696,0.0,0.001708984375,0.07958847179005529,0.0,1.9071310431951316E-64,0.1338789827535808,15,15
1775942314006,0.3091493981172182,0.025097441747368093,0.5161486649095315,0.9953563950900762,0.0,0.0,1,0.07068321454182913,0.0,0.001708984375,0.07958040397941808,0.0,1.5257048345561052E-64,0.13385941838374982,15,15
1775942314412,0.31185365853208197,0.033671751485073696,0.5172823803813931,0.9953927375247709,0.0,0.0,1,0.0717675167911944,0.0,0.001708984375,0.07957240639153934,0.0,1.2205638676448843E-64,0.13383985973115142,15,15
1775942314811,0.3122621793618095,0.03174603174603175,1.0,0.9954189496884913,0.0,0.0,1,0.07050043316309189,0.3132832080200501,0.001708984375,0.07955644059094925,0.0,9.764510941159075E-65,0.13382030679327972,14,15
1775942315225,0.31369608744998206,0.011223917161691232,0.5156369611903074,0.9954547932656929,0.0,0.0,1,0.06923372243870884,0.0,0.001708984375,0.07954850834837694,0.0,7.811608752927261E-65,0.1338007595676307,15,15
1775942315631,0.3130148325555405,0.025097441747368093,0.5181037198790501,0.995490329931054,0.0,0.0,1,0.07078985344992121,0.0,0.001708984375,0.07954060969402338,0.0,6.249287002341809E-65,0.1337812180517015,15,15
1775942316031,0.3135866413270596,0.033671751485073696,0.517896588603824,0.9955256122820676,0.0,0.0,1,0.06987470760972217,0.0,0.001708984375,0.07953281038039464,0.0,4.999429601873448E-65,0.13376168224299068,15,15
1775942316286,0.3233915102290882,0.023567424503995786,1.0,0.9954673003019101,0.0,0.0,1,0.06322824939391194,0.0,0.001708984375,0.07944868228274075,0.0,3.999543681498758E-65,0.13369295815716575,15,15
1775942316545,0.31858523736684646,0.028003307104921077,1.0,0.9954064258039602,0.0,0.09999999999999998,0,0.07200293149705726,0.9652509652509652,0.001708984375,0.07936119386928059,0.0,3.1996349451990067E-65,0.13349832581161736,14,15
1775942316800,0.32664992189706665,0.028007086344385996,1.0,0.9953605394673799,0.0,0.09090909090909094,0,0.07022498206613353,0.0,0.001708984375,0.07928498469757,0.0,2.5597079561592055E-65,0.13357558139534886,15,15
1775942317055,0.33101953466143785,0.2065052745164691,1.0,0.9953352676318694,0.0,0.0,1,0.06700342439286557,0.0,0.001708984375,0.07922502399459479,0.0,2.0477663649273645E-65,0.13350747351618053,15,15
1775942317317,0.32306472789596363,0.021792815345435593,1.0,0.9952840277071184,0.0,0.19999999999999996,0,0.06607816736448825,0.9541984732824427,0.001708984375,0.0791423963864848,0.0,1.6382130919418916E-65,0.13360382553253147,14,15
1775942317572,0.32380678651991557,0.10838790779213874,1.0,0.9952632630635925,0.0,0.2727272727272727,0,0.06340859318058036,0.0,0.001708984375,0.07908457177933026,0.0,1.3105704735535134E-65,0.13353587962962965,15,15
1775942317836,0.3279271566532318,0.24416904002792858,1.0,0.995236288278646,0.0,0.0,0,0.07941208596307069,0.9469696969696969,0.001708984375,0.07902092476058092,0.0,1.0484563788428108E-65,0.13334296446113836,14,15
1775942318091,0.3236384164071456,0.01601847736120058,1.0,0.9952135484228671,0.0,0.0,0,0.07348788774783765,0.0,0.001708984375,0.07896020672854122,0.0,8.387651030742487E-66,0.13356411365931053,15,15
1775942318346,0.3209326118936449,0.024587780609604076,1.0,0.9951974288509938,0.0,0.09090909090909094,1,0.07021025711378755,0.0,0.001708984375,0.07890448005114381,0.0,6.71012082459399E-66,0.13335253456221197,15,15
1775942318602,0.3174440307330604,0.017577442768056145,1.0,0.9951848316213018,0.0,0.18181818181818177,1,0.06894957782661247,0.0,0.001708984375,0.0788513443908647,0.0,5.368096659675192E-66,0.13342918763479517,15,15
1775942318861,0.31317180997033056,0.02249198019222333,1.0,0.9951677863619314,0.0,0.19999999999999996,0,0.06744936612127936,0.9652509652509652,0.001708984375,0.07879384147026744,0.0,4.294477327740154E-66,0.13352476669059588,14,15
1775942319117,0.3129478047356689,0.026710491726035183,1.0,0.9951619250617367,0.0,0.0,1,0.06938517086143163,0.0,0.001708984375,0.07874562524981078,0.0,3.4355818621921233E-66,0.13331422018348627,15,15
1775942319373,0.30371592715838847,0.021064855727832944,1.0,0.9951519433512508,0.0,0.0,1,0.06745373562627875,0.9765625,0.001708984375,0.07869332576266781,0.0,2.748465489753699E-66,0.13326653306613223,15,15
1775942319629,0.30885270039012525,0.02115661599606148,1.0,0.9951498727465863,0.0,0.09090909090909094,1,0.06540961410406061,0.0,0.001708984375,0.0786476948994025,0.0,2.1987723918029593E-66,0.13319994283264258,15,15
1775942319892,0.31215473831448054,0.019232813866693538,1.0,0.9951440179107124,0.0,0.09999999999999998,0,0.06335788827641875,0.9505703422053231,0.001708984375,0.07859812873802421,0.0,1.7590179134423675E-66,0.13315256172399026,14,15
1775942320147,0.30605098178472745,0.02440616275248964,1.0,0.9951476322962876,0.0,0.09090909090909094,0,0.06380898528716897,0.0,0.001708984375,0.07855694486402841,0.0,1.407214330753894E-66,0.13294385864918778,15,15
1775942320405,0.30720666674132147,0.02270236219336913,1.0,0.9951526933030398,0.0,0.0,1,0.06275579855760757,0.9689922480620154,0.001708984375,0.07851678956141135,0.0,1.1257714646031152E-66,0.13275469550369945,14,15
1775942320660,0.3072022216834241,0.018772864304486436,1.0,0.9951609038380417,0.0,0.09090909090909094,1,0.06674248511566723,0.0,0.001708984375,0.07847936305941319,0.0,9.006171716824923E-67,0.13283136809205853,15,15
1775942320917,0.30745891852420015,0.035856912232626596,1.0,0.9951643045331956,0.0,0.09999999999999998,0,0.0713908973756177,0.9727626459143969,0.001708984375,0.07843708915643675,0.0,7.204937373459939E-67,0.13262411347517733,13,15
1775942321177,0.3096228163125505,0.02563140713570064,0.9314321293819121,0.9951815896600534,0.0,0.19999999999999996,0,0.06786313621506421,0.0,0.001708984375,0.07840778059145594,0.0,5.7639498987679515E-67,0.13243626062322944,14,15
1775942321433,0.308709479065409,0.021687324058770982,1.0,0.9951897794207968,0.0,0.2727272727272727,0,0.06462298263787572,0.9765625,0.001708984375,0.0783697783910931,0.0,4.611159919014362E-67,0.13265450431339276,13,15
1775942321694,0.3155233964499294,0.015975389051184098,0.8694419645522847,0.9952088220625098,0.0,0.19999999999999996,0,0.06364713429483146,0.0,0.001708984375,0.07834204759805848,0.0,3.68892793521149E-67,0.13274961163677446,14,15
1775942321949,0.313364974558394,0.03017304521103236,1.0,0.9952158000831682,0.0,0.09090909090909094,1,0.06907750789721517,0.9803921568627451,0.001708984375,0.07830253559129235,0.0,2.951142348169192E-67,0.13254371122391428,13,15
1775942322212,0.31693303842538395,0.0239851105342051,0.7328089069488735,0.9952391328003808,0.0,0.09999999999999998,0,0.07515030379182618,0.0,0.001708984375,0.07827877000315668,0.0,2.3609138785353538E-67,0.13249788791889605,14,15
1775942322468,0.2977988488201151,0.019499614828233595,1.0,1.3356365913372512,1.0,0.18181818181818177,1,0.07602713390112951,0.0,0.001953125,0.12667697605485712,0.38631974880164144,0.0772639497603283,0.13271474764515678,15,15
1775942322864,0.2982215960176814,0.03549314249999667,0.7476372125491257,1.3261154927645717,0.0,0.0,0,0.07456797180424642,0.6313131313131313,0.001953125,0.12652860205447194,0.0,0.06181115980826264,0.13269609221253864,13,15
1775942323289,0.29876744771105934,0.04046840883803798,0.25049910893224614,1.320142512163142,0.0,0.0,1,0.07418281395940433,0.0,0.001953125,0.12647823335396222,0.0,0.04944892784661012,0.1326774420238932,15,15
1775942323700,0.29858892796260855,0.022447834323382463,0.2530461169034193,1.3142807563809353,0.0,0.0,1,0.07901000989023284,0.0,0.001953125,0.12642741716425834,0.0,0.0395591422772881,0.13265879707700956,15,15
1775942324103,0.29829594237582086,0.011223917161691232,0.25560586916034916,1.308527522159602,0.0,0.0,1,0.0764723254346671,0.0,0.001953125,0.12637615648347936,0.0,0.03164731382183048,0.13264015736967827,15,15
1775942324501,0.30300591965037627,0.5625411157672809,0.0,1.3045027537266143,0.0,0.0,1,0.07630921335333225,0.0,0.001953125,0.12637615648347936,0.0,0.025317851057464386,0.13262152289969087,15,15
1775942324901,0.29829594237582086,0.5625411157672809,0.5227811533188493,1.2973151834444445,0.0,0.0,1,0.07830909589485328,0.3125,0.001953125,0.12627231364968958,0.0,0.02025428084597151,0.13260289366484057,15,15
1775942325312,0.2990623461579409,0.022447834323382463,0.26333106552129837,1.2918725082384568,0.0,0.0,1,0.07604872599849384,0.0,0.001953125,0.12621974505903072,0.0,0.016203424676777208,0.13258426966292136,15,15
1775942325715,0.2991717922808634,0.047619047619047616,0.2659381693285441,1.286528373459965,0.0,0.0,1,0.07518821682270535,0.0,0.001953125,0.126166753117925,0.0,0.012962739741421767,0.13256565089172867,15,15
1775942326119,0.298427232042378,0.03549314249999667,0.2685608980482072,1.2812804524659285,0.0,0.0,1,0.0751949334010266,0.0,0.001953125,0.12611331492561415,0.0,0.010370191793137414,0.13254703734905926,15,15
1775942326522,0.29905630496084756,0.025097441747368093,0.27119259278922975,1.2761265281343779,0.0,0.0,1,0.07352376955757627,0.0,0.001953125,0.12605945026177887,0.0,0.008296153434509932,0.1325284290327109,15,15
1775942326923,0.2999758075006477,0.03549314249999667,0.5431675160382481,1.2695250721002558,0.0,0.0,1,0.07199350735196351,0.31172069825436405,0.001953125,0.12595119730802756,0.0,0.006636922747607946,0.13250982594048288,15,15
1775942327351,0.30068810164420884,0.011223917161691232,0.27363354574698734,1.2645839187677632,0.0,0.0,1,0.07239464692047252,0.0,0.001953125,0.12589606886451205,0.0,0.005309538198086357,0.13249122807017544,15,15
1775942327752,0.3024533505341107,0.025097441747368093,3.8065668713202245E-4,1.2612447664294928,0.0,0.0,1,0.07158847768265497,0.0,0.001953125,0.12589445676846722,0.0,0.004247630558469086,0.1324726354195902,15,15
1775942328153,0.301944655459587,0.03549314249999667,0.28188930189664735,1.2564452255097862,0.0,0.0,1,0.07191452448427153,0.0,0.001953125,0.12583891914175266,0.0,0.0033981044467752686,0.13245404798653004,15,15
1775942328568,0.30062279738271797,0.011223917161691232,0.2845750028954083,1.2517295055356739,0.0,0.0,1,0.07384970960096852,0.0,0.001953125,0.12578297007579814,0.0,0.002718483557420215,0.13243546576879905,15,15
1775942328969,0.3014877833880732,0.03549314249999667,0.5698447827269063,1.2456124869706016,0.0,0.0,1,0.07327332413024878,0.31172069825436405,0.001953125,0.12566986601588437,0.0,0.002174786845936172,0.13241688876420254,15,15
1775942329392,0.3014877833880732,0.03549314249999667,0.2869040189610525,1.241088255661676,0.0,0.0,1,0.07141862032739237,0.0,0.001953125,0.12561270062352442,0.0,0.0017398294767489377,0.13239831697054694,15,15
1775942329789,0.30226639365994534,0.022447834323382463,0.8546600084810502,1.2337404822769136,0.0,0.0,1,0.07110661419010723,0.6297229219143576,0.001953125,0.12543882722016847,0.0,0.0013918635813991503,0.1323797503856402,13,15
1775942330227,0.3006829482183702,0.04046840883803798,3.9236337763841025E-4,1.230861480970464,0.0,0.0,1,0.07114741934898869,0.0,0.001953125,0.1254372636887932,0.0,0.0011134908651193203,0.1323611890072911,15,15
1775942330633,0.2986139260146347,0.033671751485073696,0.291953303483428,1.2265931713285259,0.0,0.0,1,0.07528131411011786,0.0,0.001953125,0.12537852381583794,0.0,8.907926920954563E-4,0.13234263283330994,15,15
1775942331034,0.2986139260146347,0.011223917161691232,0.29467501187080297,1.222397118382118,0.0,0.0,1,0.07377227565518497,0.0,0.001953125,0.12531939654331253,0.0,7.126341536763651E-4,0.13232408186150824,15,15
1775942331440,0.30037917490453664,0.015873015873015876,0.29721529841024424,1.218272702209693,0.0,0.0,1,0.07252355784542264,0.0,0.001953125,0.12526059716613128,0.0,5.701073229410921E-4,0.13230553608969864,15,15
1775942331843,0.29885600439417914,0.025097441747368093,0.5952386724196675,1.21282084821991,0.0,0.0,1,0.0730210940631516,0.31017369727047145,0.001953125,0.12514042796136368,0.0,4.560858583528737E-4,0.13228699551569512,15,15
1775942332258,0.2993803297967547,0.022447834323382463,0.29961007501562337,1.2088592870584494,0.0,0.0,1,0.07263067409606902,0.0,0.001953125,0.12507978581789714,0.0,3.64868686682299E-4,0.13226846013731264,15,15
1775942332653,0.29813324101676963,0.033671751485073696,0.3023576127556365,1.2049635520730715,0.0,0.0,1,0.07158626834339571,0.0,0.001953125,0.12501876419952593,0.0,2.918949493458392E-4,0.13224992995236762,15,15
1775942333056,0.2965688844944205,0.0,1.0,1.5221238551326957,1.0,0.0,1,0.07737940861197581,0.0,0.001953125,0.1280042961807248,0.2666804304463637,0.05356960204874941,0.13237148059952375,15,15
1775942333453,0.29554949601182956,0.0,0.8189652273397857,1.5054541999254003,0.0,0.0,1,0.07492498671812611,0.6297229219143576,0.001953125,0.12809101493161176,0.0,0.04285568163899953,0.13249299719887953,13,15
1775942333882,0.29554949601182956,0.022447834323382463,0.2742659249464922,1.4950050322305521,0.0,0.0,1,0.0731740786821292,0.0,0.001953125,0.12811842088555533,0.0,0.03428454531119962,0.13247444335527236,15,15
1775942334279,0.29644975889637626,0.015873015873015876,0.2768399862589786,1.4847920409274955,0.0,0.0,1,0.07263180522995875,0.0,0.001953125,0.12814563984531055,0.0,0.0274276362489597,0.13245589470736485,15,15
1775942334676,0.2999011834381065,0.022447834323382463,9.291628233800315E-5,1.4776276630406953,0.0,0.0,1,0.0721017328879472,0.0,0.001953125,0.12814497606406086,0.0,0.02194210899916776,0.13243735125297496,15,15
1775942335072,0.3002241964071936,0.04627739599083572,1.7929742721307658E-4,1.4706018785533694,0.0,0.0,1,0.07188057333464305,0.0,0.001953125,0.12814375966031558,0.0,0.01755368719933421,0.13241881298992164,15,15
1775942335475,0.30124358488978453,0.0,0.29140350135784304,1.460913984403834,0.0,0.0,1,0.07225031831469829,0.31017369727047145,0.001953125,0.12816727125745542,0.0,0.01404294975946737,0.13254023792862146,15,15
1775942335895,0.3032006811777818,0.025097441747368093,0.2937618113492475,1.451441552971713,0.0,0.0,1,0.07050415592565032,0.0,0.001953125,0.1281924473508996,0.0,0.011234359807573896,0.13252169045619933,15,15
1775942336301,0.30293965144498936,0.011223917161691232,0.8747324509908458,1.436727657039731,0.0,0.0,1,0.07063792696707472,0.6157635467980295,0.001953125,0.12826351735760938,0.0,0.008987487846059117,0.13250314817405906,13,15
1775942336737,0.3024153260424138,0.03549314249999667,1.8186811645952856E-4,1.4304786735362713,0.0,0.0,1,0.07306407615522009,0.0,0.001953125,0.12826232786371627,0.0,0.0071899902768472945,0.1324846110800224,15,15
1775942337141,0.2985070294291698,0.0,1.8465112967872574E-4,1.4243454980443695,0.0,0.0,1,0.07163645583373235,0.0,0.001953125,0.1282611436079294,0.0,0.005751992221477836,0.1326059588753672,15,15
1775942337548,0.2979297315907861,0.0,0.6046486882660963,1.4130000400751999,0.0,0.0,1,0.07030729400142129,0.6142506142506143,0.001953125,0.12830366311881508,0.0,0.004601593777182269,0.1327272727272727,13,15
1775942337986,0.2979297315907861,0.04046840883803798,0.3042262628918896,1.4045561873479544,0.0,0.0,1,0.06814273946862622,0.0,0.001953125,0.1283244064781268,0.0,0.0036812750217458156,0.1327087120682422,15,15
1775942338387,0.29634628614921105,0.03549314249999667,1.865461008261421E-4,1.3988952705163815,0.0,0.0,1,0.07010084175045747,0.0,0.001953125,0.12832325424807683,0.0,0.0029450200173966527,0.13269015659955252,15,15
1775942338787,0.2952161513748721,0.011223917161691232,1.907496509594322E-4,1.3933357238889625,0.0,1.0,1,0.07075055886326634,0.0,0.001953125,0.1283220951522544,0.0,0.0023560160139173224,0.13267160631902697,15,15
1775942339189,0.2953255974977945,0.022447834323382463,0.3195576727731976,1.3852882530014,0.0,0.0,1,0.06993344063695466,0.0,0.001953125,0.1283421215372941,0.0,0.001884812811133858,0.13265306122448983,15,15
1775942339598,0.29711853797115756,0.04046840883803798,0.6390059542355759,1.3748522753918224,0.0,0.0,1,0.07072003284017098,0.3056234718826406,0.001953125,0.12837995076364428,0.0,0.0015078502489070866,0.13263452131376663,15,15
1775942340013,0.2985005334132663,0.025097441747368093,1.9429870527111105E-4,1.3697163200544786,0.0,0.0,1,0.07402482000042468,0.0,0.001953125,0.12837881142662294,0.0,0.0012062801991256694,0.1326159865846842,15,15
1775942340411,0.30291752510103404,0.015873015873015876,0.32801562110365845,1.3621488878921761,0.0,0.0,1,0.07401444597049091,0.0,0.001953125,0.12839663251249883,0.0,9.650241593005355E-4,0.13259745703507053,15,15
1775942340813,0.30280807897811163,0.03174603174603175,0.33083128210268636,1.3547330839997154,0.0,0.0,1,0.07370838555736452,0.0,0.001953125,0.12841373636526202,0.0,7.720193274404285E-4,0.132578932662755,15,15
1775942341209,0.3025292557933802,0.033671751485073696,0.33365499212369737,1.347464829217047,0.0,0.0,1,0.0720078828839256,0.0,0.001953125,0.12843010104028127,0.0,6.176154619523429E-4,0.1325604134655678,15,15
1775942341607,0.30307510748675814,0.011223917161691232,0.6668170005484422,1.3378935552748448,0.0,0.0,1,0.07021264959959769,0.31407035175879394,0.001953125,0.12846065488150238,0.0,4.940923695618743E-4,0.13254189944134076,15,15
1775942342020,0.3021870510919636,0.022447834323382463,0.3353968307972845,1.3309616524816248,0.0,1.0,1,0.06869870505768015,0.0,0.001953125,0.1284748590973029,0.0,3.9527389564949947E-4,0.13252339058790674,15,15
1775942342417,0.3021870510919636,0.047619047619047616,0.3382277837589538,1.3241646056641412,0.0,0.0,1,0.06825975966645678,0.0,0.001953125,0.128488336040007,0.0,3.162191165195996E-4,0.1325048869030997,15,15
1775942342815,0.3006978839324341,0.033671751485073696,0.3410628826925295,1.3174989442934533,0.0,0.0,1,0.07646558309724125,0.0,0.001953125,0.12850108896150766,0.0,2.5297529321567967E-4,0.13248638838475502,15,15
1775942343219,0.302463132822336,0.011223917161691232,0.3439014853814619,1.310961318344476,0.0,0.0,1,0.07486584494625101,0.0,0.001953125,0.1285131247297488,0.0,2.0238023457254373E-4,0.1324678950307091,15,15
1775942343626,0.3026007198458449,0.011223917161691232,0.6870134763333188,1.3022112497459797,0.0,0.0,1,0.07311413749953927,0.30712530712530717,0.001953125,0.1285350519457707,0.0,1.6190418765803499E-4,0.1324494068387997,15,15
1775942344042,0.30373085462018395,0.022447834323382463,0.3454865674750989,1.2959689172538198,0.0,0.0,1,0.07191313959273421,0.0,0.001953125,0.12854494701614158,0.0,1.29523350126428E-4,0.13243092380686572,15,15
1775942344441,0.3029959997961731,0.022447834323382463,0.3483309130095274,1.2898440152714985,0.0,0.0,1,0.07001463431377407,0.0,0.001953125,0.12855413217809772,0.0,1.036186801011424E-4,0.13241244593274737,15,15
1775942344853,0.3029959997961731,0.011223917161691232,1.0,1.2793022954715867,0.0,0.0,0,0.0681842616723785,0.6067961165048544,0.001953125,0.12857744695081802,0.0,8.289494408091393E-5,0.1323939732142857,13,15
1775942345280,0.3035009827303916,0.03549314249999667,0.3457344996591647,1.2734964485455371,0.0,0.0,1,0.0669345948441418,0.0,0.001953125,0.1285838226837732,0.0,6.631595526473115E-5,0.13237550564932343,15,15
1775942345680,0.3051676493970582,0.5374604112170481,0.0,1.2700229657949271,0.0,0.0,1,0.06760597568177788,0.0,0.001953125,0.1285838226837732,0.0,5.305276421178492E-5,0.1323570432357043,15,15
1775942346077,0.3050300623735493,0.5322788138764195,0.35564392914328025,1.2643831967371058,0.0,0.0,1,0.06664780438396112,0.0,0.001953125,0.1285894866306066,0.0,4.244221136942794E-5,0.13233858597127324,15,15
1775942346470,0.3050300623735493,0.011223917161691232,0.35849847126871653,1.2588462929460875,0.0,0.0,1,0.07421567778983158,0.0,0.001953125,0.12859445215489906,0.0,3.395376909554235E-5,0.1323201338538762,15,15
1775942346869,0.3055015677087878,0.04046840883803798,0.7157549805985103,1.2512342940502175,0.0,0.0,1,0.0733327056194805,0.3132832080200501,0.001953125,0.1286023071745773,0.0,2.7163015276433883E-5,0.13230168688136068,14,15
1775942347280,0.30652095619137865,0.03549314249999667,2.165794230365516E-4,1.2480973373129052,0.0,1.0,1,0.07236507445557987,0.0,0.001953125,0.12860123806138712,0.0,2.1730412221147106E-5,0.13228324505157518,15,15
1775942347687,0.3021899123805684,0.03549314249999667,0.36712235146303107,1.242854374855014,0.0,0.0,1,0.07145201842770961,0.0,0.001953125,0.1286041345889192,0.0,1.7384329776917686E-5,0.1322648083623693,15,15
1775942348083,0.3021899123805684,0.0,1.0,1.2334601451324083,0.0,0.0,1,0.07048958499323993,0.6313131313131313,0.001953125,0.12860866754946243,0.0,1.390746382153415E-5,0.1323857302118172,13,15
1775942348508,0.30128964949602177,0.022447834323382463,2.1857226223150492E-4,1.2305859467477358,0.0,0.0,1,0.06999609434605308,0.0,0.001953125,0.128607610465254,0.0,1.112597105722732E-5,0.13236728438066048,15,15
1775942348912,0.30128964949602177,0.04046840883803798,0.3711139120619823,1.225658445081342,0.0,0.0,1,0.06841269270897496,0.0,0.001953125,0.1286082341603041,0.0,8.900776845781856E-6,0.13234884368904987,15,15
1775942349317,0.29996518753077167,0.04046840883803798,2.2417546009605887E-4,1.222897618041678,0.0,0.0,1,0.06770216822586574,0.0,0.001953125,0.12860718265756324,0.0,7.120621476625485E-6,0.13233040813483776,15,15
1775942349726,0.29768853686486146,0.04046840883803798,1.0,1.213976401281653,0.0,0.0,1,0.06645972681012415,0.6112469437652812,0.001953125,0.12860352169891934,0.0,5.696497181300389E-6,0.13231197771587744,13,15
1775942350155,0.2932715451770937,0.033671751485073696,0.37506844985606114,1.2093419505656586,0.0,0.0,1,0.06741097980470123,0.0,0.001953125,0.12860095839677022,0.0,4.557197745040311E-6,0.13229355243002372,15,15
1775942350554,0.2937057669251038,0.022447834323382463,2.2537745778968324E-4,1.2068143651843153,0.0,0.0,1,0.06719997529271228,0.0,0.001953125,0.12859992359344433,0.0,3.645758196032249E-6,0.13227513227513232,15,15
1775942350949,0.2915979960809532,0.015873015873015876,2.28159679753039E-4,1.2043224487270159,0.0,0.0,1,0.06604328874342665,0.0,0.001953125,0.1285988980184498,0.0,2.9166065568257993E-6,0.1322567172490603,15,15
1775942351350,0.2929202742237579,0.04627739599083572,0.3932782842890725,1.199847491536623,0.0,0.0,1,0.06617042887967688,0.0,0.001953125,0.1285961296563044,0.0,2.3332852454606397E-6,0.1322383073496659,15,15
1775942351745,0.29432923218282836,0.03174603174603175,0.39647273481713474,1.195447382010791,0.0,0.0,1,0.06541485004137396,0.3164556962025316,0.001953125,0.12859120448184821,0.0,1.866628196368512E-6,0.13221990257480865,14,15
1775942352165,0.295670599244859,0.015873015873015876,0.39909547067195034,1.1911234063939473,0.0,0.0,1,0.06448975923666543,0.0,0.001953125,0.1285866242047383,0.0,1.4933025570948097E-6,0.132201502922349,15,15
1775942352583,0.2969176880248441,0.011223917161691232,0.40194666443936267,1.1868727871123215,0.0,0.0,1,0.06402945912130757,0.0,0.001953125,0.1285813772154489,0.0,1.194642045675848E-6,0.1321831083901489,15,15
1775942352985,0.2965586556396536,0.015873015873015876,0.4047949796243995,1.1826939771743545,0.0,0.0,1,0.06306550849177751,0.0,0.001953125,0.1285754657719518,0.0,9.557136365406784E-7,0.13216471897607118,15,15
1775942353388,0.29760443198615016,0.015873015873015876,0.40764009250039784,1.1785854726734217,0.0,0.0,1,0.06452011222496148,0.0,0.001953125,0.1285688921489971,0.0,7.645709092325428E-7,0.1321463346779802,15,15
1775942353783,0.29760443198615016,0.015873015873015876,1.0,1.1706973811856864,0.0,0.0,1,0.06438789105685527,0.6329113924050632,0.001953125,0.1285452211986079,0.0,6.116567273860343E-7,0.13212795549374134,13,15
1775942354207,0.29862512063756663,0.033671751485073696,2.3551085288131088E-4,1.1687013175057495,0.0,0.0,1,0.06371758516549407,0.0,0.001953125,0.12854423528008435,0.0,4.893253819088275E-7,0.13210958142122098,15,15
1775942354600,0.29760443198615016,0.011223917161691232,2.40914435905602E-4,1.1667319034323802,0.0,1.0,1,0.06660294333705324,0.0,0.001953125,0.12854324303324996,0.0,3.91460305527062E-7,0.13209121245828703,15,15
1775942355013,0.298477869919713,0.03174603174603175,0.4191808798076404,1.1628894390537827,0.0,0.0,1,0.06577391926105754,0.0,0.001953125,0.12853404961565146,0.0,3.1316824442164964E-7,0.13207284860280832,15,15
1775942355410,0.2999565678453941,0.011223917161691232,0.4220048324846107,1.1591103758180217,0.0,0.0,1,0.06543487909652018,0.0,0.001953125,0.12852420562884986,0.0,2.5053459553731974E-7,0.132054489852655,15,15
1775942355813,0.2999565678453941,0.015873015873015876,0.8403043103182503,1.1535276726585821,0.0,0.0,1,0.0659513716978943,0.31017369727047145,0.001953125,0.1285030285212771,0.0,2.0042767642985582E-7,0.13203613620569843,15,15
1775942356228,0.3026209449895377,0.022447834323382463,1.285343156739409E-4,1.1517588303431214,0.0,0.0,1,0.06629547831149318,0.0,0.001953125,0.12850250339649982,0.0,1.6034214114388467E-7,0.13201778765981098,15,15
1775942356628,0.30210653944116533,0.033671751485073696,2.512211319476421E-4,1.150012499268468,0.0,0.0,1,0.06689668251994896,0.0,0.001953125,0.12850152752748062,0.0,1.2827371291510773E-7,0.13199944421286647,15,15
1775942357024,0.30381927071406933,0.025097441747368093,0.4392229573937658,1.1464412247241516,0.0,0.0,1,0.0675505829597792,0.0,0.001953125,0.12848974925263273,0.0,1.0261897033208619E-7,0.1319811058627397,15,15
1775942357429,0.30504970892468886,0.03174603174603175,0.4420035631190162,1.142927954595116,0.0,0.0,1,0.06641076056319944,0.0,0.001953125,0.12847732998146433,0.0,8.209517626566896E-8,0.1319627726073066,15,15
1775942357834,0.3061798436990279,0.03174603174603175,0.8795449714141296,1.1376554593398136,0.0,0.0,1,0.06692995272457058,0.30864197530864196,0.001953125,0.12845057819305095,0.0,6.567614101253517E-8,0.13194444444444442,15,15
1775942358249,0.3029297315907861,0.0,0.44145231631978044,1.134286928739527,0.0,0.0,1,0.06687162881388188,0.0,0.001953125,0.1284362505837641,0.0,5.2540912810028135E-8,0.1320649909734759,15,15
1775942358655,0.3065534945454501,0.033671751485073696,1.0,1.1274133317936823,0.0,0.0,1,0.06627595124104271,0.6157635467980295,0.001953125,0.12839019755386205,0.0,4.203273024802251E-8,0.1320466537073035,13,15
1775942359084,0.3065534945454501,0.047619047619047616,2.5280166916037244E-4,1.1259776557812105,0.0,0.0,1,0.06599555704756192,0.0,0.001953125,0.12838925014229205,0.0,3.362618419841801E-8,0.13202832153269473,15,15
1775942359495,0.306746369853224,0.03549314249999667,0.4437672101429105,1.1227986607168943,0.0,0.0,1,0.06519015251111963,0.0,0.001953125,0.1283724237431958,0.0,2.6900947358734408E-8,0.13200999444752914,15,15
1775942359899,0.3069248896016748,0.022447834323382463,2.5904877541007865E-4,1.1214205506823638,0.0,0.0,1,0.06614961608539563,0.0,0.001953125,0.12837147905863394,0.0,2.1520757886987528E-8,0.13199167244968768,15,15
1775942360296,0.3080058213042433,0.011223917161691232,2.610347590704179E-4,1.1200595613993818,0.0,0.0,1,0.06655102906798996,0.0,0.001953125,0.12837054871580048,0.0,1.7216606309590024E-8,0.13197335553705247,15,15
1775942360692,0.30791324943275,0.03549314249999667,0.9187211197412991,1.1152306273536956,0.0,0.0,1,0.0663240570385714,0.31565656565656564,0.001953125,0.12833502584421147,0.0,1.377328504767202E-8,0.13195504370750655,15,15
1775942361109,0.30859999339405614,0.03549314249999667,2.6282036271706806E-4,1.11394603076334,0.0,0.0,1,0.06663142366531735,0.0,0.001953125,0.12833410519103364,0.0,1.1018628038137617E-8,0.1319367369589345,15,15
1775942361503,0.30791324943275,0.011223917161691232,0.9297044753126475,1.1092337480891303,0.0,1.0,1,0.06880106763565993,0.6345177664974619,0.001953125,0.12829520261444452,0.0,8.814902430510094E-9,0.13191843528922176,13,15
1775942361926,0.3092362595148629,0.03549314249999667,0.46626112670334907,1.106316340021396,0.0,0.0,1,0.06784345197818202,0.0,0.001953125,0.12827530117328773,0.0,7.051921944408075E-9,0.13190013869625516,15,15
1775942362336,0.30904338420708904,0.033671751485073696,0.4689584718758832,1.1034445794631003,0.0,0.0,1,0.06747274746064881,0.0,0.001953125,0.12825478725714803,0.0,5.641537555526461E-9,0.13188184717792262,15,15
1775942362732,0.3088710457941553,0.03549314249999667,2.6630819106884975E-4,1.1023033499594037,0.0,0.0,1,0.06703755112108384,0.0,0.001953125,0.12825388571318042,0.0,4.513230044421169E-9,0.13186356073211314,15,15
1775942363136,0.309658093191742,0.015873015873015876,0.48117396193265993,1.0994918554101403,0.0,0.0,1,0.06628268827421246,0.0,0.001953125,0.1282327688364629,0.0,3.6105840355369354E-9,0.13184527935671708,15,15
1775942363533,0.3137962616947783,0.03549314249999667,0.4840789977738504,1.0967231651420426,0.0,0.0,1,0.06621091251663411,0.3148614609571788,0.001953125,0.12821014693047314,0.0,2.8884672284295483E-9,0.1318270030496257,14,15
1775942363953,0.3125658234841587,0.025097441747368093,0.486434044692093,1.0939983823804138,0.0,0.0,1,0.06725003046672541,0.0,0.001953125,0.1281878292655831,0.0,2.3107737827436387E-9,0.13180873180873176,15,15
1775942364359,0.3127586987919326,0.03549314249999667,0.4890467746619253,1.0913158000760266,0.0,0.0,1,0.06815020636851865,0.0,0.001953125,0.1281649235887541,0.0,1.848619026194911E-9,0.1317904656319291,15,15
1775942364763,0.3126661269204393,0.033671751485073696,0.4916518661267125,1.0886746582986155,0.0,0.0,1,0.06841043977537795,0.0,0.001953125,0.1281414129189936,0.0,1.478895220955929E-9,0.13177220451711236,15,15
1775942365164,0.30824913523267156,0.0,0.4942428517742501,1.0860742357255624,0.0,0.0,1,0.0673432015058116,0.0,0.001953125,0.128117309756674,0.0,1.1831161767647433E-9,0.13189249099473543,15,15
1775942365580,0.30893587919397764,0.04046840883803798,0.9817213742774489,1.081894626313751,0.0,0.0,1,0.06700471790189644,0.6009615384615384,0.001953125,0.12806645899359825,0.0,9.464929414117946E-10,0.1318742208062058,13,15
1775942366019,0.308320149968011,0.0,2.751331731531648E-4,1.081008435264884,0.0,0.0,1,0.06730474890637883,0.0,0.001953125,0.12806558519576033,0.0,7.571943531294357E-10,0.13199445983379499,15,15
1775942366418,0.308320149968011,0.03549314249999667,0.5020306043500488,1.0785257719906076,0.0,0.0,1,0.06590234476332138,0.0,0.001953125,0.12803973565542778,0.0,6.057554825035486E-10,0.13197618058440663,15,15
1775942366818,0.3093408386194275,0.04046840883803798,0.5045731244235901,1.0760810729049095,0.0,0.0,1,0.07306362916473307,0.0,0.001953125,0.1280132947564378,0.0,4.846043860028389E-10,0.1319579063971199,15,15
1775942367217,0.3053121162393136,0.011223917161691232,0.5071004662744372,1.0736736953070998,0.0,1.0,1,0.070889936307177,0.0,0.001953125,0.12798627485276742,0.0,3.8768350880227114E-10,0.1319396372698325,15,15
1775942367621,0.30442405984451903,0.03549314249999667,0.5098918721665079,1.0713021353160312,0.0,0.0,1,0.06985413317761069,0.3094059405940594,0.001953125,0.12795781545595372,0.0,3.101468070418169E-10,0.13192137320044295,15,15
1775942368044,0.3035360034497246,0.03549314249999667,0.5121110376301095,1.068967523493467,0.0,1.0,1,0.0729258140990684,0.0,0.001953125,0.127929648415793,0.0,2.4811744563345353E-10,0.1319031141868512,15,15
1775942368442,0.3026625655161616,0.011223917161691232,1.0,1.0635667994418103,0.0,0.0,1,0.07276452296388185,0.6281407035175879,0.001953125,0.1278417336235866,0.0,1.9849395650676283E-10,0.13188486022695822,13,15
1775942368871,0.3071597664043885,0.5421279796170815,0.0,1.0628911420291929,0.0,0.0,1,0.0716886916538337,0.0,0.001953125,0.1278417336235866,0.0,1.5879516520541028E-10,0.13186661131866606,15,15
1775942369268,0.3070594629681079,0.5582700125418721,0.5119536569658536,1.0606857806932457,0.0,0.0,1,0.07634199767575939,0.0,0.001953125,0.12781130939206337,0.0,1.2703613216432822E-10,0.13184836745987827,15,15
1775942369670,0.3080478227991831,0.022447834323382463,0.5144438177260061,1.05851371898526,0.0,0.0,1,0.07431443230464385,0.0,0.001953125,0.12778031608244453,0.0,1.0162890573146258E-10,0.13183012864849908,15,15
1775942370067,0.3084527822246329,0.011223917161691232,0.516918042463486,1.0563744158006225,0.0,0.0,1,0.07302770666893132,0.0,0.001953125,0.12774876587965658,0.0,8.130312458517007E-11,0.13181189488243428,15,15
1775942370468,0.3073826051286794,0.0,1.0,1.0527629686791495,0.0,0.0,1,0.07132435653906972,0.31172069825436405,0.001953125,0.12768400602525298,0.0,6.504249966813605E-11,0.13193195961831006,15,15
1775942370876,0.3065955577310927,0.025097441747368093,2.8549797825436907E-4,1.0522069587571683,0.0,0.0,1,0.06989969488566798,0.0,0.001953125,0.12768317035096227,0.0,5.203399973450884E-11,0.1319137168141593,15,15
1775942371278,0.3067294168335194,0.015873015873015876,1.0,1.0486738682132852,0.0,0.0,1,0.068584437721922,0.6218905472636815,0.001953125,0.12761539891437185,0.0,4.162719978760708E-11,0.1318954790543343,13,15
1775942371697,0.30681536471047693,0.015873015873015876,2.8533684983389235E-4,1.0481628696728693,0.0,0.0,1,0.06776542751737388,0.0,0.001953125,0.12761457579817767,0.0,3.330175983008566E-11,0.13187724633674314,15,15
1775942372101,0.3054064067514065,0.04046840883803798,0.5292813203983023,1.0461791960269005,0.0,0.0,1,0.06619507485725679,0.0,0.001953125,0.12758029115728978,0.0,2.664140786406853E-11,0.13185901865929506,15,15
1775942372498,0.3049423723229069,0.033671751485073696,0.5316661678703998,1.0442252404088304,0.0,0.0,1,0.06719706897344603,0.0,0.001953125,0.12754547559849988,0.0,2.1313126291254827E-11,0.1318407960199005,15,15
1775942372900,0.3072381119080431,0.5128728387747147,0.0,1.0437636221736324,0.0,0.0,1,0.06993890356101239,0.0,0.001953125,0.12754547559849988,0.0,1.7050501033003864E-11,0.13182257841647094,15,15
1775942373305,0.30998843692914424,0.0,1.0,1.2965154866822293,1.0,0.0,1,0.07095120434908397,0.30864197530864196,0.002197265625,0.16210899191434813,0.26555632807026874,0.05311126562769415,0.13194252555954689,15,15
1775942373715,0.30998843692914424,0.5128728387747147,0.19129728580482216,1.2912389780977627,0.0,0.0,1,0.06984902615104643,0.0,0.002197265625,0.16208927487947353,0.0,0.042489012502155324,0.13192429893631719,15,15
1775942374118,0.3098099171806934,0.0,1.0,1.273284947607593,0.0,0.0,1,0.0693236836928525,0.6203473945409429,0.002197265625,0.16176063936517351,0.0,0.03399121000172426,0.1320441988950276,13,15
1775942374546,0.30934588275219377,0.033671751485073696,0.18728618456234802,1.2684072835181006,0.0,0.0,1,0.07205152305382397,0.0,0.002197265625,0.16173963629623514,0.0,0.02719296800137941,0.13202596326474247,15,15
1775942374945,0.30827570565624024,0.022447834323382463,0.18943238728041817,1.2636151461945158,0.0,0.0,1,0.07091883001057066,0.0,0.002197265625,0.16171816756837723,0.0,0.02175437440110353,0.132007732670533,15,15
1775942375341,0.30544517143468003,0.011223917161691232,0.1915940532437349,1.2589066281457175,0.0,0.0,1,0.06997354424047894,0.0,0.002197265625,0.16169624326125995,0.0,0.017403499520882822,0.13198950711031343,15,15
1775942375754,0.3048026172577296,0.022447834323382463,1.0536456509260738E-4,1.2556548939758887,0.0,0.0,1,0.0694752165131034,0.0,0.002197265625,0.16169560813688935,0.0,0.013922799616706259,0.13197128658199886,15,15
1775942376156,0.30497495567066335,0.03174603174603175,1.0,1.2449588268021863,0.0,0.0,1,0.07070193221549095,0.31094527363184077,0.002197265625,0.16150960801034425,0.0,0.011138239693365007,0.13195307108350585,15,15
1775942376573,0.30135119271599936,0.0,0.1955047137724085,1.2405610794359658,0.0,0.0,1,0.06973623977834298,0.0,0.002197265625,0.16148657600220434,0.0,0.008910591754692006,0.13207286778912508,15,15
1775942376982,0.30120051815984605,0.0,1.0,1.224377700273103,0.0,0.0,1,0.06959417598571574,0.6112469437652812,0.002197265625,0.16111834011832657,0.0,0.007128473403753605,0.13219263143369675,13,15
1775942377414,0.3012864660368036,0.011223917161691232,0.19130871934922983,1.2203136555507847,0.0,0.0,1,0.0745954406328107,0.0,0.002197265625,0.16109399725595153,0.0,0.0057027787230028845,0.13217439293598232,15,15
1775942377821,0.30199374689294983,0.011223917161691232,0.19348527379211442,1.2163175213194304,0.0,0.0,1,0.07278381357779627,0.0,0.002197265625,0.1610692080954892,0.0,0.004562222978402307,0.13215615947027182,15,15
1775942378221,0.301815227144499,0.011223917161691232,0.1956779762978143,1.2123878853937107,0.0,0.0,1,0.07681526841489139,0.0,0.002197265625,0.16104397556277977,0.0,0.003649778382721846,0.1321379310344828,15,15
1775942378626,0.30199374689294983,0.04046840883803798,1.0,1.1984789157977527,0.0,0.0,1,0.07481256415005072,0.6172839506172839,0.002197265625,0.160675825787685,0.0,0.002919822706177477,0.13211970762653424,13,15
1775942379056,0.30146942149037426,0.03549314249999667,0.19320766932202402,1.1948250325086238,0.0,1.0,1,0.07281432166505733,0.0,0.002197265625,0.1606497047818582,0.0,0.0023358581649419816,0.1321014892443464,15,15
1775942379459,0.30179959681644714,0.025097441747368093,0.19539832298323312,1.1912306861871236,0.0,0.0,1,0.07295804799628072,0.0,0.002197265625,0.1606231477386264,0.0,0.0018686865319535854,0.13208327588584035,15,15
1775942379871,0.3046301310380073,0.5321604639441336,0.0,1.1889570231779418,0.0,0.0,1,0.0732718812555869,0.0,0.002197265625,0.1606231477386264,0.0,0.0014949492255628685,0.13206506754893854,15,15
1775942380273,0.30339969282738777,0.5572536406838717,1.0855602434672498E-4,1.1867139546001773,0.0,0.0,1,0.07175512296707467,0.0,0.002197265625,0.1606225353009772,0.0,0.0011959593804502949,0.13204686423156442,15,15
1775942380675,0.30339969282738777,0.015873015873015876,1.0,1.1736585541230258,0.0,0.0,1,0.07042817196072054,0.6218905472636815,0.002197265625,0.16023299547926298,0.0,9.567675043602359E-4,0.13202866593164275,13,15
1775942381101,0.30339969282738777,0.04046840883803798,0.2006446156225272,1.1703809793404698,0.0,0.0,1,0.07501598924718701,0.0,0.002197265625,0.16020579386835718,0.0,7.654140034881888E-4,0.1320104726470993,15,15
1775942381508,0.30390838790191155,0.011223917161691232,0.20294012232869332,1.1671552655128519,0.0,0.0,1,0.08034097197337663,0.0,0.002197265625,0.16017788689197268,0.0,6.123312027905511E-4,0.13199228437586108,15,15
1775942381905,0.3038224400249539,0.03549314249999667,0.20519987341516452,1.1639807366802404,0.0,0.0,1,0.08069831488094399,0.0,0.002197265625,0.16014956112358802,0.0,4.898649622324409E-4,0.13197410111585617,15,15
1775942382305,0.303265833724961,0.033671751485073696,0.20747704369269007,1.1608564079615524,0.0,0.0,1,0.08088145568623413,0.0,0.002197265625,0.16012080590445935,0.0,3.918919697859527E-4,0.13195592286501379,15,15
1775942382706,0.303654103032615,0.011223917161691232,1.0,1.1525653973874432,0.0,0.0,1,0.07835142696793633,0.31172069825436405,0.002197265625,0.15988853230790687,0.0,3.135135758287622E-4,0.13193774962126426,15,15
1775942383124,0.30118260119624524,0.0,0.20728996413893128,1.1496126259446213,0.0,1.0,1,0.07560159185238943,0.0,0.002197265625,0.159858683439876,0.0,2.5081086066300974E-4,0.1320572844946296,15,15
1775942383524,0.3038469783403888,0.04046840883803798,1.0,1.1377587795742972,0.0,0.0,1,0.0754987793014772,0.625,0.002197265625,0.15943751194126696,0.0,2.006486885304078E-4,0.13203910229932536,13,15
1775942383951,0.30747074129505275,0.03549314249999667,0.20441344718162557,1.1350174794339696,0.0,0.0,1,0.07588971428322475,0.0,0.002197265625,0.1594067092310197,0.0,1.6051895082432627E-4,0.1320209251101322,15,15
1775942384367,0.30747074129505275,0.03174603174603175,0.2066843092698028,1.1323183925226117,0.0,0.0,1,0.07316719253438671,0.0,0.002197265625,0.159375498487957,0.0,1.2841516065946102E-4,0.13200275292498276,15,15
1775942384771,0.3058439578991063,0.0,0.20897080240761148,1.129660760712371,0.0,0.0,1,0.07192286360689604,0.0,0.002197265625,0.15934388261685145,0.0,1.0273212852756881E-4,0.1321222130470685,15,15
1775942385179,0.3101750017099165,0.025097441747368093,1.0,1.1173317513800136,0.0,0.0,1,0.0699313955249108,0.6127450980392157,0.002197265625,0.1588707914447975,0.0,8.218570282205506E-5,0.13210403192514109,13,15
1775942385619,0.30998212640214273,0.025097441747368093,0.20423769101305117,1.1148865083811728,0.0,0.0,1,0.06850420192208996,0.0,0.002197265625,0.15883780318008228,0.0,6.574856225764404E-5,0.13208585580627408,15,15
1775942386014,0.3099821264021427,0.04046840883803798,1.1007564978748123E-4,1.1136065135372446,0.0,0.0,1,0.06785117491769649,0.0,0.002197265625,0.1588372201525846,0.0,5.2598849806115234E-5,0.1320676846884028,15,15
1775942386419,0.307510624565773,0.03549314249999667,0.21070299038115545,1.1112152301220208,0.0,1.0,1,0.06693204399074429,0.0,0.002197265625,0.15880383973486892,0.0,4.207907984489219E-5,0.13204951856946356,15,15
1775942386825,0.307510624565773,0.0,0.21301663074984323,1.1088600177943235,0.0,1.0,1,0.06581899620483593,0.0,0.002197265625,0.1587700680088776,0.0,3.3663263875913754E-5,0.13216889011140143,15,15
1775942387233,0.3055678922115923,0.0,1.0,1.0972372635604613,0.0,1.0,1,0.06465120162271899,0.6127450980392157,0.002197265625,0.15827546581405524,0.0,2.6930611100731004E-5,0.13228822882288227,13,15
1775942387671,0.30547532034009905,0.0,0.20807656164076396,1.0950748588694983,0.0,1.0,1,0.06416002710877884,0.0,0.002197265625,0.15824032417534892,0.0,2.1544488880584804E-5,0.13240753471744815,15,15
1775942388077,0.3062224844669655,0.025097441747368093,0.21031900482769733,1.0929449511267304,0.0,0.0,1,0.06645695193800077,0.0,0.002197265625,0.1582050700760335,0.0,1.7235591104467843E-5,0.13238933186692325,15,15
1775942388473,0.3059436612822341,0.04046840883803798,1.1308984199807043E-4,1.0919294725539004,0.0,0.0,1,0.06686389928350465,0.0,0.002197265625,0.15820449907718684,0.0,1.3788472883574276E-5,0.1323711340206185,15,15
1775942388878,0.3055553919745802,0.04046840883803798,0.21700506613514584,1.0898439632880825,0.0,0.0,1,0.06608376927231613,0.0,0.002197265625,0.15816860093242693,0.0,1.1030778306859421E-5,0.13235294117647056,15,15
1775942389275,0.3083057169956813,0.03549314249999667,0.9049610811954707,1.0843634032848455,0.0,0.0,1,0.06823169890849073,0.3148614609571788,0.002197265625,0.15793082305692763,0.0,8.824622645487538E-6,0.13233475333241718,14,15
1775942389686,0.3077598653023033,0.03174603174603175,1.1421560965435593E-4,1.0834488012158543,0.0,0.0,1,0.06740462044230389,0.0,0.002197265625,0.15793026578673228,0.0,7.059698116390031E-6,0.13231657048639733,15,15
1775942390093,0.31209090911311343,0.5521437184420981,0.0,1.082545419172558,0.0,0.0,1,0.06805225678512586,0.0,0.002197265625,0.15793026578673228,0.0,5.647758493112025E-6,0.13229839263635113,15,15
1775942390499,0.313056476259151,0.5675574342470199,1.18936581861364E-4,1.0816519981135626,0.0,0.0,1,0.0692895532850587,0.0,0.002197265625,0.15792970713969573,0.0,4.51820679448962E-6,0.13228021978021975,15,15
1775942390905,0.3129360504922812,0.033671751485073696,0.2322873183975295,1.0797020499930179,0.0,0.0,1,0.06813460265196006,0.0,0.002197265625,0.15789313418513276,0.0,3.614565435591696E-6,0.13226205191594564,15,15
1775942391304,0.3171745224315981,0.025097441747368093,1.0,1.07338084824604,0.0,0.0,1,0.06687039567674243,0.3132832080200501,0.002197265625,0.15761472404202947,0.0,2.891652348473357E-6,0.1322438890414721,14,15
1775942391731,0.3179216865584646,0.011223917161691232,0.23147450138152809,1.0715439401613038,0.0,0.0,1,0.0702361526251598,0.0,0.002197265625,0.15757736257791946,0.0,2.3133218787786858E-6,0.1322257311547439,15,15
1775942392141,0.3162089552855606,0.015873015873015876,0.23397719135626568,1.069733734088476,0.0,0.0,1,0.06884043760115624,0.0,0.002197265625,0.15753937547203503,0.0,1.8506575030229487E-6,0.13220757825370677,15,15
1775942392547,0.3155507707805584,0.033671751485073696,0.23643414320721648,1.0679500785062708,0.0,0.0,1,0.06902721311025772,0.0,0.002197265625,0.1575010342180429,0.0,1.480526002418359E-6,0.13218943033630748,15,15
1775942392956,0.317283753575536,0.04046840883803798,0.23890703224155851,1.0661925471789904,0.0,0.0,1,0.06850269845255413,0.0,0.002197265625,0.1574623290513156,0.0,1.1844208019346873E-6,0.1321712874004941,15,15
1775942393362,0.3167064557371524,0.04046840883803798,1.0,1.060172121262663,0.0,0.0,1,0.067029367703128,0.30788177339901474,0.002197265625,0.1571762106867209,0.0,9.475366415477499E-7,0.13215314944421575,15,15
1775942393771,0.31689933104492624,0.0,0.23790255033461036,1.058518777744424,0.0,0.0,1,0.06596865646022237,0.0,0.002197265625,0.15713649349127456,0.0,7.580293132382E-7,0.13227222832052687,15,15
1775942394174,0.3174451827383042,0.025097441747368093,1.0,1.0485497522350564,0.0,0.0,1,0.06704441254278377,0.6203473945409429,0.002197265625,0.15659040537255736,0.0,6.0642345059056E-7,0.13225408149266016,13,15
1775942394604,0.3174451827383042,0.025097441747368093,0.23132976923662946,1.04704613602881,0.0,0.0,1,0.06821260690239582,0.0,0.002197265625,0.15654935073872167,0.0,4.85138760472448E-7,0.132235939643347,15,15
1775942394999,0.3159560155787748,0.011223917161691232,0.23377240493980064,1.0455643926259102,0.0,0.0,1,0.0697812368353388,0.0,0.002197265625,0.1565079568919827,0.0,3.8811100837795844E-7,0.13221780277053907,15,15
1775942395406,0.31842751741514447,0.033671751485073696,0.23622880584388944,1.0441041966299531,0.0,0.0,1,0.06882368905291553,0.0,0.002197265625,0.15646622908999439,0.0,3.104888067023668E-7,0.13219967087218865,15,15
1775942395807,0.3172973826408054,0.03549314249999667,1.2540303452130368E-4,1.0436433837958288,0.0,0.0,1,0.06787816461912914,0.0,0.002197265625,0.15646569160608392,0.0,2.4839104536189345E-7,0.1321815439462498,15,15
1775942396212,0.31953901258738276,0.03549314249999667,1.0,1.0381694183807066,0.0,0.0,1,0.06734203302614956,0.30864197530864196,0.002197265625,0.15616401179288653,0.0,1.9871283628951478E-7,0.13216342199067732,15,15
1775942396627,0.3176708827512001,0.025097441747368093,0.24002792615064855,1.0368050752048616,0.0,1.0,1,0.06645131193898818,0.0,0.002197265625,0.1561212967530622,0.0,1.5897026903161182E-7,0.13214530500342703,15,15
1775942397031,0.3146943979806119,0.0,0.24251977156416496,1.0354605606390523,0.0,0.0,1,0.06985273910866555,0.0,0.002197265625,0.15607825519806445,0.0,1.2717621522528947E-7,0.1322642543859649,15,15
1775942397433,0.31450152267283804,0.011223917161691232,1.0,1.0262867556708046,0.0,0.0,1,0.06853347499082099,0.6218905472636815,0.002197265625,0.15550388350309344,0.0,1.0174097218023158E-7,0.13224612854597784,13,15
1775942397864,0.31526792645495805,0.015873015873015876,0.23567103842820278,1.0250734985401087,0.0,0.0,1,0.06729822180112657,0.0,0.002197265625,0.15545954477101023,0.0,8.139277774418527E-8,0.1322280076733352,15,15
1775942398265,0.31526792645495805,0.025097441747368093,0.23813861917453694,1.0238779234202642,0.0,0.0,1,0.06867330951360467,0.0,0.002197265625,0.1554148909409983,0.0,6.511422219534823E-8,0.1322098917659953,15,15
1775942398672,0.31564157730138026,0.025097441747368093,0.24062003724826417,1.0226997792763028,0.0,0.0,1,0.0673938389710932,0.0,0.002197265625,0.1553699247803909,0.0,5.2091377756278586E-8,0.13219178082191785,15,15
1775942399073,0.31742633517644386,0.025097441747368093,1.0,1.013985671676727,0.0,0.0,1,0.06744558777027003,0.6234413965087281,0.002197265625,0.15477872100209414,0.0,4.1673102205022874E-8,0.13217367483906317,13,15
1775942399499,0.31441830144774646,0.015873015873015876,1.2129631734701405E-4,1.013843396615275,0.0,0.0,1,0.0675513226363972,0.0,0.002197265625,0.15477820912663237,0.0,3.33384817640183E-8,0.132155573815393,15,15
1775942399901,0.31353024505295185,0.011223917161691232,1.2417933941878302E-4,1.0137025820059073,0.0,1.0,1,0.06701899261723412,0.0,0.002197265625,0.154777693532465,0.0,2.6670785411214642E-8,0.1321374777488703,15,15
1775942400300,0.31353024505295185,0.022447834323382463,0.24357718602165004,1.0126489269905106,0.0,0.0,1,0.06614836820439894,0.0,0.002197265625,0.15473146019091039,0.0,2.1336628328971716E-8,0.13211938663745892,15,15
1775942400705,0.3129584362814328,0.033671751485073696,0.24608927611654183,1.0116107504354106,0.0,0.0,1,0.06512545621652634,0.0,0.002197265625,0.1546849199757964,0.0,1.7069302663177374E-8,0.13210130047912394,15,15
1775942401106,0.313670730424994,0.025097441747368093,1.0,1.0069183292229669,0.0,0.0,1,0.0659355130504382,0.31172069825436405,0.002197265625,0.15435981339766083,0.0,1.36554421305419E-8,0.13208321927183142,15,15
1775942401532,0.3149292831578191,0.011223917161691232,0.24498964492623204,1.0059522170832114,0.0,0.0,1,0.0659278144345199,0.0,0.002197265625,0.15431234732327398,0.0,1.092435370443352E-8,0.13206514301354866,15,15
1775942401931,0.31292356629812745,0.022447834323382463,0.24750818390396961,1.0050004078334802,0.0,1.0,1,0.06551360137431354,0.0,0.002197265625,0.15426459020561142,0.0,8.739482963546817E-9,0.13204707170224417,15,15
1775942402335,0.3137021765699996,0.04046840883803798,1.2906790457943215E-4,1.0049496904704927,0.0,0.0,1,0.06516305567332414,0.0,0.002197265625,0.1542640887833732,0.0,6.991586370837454E-9,0.13202900533588724,15,15
1775942402731,0.3109518515488985,0.03174603174603175,0.2551153997162435,1.0040125480615316,0.0,0.0,1,0.06554109221823326,0.0,0.002197265625,0.15421604514952916,0.0,5.593269096669963E-9,0.13201094391244872,15,15
1775942403140,0.3109518515488985,0.011223917161691232,1.0,0.9994974908445651,0.0,0.0,1,0.06473649345032408,0.3056234718826406,0.002197265625,0.15388539021938274,0.0,4.474615277335971E-9,0.13199288742990012,15,15
1775942403561,0.3087503902458078,0.011223917161691232,0.2536822128148639,0.998628290776303,0.0,0.0,1,0.06449532256453226,0.0,0.002197265625,0.15383644818380318,0.0,3.579692221868777E-9,0.1319748358862144,15,15
1775942403966,0.30796334284822113,0.03549314249999667,1.0,0.9907784015420724,0.0,0.0,1,0.06449520842649054,0.6172839506172839,0.002197265625,0.1532135398169353,0.0,2.8637537774950217E-9,0.1319567892793655,13,15
1775942404393,0.3048567268962885,0.033671751485073696,0.24616192256420805,0.9900126655603585,0.0,0.0,1,0.07459140048074137,0.0,0.002197265625,0.15316337897794022,0.0,2.2910030219960177E-9,0.13193874760732838,15,15
1775942404789,0.3048567268962885,0.011223917161691232,0.24868662216953277,0.9892586277536269,0.0,1.0,1,0.07340735155909976,0.0,0.002197265625,0.1531129483470972,0.0,1.8328024175968142E-9,0.13192071086807933,15,15
1775942405201,0.3056437742938752,0.025097441747368093,0.25122440029041715,0.9885161353023852,0.0,0.0,1,0.07351782285711521,0.0,0.002197265625,0.15306225058450137,0.0,1.4662419340774514E-9,0.1319026790595954,15,15
1775942405602,0.3081213173273382,0.015873015873015876,1.296491345525591E-4,0.988629229079688,0.0,0.0,1,0.07183595339374137,0.0,0.002197265625,0.15306176892739717,0.0,1.1729935472619612E-9,0.13188465217985512,15,15
1775942406000,0.3128312946018936,0.022447834323382463,1.0,0.9853394690873856,0.0,0.0,1,0.0714640110644343,0.31407035175879394,0.002197265625,0.15276981927538985,0.0,9.38394837809569E-10,0.13186663022683798,14,15
1775942406425,0.3133771462952716,0.04627739599083572,0.2574964779796819,0.9846432724107077,0.0,0.0,1,0.07382268737982962,0.0,0.002197265625,0.15271853412830902,0.0,7.507158702476553E-10,0.13184861319852437,15,15
1775942406823,0.3133771462952716,0.044895668646764926,1.3229641285276934E-4,0.9847940714997437,0.0,0.0,1,0.07451433129592244,0.0,0.002197265625,0.15271805545337788,0.0,6.005726961981242E-10,0.13183060109289613,15,15
1775942407225,0.3128053375237525,0.04046840883803798,0.2653571816582882,0.9841071019976422,0.0,1.0,1,0.07257995769367102,0.0,0.002197265625,0.15266650620477293,0.0,4.804581569584994E-10,0.1318125939079361,15,15
1775942407622,0.3128053375237525,0.03174603174603175,0.2679748205315296,0.9834308292389751,0.0,0.0,1,0.07328337146031087,0.0,0.002197265625,0.15261469948830805,0.0,3.8436652556679953E-10,0.131794591641628,15,15
1775942408021,0.31316436990894303,0.025097441747368093,1.0,0.979432021771839,0.0,0.0,1,0.07349972951019564,0.3132832080200501,0.002197265625,0.15226757778555983,0.0,3.0749322045343964E-10,0.13177659429195687,15,15
1775942408429,0.3128341945828701,0.0,0.2661231310907059,0.9788128590577023,0.0,0.0,1,0.07233269795072264,0.0,0.002197265625,0.15221494148724898,0.0,2.4599457636275173E-10,0.13189513926815943,15,15
1775942408831,0.3129201424598277,0.0,1.0,0.9717108864937734,0.0,0.0,1,0.07065748820878193,0.6218905472636815,0.002197265625,0.1515642430099587,0.0,1.967956610902014E-10,0.1320136518771331,13,15
1775942409266,0.31596345306771645,0.04046840883803798,1.3085078869290597E-4,0.9719854364856488,0.0,0.0,1,0.06985125235871345,0.0,0.002197265625,0.15156377457431294,0.0,1.5743652887216113E-10,0.13199563199563202,15,15
1775942409676,0.3115464613799487,0.04046840883803798,0.262962584797037,0.9714526994818073,0.0,0.0,1,0.06919776933488414,0.0,0.002197265625,0.15150998952775155,0.0,1.2594922309772892E-10,0.13197761703289201,15,15
1775942410081,0.3120551564544724,0.022447834323382463,1.34184911081503E-4,0.9717296898023361,0.0,0.0,1,0.06812774730369951,0.0,0.002197265625,0.15150952485264638,0.0,1.0075937847818315E-10,0.13195960698689957,15,15
1775942410483,0.3108882768749464,0.03549314249999667,0.27095963438383297,0.9712029278427604,0.0,1.0,1,0.06663957239715303,0.0,0.002197265625,0.15145549678556514,0.0,8.060750278254653E-11,0.13194160185564197,15,15
1775942410885,0.3098425005284498,0.0,1.0,0.9675240399166831,0.0,1.0,1,0.06554130793953616,0.31094527363184077,0.002197265625,0.15109837908477983,0.0,6.448600222603723E-11,0.13206002728512956,15,15
1775942411301,0.31038835222182776,0.025097441747368093,0.26901386884744416,0.9670484053254939,0.0,0.0,1,0.06521172753555891,0.0,0.002197265625,0.15104377100047456,0.0,5.1588801780829785E-11,0.1320420133678898,15,15
1775942411711,0.31104653672683,0.011223917161691232,1.0,0.960421847196371,0.0,0.0,1,0.0649093371609183,0.6097560975609756,0.002197265625,0.15037632466176273,0.0,4.127104142466383E-11,0.13202400436442985,13,15
1775942412141,0.309344593180972,0.011223917161691232,0.260607581544454,0.9600269784496498,0.0,0.0,1,0.06443277678309003,0.0,0.002197265625,0.1503203898568759,0.0,3.3016833139731065E-11,0.13200600027273968,15,15
1775942412547,0.309667606150059,0.011223917161691232,0.263203616345415,0.9596393053910166,0.0,0.0,1,0.06398630976327206,0.0,0.002197265625,0.15026423427805052,0.0,2.6413466511784852E-11,0.13198800109080988,15,15
1775942412955,0.30980519317356797,0.015873015873015876,0.26581157284260876,0.9592587394974893,0.0,0.0,1,0.06359373349835666,0.0,0.002197265625,0.15020786044145845,0.0,2.1130773209427884E-11,0.13197000681663262,15,15
1775942413358,0.30980519317356797,0.03549314249999667,0.2684300644389667,0.9588851967327989,0.0,0.0,1,0.06449382703128824,0.0,0.002197265625,0.15015127631582723,0.0,1.6904618567542307E-11,0.13195201744820062,15,15
1775942413755,0.30676188256567927,0.033671751485073696,1.0,0.9555259185934117,0.0,0.0,1,0.06375776545751656,0.3148614609571788,0.002197265625,0.1497841836892023,0.0,1.3523694854033846E-11,0.13193403298350825,14,15
1775942414169,0.3021187311284244,0.011223917161691232,0.2666893083213633,0.9551972525527777,0.0,1.0,1,0.06302658953828352,0.0,0.002197265625,0.14972685080460063,0.0,1.0818955883227077E-11,0.13191605342055057,15,15
1775942414584,0.30344174121053724,0.025097441747368093,0.2692469942630952,0.9548751916551519,0.0,0.0,1,0.06416020760869194,0.0,0.002197265625,0.14966952252084698,0.0,8.655164706581662E-12,0.13189807875732384,15,15
1775942414989,0.30768021314985416,0.025097441747368093,0.2719484668385667,0.9545592858710032,0.0,0.0,1,0.06615884913546824,0.0,0.002197265625,0.1496117784927497,0.0,6.92413176526533E-12,0.13188010899182556,15,15
1775942415392,0.30768021314985416,0.022447834323382463,0.2745945700373524,0.9542496447791076,0.0,0.0,1,0.06583653128065492,0.0,0.002197265625,0.1495538329756859,0.0,5.539305412212264E-12,0.13186214412205421,15,15
1775942415792,0.3059782696039961,0.011223917161691232,1.0,0.9481277034332387,0.0,0.0,1,0.0649997270863025,0.625,0.002197265625,0.14886750797917478,0.0,4.4314443297698114E-12,0.1318441841460093,13,15
1775942416234,0.30710840437833514,0.025097441747368093,0.2656284165568885,0.9478901286667983,0.0,0.0,1,0.06625954663251601,0.0,0.002197265625,0.1488085485615093,0.0,3.5451554638158493E-12,0.1318262290616914,15,15
1775942416632,0.3107321673329991,0.5449093299610118,0.0,0.9483843210263767,0.0,0.0,1,0.06561549656426302,0.0,0.002197265625,0.1488085485615093,0.0,2.8361243710526795E-12,0.13180827886710245,15,15
1775942417035,0.3125169252080627,0.5639948572838054,0.2736929337507214,0.9481473310741387,0.0,0.0,1,0.06491585229332392,0.0,0.002197265625,0.14874939335728968,0.0,2.2688994968421438E-12,0.13179033356024505,15,15
1775942417436,0.3109937546977051,0.025097441747368093,0.27634627547127233,0.9479157196725253,0.0,0.0,1,0.06736526505108403,0.0,0.002197265625,0.14869005013772085,0.0,1.815119597473715E-12,0.13177239313912337,15,15
1775942417829,0.3103780254717386,0.04046840883803798,1.0,0.9455733453285609,0.0,0.0,1,0.06681527914644321,0.31806615776081426,0.002197265625,0.1483725822367512,0.0,1.4520956779789722E-12,0.1317544576017422,14,15
1775942418242,0.3103780254717386,0.04046840883803798,0.2771661286129333,0.9453711743586652,0.0,0.0,1,0.06594242131110147,0.0,0.002197265625,0.1483127474221439,0.0,1.161676542383178E-12,0.13173652694610782,15,15
1775942418640,0.31207996901759666,0.011223917161691232,1.0,0.9396456570239814,0.0,0.0,1,0.06641434528776587,0.6281407035175879,0.002197265625,0.14761391239614144,0.0,9.293412339065423E-13,0.13171860117022727,13,15
1775942419077,0.3151865849695292,0.03549314249999667,0.26815265649882325,0.9395093569965072,0.0,0.0,1,0.06518653860237947,0.0,0.002197265625,0.14755310965815668,0.0,7.434729871252338E-13,0.1317006802721088,15,15
1775942419478,0.31881034792419316,0.015873015873015876,0.2707829897805519,0.9393773447078879,0.0,0.0,1,0.0666458846219494,0.0,0.002197265625,0.14749213219479676,0.0,5.947783897001871E-13,0.13168276424976189,15,15
1775942419879,0.3204454656327507,0.025097441747368093,0.2734241879667191,0.9392495686991826,0.0,0.0,1,0.06589348993276957,0.0,0.002197265625,0.14743098428695145,0.0,4.758227117601497E-13,0.1316648531011969,15,15
1775942420280,0.3193153308584117,0.011223917161691232,0.2760752114042121,0.9391259800972258,0.0,0.0,1,0.06638830876138166,0.0,0.002197265625,0.14736967342063065,0.0,3.806581694081198E-13,0.13164694682442546,15,15
1775942420678,0.31454204823981247,0.033671751485073696,1.0,0.9363175971126849,0.0,0.0,1,0.06519974687389525,0.31407035175879394,0.002197265625,0.14698571300685004,0.0,3.0452653552649583E-13,0.1316290454174599,14,15
1775942421091,0.316326806114876,0.025097441747368093,0.2741051946129373,0.9362291746831111,0.0,0.0,1,0.06486350346057568,0.0,0.002197265625,0.14692377189600916,0.0,2.4362122842119667E-13,0.13161114887831404,15,15
1775942421486,0.31557964198800953,0.022447834323382463,1.3917817447288045E-4,0.9368262461838379,0.0,0.0,1,0.06429034752284565,0.0,0.002197265625,0.14692335642205387,0.0,1.9489698273695735E-13,0.1315932572050027,15,15
1775942421887,0.3155796419880096,0.529431113655807,0.2050920127183868,0.9369235002924077,0.0,0.0,1,0.06338559874612956,0.0,0.002197265625,0.1468580350014015,0.0,1.559175861895659E-13,0.13157537039554168,15,15
1775942422285,0.3153186122552171,0.5221233080443978,0.28692958271760105,0.936831906048132,0.0,0.0,1,0.06230722282402322,0.0,0.002197265625,0.14679590216675661,0.0,1.2473406895165273E-13,0.1315574884479478,15,15
1775942422684,0.31945678075825346,0.4909100664822894,1.0,0.9347864116413651,0.0,0.0,1,0.06384452387078496,0.3132832080200501,0.002197265625,0.1464717819838018,0.0,9.978725516132219E-14,0.13153961136023917,15,15
1775942423104,0.32015203223905603,0.49816999449127675,0.28757830043509225,0.9347193807260641,0.0,0.0,1,0.06467844505963549,0.0,0.002197265625,0.14640920450108144,0.0,7.982980412905775E-14,0.13152173913043474,15,15
1775942423509,0.32015203223905603,0.03549314249999667,0.2902861385306051,0.9346558705024697,0.0,0.0,1,0.06620580042078977,0.0,0.002197265625,0.14634646906389864,0.0,6.386384330324621E-14,0.13150387175655487,15,15
1775942423911,0.3210254701726189,0.03549314249999667,1.466640271076038E-4,0.9352666691381072,0.0,0.0,1,0.06584537580126425,0.0,0.002197265625,0.14634606053341562,0.0,5.109107464259697E-14,0.13148600923662046,15,15
1775942424323,0.3193588035059522,0.562205103124598,0.0,0.9358724810941687,0.0,0.0,1,0.06609612949661645,0.0,0.002197265625,0.14634606053341562,0.0,4.0872859714077576E-14,0.1314681515686541,15,15
1775942424723,0.3178801055802711,0.562205103124598,1.0,0.9338755005775069,0.0,0.0,1,0.06585126139934425,0.3125,0.002197265625,0.14602015799046153,0.0,3.2698287771262063E-14,0.13145029875067893,15,15
1775942425140,0.31964535447017306,0.025097441747368093,0.30251488486931366,0.933824289741922,0.0,0.0,1,0.06548657512694296,0.0,0.002197265625,0.1459569862691957,0.0,2.6158630217009652E-14,0.13143245078071963,15,15
1775942425544,0.32205959215959223,0.025097441747368093,0.30526996771390197,0.9337764238253382,0.0,0.0,1,0.06431290901210043,0.0,0.002197265625,0.14589366809212162,0.0,2.0926904173607722E-14,0.13141460765680157,15,15
1775942425941,0.3223633654734258,0.025097441747368093,1.513363429035189E-4,0.9343948803704054,0.0,0.0,1,0.06350804913963276,0.0,0.002197265625,0.14589327187568832,0.0,1.674152333888618E-14,0.13139676937695122,15,15
1775942426347,0.3253398502440141,0.022447834323382463,1.5318350340399887E-4,0.9350079626801426,0.0,0.0,1,0.06685146732185632,0.0,0.002197265625,0.14589287924112876,0.0,1.3393218671108944E-14,0.13137893593919647,15,15
1775942426747,0.3244711363175765,0.047619047619047616,1.0,0.9323976619656197,0.0,0.0,1,0.06919343270746696,0.3125,0.002197265625,0.14550236479672501,0.0,1.0714574936887156E-14,0.13136110734156603,15,15
1775942427164,0.32588009427664694,0.025097441747368093,0.31414570416127624,0.9323703472842196,0.0,0.0,1,0.0679977456543971,0.0,0.002197265625,0.14543848552476077,0.0,8.571659949509725E-15,0.13134328358208958,15,15
1775942427566,0.32597266614814024,0.015873015873015876,0.3169323167649064,0.9323461117882968,0.0,0.0,1,0.06665195717776154,0.0,0.002197265625,0.1453744683633706,0.0,6.857327959607781E-15,0.13132546465879802,15,15
1775942427972,0.3255011608129017,0.033671751485073696,0.31972707905629016,0.9323249135089288,0.0,0.0,1,0.08280592015425975,0.0,0.002197265625,0.14531031059078856,0.0,5.485862367686225E-15,0.13130765056972327,15,15
1775942428375,0.3248660466973388,0.0,1.0,0.9273323632024162,0.0,0.0,1,0.07953898379122953,0.6203473945409429,0.002197265625,0.1445879375312904,0.0,4.388689894148981E-15,0.13142547131425475,13,15
1775942428803,0.32373591192299983,0.011223917161691232,0.30703994487460645,0.927366309290645,0.0,1.0,1,0.08765871918843042,0.0,0.002197265625,0.14452296603384698,0.0,3.5109519153191846E-15,0.1314076484947111,15,15
1775942429208,0.3243516411489664,0.033671751485073696,1.506985076788175E-4,0.9280400615351136,0.0,0.0,1,0.08587672198860197,0.0,0.002197265625,0.14452258420168448,0.0,2.808761532255348E-15,0.13138983050847453,15,15
1775942429602,0.32587481165932397,0.0,1.5300464786927146E-4,0.9287080430736883,0.0,0.0,1,0.0839812634273623,0.0,0.002197265625,0.14452220407740846,0.0,2.2470092258042783E-15,0.13150759219088937,15,15
1775942430009,0.32409005378426037,0.0,1.0,0.9245457227680322,0.0,0.0,0,0.08207200413327853,0.6142506142506143,0.002197265625,0.1438614776543807,0.0,1.7976073806434227E-15,0.1316253219465907,13,15
1775942430446,0.3275414783259906,0.011223917161691232,1.483953017159194E-4,0.9252435489754809,0.0,0.0,1,0.08067608427937495,0.0,0.002197265625,0.14386110402767957,0.0,1.4380859045147381E-15,0.13160748170235836,15,15
1775942430844,0.3255843820379933,0.015873015873015876,1.525439551742483E-4,0.9259354333573151,0.0,0.0,1,0.07951915746632603,0.0,0.002197265625,0.14386072553172308,0.0,1.1504687236117906E-15,0.13158964629353576,15,15
1775942431241,0.3236416496838126,0.03549314249999667,0.323358286879581,0.9259880553240154,0.0,1.0,1,0.07670245118358712,0.0,0.002197265625,0.14379509347575012,0.0,9.203749788894324E-16,0.13157181571815724,15,15
1775942431643,0.32339957130426816,0.015873015873015876,0.32616598918550915,0.9260429259556895,0.0,0.0,1,0.07491634609032376,0.0,0.002197265625,0.14372934204865986,0.0,7.36299983111546E-16,0.13155398997425827,15,15
1775942432049,0.3186262886856689,0.011223917161691232,1.0,0.923745696768735,0.0,0.0,1,0.07250823937973637,0.30788177339901474,0.002197265625,0.14333206322743988,0.0,5.890399864892369E-16,0.13153616905987542,15,15
1775942432459,0.3213305491005327,0.4909100664822894,0.0,0.924450620656976,0.0,0.0,1,0.07272867838091361,0.0,0.002197265625,0.14333206322743988,0.0,4.712319891913895E-16,0.13151835297304615,15,15
1775942432863,0.3217727879083217,0.4858802496829831,0.3287896481955722,0.9245265691299485,0.0,0.0,1,0.07235854250193738,0.0,0.002197265625,0.1432658200211692,0.0,3.769855913531116E-16,0.13150054171180936,15,15
1775942433269,0.3213305491005327,0.033671751485073696,0.33160963653751485,0.924604512376837,0.0,0.0,1,0.075623678526888,0.0,0.002197265625,0.14319946093160094,0.0,3.015884730824893E-16,0.1314827352742045,15,15
1775942433668,0.3195457912254691,0.03549314249999667,1.5873343137803172E-4,0.9253018476887755,0.0,0.0,1,0.07534721223336115,0.0,0.002197265625,0.14319909665489877,0.0,2.412707784659914E-16,0.1314649336582724,15,15
1775942434071,0.31895084318094713,0.03549314249999667,1.0,0.9207792612014882,0.0,0.0,0,0.07377337456229385,0.6203473945409429,0.002197265625,0.14246779492747258,0.0,1.9301662277279315E-16,0.131447136862055,13,15
1775942434507,0.3200809779552861,0.022447834323382463,0.3242989675791846,0.9208997924947077,0.0,0.0,1,0.07226414318507006,0.0,0.002197265625,0.14240070769271454,0.0,1.5441329821823453E-16,0.13142934488359503,15,15
1775942434920,0.3189252929986921,0.011223917161691232,0.3271086300638692,0.9210218719840468,0.0,0.0,1,0.07052862421025911,0.0,0.002197265625,0.14233351935148492,0.0,1.2353063857458762E-16,0.1314115577209365,15,15
1775942435320,0.31938932742719167,0.03174603174603175,1.5726878199998984E-4,0.9217495570511087,0.0,0.0,1,0.0687684230239001,0.0,0.002197265625,0.14233315759949644,0.0,9.88245108596701E-17,0.1313937753721245,15,15
1775942435718,0.31998427547171365,0.03549314249999667,0.3366099000709885,0.9218665510714061,0.0,1.0,1,0.06776829031736753,0.0,0.002197265625,0.14226587157490905,0.0,7.905960868773609E-17,0.13137599783520493,15,15
1775942436113,0.31751277363534397,0.03549314249999667,1.0,0.9197447455816166,0.0,0.0,1,0.06787455411270628,0.3164556962025316,0.002197265625,0.14186500378404995,0.0,6.324768695018887E-17,0.13135822510822515,15,15
1775942436536,0.3189914715610251,0.03549314249999667,1.5711985105995035E-4,0.9204831920646234,0.0,1.0,1,0.07005551151169861,0.0,0.002197265625,0.14186464871473978,0.0,5.05981495601511E-17,0.13134045718923304,15,15
1775942436941,0.3203328386230558,0.025097441747368093,0.33897839412395364,0.9206184500731304,0.0,0.0,1,0.0688732048742523,0.0,0.002197265625,0.14179692466856675,0.0,4.0478519648120885E-17,0.13132269407627806,15,15
1775942437342,0.32209808751295765,0.04046840883803798,0.3418125163058703,0.9207550825401015,0.0,0.0,1,0.07068364135104857,0.0,0.002197265625,0.14172911403788097,0.0,3.2382815718496707E-17,0.13130493576741042,15,15
1775942437740,0.32410380437264935,0.044895668646764926,1.6222125258737465E-4,0.9214850264169179,0.0,0.0,1,0.06943936302539735,0.0,0.002197265625,0.1417287632479085,0.0,2.5906252574797367E-17,0.13128718226068148,15,15
1775942438142,0.3260465367268301,0.04627739599083572,1.0,0.9172419891642086,0.0,0.0,0,0.07194234903418804,0.6218905472636815,0.002197265625,0.14099285637210823,0.0,2.0725002059837894E-17,0.13126943355414356,13,15
1775942438567,0.3247879839940049,0.015873015873015876,0.3337742436786391,0.9174173070175371,0.0,1.0,1,0.07355328856579592,0.0,0.002197265625,0.14092438654716619,0.0,1.6580001647870317E-17,0.1312516896458502,15,15
1775942438973,0.3247879839940049,0.022447834323382463,0.33660165726942265,0.9175935979928042,0.0,0.0,1,0.07601557496817384,0.0,0.002197265625,0.14085583524629572,0.0,1.3264001318296255E-17,0.1312339505338559,15,15
1775942439384,0.32426365859142936,0.033671751485073696,1.598324730400162E-4,0.9183500968990327,0.0,0.0,1,0.07518735373810626,0.0,0.002197265625,0.14085548914782411,0.0,1.0611201054637004E-17,0.13121621621621626,15,15
1775942439781,0.3211570426394967,0.04046840883803798,0.34631099503912166,0.9185205404719323,0.0,0.0,1,0.07342488868455303,0.0,0.002197265625,0.14078685964547558,0.0,8.488960843709604E-18,0.13119848669098766,15,15
1775942440185,0.3216004334525296,0.04046840883803798,1.0,0.9150318355477046,0.0,0.0,0,0.0723624391060053,0.6188118811881188,0.002197265625,0.14011779608018612,0.0,6.791168674967684E-18,0.13118076195622808,13,15
1775942440612,0.32212475885510516,0.0,1.5592007560422656E-4,0.9158097087275374,0.0,0.0,1,0.07090636245179785,0.0,0.002197265625,0.14011745738999892,0.0,5.4329349399741474E-18,0.1312981223828178,15,15
1775942441016,0.3220244554188246,0.03174603174603175,0.34231180311341497,0.9160085624977298,0.0,0.0,1,0.06938261482672273,0.0,0.002197265625,0.1400482915313431,0.0,4.346347951979318E-18,0.13128038897893035,15,15
1775942441424,0.32265956953438746,0.03549314249999667,0.3451506071176552,0.9162081445164089,0.0,0.0,1,0.0679021133018495,0.0,0.002197265625,0.13997905806184174,0.0,3.4770783615834544E-18,0.13126266036461853,15,15
1775942441823,0.3233718636779486,0.04046840883803798,0.34799605785346993,0.916408434171381,0.0,0.0,1,0.06672859019726575,0.0,0.002197265625,0.13990975011058357,0.0,2.7816626892667638E-18,0.13124493653794223,15,15
1775942442218,0.32292847286491566,0.03549314249999667,1.0,0.9151059505662187,0.0,0.0,1,0.06862334576733164,0.3164556962025316,0.002197265625,0.13957488239730254,0.0,2.2253301514134113E-18,0.1312272174969623,15,15
1775942442636,0.32763845013947107,0.04046840883803798,0.34718604594381186,0.9153202417814118,0.0,0.0,1,0.06731645412632606,0.0,0.002197265625,0.1395054396937269,0.0,1.780264121130729E-18,0.1312095032397408,15,15
1775942443039,0.32726479929304886,0.04046840883803798,1.6048890190117416E-4,0.9160957246701941,0.0,0.0,1,0.06817210962079095,0.0,0.002197265625,0.13950511199090018,0.0,1.4242112969045832E-18,0.13119179376434065,15,15
1775942443435,0.32825315912412406,0.025097441747368093,1.0,0.9128195243083248,0.0,0.0,1,0.06952814717827113,0.6313131313131313,0.002197265625,0.13883662018053597,0.0,1.1393690375236666E-18,0.13117408906882588,13,15
1775942443864,0.3306005709762428,0.022447834323382463,0.3431669096677368,0.9130596045450623,0.0,0.0,1,0.07135576332181023,0.0,0.002197265625,0.13876652455143595,0.0,9.114952300189332E-19,0.1311563891512616,15,15
1775942444264,0.33050026753996214,0.015873015873015876,0.3460068383983314,0.9132999993016667,0.0,0.0,1,0.06968487546464809,0.0,0.002197265625,0.13869637421486375,0.0,7.291961840151466E-19,0.131138694009714,15,15
1775942444661,0.33096430196846177,0.022447834323382463,1.5985893262691748E-4,0.9140922567936983,0.0,0.0,1,0.07114642755336054,0.0,0.002197265625,0.1386960490997687,0.0,5.833569472121173E-19,0.1311210036422501,15,15
1775942445067,0.3355366922195082,0.025097441747368093,0.3559201620814518,0.9143259134795879,0.0,0.0,1,0.06973140148926685,0.0,0.002197265625,0.1386258385806581,0.0,4.666855577696939E-19,0.1311033180469382,15,15
1775942445464,0.33789874793295543,0.022447834323382463,1.0,0.9131343199064073,0.0,1.0,1,0.06955751720642885,0.3148614609571788,0.002197265625,0.1382916011059256,0.0,3.7334844621575515E-19,0.13108563722184763,14,15
1775942445886,0.33682857083700185,0.03174603174603175,1.5955376422498928E-4,0.913927955831743,0.0,1.0,1,0.06850357721593717,0.0,0.002197265625,0.13829128508434,0.0,2.9867875697260415E-19,0.1310679611650486,15,15
1775942446285,0.33657428596770533,0.033671751485073696,0.36226677226360915,0.9141670555925738,0.0,0.0,1,0.07513524736866484,0.0,0.002197265625,0.13822081231718666,0.0,2.389430055780833E-19,0.13105028987461242,15,15
1775942446684,0.3336685623833255,0.011223917161691232,0.3651257166771189,0.9144064425223832,0.0,0.0,1,0.0732497168421399,0.0,0.002197265625,0.13815028781739586,0.0,1.9115440446246666E-19,0.13103262334861143,15,15
1775942447082,0.33312271068994753,0.011223917161691232,0.3679860162167717,0.9146461050128016,0.0,0.0,1,0.07300820129105381,0.0,0.002197265625,0.1380797133693991,0.0,1.5292352356997334E-19,0.13101496158511927,15,15
1775942447491,0.332234654295153,0.015873015873015876,1.0,0.9129441780002231,0.0,0.0,1,0.07165889735768498,0.3056234718826406,0.002197265625,0.13767498140984247,0.0,1.2233881885597867E-19,0.13099730458221026,15,15
1775942447904,0.3368070445461994,0.5371087084345597,0.2347308130830635,0.9133929160006916,0.0,0.0,1,0.07207605739693075,0.0,0.002197265625,0.13760928260183045,0.0,9.787105508478293E-20,0.13097965233795983,15,15
1775942448309,0.3325685726068825,0.5128728387747147,0.3679040200688592,0.9136476870999082,0.0,1.0,1,0.0706539889199436,0.0,0.002197265625,0.13753837879665348,0.0,7.829684406782635E-20,0.13096200485044462,15,15
1775942448704,0.3341027841313357,0.011223917161691232,0.3707669278609469,0.9139025665103717,0.0,0.0,1,0.07093195708792926,0.0,0.002197265625,0.13746742798100053,0.0,6.263747525426108E-20,0.13094436211774219,15,15
1775942449103,0.33523291890567464,0.0,0.3736289343367382,0.914157546570306,0.0,0.0,1,0.07007933816450178,0.0,0.002197265625,0.1373964360384048,0.0,5.0109980203408865E-20,0.13106142241379315,15,15
1775942449501,0.33523291890567464,0.011223917161691232,1.0,0.9106382992426786,0.0,0.0,1,0.06885117115379233,0.6281407035175879,0.002197265625,0.13665824246116312,0.0,4.0087984162727094E-20,0.13104377104377107,13,15
1775942449931,0.3327614170693049,0.0,0.35662935698837966,0.9109298594539099,0.0,0.0,1,0.07028204762125766,0.0,0.002197265625,0.13658679818956185,0.0,3.207038733018168E-20,0.13116078642607054,15,15
1775942450329,0.3327614170693049,0.0,1.0,0.9075679169854305,0.0,0.0,1,0.06880809799435322,0.6281407035175879,0.002197265625,0.13585071573357854,0.0,2.5656309864145345E-20,0.13127777029756293,13,15
1775942450760,0.33653585458012225,0.04627739599083572,0.34157425153823573,0.9078941654895094,0.0,0.0,1,0.06826158308317537,0.0,0.002197265625,0.13577898216008685,0.0,2.0525047891316276E-20,0.1312600969305331,15,15
1775942451176,0.33796976266829487,0.03174603174603175,0.3444120400322197,0.9082198457216611,0.0,0.0,1,0.06841758519540868,0.0,0.002197265625,0.13570722649514347,0.0,1.6420038313053022E-20,0.13124242832144295,15,15
1775942451570,0.33874837294016696,0.04627739599083572,1.5710837456009639E-4,0.9090539385445136,0.0,0.0,1,0.07006168201083902,0.0,0.002197265625,0.13570692577502622,0.0,1.3136030650442418E-20,0.1312247644683715,15,15
1775942451968,0.33742391097491686,0.03174603174603175,0.3543685865256698,0.9093716415636417,0.0,0.0,1,0.08246048305802711,0.0,0.002197265625,0.13563500122188846,0.0,1.0508824520353934E-20,0.1312071053693985,15,15
1775942452363,0.34067402308315864,0.5040776034349339,1.0,0.9084120664078883,0.0,0.0,1,0.08476178022869814,0.3164556962025316,0.002197265625,0.13530354449521198,0.0,8.407059616283147E-21,0.13118945102260493,14,15
1775942452778,0.34067402308315864,0.49308649419076406,0.3537676463118137,0.908739175936282,0.0,0.0,1,0.08625511479308785,0.0,0.002197265625,0.13523142460994103,0.0,6.725647693026518E-21,0.13117180142607288,15,15
1775942453189,0.34023063227012573,0.04046840883803798,1.6053357167303948E-4,0.9095690215076622,0.0,0.0,1,0.08351549440323225,0.0,0.002197265625,0.1352311283144007,0.0,5.380518154421215E-21,0.13115415657788543,15,15
1775942453587,0.3396869643991931,0.04046840883803798,0.3638436525522953,0.909888266369382,0.0,0.0,1,0.08262280167793276,0.0,0.002197265625,0.1351589905186993,0.0,4.304414523536972E-21,0.13113651647612645,15,15
1775942453991,0.3400506953914121,0.04046840883803798,1.0,0.9072201554613042,0.0,0.0,0,0.08065807577626345,0.6188118811881188,0.002197265625,0.13449813101387223,0.0,3.443531618829578E-21,0.13111888111888115,13,15
1775942454428,0.3400506953914121,0.04046840883803798,0.35246143278920133,0.9075652054900581,0.0,0.0,1,0.07734833027777738,0.0,0.002197265625,0.13442564507772195,0.0,2.7548252950636628E-21,0.1311012505042356,15,15
1775942454839,0.34395899200465613,0.5221233080443978,0.0,0.9084048778968772,0.0,0.0,1,0.077916088521031,0.0,0.002197265625,0.13442564507772195,0.0,2.2038602360509305E-21,0.131083624630277,15,15
1775942455249,0.342480294078975,0.5473314174465609,1.6047976930623842E-4,0.9092374675518412,0.0,0.0,1,0.07569937475641744,0.0,0.002197265625,0.1344253577584721,0.0,1.7630881888407444E-21,0.13106600349509345,15,15
1775942455653,0.3420717732492474,0.03549314249999667,0.3698534215767825,0.9095671483109328,0.0,0.0,1,0.07384485423511024,0.0,0.002197265625,0.13435286043395467,0.0,1.4104705510725955E-21,0.13104838709677424,15,15
1775942456050,0.34120305932281,0.022447834323382463,1.0,0.9081921074305348,0.0,0.0,1,0.07164510617208744,0.3148614609571788,0.002197265625,0.13395120061733004,0.0,1.1283764408580765E-21,0.13103077543340946,14,15
1775942456466,0.3458462107600648,0.03174603174603175,0.364418543479502,0.9085368465970312,0.0,0.0,1,0.0734081584811806,0.0,0.002197265625,0.13387852572164366,0.0,9.027011526864613E-22,0.13101316850309053,15,15
1775942456869,0.3440037818421647,0.025097441747368093,0.36727693751899254,0.9088807690202615,0.0,0.0,1,0.0715469734240102,0.0,0.002197265625,0.1338058484468211,0.0,7.22160922149169E-22,0.13099556630390974,15,15
1775942457270,0.3400954852289207,0.022447834323382463,1.6470758489479896E-4,0.9097094650614378,0.0,0.0,1,0.07189026022000154,0.0,0.002197265625,0.13380556377480365,0.0,5.777287377193353E-22,0.1309779688339603,15,15
1775942457677,0.33711900045833243,0.04046840883803798,0.37763440903690376,0.9100453336970422,0.0,0.0,1,0.07063648540534453,0.0,0.002197265625,0.1337328790604513,0.0,4.6218299017546825E-22,0.13096037609133648,15,15
1775942458073,0.33851203978734556,0.022447834323382463,1.0,0.9087049692938065,0.0,0.0,1,0.0709579243869278,0.31565656565656564,0.002197265625,0.13333157337834972,0.0,3.6974639214037464E-22,0.13094278807413373,14,15
1775942458502,0.3386458988897722,0.025097441747368093,0.37174348359524445,0.9090554449677158,0.0,0.0,1,0.07001036485606531,0.0,0.002197265625,0.1332587356524244,0.0,2.957971137122997E-22,0.13092520478044856,15,15
1775942458899,0.3402102554121213,0.015873015873015876,0.374605654523297,0.9094050131741331,0.0,0.0,1,0.06893255304202643,0.0,0.002197265625,0.1331858993292667,0.0,2.366376909698398E-22,0.13090762620837804,15,15
1775942459305,0.3389798172015018,0.022447834323382463,0.3774664438819826,0.9097536746394076,0.0,1.0,1,0.07058838200565758,0.0,0.002197265625,0.13311306963148653,0.0,1.8931015277587186E-22,0.13089005235602091,15,15
1775942459702,0.3373131505348351,0.5374604112170481,0.0,0.9105754255934211,0.0,0.0,1,0.07133908201214664,0.0,0.002197265625,0.13311306963148653,0.0,1.514481222206975E-22,0.1308724832214765,15,15
1775942460108,0.3361574655782411,0.5321604639441336,1.0,0.9092686607506318,0.0,0.0,1,0.07004777941586728,0.30788177339901474,0.002197265625,0.13271224503763981,0.0,1.21158497776558E-22,0.13085491880284528,15,15
1775942460528,0.3350364998689248,0.022447834323382463,0.3788234287828163,0.9096242591797593,0.0,1.0,1,0.06891573897068,0.0,0.002197265625,0.13263928251488205,0.0,9.692679822124641E-23,0.1308373590982287,15,15
1775942460934,0.3369792322231056,0.015873015873015876,0.3816028875866244,0.9099789693319057,0.0,0.0,1,0.06963066398438394,0.0,0.002197265625,0.13256646098651864,0.0,7.754143857699714E-23,0.13081980410572924,15,15
1775942461342,0.3385435887454547,0.011223917161691232,0.384548368265222,0.9103325846417484,0.0,0.0,1,0.06955085081474176,0.0,0.002197265625,0.13249351694393433,0.0,6.203315086159772E-23,0.13080225382345045,15,15
1775942461740,0.3356378651610749,0.011223917161691232,0.3874091491186403,0.9106852081962394,0.0,0.0,1,0.0769708305269703,0.0,0.002197265625,0.13242058452055808,0.0,4.9626520689278175E-23,0.13078470824949695,15,15
1775942462142,0.3357885397172283,0.04046840883803798,1.0,0.9082850308075463,0.0,0.0,0,0.07556356307961522,0.6218905472636815,0.002197265625,0.13176703994520675,0.0,3.970121655142254E-23,0.13076716738197425,13,15
1775942462569,0.33188024310398423,0.03174603174603175,0.37394436375179807,0.9086605243358867,0.0,0.0,1,0.0732597943052274,0.0,0.002197265625,0.1316938634718226,0.0,3.176097324113803E-23,0.13074963121898886,15,15
1775942462979,0.33374837294016696,0.025097441747368093,0.37672505528941014,0.9090349182608527,0.0,0.0,1,0.07462452089747462,0.0,0.002197265625,0.13162083392037457,0.0,2.5408778592910426E-23,0.1307320997586484,15,15
1775942463385,0.32971965056005303,0.025097441747368093,0.37967021063420237,0.9094080128867662,0.0,0.0,1,0.07467158682788802,0.0,0.002197265625,0.13154769326243315,0.0,2.0327022874328342E-23,0.13071457299906153,15,15
1775942463781,0.33008338155227207,0.03549314249999667,1.0,0.9071197268905201,0.0,0.0,1,0.07676719071396138,0.6313131313131313,0.002197265625,0.13089875811228505,0.0,1.6261618299462674E-23,0.13069705093833783,13,15
1775942464231,0.33181636434724976,0.03549314249999667,0.36710190389017594,0.9075144226833233,0.0,0.0,1,0.07432588168875964,0.0,0.002197265625,0.1308254035981431,0.0,1.3009294639570139E-23,0.13067953357458784,15,15
1775942464626,0.33168250524482307,0.025097441747368093,1.6135150598843519E-4,0.9083543161902529,0.0,0.0,1,0.07230756323962412,0.0,0.002197265625,0.13082514455701993,0.0,1.0407435711656112E-23,0.13066202090592338,15,15
1775942465029,0.32843239313658124,0.025097441747368093,0.37745584663414633,0.908740347063008,0.0,0.0,1,0.07084528291679941,0.0,0.002197265625,0.13075181202394784,0.0,8.32594856932489E-24,0.13064451293045687,15,15
1775942465432,0.3280274337111314,0.025097441747368093,1.6507245336753893E-4,0.9095702160032596,0.0,0.0,1,0.06997702958506961,0.0,0.002197265625,0.13075155517986264,0.0,6.660758855459912E-24,0.13062700964630225,15,15
1775942465831,0.32961087915270654,0.03174603174603175,1.0,0.907371438856336,0.0,0.0,1,0.06960484096650188,0.6265664160401002,0.002197265625,0.13010783642897744,0.0,5.32860708436793E-24,0.13060951105157403,13,15
1775942466271,0.32598711619804255,0.025097441747368093,1.616388315397732E-4,0.9082125028517054,0.0,0.0,1,0.07186199172471598,0.0,0.002197265625,0.13010757974892093,0.0,4.262885667494344E-24,0.13059201714438784,15,15
1775942466686,0.3300158385781565,0.033671751485073696,8.210379811758624E-5,0.9090467893597484,0.0,0.0,1,0.07154288640457869,0.0,0.002197265625,0.13010744798617094,0.0,3.410308533995475E-24,0.13057452792286062,15,15
1775942467087,0.3262414010673392,0.04627739599083572,1.665235368102728E-4,0.9098741505633927,0.0,0.0,1,0.0741472723159975,0.0,0.002197265625,0.1301071942162199,0.0,2.7282468271963803E-24,0.13055704338510976,15,15
1775942467483,0.32773056822686863,0.025097441747368093,0.3954431144605221,0.9102519735386086,0.0,0.0,1,0.07325899046907146,0.0,0.002197265625,0.13003366983563336,0.0,2.1825974617571045E-24,0.13053956352925422,15,15
1775942467880,0.325997585431891,0.03549314249999667,1.0,0.9095889629786994,0.0,0.0,1,0.07285658825615446,0.3148614609571788,0.002197265625,0.12971379953716836,0.0,1.7460779694056836E-24,0.1305220883534136,15,15
1775942468292,0.325997585431891,0.033671751485073696,0.3938150847275179,0.9099727457805205,0.0,0.0,1,0.07175312948304288,0.0,0.002197265625,0.12964020047506467,0.0,1.396862375524547E-24,0.13050461785570877,15,15
1775942468692,0.325997585431891,0.011223917161691232,0.39667073934304387,0.9103551797053053,0.0,0.0,1,0.07014117370673545,0.0,0.002197265625,0.12956663424513398,0.0,1.1174899004196377E-24,0.1304871520342612,15,15
1775942469105,0.325997585431891,0.0,0.39952411742999067,0.9107362671948007,0.0,0.0,1,0.06849593085997407,0.0,0.002197265625,0.12949310210219853,0.0,8.939919203357101E-25,0.13060350595477055,15,15
1775942469509,0.3258881393089685,0.03549314249999667,1.0,0.908659477574782,0.0,0.0,1,0.06786376618741684,0.6188118811881188,0.002197265625,0.12885760405726643,0.0,7.151935362685681E-25,0.13058603157613058,13,15
1775942469940,0.325997585431891,0.033671751485073696,0.38577907349015156,0.9090601858286206,0.0,0.0,1,0.06800802566002692,0.0,0.002197265625,0.1287839132438446,0.0,5.721548290148545E-25,0.13056856187290966,15,15
1775942470338,0.325529106923778,0.011223917161691232,0.38863937202084103,0.9094593715758812,0.0,0.0,1,0.066511915676832,0.0,0.002197265625,0.12871026184940645,0.0,4.577238632118836E-25,0.13055109684323163,15,15
1775942470736,0.329437403537022,0.5173970162859246,0.0,0.9102835378593885,0.0,0.0,1,0.06720700995790464,0.0,0.002197265625,0.12871026184940645,0.0,3.661790905695069E-25,0.13053363648522132,15,15
1775942471139,0.3261872914287803,0.537928990566049,0.39942424277221233,0.9106740565143169,0.0,0.0,1,0.06647758841780228,0.0,0.002197265625,0.1286366510817546,0.0,2.9294327245560555E-25,0.13051618079700456,15,15
1775942471548,0.3261872914287803,0.033671751485073696,1.0,0.9100762123886159,0.0,0.0,1,0.06795148115391844,0.3056234718826406,0.002197265625,0.12832087019968205,0.0,2.3435461796448443E-25,0.13049872977670807,15,15
1775942471976,0.3256436235578476,0.04046840883803798,0.39775358160278296,0.9104719267987513,0.0,0.0,1,0.06678719732871727,0.0,0.002197265625,0.1282472129157726,0.0,1.8748369437158755E-25,0.1304812834224599,15,15
1775942472377,0.32486501328597556,0.011223917161691232,0.4006060102915274,0.9108661273367024,0.0,1.0,1,0.0661218146886999,0.0,0.002197265625,0.12817360003348963,0.0,1.4998695549727005E-25,0.13046384173238867,15,15
1775942472778,0.32486501328597556,0.011223917161691232,0.40345571299762994,0.9112588178695213,0.0,0.0,1,0.06478780575173951,0.0,0.002197265625,0.12810003272287815,0.0,1.1998956439781604E-25,0.13044640470462443,15,15
1775942473175,0.3210905757751582,0.04046840883803798,1.0,0.9093117159337349,0.0,0.0,1,0.06404104291864747,0.6297229219143576,0.002197265625,0.1274731009792666,0.0,9.599165151825283E-26,0.1304289723372979,13,15
1775942473600,0.3249988723884022,0.011223917161691232,1.615493880609516E-4,0.9101369229165472,0.0,0.0,1,0.06434349302780919,0.0,0.002197265625,0.1274728699385643,0.0,7.679332121460227E-26,0.13041154462854088,15,15
1775942474002,0.3249988723884022,0.047619047619047616,0.3974448784346872,0.9105407483142693,0.0,1.0,1,0.0653023456952216,0.0,0.002197265625,0.12739918873154862,0.0,6.143465697168182E-26,0.13039412157648633,15,15
1775942474407,0.3264775703140833,0.03549314249999667,1.6747850248261163E-4,0.9113558589123778,0.0,0.0,1,0.06876771998114316,0.0,0.002197265625,0.1273989553410025,0.0,4.914772557734546E-26,0.13037670317926797,15,15
1775942474816,0.32779984845688803,0.03549314249999667,0.40839798713355224,0.9117509939849101,0.0,0.0,1,0.06764102845889426,0.0,0.002197265625,0.12732532566430918,0.0,3.931818046187637E-26,0.13035928943502073,15,15
1775942475231,0.3271416639518858,0.011223917161691232,1.0,0.9107982136637691,0.0,0.0,1,0.0670241193489417,0.30120481927710846,0.002197265625,0.1269406812900066,0.0,3.14545443695011E-26,0.13034188034188032,15,15
1775942475644,0.3263752601697658,0.011223917161691232,1.6533120046368906E-4,0.9116112102842977,0.0,0.0,1,0.06649251176260337,0.0,0.002197265625,0.12694045469685053,0.0,2.516363549560088E-26,0.13032447589798368,15,15
1775942476046,0.3263752601697658,0.011223917161691232,1.6964620414324636E-4,0.9124175071163878,0.0,1.0,1,0.06739805962782437,0.0,0.002197265625,0.12694022590862744,0.0,2.0130908396480704E-26,0.13030707610146863,15,15
1775942476462,0.3258315922988332,0.04046840883803798,0.4177223417505738,0.9128086054172069,0.0,0.0,1,0.06640984939539804,0.0,0.002197265625,0.12686662925684605,0.0,1.6104726717184564E-26,0.13028968095047389,15,15
1775942476859,0.32744414932694094,0.025097441747368093,0.42054701702417097,0.9131981606510018,0.0,0.0,1,0.06791707642638534,0.0,0.002197265625,0.12679309103527472,0.0,1.2883781373747652E-26,0.13027229044313937,15,15
1775942477258,0.3271898644576444,0.03174603174603175,1.0,0.9122607134042392,0.0,0.0,1,0.06715128457180845,0.3132832080200501,0.002197265625,0.12641003730297462,0.0,1.0307025098998122E-26,0.1302549045776058,15,15
1775942477678,0.32743194283718885,0.015873015873015876,0.41274258991710144,0.912660158965436,0.0,0.0,1,0.06590359528220023,0.0,0.002197265625,0.12633654277621717,0.0,8.245620079198498E-27,0.130237523352015,15,15
1775942478077,0.32743194283718885,0.015873015873015876,0.4155752517927809,0.913057963970146,0.0,0.0,1,0.06574919407599733,0.0,0.002197265625,0.12626311116345512,0.0,6.596496063358798E-27,0.13022014676450966,15,15
1775942478484,0.326412554354598,0.025097441747368093,0.41840708479505756,0.9134541300951907,0.0,0.0,1,0.06501822824110129,0.0,0.002197265625,0.12618973719067822,0.0,5.277196850687039E-27,0.13020277481323372,15,15
1775942478889,0.32440683749490634,0.0,0.4212323794278813,0.9138486642507896,0.0,0.0,1,0.07233945107708369,0.0,0.002197265625,0.12611642506825485,0.0,4.2217574805496315E-27,0.13031879418434045,15,15
1775942479291,0.32586670266122,0.011223917161691232,1.0,0.9116597524755777,0.0,0.0,1,0.07060605314473306,0.6218905472636815,0.002197265625,0.12542866631199331,0.0,3.3774059844397054E-27,0.13030141371032278,13,15
1775942479723,0.32617047597505355,0.011223917161691232,0.40054691429569406,0.9120763744819378,0.0,0.0,1,0.06914429211465513,0.0,0.002197265625,0.12535547387780693,0.0,2.7019247875517646E-27,0.13028403787171627,15,15
1775942480136,0.3269368797571735,0.0,0.40339667593646783,0.912491164542186,0.0,0.0,1,0.06793534738407767,0.0,0.002197265625,0.12528234844258912,0.0,2.1615398300414117E-27,0.13039999999999996,15,15
1775942480543,0.3299133645277617,0.03549314249999667,1.0,0.910405587194988,0.0,0.0,1,0.06848525032079107,0.6142506142506143,0.002197265625,0.12460152815285121,0.0,1.7292318640331293E-27,0.13038261565124654,13,15
1775942480971,0.32922662056645563,0.025097441747368093,0.3850488962993829,0.9108410717730718,0.0,0.0,1,0.06712153058960815,0.0,0.002197265625,0.1245283377535838,0.0,1.3833854912265035E-27,0.1303652359370835,15,15
1775942481368,0.3297724722598337,0.03174603174603175,0.3879077971324186,0.9112745413822532,0.0,0.0,1,0.06671908181417988,0.0,0.002197265625,0.12445522311328501,0.0,1.106708392981203E-27,0.13034786085565775,15,15
1775942481760,0.33391064076286997,0.050194883494736185,0.39076832848502635,0.9117060012053945,0.0,0.0,1,0.0674055238537781,0.0,0.002197265625,0.12438218002673097,0.0,8.853667143849624E-28,0.13033049040511724,15,15
1775942482162,0.3346770445449899,0.011223917161691232,0.393626553897903,0.9121354599834446,0.0,0.0,1,0.0723478191669839,0.0,0.002197265625,0.12430921054590587,0.0,7.0829337150797E-28,0.13031312458361088,15,15
1775942482559,0.3339106407628699,0.033671751485073696,1.0,0.9117189056245399,0.0,0.0,1,0.07453839722741946,0.3148614609571788,0.002197265625,0.1240077402194627,0.0,5.66634697206376E-28,0.1302957633892886,14,15
1775942482971,0.3376850782736873,0.022447834323382463,0.3923819889946588,0.9121513486306385,0.0,0.0,1,0.07753907535724826,0.0,0.002197265625,0.12393480756782674,0.0,4.533077577651009E-28,0.130278406820301,15,15
1775942483371,0.3339106407628699,0.025097441747368093,1.6118131242976586E-4,0.912953205032641,0.0,0.0,1,0.07911118017576763,0.0,0.002197265625,0.12393460098900527,0.0,3.626462062120807E-28,0.13026105487480022,15,15
1775942483777,0.333546909770651,0.033671751485073696,0.40323759584979657,0.9133766697051899,0.0,0.0,1,0.07678229778319114,0.0,0.002197265625,0.12386174675275671,0.0,2.9011696496966456E-28,0.13024370755093884,15,15
1775942484179,0.3319117920620935,0.011223917161691232,0.40608449185525036,0.9137981676707604,0.0,0.0,1,0.07434318134181074,0.0,0.002197265625,0.12378897098508712,0.0,2.3209357197573164E-28,0.1302263648468709,15,15
1775942484576,0.3302451253954268,0.025097441747368093,1.0,0.9130199641655993,0.0,0.0,1,0.07270305979960448,0.3148614609571788,0.002197265625,0.12341673263494377,0.0,1.8567485758058533E-28,0.13020902676075086,14,15
1775942485049,0.3338688883500908,0.03549314249999667,1.6148678817639315E-4,0.9138146434183039,0.0,0.0,1,0.07090477142003866,0.0,0.002197265625,0.12341653106389731,0.0,1.4853988606446827E-28,0.13019169329073488,15,15
1775942485472,0.3338688883500908,0.015873015873015876,1.6628452571737357E-4,0.9146027385161467,0.0,1.0,1,0.06957836781020531,0.0,0.002197265625,0.12341632652468869,0.0,1.1883190885157463E-28,0.13017436443497932,15,15
1775942485891,0.32915891107553535,0.04046840883803798,0.41553000410951235,0.9150183325953319,0.0,0.0,1,0.06843562298999727,0.0,0.002197265625,0.1233436794475533,0.0,9.50655270812597E-29,0.13015704019164231,15,15
1775942486293,0.32668136804207226,0.0,0.4183601059397482,0.9154319935100084,0.0,0.0,1,0.06812557944762826,0.0,0.002197265625,0.12327111458859182,0.0,7.605242166500776E-29,0.1302727877578177,15,15
1775942486698,0.3272970972680389,0.022447834323382463,1.0,0.9135037169153299,0.0,0.0,1,0.06764495933865652,0.6172839506172839,0.002197265625,0.1226050423169584,0.0,6.084193733200622E-29,0.13025545502927094,13,15
1775942487137,0.3275269691578313,0.033671751485073696,1.617995452476312E-4,0.9142943929036818,0.0,0.0,1,0.06668735997912614,0.0,0.002197265625,0.12260484245214753,0.0,4.8673549865604975E-29,0.13023812691233205,15,15
1775942487554,0.32884882723470027,0.03174603174603175,0.4064279883889632,0.9147203734874029,0.0,0.0,1,0.0656194814264064,0.0,0.002197265625,0.12253239404277283,0.0,3.8938839892483983E-29,0.13022080340516096,15,15
1775942487954,0.32884882723470027,0.0,0.40927110923286314,0.9151443036368149,0.0,0.0,1,0.06513011622756429,0.0,0.002197265625,0.12246003253360002,0.0,3.115107191398719E-29,0.13033648091501526,15,15
1775942488351,0.32884882723470027,0.03174603174603175,1.0,0.9136514818303787,0.0,0.0,1,0.06503593115141136,0.6297229219143576,0.002197265625,0.12187382258410792,0.0,2.4920857531189754E-29,0.13031914893617025,13,15
1775942488777,0.32482010485458634,0.03549314249999667,0.39546795462916434,0.9140889927138112,0.0,1.0,1,0.06466653114114727,0.0,0.002197265625,0.12180151197392096,0.0,1.9936686024951803E-29,0.13030182156628112,15,15
1775942489180,0.3252634956676193,0.03174603174603175,1.596636902157156E-4,0.9148748209648367,0.0,0.0,1,0.0645760630139508,0.0,0.002197265625,0.12180131846672144,0.0,1.5949348819961445E-29,0.13028449880350967,15,15
1775942489581,0.3250214172880749,0.025097441747368093,0.40638318655435207,0.9153033420586476,0.0,0.0,1,0.06674804751282358,0.0,0.002197265625,0.1217290992455734,0.0,1.2759479055969155E-29,0.13026718064601883,15,15
1775942489979,0.326059011036272,0.03549314249999667,1.6147315126102235E-4,0.9160790831295217,0.0,0.0,1,0.06571789034705135,0.0,0.002197265625,0.12172891018207978,0.0,1.0207583244775325E-29,0.1302498670919724,15,15
1775942490382,0.3245358405259145,0.047619047619047616,1.0,0.9153901461843224,0.0,1.0,1,0.06490457847397209,0.31017369727047145,0.002197265625,0.1213666413166755,0.0,8.166066595820261E-30,0.13023255813953494,15,15
1775942490794,0.32271045427077294,0.0,0.4075523835289216,0.9158187378907924,0.0,0.0,1,0.07038260677773753,0.0,0.002197265625,0.12129459415646926,0.0,6.532853276656209E-30,0.13034812649481797,15,15
1775942491193,0.3212765461826004,0.011223917161691232,1.0,0.9140813775680847,0.0,1.0,1,0.07101115780870834,0.6265664160401002,0.002197265625,0.1206482039656935,0.0,5.226282621324968E-30,0.13033080908728578,13,15
1775942491622,0.3176527832279364,0.033671751485073696,1.5326700591163244E-4,0.9148672754380736,0.0,0.0,1,0.0694812720424397,0.0,0.002197265625,0.12064801899407482,0.0,4.181026097059974E-30,0.13031349628055255,15,15
1775942492021,0.3168863794458163,0.0,1.5561244123118864E-4,0.9156466474194453,0.0,0.0,1,0.06813143920478103,0.0,0.002197265625,0.1206478348593328,0.0,3.34482087764798E-30,0.13042900783636602,15,15
1775942492435,0.3168863794458163,0.025097441747368093,1.0,0.9139779312199758,0.0,0.0,0,0.07182051463710916,0.6038647342995169,0.002197265625,0.12000943690453499,0.0,2.675856702118384E-30,0.13041168658698543,13,15
1775942492859,0.3161338565057972,0.025097441747368093,0.3849283155396063,0.9144287565418096,0.0,0.0,1,0.06956093387736016,0.0,0.002197265625,0.11993766096945718,0.0,2.140685361694707E-30,0.13039436993759124,15,15
1775942493259,0.3119956880027609,0.011223917161691232,0.38778895081680587,0.9148772347535923,0.0,1.0,1,0.0686040875484661,0.0,0.002197265625,0.11986598498741187,0.0,1.712548289355766E-30,0.13037705788635157,15,15
1775942493656,0.3126479075064994,0.0,0.39064832893066775,0.9153233770388167,0.0,1.0,1,0.06752290987071413,0.0,0.002197265625,0.11979440965614763,0.0,1.3700386314846128E-30,0.13049249966812693,15,15
1775942494058,0.31121399941832684,0.03549314249999667,1.0,0.9140638001055752,0.0,0.0,0,0.06843504372761026,0.6218905472636815,0.002197265625,0.1192356905747447,0.0,1.0960309051876904E-30,0.13047517918768248,13,15
1775942494482,0.31303938567346845,0.04046840883803798,0.37912569376133803,0.9145211654075438,0.0,0.0,1,0.06965653236610025,0.0,0.002197265625,0.11916431712165738,0.0,8.768247241501524E-31,0.13045786330457865,15,15
1775942494889,0.3123441341926659,0.015873015873015876,0.38206256819758067,0.9149760342437272,0.0,1.0,1,0.06917932311290553,0.0,0.002197265625,0.11909295922187345,0.0,7.01459779320122E-31,0.13044055201698512,15,15
1775942495292,0.313927442068263,0.025097441747368093,0.3849224803236634,0.9154284852435103,0.0,0.0,1,0.06822812992376849,0.0,0.002197265625,0.11902170842630905,0.0,5.611678234560976E-31,0.1304232453230728,15,15
1775942495695,0.31288984832006594,0.015873015873015876,0.38778311752086997,0.9158785288224703,0.0,1.0,1,0.06702851678408815,0.0,0.002197265625,0.11895056276002483,0.0,4.489342587648781E-31,0.1304059432210135,15,15
1775942496107,0.313212861289153,0.015873015873015876,1.0,0.9153353553982785,0.0,0.0,1,0.06618621800760743,0.3033980582524272,0.002197265625,0.11860331789530357,0.0,3.591474070119025E-31,0.13038864570898,15,15
1775942496515,0.3128392104427308,0.015873015873015876,0.38246782308366556,0.9157904739050812,0.0,0.0,1,0.06500635735084494,0.0,0.002197265625,0.11853239539580726,0.0,2.8731792560952203E-31,0.1303713527851459,15,15
1775942496919,0.3149082326464663,0.03549314249999667,1.5103564050467048E-4,0.916562171723822,0.0,0.0,1,0.06554015486303065,0.0,0.002197265625,0.11853222102891968,0.0,2.2985434048761764E-31,0.13035406444768594,15,15
1775942497322,0.316574899313133,0.022447834323382463,0.393129359448476,0.9170081369977663,0.0,0.0,1,0.06538171616990887,0.0,0.002197265625,0.11846140715730347,0.0,1.8388347239009412E-31,0.13033678069477594,15,15
1775942497728,0.3149481159171865,0.022447834323382463,0.39598550817242456,0.9174517118441773,0.0,0.0,1,0.06635866127474686,0.0,0.002197265625,0.11839070180043854,0.0,1.471067779120753E-31,0.13031950152459237,15,15
1775942498137,0.3142035556787011,0.011223917161691232,1.0,0.9169192646544957,0.0,0.0,1,0.07222486272072744,0.3056234718826406,0.002197265625,0.1180459904115953,0.0,1.1768542232966024E-31,0.1303022269353128,15,15
1775942498563,0.3157267261890586,0.022447834323382463,0.3902076757276802,0.917367804437206,0.0,0.0,1,0.07034717248342472,0.0,0.002197265625,0.11797552295686033,0.0,9.41483378637282E-32,0.130284956925116,15,15
1775942498961,0.31424802826337755,0.03549314249999667,1.5208217229188497E-4,0.9181263416339033,0.0,0.0,1,0.07084514992323113,0.0,0.002197265625,0.11797535457322171,0.0,7.531867029098257E-32,0.13026769149218131,15,15
1775942499361,0.31480463456337027,0.025097441747368093,0.401021158841363,0.9185658426194557,0.0,0.0,1,0.06964348893622757,0.0,0.002197265625,0.1179049989489517,0.0,6.025493623278606E-32,0.13025043063468933,15,15
1775942499769,0.31424802826337755,0.015873015873015876,0.40387043382022186,0.9190029707821458,0.0,0.0,1,0.06842555249044276,0.0,0.002197265625,0.11783475502926004,0.0,4.8203948986228846E-32,0.13023317435082138,15,15
1775942500168,0.31424802826337755,0.03549314249999667,1.0,0.9184810459625351,0.0,0.0,1,0.06776488311084011,0.3132832080200501,0.002197265625,0.11749263265951412,0.0,3.856315918898308E-32,0.13021592263876014,14,15
1775942500582,0.3094747456447782,0.033671751485073696,0.39763387143846973,0.9189230298122069,0.0,0.0,1,0.06620107599648706,0.0,0.002197265625,0.1174226381571768,0.0,3.0850527351186466E-32,0.13019867549668873,15,15
1775942500985,0.3076899877697146,0.022447834323382463,0.40048640345239533,0.9193625951651031,0.0,0.0,1,0.06604550965156682,0.0,0.002197265625,0.1173527578283536,0.0,2.4680421880949176E-32,0.13018143292279172,15,15
1775942501382,0.3101675308031777,0.03549314249999667,1.5480501508426564E-4,0.9201044165951413,0.0,0.0,1,0.06529081627749744,0.0,0.002197265625,0.117352594990655,0.0,1.9744337504759342E-32,0.13016419491525422,15,15
1775942501779,0.30955180157721107,0.03549314249999667,0.4114977769917662,0.9205350971213438,0.0,0.0,1,0.06707101537009619,0.0,0.002197265625,0.1172828300579294,0.0,1.5795470003807475E-32,0.13014696147226268,15,15
1775942502193,0.30940112702105765,0.0,1.0,0.9190976414055311,0.0,0.0,1,0.06651781575316267,0.6038647342995169,0.002197265625,0.11667554880135636,0.0,1.263637600304598E-32,0.13026211278792688,13,15
1775942502626,0.3096941126078453,0.011223917161691232,0.3931901335779758,0.9195423493486362,0.0,1.0,1,0.06585334487022944,0.0,0.002197265625,0.1166060756062243,0.0,1.0109100802436785E-32,0.13024487094639314,15,15
1775942503025,0.3076883957481537,0.011223917161691232,0.3960462380463603,0.9199845792483783,0.0,0.0,1,0.06503303386360952,0.0,0.002197265625,0.11653672018360044,0.0,8.087280641949429E-33,0.13022763366860768,15,15
1775942503435,0.30807666505580755,0.04046840883803798,1.5458614997743045E-4,0.9207211730987991,0.0,0.0,1,0.06417480382402423,0.0,0.002197265625,0.1165365586911606,0.0,6.469824513559544E-33,0.13021040095275904,15,15
1775942503849,0.3063639337829036,0.03549314249999667,0.4069726572024882,0.9211545021234547,0.0,1.0,1,0.06891743183444063,0.0,0.002197265625,0.11646732221860752,0.0,5.175859610847635E-33,0.13019317279703624,15,15
1775942504254,0.3071571625160074,0.03174603174603175,1.0,0.919779896552456,0.0,0.0,1,0.0675462104824474,0.6172839506172839,0.002197265625,0.11586906024921156,0.0,4.140687688678109E-33,0.1301759491996296,13,15
1775942504689,0.3111858848961212,0.025097441747368093,1.1513451853383494E-4,0.9205182406564476,0.0,0.0,1,0.06652749059534228,0.0,0.002197265625,0.1158689406593633,0.0,3.3125501509424874E-33,0.13015873015873014,15,15
1775942505101,0.3121053874359214,0.03549314249999667,1.503047867186501E-4,0.9212503460535735,0.0,0.0,1,0.06602676809414047,0.0,0.002197265625,0.11586878597945606,0.0,2.65004012075399E-33,0.13014151567253007,15,15
1775942505501,0.3121053874359214,0.022447834323382463,1.5310528256488783E-4,0.9219762786832693,0.0,0.0,1,0.06512889791045348,0.0,0.002197265625,0.11586863127411182,0.0,2.120032096603192E-33,0.1301243057392224,15,15
1775942505908,0.3121053874359214,0.025097441747368093,0.41337958639128786,0.9224037564936982,0.0,0.0,1,0.06514430746527622,0.0,0.002197265625,0.11579970880979108,0.0,1.6960256772825535E-33,0.13010710035700124,15,15
1775942506311,0.3121053874359214,0.025097441747368093,1.0,0.9222354341179801,0.0,0.0,1,0.06530216356596406,0.31017369727047145,0.002197265625,0.11553810884879111,0.0,1.3568205418260429E-33,0.13008989952406136,15,15
1775942506737,0.3093550624148203,0.033671751485073696,0.41210899558058184,0.922663185079902,0.0,0.0,1,0.06451389092230131,0.0,0.002197265625,0.11546934875039157,0.0,1.0854564334608344E-33,0.13007270323859876,15,15
1775942507136,0.3093550624148203,0.011223917161691232,0.4149443781108034,0.9230885430329682,0.0,0.0,1,0.06426314026376138,0.0,0.002197265625,0.11540071089433977,0.0,8.683651467686676E-34,0.13005551149881045,15,15
1775942507538,0.30485786152659355,0.011223917161691232,0.41777541434052096,0.9235115206568293,0.0,1.0,1,0.06514378755320377,0.0,0.002197265625,0.11533219572856265,0.0,6.946921174149341E-34,0.1300383243028942,15,15
1775942507939,0.30444934069686597,0.025097441747368093,1.0,0.9222087533667785,0.0,0.0,1,0.06710146113977586,0.6234413965087281,0.002197265625,0.11474750475904054,0.0,5.557536939319473E-34,0.13002114164904865,13,15
1775942508366,0.30565337689524613,0.025097441747368093,0.39918995882345537,0.9226444439419764,0.0,0.0,1,0.06904050723092023,0.0,0.002197265625,0.11467933028162902,0.0,4.446029551455579E-34,0.1300039635354736,15,15
1775942508777,0.3077611477393969,0.04046840883803798,1.5256701136470295E-4,0.9233585962506888,0.0,0.0,1,0.07125903381438167,0.0,0.002197265625,0.11467917971364909,0.0,3.5568236411644636E-34,0.12998678996036983,15,15
1775942509173,0.31225834862762375,0.022447834323382463,0.41017844264051,0.9237855283891627,0.0,0.0,1,0.07113171684649963,0.0,0.002197265625,0.1146111288037115,0.0,2.8454589129315712E-34,0.12996962092193898,15,15
1775942509571,0.3153016592355125,0.0,0.4130165989155664,0.9242100313168687,0.0,0.0,1,0.0702999732867727,0.0,0.002197265625,0.11454320356417386,0.0,2.276367130345257E-34,0.13008452192287379,15,15
1775942509971,0.31693677694407,0.025097441747368093,1.0,0.9229645054098832,0.0,0.0,1,0.06938939668126379,0.625,0.002197265625,0.11396766617335002,0.0,1.8210937042762057E-34,0.13006734451340285,13,15
1775942510401,0.31591738846147915,0.033671751485073696,0.3950552861924399,0.9234011027987958,0.0,0.0,1,0.06812162808677531,0.0,0.002197265625,0.11390009746047763,0.0,1.4568749634209646E-34,0.13005017163982047,15,15
1775942510807,0.31591738846147915,0.011223917161691232,0.3979099865312217,0.923835164498065,0.0,1.0,1,0.06958714940795163,0.0,0.002197265625,0.11383265679130188,0.0,1.1654999707367717E-34,0.13003300330033007,15,15
1775942511216,0.3173104277904923,0.03549314249999667,0.400760505847452,0.9242667057024522,0.0,0.0,1,0.06812799454143639,0.0,0.002197265625,0.1137653467921231,0.0,9.323999765894174E-35,0.13001583949313622,15,15
1775942511624,0.31564376112382564,0.047619047619047616,0.40361134664748866,0.9246957382374804,0.0,0.0,1,0.06982063236595865,0.0,0.002197265625,0.11369816397915196,0.0,7.459199812715339E-35,0.12999868021644445,15,15
1775942512021,0.31550990202139895,0.03549314249999667,1.0,0.9245796366254418,0.0,0.0,1,0.06874815051585709,0.3148614609571788,0.002197265625,0.11344745752421466,0.0,5.967359850172272E-35,0.1299815254684613,14,15
1775942512438,0.31579443567997895,0.03549314249999667,0.40277970317502304,0.9250083102355315,0.0,0.0,1,0.06956957473209144,0.0,0.002197265625,0.11338046287836732,0.0,4.773887880137818E-35,0.12996437524739413,15,15
1775942512836,0.31691540138929525,0.015873015873015876,0.4056271026982294,0.9254344813963208,0.0,1.0,1,0.06904383471199438,0.0,0.002197265625,0.11331359827176517,0.0,3.8191103041102544E-35,0.12994722955145122,15,15
1775942513249,0.31691540138929525,0.03549314249999667,0.4084730196498613,0.9258581628535466,0.0,0.0,1,0.06734698110936023,0.0,0.002197265625,0.11324686181919878,0.0,3.055288243288204E-35,0.1299300883788418,15,15
1775942513648,0.321412602277522,0.04046840883803798,7.634663896682588E-5,0.9265450602077991,0.0,0.0,1,0.06629883927925215,0.0,0.002197265625,0.11324678984742957,0.0,2.4442305946305633E-35,0.12991295172777628,15,15
1775942514044,0.32352037312167264,0.015873015873015876,1.0,0.9261618484430206,0.0,0.0,1,0.0659453030515207,0.31565656565656564,0.002197265625,0.11293191766345007,0.0,1.9553844757044508E-35,0.1298958195964658,15,15
1775942514458,0.3224501960257191,0.011223917161691232,0.410116609022569,0.9265827260262348,0.0,0.0,1,0.06468730701584359,0.0,0.002197265625,0.11286550617197261,0.0,1.5643075805635608E-35,0.1298786919831224,15,15
1775942514858,0.32457144812835065,0.011223917161691232,0.4129566939814814,0.9270011330725029,0.0,0.0,1,0.06449824402281931,0.0,0.002197265625,0.1127992243741592,0.0,1.2514460644508487E-35,0.12986156888595912,15,15
1775942515259,0.32323008106632,0.015873015873015876,1.0,0.9258603326815918,0.0,0.0,1,0.06368430465463178,0.6234413965087281,0.002197265625,0.11224316017531509,0.0,1.001156851560679E-35,0.12984445030319014,13,15
1775942515684,0.3255258206514562,0.5019488349473619,0.0,0.9265472604041558,0.0,0.0,1,0.06602964727881522,0.0,0.002197265625,0.11224316017531509,0.0,8.009254812485434E-36,0.12982733623303022,15,15
1775942516090,0.32535348223852245,0.512012416390137,0.4030620178248196,0.9269706044982304,0.0,0.0,1,0.06534665204432223,0.0,0.002197265625,0.11217727202334501,0.0,6.407403849988347E-36,0.12981022667369535,15,15
1775942516496,0.32713824011358605,0.03549314249999667,1.5023107538401028E-4,0.9276479546908587,0.0,0.0,1,0.06544301919206998,0.0,0.002197265625,0.11217713770915597,0.0,5.125923079990678E-36,0.12979312162340229,15,15
1775942516899,0.3263450113804823,0.04627739599083572,0.41412234846930235,0.9280628003944716,0.0,0.0,1,0.06472838094450253,0.0,0.002197265625,0.11211138393907694,0.0,4.100738463992543E-36,0.1297760210803689,15,15
1775942517298,0.3263450113804823,0.0,1.0,0.9277152076805001,0.0,0.0,1,0.06366373688124768,0.3132832080200501,0.002197265625,0.11180405438832562,0.0,3.280590771194034E-36,0.12989065999209592,14,15
1775942517714,0.3278237093061634,0.04046840883803798,1.5199755334631038E-4,0.9283861846931666,0.0,0.0,1,0.06332514722472404,0.0,0.002197265625,0.11180392015584188,0.0,2.6244726169552275E-36,0.12987355110642784,15,15
1775942518116,0.3287892764522009,0.03549314249999667,1.0,0.9273121054551211,0.0,0.0,1,0.06269289210048176,0.6218905472636815,0.002197265625,0.11126136424031656,0.0,2.0995780935641822E-36,0.12985644672724883,13,15
1775942518552,0.3287892764522009,0.022447834323382463,1.4716653438604305E-4,0.9279865357249215,0.0,0.0,1,0.06595033701314564,0.0,0.002197265625,0.11126123153023768,0.0,1.679662474851346E-36,0.12983934685277854,15,15
1775942518962,0.33074637274019825,0.025097441747368093,1.4941661674554928E-4,0.9286551892727873,0.0,0.0,1,0.06736433287985674,0.0,0.002197265625,0.11126109942692705,0.0,1.3437299798810768E-36,0.1298222514812376,15,15
1775942519358,0.331539601473302,0.04046840883803798,0.4116616671453961,0.9290679238911065,0.0,0.0,1,0.06752967165772364,0.0,0.002197265625,0.11119596350189562,0.0,1.0749839839048616E-36,0.1298051606108478,15,15
1775942519763,0.331539601473302,0.033671751485073696,0.41449955341849826,0.9294781870172899,0.0,0.0,1,0.06607348330458537,0.0,0.002197265625,0.11113096173413921,0.0,8.599871871238893E-37,0.12978807423983152,15,15
1775942520158,0.33174091390679045,0.015873015873015876,1.0,0.9291607010805863,0.0,0.0,1,0.06506962830547165,0.3164556962025316,0.002197265625,0.11083086640363607,0.0,6.879897496991115E-37,0.1297709923664122,14,15
1775942520576,0.33121658850421487,0.025097441747368093,0.408198020214595,0.9295735368268983,0.0,0.0,1,0.06461822176135412,0.0,0.002197265625,0.11076621425093378,0.0,5.503917997592892E-37,0.12975391498881428,15,15
1775942520978,0.33255795556624557,0.011223917161691232,1.1661603577497445E-4,0.9302285836058258,0.0,0.0,1,0.06459699394363176,0.0,0.002197265625,0.1107661166403373,0.0,4.403134398074314E-37,0.12973684210526315,15,15
1775942521380,0.3295499218375483,0.03549314249999667,0.41928002589235536,0.9306331612832053,0.0,0.0,1,0.06530165159117232,0.0,0.002197265625,0.11070166391564666,0.0,3.5225075184594513E-37,0.12971977371398502,15,15
1775942521782,0.32997266903511446,0.025097441747368093,0.4221801317546281,0.9310352623004539,0.0,0.0,1,0.06537964369259004,0.0,0.002197265625,0.11063728693303466,0.0,2.818006014767561E-37,0.12970270981320708,15,15
1775942522180,0.3290071018890769,0.033671751485073696,1.0,0.9300210514344838,0.0,0.0,1,0.06454180453572192,0.6281407035175879,0.002197265625,0.11010915471381984,0.0,2.254404811814049E-37,0.12968565040115743,13,15
1775942522612,0.32722234401401334,0.025097441747368093,0.40376719059029065,0.9304329309782294,0.0,0.0,1,0.06388711811533665,0.0,0.002197265625,0.11004521015747694,0.0,1.8035238494512393E-37,0.12966859547606524,15,15
1775942523019,0.32814184655381357,0.044895668646764926,1.4957362122758905E-4,0.9310805579902178,0.0,0.0,1,0.06297480956374966,0.0,0.002197265625,0.110045084863492,0.0,1.4428190795609916E-37,0.1296515450361604,15,15
1775942523431,0.33176560950847755,0.5675574342470199,0.0,0.9317226845118854,0.0,0.0,1,0.06485155491213242,0.0,0.002197265625,0.110045084863492,0.0,1.1542552636487934E-37,0.12963449907967395,15,15
1775942523837,0.33113653659000797,0.5371087084345597,0.4232372627746695,0.9321205857718641,0.0,0.0,1,0.06538789268333327,0.0,0.002197265625,0.10998127782530367,0.0,9.234042109190347E-38,0.12961745760483767,15,15
1775942524236,0.3343866486982497,0.025097441747368093,1.0,0.9318260001676038,0.0,0.0,1,0.06603632351238309,0.3132832080200501,0.002197265625,0.10968899661140497,0.0,7.387233687352279E-38,0.1296004206098843,14,15
1775942524648,0.33412791974933986,0.011223917161691232,0.41652078689576105,0.9322262473093107,0.0,0.0,1,0.06802270554325307,0.0,0.002197265625,0.10962554941030128,0.0,5.909786949881824E-38,0.1295833880930477,15,15
1775942525044,0.3369584539708999,0.025097441747368093,0.41934926301238806,0.9326240499030402,0.0,0.0,1,0.06726611071509883,0.0,0.002197265625,0.10956224218663187,0.0,4.727829559905459E-38,0.1295663600525624,15,15
1775942525447,0.33292973159078615,0.015873015873015876,0.4221709796614858,0.9330194235414734,0.0,0.0,1,0.06706925753792956,0.0,0.002197265625,0.10949907711930545,0.0,3.782263647924368E-38,0.129549336486664,15,15
1775942525848,0.330099197369226,0.033671751485073696,0.4249914174223282,0.9334123805205116,0.0,0.0,1,0.0683291560526285,0.0,0.002197265625,0.10943605036419021,0.0,3.0258109183394943E-38,0.12953231739358906,15,15
1775942526260,0.32941245340791986,0.033671751485073696,1.0,0.9324601587631812,0.0,0.0,1,0.06718302303371054,0.6067961165048544,0.002197265625,0.10892268347829741,0.0,2.4206487346715953E-38,0.12951530277157497,13,15
1775942526683,0.33045822975441647,0.022447834323382463,1.496025978288282E-4,0.9330902715816343,0.0,0.0,1,0.06615502824146703,0.0,0.002197265625,0.10892256294982346,0.0,1.9365189877372763E-38,0.12949829261886003,15,15
1775942527081,0.3348752214421842,0.6016061478808643,0.0,0.9337150061068991,0.0,0.0,1,0.06605668631184158,0.0,0.002197265625,0.10892256294982346,0.0,1.549215190189821E-38,0.12948128693368355,15,15
1775942527487,0.33408817404459745,0.583751604712168,0.4229580555205947,0.9341059279276148,0.0,0.0,1,0.0699189578985124,0.0,0.002197265625,0.10885998995465708,0.0,1.239372152151857E-38,0.1294642857142857,15,15
1775942527889,0.33312260689855994,0.033671751485073696,0.42577701368923326,0.9344944439984769,0.0,0.0,1,0.07587997460718506,0.0,0.002197265625,0.10879755643386978,0.0,9.914977217214857E-39,0.12944728895890767,15,15
1775942528290,0.333668458591938,0.022447834323382463,1.0,0.9342252375102145,0.0,0.0,1,0.07470836622548985,0.31172069825436405,0.002197265625,0.10851328612994543,0.0,7.931981773771887E-39,0.12943029666579153,15,15
1775942528711,0.3332250677789051,0.025097441747368093,1.535199165081004E-4,0.9348400331765462,0.0,0.0,1,0.07380459484526457,0.0,0.002197265625,0.10851316811979234,0.0,6.34558541901751E-39,0.12941330883318025,15,15
1775942529122,0.333668458591938,0.025097441747368093,0.42742534943634725,0.9352251144515079,0.0,0.0,1,0.07179445707619854,0.0,0.002197265625,0.10845110629719662,0.0,5.0764683352140076E-39,0.12939632545931756,15,15
1775942529526,0.3343552025532441,0.025097441747368093,1.0,0.9345490780965237,0.0,0.0,1,0.07092282416186917,0.6188118811881188,0.002197265625,0.10801317214718267,0.0,4.0611746681712066E-39,0.12937934654244854,13,15
1775942529957,0.3329212944650715,0.03549314249999667,0.41415019972090916,0.9349397503978147,0.0,1.0,1,0.06967194530120219,0.0,0.002197265625,0.10795143286420805,0.0,3.248939734536965E-39,0.1293623720808187,15,15
1775942530361,0.3345047399066466,0.022447834323382463,0.41698199897297905,0.9353279853905855,0.0,0.0,1,0.07124691500684259,0.0,0.002197265625,0.10788983696383213,0.0,2.5991517876295724E-39,0.12934540207267475,15,15
1775942530761,0.3331767165371189,0.050194883494736185,0.4198082825514538,0.9357137984417114,0.0,0.0,1,0.07007850983828466,0.0,0.002197265625,0.10782838538762271,0.0,2.079321430103658E-39,0.12932843651626447,15,15
1775942531167,0.33396994527022267,0.03549314249999667,1.5334878606471344E-4,0.9363156298731412,0.0,0.0,1,0.06963738089401864,0.0,0.002197265625,0.10782827129647721,0.0,1.6634571440829267E-39,0.12931147540983612,15,15
1775942531569,0.33452655157021555,0.0,1.0,0.9356699684948367,0.0,0.0,1,0.06904712767727594,0.6218905472636815,0.002197265625,0.10739877128257609,0.0,1.3307657152663414E-39,0.1294256490952006,13,15
1775942532015,0.33541460796501016,0.04046840883803798,0.41513535981185373,0.9360556949537666,0.0,0.0,1,0.0679594627734833,0.0,0.002197265625,0.1073377037850384,0.0,1.0646125722130732E-39,0.12940867969057301,15,15
1775942532414,0.33612690210857127,0.044895668646764926,1.5054090031173424E-4,0.9366545434431509,0.0,0.0,1,0.06773770069189822,0.0,0.002197265625,0.10733759181743376,0.0,8.516900577704585E-40,0.12939171473518618,15,15
1775942532814,0.33469299402039865,0.025097441747368093,0.4264987394396401,0.9370324405694513,0.0,0.0,1,0.06764275738889973,0.0,0.002197265625,0.10727661240563696,0.0,6.813520462163669E-40,0.1293747542272906,15,15
1775942533210,0.3339857131642524,0.03549314249999667,0.42930677152700386,0.9374079767406136,0.0,0.0,1,0.06685310681839388,0.0,0.002197265625,0.10721577860646522,0.0,5.450816369730935E-40,0.1293577981651376,15,15
1775942533615,0.33497407299532767,0.04046840883803798,1.0,0.9371760165355905,0.0,0.0,1,0.06629502843378036,0.30864197530864196,0.002197265625,0.10694370254155562,0.0,4.360653095784748E-40,0.12934084654697942,15,15
1775942534031,0.33497407299532767,0.011223917161691232,0.4225144113836648,0.9375532340124432,0.0,1.0,1,0.0701723581760236,0.0,0.002197265625,0.10688325035006856,0.0,3.4885224766277985E-40,0.12932389937106914,15,15
1775942534436,0.334873769559047,0.011223917161691232,0.4253322539582909,0.9379280757173742,0.0,0.0,1,0.06916344124714686,0.0,0.002197265625,0.10682294240331028,0.0,2.7908179813022388E-40,0.12930695663566094,15,15
1775942534843,0.3359439466550006,0.03549314249999667,1.5344945539931152E-4,0.9385105408195963,0.0,0.0,1,0.0711878009995156,0.0,0.002197265625,0.10682283373038703,0.0,2.232654385041791E-40,0.12929001833900966,15,15
1775942535250,0.3347770670754746,0.04046840883803798,0.43680181175466076,0.9388777833023189,0.0,0.0,1,0.06997566343914405,0.0,0.002197265625,0.1067626723663807,0.0,1.786123508033433E-40,0.12927308447937136,15,15
1775942535655,0.3360075052860942,0.04046840883803798,1.0,0.9388569373842425,0.0,0.0,1,0.06906181823196435,0.30864197530864196,0.002197265625,0.10655341244144946,0.0,1.4288988064267466E-40,0.12925615505500265,15,15
1775942536070,0.3367546694129606,0.03174603174603175,1.5251284942246424E-4,0.9394312502293759,0.0,1.0,1,0.06866048078601095,0.0,0.002197265625,0.10655330740511874,0.0,1.1431190451413973E-40,0.12923923006416127,15,15
1775942536474,0.33693318916141146,0.03549314249999667,0.444179405012611,0.9397921148588275,0.0,0.0,1,0.07638780538996844,0.0,0.002197265625,0.10649338689288791,0.0,9.144952361131178E-41,0.12922230950510605,15,15
1775942536870,0.33673187672792304,0.022447834323382463,0.44694678105300556,0.9401507204076349,0.0,0.0,1,0.07476897630085044,0.0,0.002197265625,0.10643361102428013,0.0,7.315961888904943E-41,0.12920539337609638,15,15
1775942537272,0.33501914545501904,0.04046840883803798,0.4497043168572129,0.9405070818472546,0.0,0.0,1,0.07378836593857163,0.0,0.002197265625,0.10637398162249867,0.0,5.852769511123955E-41,0.12918848167539265,15,15
1775942537679,0.3335404475293379,0.022447834323382463,1.0,0.9404819457974081,0.0,0.0,1,0.072677435350528,0.30712530712530717,0.002197265625,0.10616695206174605,0.0,4.682215608899164E-41,0.12917157440125637,15,15
1775942538099,0.33087607038519434,0.04046840883803798,0.44779787143733796,0.9408372027245345,0.0,0.0,1,0.07081570312128202,0.0,0.002197265625,0.10610756506194527,0.0,3.7457724871193314E-41,0.1291546715519497,15,15
1775942538503,0.33087607038519434,0.011223917161691232,0.4505549814464289,0.9411902286178624,0.0,1.0,1,0.06885977660195279,0.0,0.002197265625,0.10604832304237273,0.0,2.9966179896954653E-41,0.12913777312573593,15,15
1775942538901,0.33106894569296824,0.0,0.453303916734682,0.9415410374108765,0.0,1.0,1,0.06883205796904462,0.0,0.002197265625,0.10598922604051289,0.0,2.397294391756372E-41,0.12925170068027214,15,15
1775942539309,0.33452037023469844,0.529431113655807,1.0,0.940950831909048,0.0,0.0,0,0.06856932805530078,0.6127450980392157,0.002197265625,0.1055817316625177,0.0,1.9178355134050979E-41,0.12923479398299542,13,15
1775942539738,0.33452037023469844,0.5182484989623654,1.5194966760122194E-4,0.9415067030109422,0.0,0.0,1,0.06857420303986098,0.0,0.002197265625,0.10558163141193501,0.0,1.5342684107240783E-41,0.12921789170808262,15,15
1775942540151,0.33231890893160787,0.011223917161691232,0.4469692476026044,0.941857391726969,0.0,0.0,1,0.06763030710555862,0.0,0.002197265625,0.1055228835759764,0.0,1.2274147285792628E-41,0.1292009938537989,15,15
1775942540551,0.332126033623834,0.033671751485073696,0.44973080088474465,0.9422058639541465,0.0,0.0,1,0.0666589878798447,0.0,0.002197265625,0.10546427943354406,0.0,9.819317828634103E-42,0.12918410041841,15,15
1775942540958,0.3343274949269246,0.011223917161691232,0.45248221111434583,0.9425521345707177,0.0,0.0,1,0.06549270447739078,0.0,0.002197265625,0.10540582072946718,0.0,7.855454262907283E-42,0.12916721140018306,15,15
1775942541364,0.3343274949269246,0.011223917161691232,1.0,0.9423405639039822,0.0,0.0,1,0.06441117164542615,0.30788177339901474,0.002197265625,0.10514702481576679,0.0,6.284363410325827E-42,0.12915032679738558,15,15
1775942541781,0.3343274949269246,0.022447834323382463,0.4444216931032346,0.9426883783498489,0.0,0.0,1,0.06408119456573624,0.0,0.002197265625,0.10508896003526813,0.0,5.027490728260662E-42,0.12913344660828652,15,15
1775942542179,0.3315771699058235,0.022447834323382463,0.4471883964335588,0.94303397860291,0.0,0.0,1,0.06292760119648559,0.0,0.002197265625,0.10503104087342385,0.0,4.02199258260853E-42,0.12911657083115524,15,15
1775942542587,0.33228946404938464,0.04046840883803798,1.0,0.942486309847306,0.0,0.0,0,0.0650066353511251,0.6127450980392157,0.002197265625,0.10463604711503151,0.0,3.217594066086824E-42,0.12909969946426236,13,15
1775942543014,0.3349937244642484,0.04046840883803798,0.43266430995037763,0.9428364213845551,0.0,0.0,1,0.06510779852824057,0.0,0.002197265625,0.10457853013859021,0.0,2.5740752528694593E-42,0.12908283250587926,15,15
1775942543412,0.33452524595613536,0.04627739599083572,0.43553377266766813,0.9431842494192837,0.0,0.0,1,0.06643759055671937,0.0,0.002197265625,0.10452111354093203,0.0,2.0592602022955675E-42,0.12906596995427821,15,15
1775942543823,0.3356921255356614,0.04046840883803798,1.5292285962445194E-4,0.9437203532752909,0.0,0.0,1,0.06555299224942232,0.0,0.002197265625,0.10452101684456408,0.0,1.647408161836454E-42,0.1290491118077325,15,15
1775942544227,0.3354378406663649,0.025097441747368093,0.4471888056014273,0.9440610778631862,0.0,0.0,1,0.06513899714738715,0.0,0.002197265625,0.10446374487467226,0.0,1.3179265294691634E-42,0.12903225806451613,15,15
1775942544632,0.33489417279543227,0.03549314249999667,1.0,0.9438711908400405,0.0,0.0,1,0.06756736887367286,0.30864197530864196,0.002197265625,0.10421239784507769,0.0,1.0543412235753307E-42,0.12901540872290418,15,15
1775942545048,0.33348521483636184,0.033671751485073696,0.4395442743521434,0.9442132089124735,0.0,0.0,1,0.06841812021063876,0.0,0.002197265625,0.10415552387560428,0.0,8.434729788602646E-43,0.12899856378117247,15,15
1775942545454,0.33170045696129824,0.022447834323382463,0.4423240295062193,0.9445530221581198,0.0,0.0,1,0.0673820180509871,0.0,0.002197265625,0.10409879581367337,0.0,6.747783830882117E-43,0.12898172323759793,15,15
1775942545855,0.32705730552404344,0.011223917161691232,0.44509443651319025,0.9448906456524032,0.0,0.0,1,0.06678679172959522,0.0,0.002197265625,0.10404221524037334,0.0,5.398227064705694E-43,0.12896488709045817,15,15
1775942546255,0.32613780298424316,0.011223917161691232,0.4478613115632962,0.9452260918130603,0.0,0.0,1,0.06674108380669955,0.0,0.002197265625,0.10398577889397233,0.0,4.3185816517645556E-43,0.1289480553380319,15,15
1775942546656,0.3246591050585621,0.025097441747368093,1.0,0.9447146774511173,0.0,1.0,1,0.06814170060200742,0.6234413965087281,0.002197265625,0.10360364470830231,0.0,3.4548653214116447E-43,0.12893122797859846,13,15
1775942547086,0.3224576437554714,0.04046840883803798,0.4334194636459301,0.9450542566147432,0.0,0.0,1,0.0680723491939511,0.0,0.002197265625,0.10354757040860786,0.0,2.763892257129316E-43,0.12891440501043838,15,15
1775942547489,0.32165596309416006,0.033671751485073696,0.43621227076557734,0.9453916268190037,0.0,0.0,1,0.06688085826205148,0.0,0.002197265625,0.1034916436235007,0.0,2.211113805703453E-43,0.12889758643183302,15,15
1775942547884,0.32094366895059895,0.015873015873015876,0.439000392975779,0.9457268016146027,0.0,0.0,1,0.06612345532706282,0.0,0.002197265625,0.10343586272090205,0.0,1.7688910445627625E-43,0.12888077224106442,15,15
1775942548286,0.32242236687628006,0.050194883494736185,0.4417830869090088,0.9460597946835901,0.0,0.0,1,0.06515724859034214,0.0,0.002197265625,0.10338022648775581,0.0,1.41511283565021E-43,0.12886396243641585,15,15
1775942548685,0.32197897606324716,0.011223917161691232,1.0,0.9460690709231933,0.0,0.0,1,0.06763305458652745,0.3132832080200501,0.002197265625,0.10319229981827537,0.0,1.132090268520168E-43,0.1288471570161711,14,15
1775942549107,0.3221165630867561,0.03549314249999667,0.440381165143609,0.94640061572832,0.0,0.0,1,0.06688639650782384,0.0,0.002197265625,0.10313691868672338,0.0,9.056722148161344E-44,0.12883035597861525,15,15
1775942549509,0.32327224804335014,0.022447834323382463,0.4431587469600864,0.9467299978055584,0.0,0.0,1,0.06999019498065695,0.0,0.002197265625,0.10308168334226975,0.0,7.245377718529076E-44,0.12881355932203387,15,15
1775942549911,0.32022893743546144,0.04046840883803798,0.44592687916999496,0.9470572321478479,0.0,0.0,1,0.06933442978762899,0.0,0.002197265625,0.10302659526384252,0.0,5.796302174823261E-44,0.12879676704471388,15,15
1775942550312,0.31793319785032514,0.011223917161691232,1.5219246945660371E-4,0.9475588244659557,0.0,0.0,1,0.06866681934653637,0.0,0.002197265625,0.10302650804619053,0.0,4.637041739858608E-44,0.12877997914494266,15,15
1775942550707,0.32264317512488055,0.025097441747368093,1.0,0.947387631830202,0.0,0.0,1,0.06815123397020348,0.3164556962025316,0.002197265625,0.10278598478633505,0.0,3.709633391886887E-44,0.12876319562100869,14,15
1775942551119,0.32250558810137164,0.03174603174603175,0.44691991606660614,0.9477113502627956,0.0,0.0,1,0.06935824252524879,0.0,0.002197265625,0.10273129858634142,0.0,2.96770671350951E-44,0.12874641647120144,15,15
1775942551521,0.32612935105603563,0.050194883494736185,0.449641804071044,0.9480329667632954,0.0,0.0,1,0.0693544072079245,0.0,0.002197265625,0.10267677986344496,0.0,2.3741653708076077E-44,0.12872964169381107,15,15
1775942551924,0.32626693807954454,0.025097441747368093,0.45243375245825684,0.9483524647481482,0.0,1.0,1,0.06811717306648431,0.0,0.002197265625,0.10262238306518862,0.0,1.8993322966460864E-44,0.12871287128712872,15,15
1775942552320,0.32465438105143674,0.04046840883803798,1.5598844201433805E-4,0.9488424476106581,0.0,0.0,1,0.06725733177329868,0.0,0.002197265625,0.10262229646334073,0.0,1.5194658373168692E-44,0.1286961052494464,15,15
1775942552720,0.3249389147100168,0.03549314249999667,1.0,0.9486730322640489,0.0,1.0,1,0.06877103619664786,0.3125,0.002197265625,0.10238471373908294,0.0,1.2155726698534954E-44,0.12867934357905708,15,15
1775942553141,0.32524268802385037,0.033671751485073696,1.523813673983381E-4,0.9491601380980622,0.0,0.0,1,0.06806393059236895,0.0,0.002197265625,0.10238462974609062,0.0,9.724581358827964E-45,0.12866258627425442,15,15
1775942553539,0.3282191727944386,0.011223917161691232,0.4622840364853932,0.9494717511103979,0.0,0.0,1,0.06742250880684376,0.0,0.002197265625,0.10233063551515013,0.0,7.779665087062371E-45,0.12864583333333335,15,15
1775942553944,0.32883490202040516,0.022447834323382463,0.46499264540373575,0.9497813317264501,0.0,0.0,1,0.0703470894272686,0.0,0.002197265625,0.1022767880319048,0.0,6.223732069649897E-45,0.12862908475458923,15,15
1775942554343,0.3249266054071612,0.03549314249999667,1.5874248960827275E-4,0.9502584695327755,0.0,0.0,1,0.06953763226136501,0.0,0.002197265625,0.10227670366055575,0.0,4.9789856557199184E-45,0.12861234053631865,15,15
1775942554749,0.3249266054071612,0.03549314249999667,1.0,0.9500876918848187,0.0,1.0,1,0.06872525998283568,0.30788177339901474,0.002197265625,0.10204179612394058,0.0,3.983188524575935E-45,0.12859560067681897,15,15
1775942555166,0.3249266054071612,0.033671751485073696,1.5490261279291881E-4,0.9505620715701265,0.0,0.0,1,0.06904743597636269,0.0,0.002197265625,0.10204171430828811,0.0,3.186550819660748E-45,0.12857886517438832,15,15
1775942555577,0.32512791784064965,0.0,1.5727306424869532E-4,0.9510321746289022,0.0,0.0,1,0.0684736882392773,0.0,0.002197265625,0.1020416328663827,0.0,2.5492406557285985E-45,0.12869225764476255,15,15
1775942555980,0.3278321782555134,0.5064462264617086,1.0,0.9505693804366256,0.0,0.0,1,0.07054442614067633,0.6203473945409429,0.002197265625,0.10168454717491371,0.0,2.0393925245828788E-45,0.12867551392141552,13,15
1775942556411,0.32616551158884677,0.49842280851135184,0.4641590626470557,0.950872820370588,0.0,0.0,1,0.06929914390821411,0.0,0.002197265625,0.10163136633378074,0.0,1.6315140196663032E-45,0.12865877455444252,15,15
1775942556815,0.3243807537137832,0.044895668646764926,1.5434702704775503E-4,0.9513401202476464,0.0,0.0,1,0.07069437392041739,0.0,0.002197265625,0.10163128608142143,0.0,1.3052112157330426E-45,0.1286420395421436,15,15
1775942557225,0.3197376022765283,0.011223917161691232,0.4763744278997167,0.9516372471510959,0.0,0.0,1,0.06982371613370754,0.0,0.002197265625,0.10157821235035612,0.0,1.0441689725864342E-45,0.12862530888281964,15,15
1775942557631,0.31960001525301934,0.0,0.47903200832541637,0.9519324387110013,0.0,0.0,1,0.069377485477814,0.0,0.002197265625,0.10152528350876001,0.0,8.353351780691473E-46,0.12873862158647598,15,15
1775942558035,0.32064579159951595,0.011223917161691232,1.0,0.9513280603486141,0.0,0.0,1,0.06774593664827173,0.6188118811881188,0.002197265625,0.1011233191696007,0.0,6.682681424553179E-46,0.12872188272006246,13,15
1775942558460,0.3184443302964253,0.022447834323382463,0.4558021621086721,0.9516291668917566,0.0,0.0,1,0.06610609691130676,0.0,0.002197265625,0.1010709061421662,0.0,5.346145139642543E-46,0.12870514820592827,15,15
1775942558854,0.3193798700601634,0.011223917161691232,0.4585346898223257,0.951928284684996,0.0,1.0,1,0.06828263251675219,0.0,0.002197265625,0.10101863765068647,0.0,4.276916111714035E-46,0.12868841804237618,15,15
1775942559260,0.3232881666734074,0.04046840883803798,1.5118864909066776E-4,0.9523860484070364,0.0,0.0,1,0.06805579291631664,0.0,0.002197265625,0.10101856048210033,0.0,3.421532889371228E-46,0.1286716922277099,15,15
1775942559657,0.3238340183667854,0.050194883494736185,0.4705017844670244,0.9526789988422243,0.0,0.0,1,0.06747857625909545,0.0,0.002197265625,0.10096647618231709,0.0,2.7372263114969824E-46,0.1286549707602339,15,15
1775942560073,0.3239047795529938,0.015873015873015876,1.0,0.9525330378767627,0.0,1.0,1,0.07089633532516708,0.3004807692307692,0.002197265625,0.10074295511077029,0.0,2.189781049197586E-46,0.12863825363825365,15,15
1775942560485,0.32847716980404024,0.03174603174603175,0.46175387727347017,0.9528268774790871,0.0,0.0,1,0.07009052011941119,0.0,0.002197265625,0.10069123429448239,0.0,1.751824839358069E-46,0.12862154086007538,15,15
1775942560884,0.32660903996785756,0.03174603174603175,0.46446646522596574,0.9531187724694552,0.0,0.0,1,0.0763444030358924,0.0,0.002197265625,0.100639657480977,0.0,1.401459871486455E-46,0.12860483242400622,15,15
1775942561282,0.32755766726424007,0.022447834323382463,1.0,0.9525571390546521,0.0,0.0,0,0.07595013590510583,0.6281407035175879,0.002197265625,0.10025094242616088,0.0,1.121167897189164E-46,0.1285881283283543,13,15
1775942561715,0.32291451582698516,0.022447834323382463,0.4429873721142129,0.9528544624381966,0.0,0.0,1,0.0744964656276821,0.0,0.002197265625,0.10019988383263072,0.0,8.969343177513312E-47,0.12857142857142856,15,15
1775942562122,0.32354358874545475,0.025097441747368093,0.4457196856897073,0.9531498061285592,0.0,0.0,1,0.07293462393662539,0.0,0.002197265625,0.10014898908175711,0.0,7.175474542010651E-47,0.12855473315153876,15,15
1775942562525,0.3257450500485453,0.04046840883803798,0.44844570013338936,0.9534431829620451,0.0,0.0,1,0.07149005096578064,0.0,0.002197265625,0.10009825523699722,0.0,5.740379633608521E-47,0.1285380420669956,15,15
1775942562934,0.32589100059757337,0.025097441747368093,0.45127543073330534,0.9537345680509701,0.0,0.0,1,0.072026964645114,0.0,0.002197265625,0.10004762784871511,0.0,4.592303706886817E-47,0.12852135531611064,15,15
1775942563337,0.32468696439919315,0.03549314249999667,1.0,0.9536102381729125,0.0,0.0,1,0.07086476030554699,0.31017369727047145,0.002197265625,0.09983160648989756,0.0,3.6738429655094534E-47,0.12850467289719625,15,15
1775942563753,0.32257919355504244,0.025097441747368093,0.4436340586101373,0.953902244597265,0.0,0.0,1,0.0710230078448213,0.0,0.002197265625,0.09978137949011451,0.0,2.9390743724075627E-47,0.12848799480856588,15,15
1775942564156,0.3185504711749286,0.025097441747368093,0.4464029257416654,0.9541922824431922,0.0,0.0,1,0.0802342118234867,0.0,0.002197265625,0.09973129519468464,0.0,2.35125949792605E-47,0.12847132104853365,15,15
1775942564553,0.31962064827088216,0.011223917161691232,1.0,0.9536739961974824,0.0,0.0,1,0.07743828642786164,0.6297229219143576,0.001953125,0.09935596252927453,0.0,1.8810075983408402E-47,0.12845465161541458,13,15
1775942564991,0.31795398160421556,0.03549314249999667,1.4003682622469927E-4,0.9541159396449514,0.0,0.0,1,0.07699400634179657,0.0,0.001953125,0.09935589131472651,0.0,1.5048060786726723E-47,0.1284379865075247,15,15
1775942565391,0.32085970518859536,0.011223917161691232,1.442716676920385E-4,0.9545538668838743,0.0,0.0,1,0.07602499878939914,0.0,0.001953125,0.09935581909808432,0.0,1.2038448629381378E-47,0.12842132572318066,15,15
1775942565800,0.3183882033522257,0.03174603174603175,0.4443503747231703,0.9548406846106997,0.0,0.0,1,0.07405836146824059,0.0,0.001953125,0.09930625284502088,0.0,9.630758903505103E-48,0.12840466926070038,15,15
1775942566197,0.32018114382558877,0.03174603174603175,0.4471151689865304,0.9551255622116466,0.0,0.0,1,0.07302324960969087,0.0,0.001953125,0.09925682998566725,0.0,7.704607122804083E-48,0.1283880171184023,15,15
1775942566598,0.3230116780471489,0.03549314249999667,1.0,0.9550153073311004,0.0,0.0,1,0.0710982186744723,0.31172069825436405,0.001953125,0.09904766541139859,0.0,6.163685698243267E-48,0.1283713692946058,15,15
1775942567009,0.3229314688466899,0.025097441747368093,0.43981137847652857,0.9553006500294966,0.0,0.0,1,0.08024455018561083,0.0,0.001953125,0.09899864150843246,0.0,4.930948558594614E-48,0.1283547257876313,15,15
1775942567417,0.3267059063575072,0.011223917161691232,0.44251806176812175,0.9555840747064578,0.0,0.0,1,0.08114694435193616,0.0,0.001953125,0.09894979339403334,0.0,3.9447588468756915E-48,0.12833808659579982,15,15
1775942567819,0.32503923969084053,0.015873015873015876,0.445363150759892,0.9558655470810887,0.0,0.0,1,0.07819172355869553,0.0,0.001953125,0.09890105213881714,0.0,3.1558070775005533E-48,0.1283214517174336,15,15
1775942568231,0.3257465205469868,0.025097441747368093,1.4645474793013925E-4,0.956287540614203,0.0,0.0,1,0.07542323012886887,0.0,0.001953125,0.0989009832217634,0.0,2.524645662000443E-48,0.1283048211508554,15,15
1775942568640,0.3264692839243963,0.015873015873015876,1.0,0.9561776420113404,0.0,0.0,1,0.07462497737973761,0.3056234718826406,0.001953125,0.09869459087969175,0.0,2.0197165296003546E-48,0.12828819489438903,15,15
1775942569066,0.32600524949589665,0.025097441747368093,0.44669034600921204,0.9564556481608113,0.0,0.0,1,0.07295051102373452,0.0,0.001953125,0.09864624867014612,0.0,1.6157732236802838E-48,0.12827157294635916,15,15
1775942569460,0.3252979686397504,0.03549314249999667,0.4494485226323009,0.9567317604404437,0.0,0.0,1,0.07264479297786391,0.0,0.001953125,0.09859804840811087,0.0,1.2926185789442272E-48,0.12825495530509134,15,15
1775942569858,0.32459068778360417,0.03549314249999667,0.4522029043291872,0.957005990731679,0.0,0.0,1,0.07180923563820824,0.0,0.001953125,0.0985499873664974,0.0,1.0340948631553818E-48,0.12823834196891193,15,15
1775942570265,0.32533785191047065,0.025097441747368093,1.0,0.9565281159303438,0.0,0.0,1,0.0711506492045798,0.6142506142506143,0.001953125,0.0981922612010212,0.0,8.272758905243056E-49,0.12822173293614814,13,15
1775942570688,0.325171694833054,0.015873015873015876,0.43216598979079907,0.9568068642444834,0.0,1.0,1,0.0698974938998227,0.0,0.001953125,0.09814471400288254,0.0,6.618207124194445E-49,0.1282051282051282,15,15
1775942571091,0.32250731768891044,0.011223917161691232,0.43496366483788296,0.9570836917734042,0.0,1.0,1,0.06957285825336497,0.0,0.001953125,0.09809730652279372,0.0,5.294565699355556E-49,0.128188527774181,15,15
1775942571492,0.3207945864160065,0.03549314249999667,0.4377527133530211,0.9573586127114614,0.0,0.0,1,0.07029679096791723,0.0,0.001953125,0.09805003980742119,0.0,4.235652559484445E-49,0.12817193164163643,15,15
1775942571894,0.3194723082732018,0.033671751485073696,0.44053912038672016,0.9576316391968359,0.0,0.0,1,0.07013970331159382,0.0,0.001953125,0.09800291117246818,0.0,3.388522047587556E-49,0.12815533980582527,15,15
1775942572301,0.3180633503141313,0.011223917161691232,1.0,0.9571791234267162,0.0,1.0,1,0.06931457747926603,0.6142506142506143,0.001953125,0.09765356824233618,0.0,2.710817638070045E-49,0.12813875226507898,13,15
1775942572736,0.3169931732181777,0.033671751485073696,1.3743136832959039E-4,0.957589115901908,0.0,0.0,1,0.06924372683287716,0.0,0.001953125,0.09765350379971241,0.0,2.1686541104560362E-49,0.12812216901773,15,15
1775942573134,0.3177054673617388,0.025097441747368093,1.4117007007757854E-4,0.9579953543081872,0.0,0.0,1,0.07219558038197486,0.0,0.001953125,0.09765343872731666,0.0,1.7349232883648292E-49,0.12810559006211175,15,15
1775942573547,0.31941819863464277,0.0,1.4333041315337176E-4,0.9583978702319613,0.0,0.0,1,0.0753652015183034,0.0,0.001953125,0.09765337395297066,0.0,1.3879386306918634E-49,0.12821839824039327,15,15
1775942573955,0.32153945073727436,0.03549314249999667,1.0,0.9579608548809448,0.0,0.0,1,0.07679249244841169,0.6127450980392157,0.001953125,0.09731083797006986,0.0,1.1103509045534908E-49,0.12820181112548512,13,15
1775942574380,0.32123567742344084,0.03549314249999667,1.3841237442499828E-4,0.9583636878840474,0.0,0.0,1,0.07550252705974145,0.0,0.001953125,0.09731077430791485,0.0,8.882807236427926E-50,0.1281852283016427,15,15
1775942574788,0.32286246081938724,0.04627739599083572,0.4347282771602487,0.9586318056439832,0.0,1.0,1,0.07548359992646408,0.0,0.001953125,0.09726456389407545,0.0,7.1062457891423415E-50,0.12816864976720121,15,15
1775942575191,0.3230178593826659,0.025097441747368093,0.4375908204502554,0.9588980428916,0.0,0.0,1,0.07463550216990754,0.0,0.001953125,0.09721846030981815,0.0,5.684996631313873E-50,0.12815207552049657,15,15
1775942575591,0.32209835684286575,0.011223917161691232,0.4403776197055838,0.9591624338456264,0.0,0.0,1,0.07426139522983113,0.0,0.001953125,0.09717249333826708,0.0,4.547997305051099E-50,0.12813550555986553,15,15
1775942575987,0.32209835684286575,0.011223917161691232,1.0,0.9590829260707407,0.0,0.0,1,0.07600022864606243,0.31565656565656564,0.001953125,0.0969814610123362,0.0,3.6383978440408796E-50,0.12811893988364575,14,15
1775942576402,0.3200630526171918,0.03549314249999667,0.43363710958267343,0.9593474517299974,0.0,0.0,1,0.08064429651493142,0.0,0.001953125,0.09693588617022247,0.0,2.9107182752327036E-50,0.1281023784901758,15,15
1775942576797,0.3211332297131454,0.015873015873015876,0.43643138112520097,0.959610134482192,0.0,0.0,1,0.07907204437155517,0.0,0.001953125,0.09689044835459329,0.0,2.328574620186163E-50,0.128085821377795,15,15
1775942577202,0.3226223968726749,0.011223917161691232,0.43914574148735463,0.9598710088568326,0.0,0.0,1,0.07664803718478592,0.0,0.001953125,0.09684517875934306,0.0,1.8628596961489304E-50,0.12806926854484368,15,15
1775942577604,0.3232514697911445,0.04627739599083572,0.44200008228258725,0.9601300451195296,0.0,0.0,1,0.07457123009718437,0.0,0.001953125,0.09680001448800712,0.0,1.4902877569191445E-50,0.12805271998966272,15,15
1775942578000,0.3232514697911445,0.047619047619047616,1.0,0.9600525838530424,0.0,1.0,1,0.07299546710008524,0.31565656565656564,0.001953125,0.09661187311422752,0.0,1.1922302055353157E-50,0.12803617571059434,14,15
1775942578424,0.32428906353934156,0.03549314249999667,0.43503795067739864,0.9603117537487209,0.0,0.0,1,0.07529821350168829,0.0,0.001953125,0.09656712760892909,0.0,9.537841644282527E-51,0.12801963570598118,15,15
1775942578822,0.32641031564197315,0.033671751485073696,0.4379005149209118,0.960569089362549,0.0,0.0,1,0.07400132329774547,0.0,0.001953125,0.0965224878927451,0.0,7.630273315426021E-51,0.12800309997416692,15,15
1775942579227,0.3284456198676471,0.011223917161691232,0.4406839713240309,0.9608246246206315,0.0,0.0,1,0.07442114848028751,0.0,0.001953125,0.09647798400872015,0.0,6.104218652340817E-51,0.1279865685134961,15,15
1775942579628,0.33038835222182783,0.011223917161691232,1.449872990267963E-4,0.9612011261659634,0.0,0.0,1,0.07278128391857341,0.0,0.001953125,0.0964779237197385,0.0,4.883374921872654E-51,0.12797004132231404,15,15
1775942580029,0.32597136053406006,0.03549314249999667,1.0,0.96112326996323,0.0,0.0,1,0.07155824437928943,0.31172069825436405,0.001953125,0.09629239773302627,0.0,3.9066999374981234E-51,0.12795351839896707,15,15
1775942580442,0.3253566515494071,0.011223917161691232,0.4423227740787444,0.9613753924043836,0.0,1.0,1,0.06996252225805936,0.0,0.001953125,0.09624828054032702,0.0,3.1253599499984986E-51,0.12793699974180217,15,15
1775942580841,0.3261498802825109,0.033671751485073696,1.426216435751498E-4,0.9617468120410896,0.0,0.0,1,0.06921353257232174,0.0,0.001953125,0.09624822242654966,0.0,2.500287959998799E-51,0.12792048534916745,15,15
1775942581244,0.3261498802825109,0.011223917161691232,0.45409204635162637,0.961993692036504,0.0,0.0,1,0.068326898798836,0.0,0.001953125,0.09620424132673092,0.0,2.0002303679990394E-51,0.12790397521941144,15,15
1775942581648,0.3256040285891329,0.025097441747368093,0.45675609230199715,0.9622388694692022,0.0,0.0,1,0.07003543633146445,0.0,0.001953125,0.09616042352595602,0.0,1.6001842943992315E-51,0.12788746935088402,15,15
1775942582054,0.3256040285891329,0.015873015873015876,1.0,0.9621607309196796,0.0,0.0,1,0.0683365634577727,0.30788177339901474,0.001953125,0.09597749317110402,0.0,1.2801474355193852E-51,0.12787096774193552,15,15
1775942582467,0.32652353112893306,0.011223917161691232,0.449036509659675,0.962406052517123,0.0,0.0,1,0.06776500770624329,0.0,0.001953125,0.09593402938517152,0.0,1.0241179484155082E-51,0.12785447039091735,15,15
1775942582875,0.32708013742892594,0.025097441747368093,1.4443677479110306E-4,0.9627679446296854,0.0,0.0,1,0.06808299487506099,0.0,0.001953125,0.0959339726655034,0.0,8.192943587324067E-52,0.12783797729618163,15,15
1775942583275,0.32663674661589304,0.03174603174603175,0.4608462509298102,0.9630081721273148,0.0,0.0,1,0.06833691702081539,0.0,0.001953125,0.09589067217844686,0.0,6.554354869859254E-52,0.12782148845608154,15,15
1775942583675,0.3252953795538624,0.04627739599083572,1.497151806634821E-4,0.9633644876733612,0.0,0.0,1,0.06724811741807585,0.0,0.001953125,0.09589061499477991,0.0,5.243483895887404E-52,0.12780500386897087,15,15
1775942584076,0.32700811082676634,0.022447834323382463,1.0,0.963283884076383,0.0,0.0,1,0.06668252042141261,0.31172069825436405,0.001953125,0.09571001107738088,0.0,4.194787116709923E-52,0.12778852353320436,15,15
1775942584489,0.3248868587241348,0.047619047619047616,0.46173056951720215,0.9635209487303732,0.0,1.0,1,0.06591641680659749,0.0,0.001953125,0.09566706439235664,0.0,3.355829693367939E-52,0.12777204744713766,15,15
1775942584896,0.3255015677087878,0.025097441747368093,0.46436806803887476,0.9637563750063822,0.0,0.0,1,0.06988913340479602,0.0,0.001953125,0.09562427826660683,0.0,2.6846637546943513E-52,0.1277555756091272,15,15
1775942585308,0.3282518927298889,0.03174603174603175,0.4670737240718248,0.9639901551193286,0.0,0.0,1,0.06846087436216289,0.0,0.001953125,0.09558162341933657,0.0,2.147731003755481E-52,0.1277391080175303,15,15
1775942585716,0.328073372981438,0.04627739599083572,0.469841758342269,0.9642222831763104,0.0,0.0,1,0.06864682027793674,0.0,0.001953125,0.09553907395221303,0.0,1.718184803004385E-52,0.12772264467070493,15,15
1775942586128,0.3272863255838514,0.03549314249999667,1.0,0.9638393613121683,0.0,0.0,1,0.06759323047007261,0.6067961165048544,0.001953125,0.09522731701433743,0.0,1.374547842403508E-52,0.1277061855670103,13,15
1775942586556,0.3272863255838514,0.03549314249999667,0.44804691184423495,0.9640750922611869,0.0,0.0,1,0.06678490402734798,0.0,0.001953125,0.09518526099935708,0.0,1.0996382739228065E-52,0.12768973070480605,15,15
1775942586955,0.3272863255838514,0.011223917161691232,0.4508055070600686,0.9643091579772701,0.0,0.0,1,0.06654020960076788,0.0,0.001953125,0.09514333506718907,0.0,8.797106191382452E-53,0.12767328008245293,15,15
1775942587359,0.3272863255838514,0.025097441747368093,1.469802721311617E-4,0.964653402021734,0.0,1.0,1,0.06710387783399067,0.0,0.001953125,0.09514328031170338,0.0,7.0376849531059625E-53,0.1276568336983125,15,15
1775942587766,0.3291287545017515,0.04627739599083572,0.46264680368916355,0.964882594427181,0.0,0.0,1,0.06731560602876287,0.0,0.001953125,0.09510151253424168,0.0,5.63014796248477E-53,0.12764039155074702,15,15
1775942588165,0.33125000660438303,0.03174603174603175,1.0,0.9649225248190033,0.0,0.0,1,0.06728467506251347,0.3132832080200501,0.001953125,0.09496926654366486,0.0,4.504118369987816E-53,0.12762395363811974,14,15
1775942588573,0.32940757768648293,0.03549314249999667,0.46097048070994423,0.9651502337228696,0.0,0.0,1,0.06610198877882777,0.0,0.001953125,0.09492771705515268,0.0,3.603294695990253E-53,0.1276075199587947,15,15
1775942588987,0.32778079429053647,0.011223917161691232,0.463685757668056,0.965376339260399,0.0,1.0,1,0.0652377642702659,0.0,0.001953125,0.0948862977942625,0.0,2.8826357567922024E-53,0.12759109051113682,15,15
1775942589405,0.33007653387567265,0.49588886831153367,0.0,0.9657106906495031,0.0,0.0,1,0.0661303314576753,0.0,0.001953125,0.0948862977942625,0.0,2.306108605433762E-53,0.1275746652935118,15,15
1775942589799,0.3297977106909412,0.4889816444682338,0.4758167789039442,0.9659320525125222,0.0,0.0,1,0.06528732493012974,0.0,0.001953125,0.0948450095500401,0.0,1.8448868843470098E-53,0.1275582443042863,15,15
1775942590205,0.3276764585883097,0.03549314249999667,1.0,0.9658588557394908,0.0,0.0,1,0.06447107828409523,0.30788177339901474,0.001953125,0.09467351766753841,0.0,1.4759095074776078E-53,0.12754182754182752,15,15
1775942590624,0.3276764585883097,0.03549314249999667,0.4668870570447631,0.966080401996461,0.0,0.0,1,0.06390706189812148,0.0,0.001953125,0.09463260246567193,0.0,1.1807276059820862E-53,0.12752541500450387,15,15
1775942591030,0.3273127275960907,0.033671751485073696,1.0,0.9657286611862059,0.0,0.0,1,0.07227244565625998,0.6157635467980295,0.001953125,0.09433575323916382,0.0,9.44582084785669E-54,0.12750900669068455,13,15
1775942591462,0.3244821933745305,0.011223917161691232,0.4456137528293969,0.9659534972001478,0.0,1.0,1,0.070675047625812,0.0,0.001953125,0.09429532204184392,0.0,7.556656678285352E-54,0.12749260259873918,15,15
1775942591860,0.32589115133360097,0.015873015873015876,0.44837709600930237,0.9661767322807769,0.0,0.0,1,0.06986471623475021,0.0,0.001953125,0.09425501896398228,0.0,6.045325342628282E-54,0.12747620272703886,15,15
1775942592265,0.3252620784151314,0.015873015873015876,0.45105909864240673,0.9663983955641681,0.0,0.0,1,0.07555053131837951,0.0,0.001953125,0.09421486924989088,0.0,4.836260274102626E-54,0.127459807073955,15,15
1775942592660,0.32940024691816766,0.056119585808456156,1.1297880122838861E-4,0.9667231911837475,0.0,0.0,1,0.0746003027499933,0.0,0.001953125,0.09421483036704699,0.0,3.869008219282101E-54,0.1274434156378601,15,15
1775942593063,0.32727899481553613,0.025097441747368093,1.0,0.9666620782402201,0.0,0.0,1,0.07447244797669576,0.31017369727047145,0.001953125,0.09404925049503664,0.0,3.095206575425681E-54,0.12742702841712739,15,15
1775942593471,0.3276380272007266,0.033671751485073696,0.4524391797944358,0.9668806604863283,0.0,0.0,1,0.07675981904645761,0.0,0.001953125,0.09400944322757968,0.0,2.4761652603405447E-54,0.12741064541013114,15,15
1775942593873,0.3280116780471488,0.011223917161691232,0.45518232514387297,0.9670976855812815,0.0,0.0,1,0.07523188928078016,0.0,0.001953125,0.09396976283972612,0.0,1.9809322082724358E-54,0.12739426661524622,15,15
1775942594275,0.3280116780471488,0.5221233080443978,0.0,0.96741597474655,0.0,0.0,1,0.0748048554519132,0.0,0.001953125,0.09396976283972612,0.0,1.584745766617949E-54,0.12737789203084837,15,15
1775942594675,0.32622692017208527,0.5270462766947299,0.4671746939321656,0.9676284446285532,0.0,0.0,1,0.07406657407484427,0.0,0.001953125,0.09393020907049736,0.0,1.2677966132943591E-54,0.12736152165531422,15,15
1775942595077,0.3251893264238881,0.04046840883803798,1.0,0.9675668778627133,0.0,0.0,1,0.0732324792288317,0.31094527363184077,0.001953125,0.09376704241701304,0.0,1.0142372906354873E-54,0.1273451554870213,15,15
1775942595502,0.3296063181116559,0.5625411157672809,0.0,0.9678807787181767,0.0,0.0,1,0.07610389396960189,0.0,0.001953125,0.09376704241701304,0.0,8.1138983250839E-55,0.1273287935243479,15,15
1775942595901,0.3288192707140692,0.533224667690185,0.4681147430452769,0.968090335096341,0.0,0.0,1,0.09565149375562759,0.0,0.001953125,0.09372785328565003,0.0,6.49111866006712E-55,0.1273124357656732,15,15
1775942596299,0.32936512240744714,0.011223917161691232,0.4707278702366253,0.9682984203050607,0.0,0.0,1,0.09473420851740345,0.0,0.001953125,0.0936888142854883,0.0,5.192894928053696E-55,0.12729608220937705,15,15
1775942596703,0.3255906848966298,0.011223917161691232,0.47340532897216386,0.968505029104278,0.0,0.0,1,0.09188092264051767,0.0,0.001953125,0.09364990150458993,0.0,4.1543159424429575E-55,0.1272797328538402,15,15
1775942597103,0.32338922359353933,0.025097441747368093,1.0,0.9684431087408012,0.0,1.0,1,0.08814486951642898,0.3125,0.001953125,0.09348912570791514,0.0,3.323452753954366E-55,0.1272633876974445,15,15
1775942597526,0.32473059065557,0.022447834323382463,1.5016604100654435E-4,0.9687487709157865,0.0,0.0,1,0.0849367936461372,0.0,0.001953125,0.09348907703516811,0.0,2.6587622031634932E-55,0.12724704673857212,15,15
1775942597930,0.3269320519586606,0.04627739599083572,0.47404976494517326,0.9689525622892204,0.0,0.0,1,0.08884318478982632,0.0,0.001953125,0.09345052438609332,0.0,2.1270097625307948E-55,0.1272307099756066,15,15
1775942598336,0.3270179998356181,0.015873015873015876,0.4767949444900584,0.969154889823497,0.0,0.0,1,0.08494494588286944,0.0,0.001953125,0.09341207178404383,0.0,1.701607810024636E-55,0.12721437740693198,15,15
1775942598737,0.32605243268958056,0.033671751485073696,0.4794483903265283,0.9693557813766497,0.0,0.0,1,0.08348333719748174,0.0,0.001953125,0.09337374421361318,0.0,1.3612862480197088E-55,0.12719804903093312,15,15
1775942599141,0.32605243268958056,0.033671751485073696,1.0,0.9692935829503692,0.0,0.0,1,0.08055593865486547,0.3094059405940594,0.001953125,0.09321533455253296,0.0,1.0890289984157671E-55,0.12718172484599588,15,15
1775942599579,0.3303834765003908,0.04627739599083572,1.4871767721025557E-4,0.9695912662359403,0.0,0.0,1,0.07803063970494128,0.0,0.001953125,0.09321528821108552,0.0,8.712231987326137E-56,0.12716540485050687,15,15
1775942599977,0.3285987186253272,0.03549314249999667,0.47980085927568056,0.9697894341643606,0.0,0.0,1,0.07665655549253339,0.0,0.001953125,0.09317731782760463,0.0,6.96978558986091E-56,0.1271490890428535,15,15
1775942600378,0.3285987186253272,0.011223917161691232,0.48236302772301953,0.9699862105159178,0.0,0.0,1,0.07659660569408612,0.0,0.001953125,0.09313949499612377,0.0,5.5758284718887285E-56,0.12713277742142404,15,15
1775942600776,0.3285987186253272,0.015873015873015876,0.48507767659971823,0.970181572817726,0.0,0.0,1,0.07461115734368153,0.0,0.001953125,0.09310177034939014,0.0,4.460662777510983E-56,0.12711646998460746,15,15
1775942601183,0.32426767481451696,0.011223917161691232,1.0,0.9701191680532071,0.0,1.0,1,0.07794260754782793,0.30712530712530717,0.001953125,0.09294570392499285,0.0,3.5685302220087866E-56,0.12710016673079394,15,15
1775942601595,0.32426767481451696,0.011223917161691232,0.47553511040366453,0.970314653404835,0.0,0.0,1,0.07530249875433223,0.0,0.001953125,0.09290833376970013,0.0,2.8548241776070294E-56,0.12708386765837398,15,15
1775942602004,0.3258511202560921,0.050194883494736185,1.0,0.9701015989085087,0.0,0.0,1,0.08151259020019909,0.6112469437652812,0.001953125,0.09267543029778526,0.0,2.2838593420856236E-56,0.1270675727657392,13,15
1775942602440,0.32576517237913455,0.04627739599083572,0.45961209924663987,0.9702986035547521,0.0,0.0,1,0.08652558640284756,0.0,0.001953125,0.09263840111249719,0.0,1.8270874736684989E-56,0.12705128205128202,15,15
1775942602853,0.32251506027089283,0.03174603174603175,1.4763805701091586E-4,0.9705868388776685,0.0,0.0,1,0.08339400758113671,0.0,0.001953125,0.09263835592747563,0.0,1.4616699789347992E-56,0.1270349955133957,15,15
1775942603263,0.32195845397089995,0.04046840883803798,0.4716761534263313,0.9707796874502825,0.0,0.0,1,0.08583925753230119,0.0,0.001953125,0.09260144797655431,0.0,1.1693359831478394E-56,0.1270187131504742,15,15
1775942603666,0.3233674119299704,0.03549314249999667,1.4882742669033864E-4,0.9710633933194016,0.0,0.0,1,0.08252914149231665,0.0,0.001953125,0.09260140389597278,0.0,9.354687865182716E-57,0.12700243496091246,15,15
1775942604079,0.3233674119299704,0.011223917161691232,1.0,0.9710079764481556,0.0,0.0,1,0.08004958421813367,0.3026634382566586,0.001953125,0.09245040319944625,0.0,7.483750292146173E-57,0.1269861609431061,15,15
1775942604489,0.3218782447704409,0.0,0.47217673876196536,0.9711981618071286,0.0,0.0,1,0.07787554176576622,0.0,0.001953125,0.09241384644004697,0.0,5.987000233716939E-57,0.12709801409352983,15,15
1775942604899,0.32620928858125114,0.015873015873015876,1.0,0.9709105409629981,0.0,0.0,1,0.07746513671176002,0.6097560975609756,0.001953125,0.09215312548539818,0.0,4.7896001869735514E-57,0.1270817320010249,13,15
1775942605325,0.3233035649968713,0.015873015873015876,0.4505954305022967,0.9711034063506666,0.0,0.0,1,0.07534917183833123,0.0,0.001953125,0.09211702518402688,0.0,3.831680149578841E-57,0.12706545407967207,15,15
1775942605721,0.32163689833020465,0.04046840883803798,0.45334652204890585,0.9712948758771613,0.0,0.0,1,0.07475720236244585,0.0,0.001953125,0.09208104296124493,0.0,3.065344119663073E-57,0.12704918032786883,15,15
1775942606118,0.32488701043844637,0.5276434964633226,0.0,0.9715737540749357,0.0,0.0,1,0.07330745242831758,0.0,0.001953125,0.09208104296124493,0.0,2.4522752957304585E-57,0.12703291074401335,15,15
1775942606516,0.3247084906899956,0.5071919145609669,0.46530804028389633,0.9717611828207294,0.0,0.0,1,0.07149593163392876,0.0,0.001953125,0.09204517943005963,0.0,1.9618202365843668E-57,0.12701664532650447,15,15
1775942606918,0.32170045696129823,0.033671751485073696,1.0,0.9717155534820578,0.0,0.0,1,0.07098779473104577,0.31094527363184077,0.001953125,0.09189955207259361,0.0,1.5694561892674936E-57,0.12700038407374215,15,15
1775942607341,0.31940471737616205,0.011223917161691232,0.45725331599462565,0.9719029197870758,0.0,0.0,1,0.07434176073661129,0.0,0.001953125,0.09186403253132433,0.0,1.255564951413995E-57,0.12698412698412698,15,15
1775942607749,0.31917855762667496,0.04046840883803798,0.45997873257913,0.972088930819387,0.0,0.0,1,0.07285784985867937,0.0,0.001953125,0.09182863148179993,0.0,1.004451961131196E-57,0.12696787405606036,15,15
1775942608155,0.3191785576266749,0.04046840883803798,0.4626997588669105,0.9722735959955925,0.0,0.0,1,0.07102100242672427,0.0,0.001953125,0.09179334691251963,0.0,8.035615689049569E-58,0.12695162528794468,15,15
1775942608566,0.3182129904806374,0.022447834323382463,1.0,0.972006290506766,0.0,0.0,1,0.06928889122365212,0.6082725060827251,0.001953125,0.09154285469587217,0.0,6.428492551239655E-58,0.126935380678183,13,15
1775942608990,0.31955435754266803,0.025097441747368093,0.4421912043099141,0.9721934097303301,0.0,0.0,1,0.06820421523598134,0.0,0.001953125,0.09150801688466631,0.0,5.142794040991725E-58,0.12691914022517914,15,15
1775942609393,0.3192505842288345,0.025097441747368093,0.4449639577401916,0.972379162940122,0.0,0.0,1,0.0674273555868628,0.0,0.001953125,0.09147329511218645,0.0,4.11423523279338E-58,0.12690290392733783,15,15
1775942609790,0.3201386406236291,0.011223917161691232,0.44772864470273777,0.97256356070155,0.0,0.0,1,0.06604797553484747,0.0,0.001953125,0.09143868928893029,0.0,3.291388186234704E-58,0.12688667178306468,15,15
1775942610193,0.3210073545500666,0.04627739599083572,0.4504111577065424,0.9727466273631662,0.0,0.0,1,0.06573366961965259,0.0,0.001953125,0.09140422012700612,0.0,2.6331105489877634E-58,0.12687044379076606,15,15
1775942610614,0.32274033734504426,0.044895668646764926,1.0,0.9727926201672191,0.0,0.0,1,0.06666803698776742,0.29691211401425177,0.001953125,0.09129870502666054,0.0,2.106488439190211E-58,0.12685421994884916,15,15
1775942611020,0.32421903527072543,0.025097441747368093,1.4224967639743242E-4,0.9730573242050126,0.0,0.0,1,0.06673186600321482,0.0,0.001953125,0.0912986644889709,0.0,1.6851907513521687E-58,0.12683800025572178,15,15
1775942611424,0.32518460241676295,0.03549314249999667,0.4584960560606277,0.9732364741885842,0.0,0.0,1,0.06691005816559271,0.0,0.001953125,0.09126439504142486,0.0,1.348152601081735E-58,0.12682178470979288,15,15
1775942611842,0.32518460241676295,0.022447834323382463,0.46122018088530137,0.9734143211968472,0.0,0.0,1,0.06591750851909561,0.0,0.001953125,0.09123024008711285,0.0,1.0785220808653881E-58,0.12680557330947206,15,15
1775942612248,0.3253400009800417,0.011223917161691232,0.4639345791353858,0.9735908753084358,0.0,0.0,1,0.06546942741715327,0.0,0.001953125,0.09119619953307052,0.0,8.628176646923105E-59,0.1267893660531697,15,15
1775942612648,0.3253400009800417,0.0,1.0,0.9735514727343335,0.0,0.0,1,0.06563041199165787,0.3125,0.001953125,0.09105837658011376,0.0,6.902541317538485E-59,0.12690095846645366,15,15
1775942613071,0.32475109670505875,0.0,0.4559600241853224,0.9737279124908746,0.0,0.0,1,0.06463043012468041,0.0,0.001953125,0.09102466839385097,0.0,5.522033054030788E-59,0.12701252236135963,15,15
1775942613477,0.3228829668688761,0.0,1.0,0.9734842069485162,0.0,0.0,1,0.06416901373921095,0.6157635467980295,0.001953125,0.0907871145383587,0.0,4.417626443224631E-59,0.1271240577488182,13,15
1775942613904,0.3213186103465269,0.033671751485073696,0.43627408096122566,0.973662851960675,0.0,0.0,1,0.06503948423436551,0.0,0.001953125,0.09075384115912837,0.0,3.5341011545797045E-59,0.12710781808891158,15,15
1775942614307,0.3193797193241359,0.033671751485073696,0.4390642671854965,0.9738401805352008,0.0,0.0,1,0.0815068208256435,0.0,0.001953125,0.09072067924857834,0.0,2.827280923663764E-59,0.12709158257759612,15,15
1775942614705,0.31992557101751384,0.04046840883803798,1.3914850104130146E-4,0.9740949640675858,0.0,0.0,1,0.08014483415182264,0.0,0.001953125,0.0907206408269642,0.0,2.2618247389310114E-59,0.12707535121328228,15,15
1775942615109,0.3189711984944083,0.033671751485073696,0.450779157123893,0.9742685502645918,0.0,0.0,1,0.08106221262141397,0.0,0.001953125,0.09068759107463488,0.0,1.8094597911448092E-59,0.12705912399438135,15,15
1775942615508,0.32092829478240564,0.04627739599083572,1.0,0.9743152010429141,0.0,0.0,1,0.0805848634551109,0.3132832080200501,0.001953125,0.09058756672756083,0.0,1.4475678329158475E-59,0.12704290091930537,14,15
1775942615930,0.32550068503345203,0.025097441747368093,1.3745923523662525E-4,0.9745654792093716,0.0,0.0,1,0.07860299237101517,0.0,0.001953125,0.09058752994477799,0.0,1.1580542663326782E-59,0.1270266819864675,15,15
1775942616328,0.324345000076858,0.03549314249999667,0.45888252328097145,0.9747353259556489,0.0,0.0,1,0.07752357575322918,0.0,0.001953125,0.09055469521812402,0.0,9.264434130661425E-60,0.12701046719428133,15,15
1775942616731,0.32493390435184083,0.011223917161691232,0.4616048683162112,0.9749039303452969,0.0,1.0,1,0.07859637513421619,0.0,0.001953125,0.09052197166546894,0.0,7.411547304529141E-60,0.12699425654116148,15,15
1775942617139,0.32413222369052946,0.011223917161691232,0.4643179323362102,0.9750713019812381,0.0,0.0,1,0.07839345448914296,0.0,0.001953125,0.09048935900565912,0.0,5.929237843623313E-60,0.1269780500255232,15,15
1775942617545,0.32351649446456276,0.022447834323382463,1.0,0.9750375637463213,0.0,0.0,1,0.07705036215045802,0.30788177339901474,0.001953125,0.09035838304035047,0.0,4.743390274898651E-60,0.12696184764578278,15,15
1775942617959,0.32426365859142925,0.03549314249999667,1.3929038399352337E-4,0.9752809811864831,0.0,0.0,1,0.07735172393532297,0.0,0.001953125,0.09035834706743541,0.0,3.794712219918921E-60,0.12694564940035724,15,15
1775942618357,0.32426365859142925,0.03174603174603175,0.46557110468417146,0.9754458784138627,0.0,0.0,1,0.07524404709238108,0.0,0.001953125,0.09032607655408942,0.0,3.0357697759351367E-60,0.1269294552876642,15,15
1775942618761,0.3263849106940609,0.015873015873015876,0.46834679560868236,0.9756095571737387,0.0,0.0,1,0.07531138390833637,0.0,0.001953125,0.09029389663525753,0.0,2.4286158207481095E-60,0.12691326530612246,15,15
1775942619155,0.32567261655049967,0.015873015873015876,1.434546177921098E-4,0.9758475345046068,0.0,0.0,1,0.07320314362516364,0.0,0.001953125,0.0902938610662052,0.0,1.9428926565984878E-60,0.1268970794541513,15,15
1775942619560,0.3270006399200274,0.011223917161691232,1.0,0.975692953632682,0.0,0.0,0,0.07297698725348628,0.6172839506172839,0.001953125,0.09010054072878047,0.0,1.5543141252787903E-60,0.12688089773017086,13,15
1775942619991,0.32547746940967,0.04627739599083572,0.46245655376471123,0.9758553592704352,0.0,0.0,1,0.07242687921519683,0.0,0.001953125,0.09006867324358656,0.0,1.2434513002230323E-60,0.1268647201326023,15,15
1775942620396,0.32335621730703845,0.033671751485073696,0.46516426323326393,0.9760165752568446,0.0,0.0,1,0.07159761602779363,0.0,0.001953125,0.09003691524390732,0.0,9.947610401784259E-61,0.12684854665986744,15,15
1775942620803,0.32542523951077384,0.011223917161691232,0.467867153986512,0.9761766100512462,0.0,0.0,1,0.0695514219332548,0.0,0.001953125,0.09000526494862386,0.0,7.958088321427408E-61,0.12683237731038877,15,15
1775942621203,0.32470247613336445,0.011223917161691232,0.4705553110690898,0.9763354735937734,0.0,0.0,1,0.06844692953917926,0.0,0.001953125,0.0899737235727016,0.0,6.366470657141926E-61,0.12681621208258986,15,15
1775942621604,0.3231381196110153,0.0,1.0,0.9761170431975068,0.0,0.0,1,0.06781400745187521,0.6234413965087281,0.001953125,0.08975426400695839,0.0,5.093176525713541E-61,0.12692748821205557,13,15
1775942622029,0.32771050986206174,0.015873015873015876,0.44959870262422447,0.9762779031733483,0.0,0.0,1,0.06745059852267704,0.0,0.001953125,0.08972313784352026,0.0,4.074541220570833E-61,0.12691131498470953,15,15
1775942622429,0.3263886517851928,0.025097441747368093,0.45235282436824653,0.9764375745350965,0.0,0.0,1,0.06634936746686253,0.0,0.001953125,0.08969211776666522,0.0,3.259632976456666E-61,0.12689514587845585,15,15
1775942622830,0.3263886517851928,0.0,0.4550962116284695,0.9765960669557714,0.0,0.0,1,0.06533977205278482,0.0,0.001953125,0.08966120423691462,0.0,2.607706381165333E-61,0.1270063694267516,15,15
1775942623243,0.3242594922162176,0.0,1.0,0.976390288118252,0.0,0.0,1,0.0795803888336357,0.6053268765133172,0.001953125,0.08944731354395553,0.0,2.0861651049322666E-61,0.12711756464144697,13,15
1775942623668,0.3233399896764174,0.022447834323382463,0.43585970738215396,0.9765506196094527,0.0,0.0,1,0.0772517638258211,0.0,0.001953125,0.08941680955957197,0.0,1.6689320839458135E-61,0.1271013754457463,15,15
1775942624070,0.3228156642738418,0.011223917161691232,0.43864864082581473,0.9767097573379718,0.0,1.0,1,0.08108659653165176,0.0,0.001953125,0.08938641077426528,0.0,1.3351456671566508E-61,0.12708519037310584,15,15
1775942624471,0.3214742972118111,0.025097441747368093,0.4414306389758843,0.9768677106952481,0.0,0.0,1,0.0807760943979268,0.0,0.001953125,0.08935611690726417,0.0,1.0681165337253208E-61,0.12706900942195065,15,15
1775942624872,0.3199099406894619,0.011223917161691232,0.44420308137317466,0.9770244893654818,0.0,0.0,1,0.07815257938792461,0.0,0.001953125,0.08932592838974472,0.0,8.544932269802566E-62,0.12705283259070654,15,15
1775942625278,0.3228156642738418,0.5222439325829239,1.0,0.9770724598746591,0.0,0.0,1,0.07788897399345374,0.30788177339901474,0.001953125,0.08923630255226925,0.0,6.835945815842053E-62,0.12703665987780044,15,15
1775942625686,0.3228156642738418,0.5421279796170815,1.36054957474166E-4,0.9772964955813543,0.0,0.0,1,0.07593881391416604,0.0,0.001953125,0.0892362696166886,0.0,5.468756652673643E-62,0.1270204912816597,15,15
1775942626093,0.32022071241592254,0.04046840883803798,0.4525617948811047,0.9774498244368945,0.0,0.0,1,0.07690170632381181,0.0,0.001953125,0.08920628235978004,0.0,4.375005322138915E-62,0.1270043268007126,15,15
1775942626487,0.3224221737190131,0.015873015873015876,0.45523337779780376,0.97760202708917,0.0,0.0,1,0.0760537095803963,0.0,0.001953125,0.08917641534056146,0.0,3.5000042577111318E-62,0.1269881664333885,15,15
1775942626892,0.3212512534137549,0.015873015873015876,0.45803962193895625,0.9777530907879441,0.0,1.0,1,0.07379409144185714,0.0,0.001953125,0.0891466353753698,0.0,2.8000034061689054E-62,0.1269720101781171,15,15
1775942627287,0.32266021137282536,0.015873015873015876,1.0,0.9775596860541967,0.0,0.0,1,0.07416937603035773,0.6329113924050632,0.001953125,0.08894148278884903,0.0,2.2400027249351242E-62,0.1269558580333291,13,15
1775942627714,0.3224181329932809,0.04046840883803798,1.3454137133047154E-4,0.977779068973739,0.0,0.0,1,0.07359754593234956,0.0,0.001953125,0.08894145072456533,0.0,1.7920021799480996E-62,0.12693970999745607,15,15
1775942628118,0.32067059924485897,0.04046840883803798,0.44743279006541425,0.9779297442879773,0.0,0.0,1,0.07210314835046029,0.0,0.001953125,0.08891206963088924,0.0,1.4336017439584797E-62,0.1269235660689304,15,15
1775942628516,0.3202620784151314,0.03549314249999667,1.350493416381381E-4,0.9781455902801099,0.0,0.0,1,0.07162870424133719,0.0,0.001953125,0.08891203854195548,0.0,1.1468813951667838E-62,0.12690742624618512,15,15
1775942628920,0.3186786329735563,0.011223917161691232,1.3956563811291935E-4,0.9783593714426874,0.0,0.0,1,0.07078980766023317,0.0,0.001953125,0.08891200691316284,0.0,9.175051161334271E-63,0.12689129052765413,15,15
1775942629321,0.3186786329735563,0.04046840883803798,1.0,0.9781719452305687,0.0,0.0,1,0.06918092647007013,0.6234413965087281,0.001953125,0.08871151434014435,0.0,7.340040929067417E-63,0.12687515891177215,13,15
1775942629767,0.3172546419890032,0.0,0.44583959564079223,0.9783201288517772,0.0,0.0,1,0.06864212899758017,0.0,0.001953125,0.08868252868033963,0.0,5.872032743253934E-63,0.12698614465488756,15,15
1775942630172,0.314958902403867,0.015873015873015876,0.44853250165656433,0.9784672174658686,0.0,0.0,1,0.06867109810740912,0.0,0.001953125,0.08865365977361295,0.0,4.6976261946031475E-63,0.12697000508388412,15,15
1775942630583,0.3176232795480106,0.04046840883803798,0.4513555924202502,0.9786131995917502,0.0,0.0,1,0.06965630676725929,0.0,0.001953125,0.08862487668461012,0.0,3.7581009556825183E-63,0.1269538696149447,15,15
1775942630989,0.3180666703610435,0.011223917161691232,0.45410441257605827,0.9787580935771916,0.0,0.0,1,0.06890133356267109,0.0,0.001953125,0.08859619349868156,0.0,3.0064807645460147E-63,0.12693773824650567,15,15
1775942631402,0.31720928569427687,0.022447834323382463,1.0,0.9785811687568641,0.0,0.0,1,0.06781943375853923,0.6053268765133172,0.001953125,0.08840114133317258,0.0,2.4051846116368118E-63,0.12692161097700416,13,15
1775942631837,0.3180666703610435,0.033671751485073696,0.4353128842155166,0.9787276215396508,0.0,0.0,1,0.06779088583379626,0.0,0.001953125,0.08837284707468188,0.0,1.9241476893094495E-63,0.1269054878048781,15,15
1775942632243,0.3186125220544215,0.022447834323382463,0.43810543841990524,0.9788729739465231,0.0,0.0,1,0.06855487670476122,0.0,0.001953125,0.08834465138837909,0.0,1.5393181514475597E-63,0.12688936872856593,15,15
1775942632652,0.31622092586320166,0.011223917161691232,0.44088880287353416,0.979017235072838,0.0,0.0,1,0.0723377214318305,0.0,0.001953125,0.0883165546526125,0.0,1.2314545211580478E-63,0.12687325374650749,15,15
1775942633056,0.31463748042162654,0.022447834323382463,0.44366499503291135,0.9791604136057029,0.0,0.0,1,0.0707005040717418,0.0,0.001953125,0.0882885565902961,0.0,9.851636169264383E-64,0.1268571428571429,15,15
1775942633462,0.31305403498005147,0.025097441747368093,1.0,0.9791468947767153,0.0,0.0,1,0.06907299952185349,0.30788177339901474,0.001953125,0.08817928209596586,0.0,7.881308935411507E-64,0.12684103605891317,15,15
1775942633877,0.3149967673342322,0.5173970162859246,0.0,0.9793511063069761,0.0,0.0,1,0.06833280544379405,0.0,0.001953125,0.08817928209596586,0.0,6.305047148329206E-64,0.12682493335026024,15,15
1775942634274,0.3158541520009988,0.5222439325829239,0.4460948816415578,0.9794919753392829,0.0,0.0,1,0.0675897102593498,0.0,0.001953125,0.08815157369377094,0.0,5.044037718663365E-64,0.12680883472962678,15,15
1775942634672,0.3148997794778933,0.025097441747368093,0.4487866694518469,0.9796317971686773,0.0,0.0,1,0.06653750349227812,0.0,0.001953125,0.08812397768338064,0.0,4.0352301749306924E-64,0.12679274019545628,15,15
1775942635080,0.312604039892757,0.011223917161691232,0.45161415111303954,0.9797705604806959,0.0,0.0,1,0.06603214621590495,0.0,0.001953125,0.0880964634741231,0.0,3.2281841399445544E-64,0.12677664974619285,15,15
1775942635487,0.3135584124158625,0.015873015873015876,1.0,0.9797558957539285,0.0,0.0,1,0.06581665697138796,0.30712530712530717,0.001953125,0.08798895208762143,0.0,2.5825473119556436E-64,0.12676056338028174,15,15
1775942635909,0.3145960061640597,0.03174603174603175,0.4446760823325214,0.9798943605485515,0.0,0.0,1,0.06690232741582726,0.0,0.001953125,0.08796173763606888,0.0,2.066037849564515E-64,0.12674448109616854,15,15
1775942636313,0.3108215686532424,0.033671751485073696,0.4475126616010565,0.9800317741044171,0.0,0.0,1,0.07285709751862818,0.0,0.001953125,0.08793460474533629,0.0,1.6528302796516123E-64,0.12672840289229992,15,15
1775942636713,0.3108215686532424,0.022447834323382463,0.45027053083039936,0.9801681543827572,0.0,0.0,1,0.07111702863804807,0.0,0.001953125,0.08790756781515123,0.0,1.32226422372129E-64,0.12671232876712324,15,15
1775942637118,0.308579938706665,0.022447834323382463,0.45302025341511076,0.980303509641574,0.0,0.0,1,0.06956041935980749,0.0,0.001953125,0.08788062657125979,0.0,1.057811378977032E-64,0.12669625871908685,15,15
1775942637513,0.309125790400043,0.025097441747368093,1.0,0.9801420895140571,0.0,0.0,1,0.07433606618476292,0.6329113924050632,0.001953125,0.08769718903726295,0.0,8.462491031816257E-65,0.12668019274663966,13,15
1775942637946,0.3106600019244962,0.03549314249999667,0.4342242985690663,0.9802788443474478,0.0,0.0,1,0.07712517561289166,0.0,0.001953125,0.08767061819607523,0.0,6.769992825453006E-65,0.12666413084823125,15,15
1775942638344,0.31224344736607135,0.022447834323382463,1.3272192910090757E-4,0.9804721738134009,0.0,0.0,1,0.07719199673294817,0.0,0.001953125,0.08767059049426004,0.0,5.4159942603624055E-65,0.1266480730223124,15,15
1775942638599,0.3120177947618529,0.1257730309356172,1.0,0.9802105246961044,0.0,0.0,1,0.0647468961652199,0.0,0.001953125,0.08746137398453419,0.0,4.332795408289925E-65,0.12659830358273194,15,15
1775942638865,0.3146812892306607,0.019306027413206604,1.0,0.9797968788666171,0.0,0.09999999999999998,0,0.06556894793333973,0.9398496240601504,0.001953125,0.08715782489859251,0.0,3.46623632663194E-65,0.126691111392085,14,15
1775942639119,0.3119309642095595,0.025939500455815338,1.0,1.3065136820253263,1.0,0.0,0,0.06259636028861951,0.0,0.001953125,0.12870115457122971,0.38867465638540744,0.07773493127708149,0.12676767676767675,15,15
1775942639513,0.3124552896121351,0.022447834323382463,0.2564137051616421,1.3008462252385147,0.0,0.0,1,0.062433005481414366,0.0,0.001953125,0.1286578301721033,0.0,0.06218794502166519,0.12675167276858978,15,15
1775942639909,0.3112996046555411,0.025097441747368093,0.2589911618101271,1.2952826104212494,0.0,0.0,1,0.06318987466525841,0.0,0.001953125,0.12861402045007367,0.0,0.04975035601733216,0.1267356728098965,15,15
1775942640308,0.3147510291972714,0.5371087084345597,0.0033052198134204715,1.2914483841534747,0.0,0.0,1,0.06381177396293472,0.0,0.001953125,0.12860490949588058,0.0,0.03980028481386573,0.1267196768900669,15,15
1775942640713,0.31592194950252966,0.5335789306022735,0.2800518509634545,1.285969746139798,0.0,0.0,1,0.06457103284031224,0.30864197530864196,0.001953125,0.12852447006289516,0.0,0.031840227851092584,0.1267036850075719,15,15
1775942641127,0.31736121640385484,0.03549314249999667,0.2694252413615223,1.280671495464495,0.0,1.0,1,0.06425659093072476,0.0,0.001953125,0.12847966853907658,0.0,0.02547218228087407,0.12668769716088324,15,15
1775942641528,0.31989889680255756,0.03174603174603175,0.2720606125935734,1.275468410608696,0.0,0.0,1,0.06409200553966768,0.0,0.001953125,0.12843440077091367,0.0,0.020377745824699256,0.12667171334847338,15,15
1775942641927,0.3246721794211568,0.04046840883803798,1.8870676391074666E-6,1.2719645218184776,0.0,0.0,1,0.06397473635165317,0.0,0.001953125,0.1284343873107559,0.0,0.016302196659759405,0.12665573356881543,15,15
1775942642337,0.32563774656719435,0.03174603174603175,0.2802820524954653,1.2669126555040806,0.0,0.0,1,0.06536517941218428,0.0,0.001953125,0.1283886555135196,0.0,0.013041757327807525,0.1266397578203835,15,15
1775942642733,0.32563774656719435,0.022447834323382463,0.5751588666740912,1.2602894568997725,0.0,0.0,1,0.0647231820709546,0.31565656565656564,0.001953125,0.12826005074903435,0.0,0.010433405862246021,0.12662378610165215,14,15
1775942643141,0.32941218407801176,0.4779069592801459,0.0,1.257017555737276,0.0,0.0,1,0.06494469100918321,0.0,0.001953125,0.12826005074903435,0.0,0.008346724689796817,0.12660781841109714,15,15
1775942643544,0.3303316866178119,0.4711372088779629,0.2883036119283734,1.2522290364295339,0.0,0.0,1,0.07018716430786882,0.0,0.001953125,0.12821290760627058,0.0,0.006677379751837454,0.1265918547471946,15,15
1775942643938,0.3283745903298146,0.03174603174603175,0.29101278459203406,1.2475241035868172,0.0,0.0,1,0.07307106674302417,0.0,0.001953125,0.12816531238761716,0.0,0.005341903801469964,0.1265758951084216,15,15
1775942644335,0.3260788507446784,0.04046840883803798,1.1584555139996394E-6,1.2444437825100887,0.0,0.0,1,0.07686006913699847,0.0,0.001953125,0.12816530440103152,0.0,0.004273523041175971,0.12655993949325606,15,15
1775942644732,0.32575583777559125,0.04046840883803798,0.29968987409155223,1.2398700500858884,0.0,0.0,1,0.07461403750681843,0.0,0.001953125,0.1281172605227313,0.0,0.003418818432940777,0.1265439879001764,15,15
1775942645134,0.3251132835986409,0.03549314249999667,1.0,1.2307044177748734,0.0,0.0,0,0.07398708850252121,0.6218905472636815,0.001953125,0.12785894674098383,0.0,0.002735054746352622,0.1265280403276623,13,15
1775942645565,0.3298232608731963,0.48730417247646834,0.0,1.2278716472857243,0.0,0.0,1,0.07372040279005558,0.0,0.001953125,0.12785894674098383,0.0,0.0021880437970820976,0.1265120967741935,15,15
1775942645971,0.32857617209321116,0.48730417247646834,0.3012265892880309,1.223589022454261,0.0,0.0,1,0.07193264166533192,0.0,0.001953125,0.12780863925215086,0.0,0.0017504350376656781,0.12649615723825125,15,15
1775942646373,0.3308719116783474,0.025097441747368093,0.3039778945456198,1.2193789793378729,0.0,0.0,1,0.070740614573329,0.0,0.001953125,0.12775790075217477,0.0,0.0014003480301325426,0.12648022171831697,15,15
1775942646771,0.3314177633717254,0.03174603174603175,1.2040163230205175E-6,1.2167097520599504,0.0,0.0,1,0.0716956628673762,0.0,0.001953125,0.12775789299177495,0.0,0.001120278424106034,0.1264642902128732,15,15
1775942647178,0.3310947504026383,0.04046840883803798,0.635734576373723,1.2110798922787493,0.0,1.0,1,0.06990990087547612,0.30712530712530717,0.001953125,0.12762047984906053,0.0,8.962227392848273E-4,0.12644836272040305,15,15
1775942647593,0.3310947504026383,0.033671751485073696,2.68706939418016E-6,1.2085289024322081,0.0,0.0,1,0.07141370097537504,0.0,0.001953125,0.1276204635652889,0.0,7.169781914278619E-4,0.12643243923939051,15,15
1775942647998,0.3263847731280829,0.03549314249999667,0.318474354106178,1.2045679025816367,0.0,0.0,1,0.07204846836498287,0.0,0.001953125,0.1275684148977572,0.0,5.735825531422896E-4,0.12641651976832036,15,15
1775942648404,0.3263847731280829,0.0,1.0,1.515422891407781,1.0,0.0,1,0.07235040129906335,0.0,0.001953125,0.1292215628422284,0.26499779031451853,0.05345842410541755,0.12652650132191867,15,15
1775942648811,0.32858623443117346,0.04046840883803798,0.5773649696866602,1.5015808647931765,0.0,0.0,1,0.07399345594926705,0.6142506142506143,0.001953125,0.12924085402431404,0.0,0.04276673928433404,0.12651057401812693,13,15
1775942649250,0.32706306392081597,0.04046840883803798,0.28405392717044925,1.4911570676586148,0.0,0.0,1,0.07205259382019387,0.0,0.001953125,0.12927739987375977,0.0,0.03421339142746723,0.12649465072372557,15,15
1775942649665,0.32664663562474483,0.0,0.2867477200905007,1.4809677070682066,0.0,0.0,1,0.07098910917615049,0.0,0.001953125,0.12931318527314026,0.0,0.027370713141973785,0.12660458092121818,15,15
1775942650068,0.330977679435555,0.4889816444682338,0.8654973387223664,1.4651861282010392,0.0,0.0,1,0.07150770092608666,0.6203473945409429,0.001953125,0.12936786004003956,0.0,0.02189657051357903,0.12658864980495788,13,15
1775942650494,0.3306739061217215,0.4845821435705952,5.250461648170248E-7,1.458401821405279,0.0,0.0,1,0.07215470593025167,0.0,0.001953125,0.12936785409866544,0.0,0.017517256410863224,0.12657272269753395,15,15
1775942650897,0.3311762822947502,0.011223917161691232,0.29173543317535244,1.4489416724776611,0.0,0.0,1,0.07560021378942225,0.0,0.001953125,0.12940053634556833,0.0,0.01401380512869058,0.1265567995974336,15,15
1775942651297,0.3326994528051077,0.011223917161691232,0.2944564296046597,1.4396866894936085,0.0,0.0,1,0.07501853122856365,0.0,0.001953125,0.12943246371554287,0.0,0.011211044102952464,0.1265408805031446,15,15
1775942651695,0.3326994528051077,0.022447834323382463,0.29718645740415145,1.4306308073159846,0.0,0.0,1,0.07368713916143386,0.0,0.001953125,0.1294636377489988,0.0,0.008968835282361972,0.1265249654131556,15,15
1775942652104,0.335707486533805,0.5374604112170481,0.30678313343111774,1.421705428309271,0.0,0.0,1,0.07217133308156864,0.3056234718826406,0.001953125,0.12946699164860337,0.0,0.007175068225889578,0.12650905432595572,15,15
1775942652515,0.33718618445948617,0.5639948572838054,1.2223124663467777E-6,1.4157351676422936,0.0,0.0,1,0.07065733664174867,0.0,0.001953125,0.12946697919795422,0.0,0.005740054580711662,0.12649314724003524,15,15
1775942652918,0.33718618445948617,0.015873015873015876,0.3087690662084441,1.4071812961656656,0.0,0.0,1,0.06941910451439215,0.0,0.001953125,0.1294966096624854,0.0,0.00459204366456933,0.12647724415388484,15,15
1775942653318,0.33774279075947905,0.025097441747368093,1.277126348388504E-6,1.401474724908664,0.0,1.0,1,0.06881529054932525,0.0,0.001953125,0.12949659700574986,0.0,0.003673634931655464,0.12646134506599627,15,15
1775942653720,0.336705197011282,0.015873015873015876,1.2923118455967487E-6,1.3958706291078726,0.0,0.0,1,0.06847190346783005,0.0,0.001953125,0.1294965844645272,0.0,0.0029389079453243715,0.12644544997486173,15,15
1775942654123,0.336705197011282,0.015873015873015876,0.3316431298375707,1.3876586096868166,0.0,0.0,1,0.06803154973278175,0.31017369727047145,0.001953125,0.12949873411817525,0.0,0.0023511263562594974,0.12642955887897445,15,15
1775942654547,0.3370841304750271,0.022447834323382463,0.3270658151371791,1.3796754808977603,0.0,0.0,1,0.06722462678669852,0.0,0.001953125,0.12952682737779422,0.0,0.0018809010850075981,0.12641367177682838,15,15
1775942654951,0.33466989278560794,0.033671751485073696,0.32988106467218087,1.3718552051213075,0.0,0.0,1,0.08023768866213846,0.0,0.001953125,0.1295541736382553,0.0,0.0015047208680060787,0.12639778866691798,15,15
1775942655358,0.336371836331466,0.011223917161691232,0.332701626730712,1.3641933213461819,0.0,0.0,1,0.07766788184299435,0.0,0.001953125,0.12958077457882328,0.0,0.001203776694404863,0.12638190954773865,15,15
1775942655765,0.33667560964529963,0.025097441747368093,1.3291801383715432E-6,1.3592430224582104,0.0,0.0,1,0.07624260010417146,0.0,0.001953125,0.1295807625302367,0.0,9.630213555238904E-4,0.1263660344177867,15,15
1775942656172,0.3357400698815614,0.03549314249999667,0.6859611960088171,1.3492351142074728,0.0,0.0,1,0.0739413894359702,0.30712530712530717,0.001953125,0.12960524242471352,0.0,7.704170844191123E-4,0.12635016327555892,15,15
1775942656586,0.33603305546834916,0.033671751485073696,0.3410936198520215,1.3420248419786034,0.0,0.0,1,0.07287439480295797,0.0,0.001953125,0.12962957699034017,0.0,6.163336675352899E-4,0.12633429611955294,15,15
1775942656998,0.33402733860865746,0.033671751485073696,0.34393229222084315,1.3349566207090846,0.0,0.0,1,0.07150185149795311,0.0,0.001953125,0.1296531717562775,0.0,4.930669340282319E-4,0.12631843294826717,15,15
1775942657401,0.33402733860865746,0.04046840883803798,0.7023902530749011,1.3254541306773822,0.0,0.0,1,0.0699524644698711,0.6203473945409429,0.001953125,0.12964610249708586,0.0,3.9445354722258556E-4,0.12630257376020093,13,15
1775942657828,0.3349628783723956,0.03549314249999667,0.34541030079488555,1.3187133463657321,0.0,1.0,1,0.08217628797329371,0.0,0.001953125,0.12966741135487886,0.0,3.1556283777806846E-4,0.12628671855385387,15,15
1775942658237,0.3365979960809531,0.025097441747368093,0.3482537893257479,1.3121024556764178,0.0,0.0,1,0.07936084588750676,0.0,0.001953125,0.12968799343587137,0.0,2.524502702224548E-4,0.12627086732772685,15,15
1775942658643,0.3365979960809531,0.5019488349473619,0.0,1.3080200774069994,0.0,0.0,1,0.0793689135902955,0.0,0.001953125,0.12968799343587137,0.0,2.0196021617796385E-4,0.1262550200803213,15,15
1775942659045,0.3361894752512255,0.5321604639441336,1.4094154690317323E-6,1.3040034601651689,0.0,0.0,1,0.07760092009013632,0.0,0.001953125,0.1296879817420604,0.0,1.615681729423711E-4,0.1262391768101393,15,15
1775942659440,0.33714384777433104,0.04046840883803798,0.7318361175083223,1.295234780446717,0.0,0.0,1,0.07560631933050405,0.3164556962025316,0.001953125,0.12970139205292233,0.0,1.292545383538969E-4,0.12622333751568382,14,15
1775942659860,0.33714384777433104,0.033671751485073696,0.3638198989554992,1.289064999858408,0.0,0.0,1,0.07837120081949835,0.0,0.001953125,0.1297197401952292,0.0,1.0340363068311752E-4,0.1262075021954585,15,15
1775942660261,0.33691768802484395,0.0,0.3666796242967954,1.2830107966209614,0.0,0.0,1,0.07650771240047984,0.0,0.001953125,0.12973736160791033,0.0,8.272290454649402E-5,0.1263171098845961,15,15
1775942660660,0.33762998216840506,0.025097441747368093,1.0,1.2723599192646355,0.0,0.0,1,0.08072927752826699,0.6265664160401002,0.001953125,0.12973563831233825,0.0,6.617832363719522E-5,0.1263012667753669,13,15
1775942661098,0.34060646693899327,0.48210611265039494,0.0,1.2689039188157338,0.0,0.0,1,0.08041317364107367,0.0,0.001953125,0.12973563831233825,0.0,5.294265890975618E-5,0.12628542763982942,15,15
1775942661497,0.34036438855944884,0.4798798875501896,0.3706650243790203,1.2632267789687321,0.0,0.0,1,0.07825787075824639,0.0,0.001953125,0.12975030372976357,0.0,4.235412712780495E-5,0.12626959247648906,15,15
1775942661907,0.33949567463301134,0.015873015873015876,0.3735278397639673,1.2576533263210075,0.0,0.0,1,0.07594466789018163,0.0,0.001953125,0.1297642447573686,0.0,3.388330170224396E-5,0.12625376128385157,15,15
1775942662302,0.3367453496119102,0.033671751485073696,0.3763901884216538,1.2521811183810925,0.0,0.0,1,0.07435235056715134,0.0,0.001953125,0.12977746984550154,0.0,2.710664136179517E-5,0.12623793406042372,15,15
1775942662703,0.3381543075709807,0.04046840883803798,0.7591347706772007,1.244546154802621,0.0,0.0,1,0.07729959440851701,0.31172069825436405,0.001953125,0.12977707816357345,0.0,2.1685313089436138E-5,0.1262221108047129,15,15
1775942663127,0.3397377530125558,0.5572536406838717,0.0,1.2415100753970254,0.0,0.0,1,0.07905456024715855,0.0,0.001953125,0.12977707816357345,0.0,1.734825047154891E-5,0.12620629151522744,15,15
1775942663528,0.3380250217396517,0.5544206094150153,0.3849711803926387,1.2363279222098391,0.0,0.0,1,0.07928357488425979,0.0,0.001953125,0.12978813030078085,0.0,1.387860037723913E-5,0.1261904761904762,15,15
1775942663927,0.33477490963141,0.025097441747368093,0.38783098327932874,1.2312379569302594,0.0,0.0,1,0.07733683715791424,0.0,0.001953125,0.12979847962563856,0.0,1.1102880301791304E-5,0.12617466482896877,15,15
1775942664324,0.33152479752316827,0.022447834323382463,6.907154054568156E-7,1.2283974180379935,0.0,0.0,1,0.08009588737157196,0.0,0.001953125,0.1297984743943965,0.0,8.882304241433044E-6,0.12615885742921573,15,15
1775942664728,0.3328661645851989,0.050194883494736185,0.40734064146703114,1.2233960556284589,0.0,0.0,1,0.08077967183394377,0.3094059405940594,0.001953125,0.12978368923944741,0.0,7.105843393146436E-6,0.12614305398972814,15,15
1775942665139,0.33750931602245376,0.5823471850109251,0.0,1.2206691151211455,0.0,0.0,1,0.07923295989245939,0.0,0.001953125,0.12978368923944741,0.0,5.684674714517149E-6,0.12612725450901807,15,15
1775942665542,0.34021357643731753,0.5724197752462528,0.40950680346757495,1.215846955584334,0.0,0.0,1,0.07855164674180225,0.0,0.001953125,0.12979258581475595,0.0,4.5477397716137195E-6,0.12611145898559795,15,15
1775942665941,0.3378661645851989,0.025097441747368093,0.41234590253089815,1.2111088876831326,0.0,0.0,1,0.09649695582376498,0.0,0.001953125,0.12980077937185835,0.0,3.6381918172909757E-6,0.1260956674179815,15,15
1775942666339,0.3378661645851989,0.033671751485073696,0.41518094122703153,1.2064530585374862,0.0,0.0,1,0.09325291148746201,0.0,0.001953125,0.12980827191832076,0.0,2.910553453832781E-6,0.1260798798046826,15,15
1775942666739,0.33679598748924533,0.022447834323382463,0.8360628936386926,1.1997520911864676,0.0,0.0,1,0.0899811726817815,0.3125,0.001953125,0.12979697152510059,0.0,2.328442763066225E-6,0.12606409614421632,15,15
1775942667160,0.33890375833339603,0.011223917161691232,0.41524877067691646,1.1952953256701717,0.0,0.0,1,0.09614885459027779,0.0,0.001953125,0.12980234474939006,0.0,1.8627542104529802E-6,0.12604831643509828,15,15
1775942667566,0.34086085462139337,0.537928990566049,0.0,1.192965506431683,0.0,0.0,1,0.09184983786463977,0.0,0.001953125,0.12980234474939006,0.0,1.4902033683623843E-6,0.1260325406758448,15,15
1775942667965,0.34279974564378446,0.5723097262641254,1.7028479773661515E-6,1.1906679066424013,0.0,0.0,1,0.08724936610994549,0.0,0.001953125,0.12980233358010573,0.0,1.1921626946899075E-6,0.12601676886497315,15,15
1775942668373,0.3434422998207348,0.03174603174603175,0.4351687919593406,1.186358934975686,0.0,0.0,1,0.09481020961754794,0.0,0.001953125,0.12980700794832215,0.0,9.53730155751926E-7,0.12600100100100098,15,15
1775942668767,0.3421009327587042,0.025097441747368093,0.8756081769003292,1.1800589805766244,0.0,0.0,1,0.09039484035180889,0.31725888324873097,0.001953125,0.12979034896175257,0.0,7.629841246015409E-7,0.12598523708244713,14,15
1775942669190,0.3455523573004344,0.033671751485073696,0.43471862327486704,1.1759324443140915,0.0,0.0,1,0.08663305464051224,0.0,0.001953125,0.1297929319869338,0.0,6.103872996812328E-7,0.1259694771078309,15,15
1775942669583,0.3455523573004344,0.011223917161691232,0.4375107848263115,1.1718750861799085,0.0,0.0,1,0.08384939753952236,0.0,0.001953125,0.12979482766448416,0.0,4.883098397449863E-7,0.12595372107567226,15,15
1775942669982,0.3441593179714213,0.015873015873015876,0.440296669031625,1.1678854736502802,0.0,0.0,1,0.08144970414111513,0.0,0.001953125,0.12979603500538772,0.0,3.906478717959891E-7,0.12593796898449228,15,15
1775942670379,0.3441593179714213,0.0,0.4430744973944969,1.1639622199941437,0.0,0.0,1,0.07845984017671306,0.0,0.001953125,0.12979656198168826,0.0,3.125182974367913E-7,0.12604726772539698,15,15
1775942670787,0.3457861013673677,0.022447834323382463,1.0,1.1561408463947522,0.0,0.0,0,0.07634275696598113,0.6127450980392157,0.001953125,0.1297468977490932,0.0,2.50014637949433E-7,0.12603150787696926,13,15
1775942671217,0.348357906640018,0.5000629841912179,0.0,1.1543384398554912,0.0,0.0,1,0.07742896633239493,0.0,0.001953125,0.1297468977490932,0.0,2.0001171035954644E-7,0.12601575196899617,15,15
1775942671610,0.3502003355579181,0.5129956384505496,1.7868070674787844E-6,1.1525595770544752,0.0,0.0,1,0.07952729425892112,0.0,0.001953125,0.1297468868504747,0.0,1.6000936828763717E-7,0.126,15,15
1775942672020,0.35122102420933465,0.015873015873015876,0.45417559789057643,1.1488886975366426,0.0,0.0,1,0.07709055676675927,0.0,0.001953125,0.12974464980551337,0.0,1.2800749463010975E-7,0.12598425196850394,15,15
1775942672419,0.3504424139374626,0.04046840883803798,0.4569133225283286,1.1452777601698803,0.0,0.0,1,0.08068013261221887,0.0,0.001953125,0.1297417437323451,0.0,1.024059957040878E-7,0.1259685078730317,15,15
1775942672824,0.3504424139374626,0.015873015873015876,0.9185074533327036,1.1398026352554589,0.0,0.0,1,0.07857181610671159,0.30864197530864196,0.001953125,0.12971077926017033,0.0,8.192479656327025E-8,0.12595276771210795,15,15
1775942673233,0.35238130495985365,0.050194883494736185,0.45584907613764075,1.1363419272154105,0.0,0.0,1,0.08137325589027583,0.0,0.001953125,0.12970584734288346,0.0,6.553983725061621E-8,0.12593703148425783,15,15
1775942673633,0.35345148205580723,0.011223917161691232,1.832320935665803E-6,1.1347947064752828,0.0,0.0,1,0.08485070990390171,0.0,0.001953125,0.12970583665785895,0.0,5.243186980049297E-8,0.12592129918800754,15,15
1775942674034,0.3518163643472497,0.03549314249999667,0.4678526959432955,1.1314119168113308,0.0,0.0,1,0.08163189681016007,0.0,0.001953125,0.12970024457460066,0.0,4.194549584039438E-8,0.12590557082188358,15,15
1775942674451,0.35259497461912176,0.015873015873015876,0.47054237608278804,1.1280834584871446,0.0,0.0,1,0.08264208134656635,0.0,0.001953125,0.12969400049159585,0.0,3.35563966723155E-8,0.12588984638441358,15,15
1775942674852,0.3528370529986662,0.03174603174603175,0.48358389516822187,1.1247677829859437,0.0,0.0,1,0.08334873935627966,0.31172069825436405,0.001953125,0.12966417929867657,0.0,2.6845117337852403E-8,0.12587412587412583,15,15
1775942675265,0.3515125910334162,0.011223917161691232,0.47579555074180435,1.1215453878943409,0.0,1.0,1,0.08086407107633617,0.0,0.001953125,0.12965659031136953,0.0,2.1476093870281924E-8,0.12585840928954928,15,15
1775942675674,0.3515125910334162,0.0,0.47845550509408696,1.1183742720464487,0.0,0.0,1,0.08090306691149468,0.0,0.001953125,0.12964835057486956,0.0,1.718087509622554E-8,0.12596754057428217,15,15
1775942676076,0.35205844272679415,0.04046840883803798,0.9710523427280401,1.1133855860426827,0.0,0.0,1,0.08116559274197861,0.6218905472636815,0.001953125,0.12958496308361778,0.0,1.3744700076980432E-8,0.12595181625265262,13,15
1775942676507,0.35205844272679415,0.03549314249999667,0.4766300518156122,1.110345902350836,0.0,0.0,1,0.0860559487018694,0.0,0.001953125,0.12957472552770385,0.0,1.0995760061584347E-8,0.12593609585621568,15,15
1775942676906,0.3525634256610127,0.033671751485073696,0.47928658894278436,1.1073540960124189,0.0,0.0,1,0.08351746861466411,0.0,0.001953125,0.1295638471693489,0.0,8.796608049267478E-9,0.12592037938350176,15,15
1775942677320,0.3529271566532316,0.03549314249999667,0.48193226186195237,1.1044092874761195,0.0,0.0,1,0.08121960505454945,0.0,0.001953125,0.1295523299323946,0.0,7.037286439413982E-9,0.12590466683304213,15,15
1775942677725,0.3512920389446741,0.011223917161691232,0.4845667182212148,1.1015106188222363,0.0,0.0,1,0.07906739440814756,0.0,0.001953125,0.1295401765296303,0.0,5.6298291515311865E-9,0.12588895820336865,15,15
1775942678140,0.35074618725129614,0.04046840883803798,0.9830060241572888,1.0968546674936608,0.0,0.0,1,0.07752044820770988,0.6024096385542169,0.001953125,0.12947009247750854,0.0,4.5038633212249495E-9,0.12587325349301393,13,15
1775942678570,0.349162741809721,0.011223917161691232,1.8574067965499358E-6,1.0957933221523166,0.0,0.0,1,0.07609221622454251,0.0,0.001953125,0.12947008262789628,0.0,3.6030906569799597E-9,0.12585755270051147,15,15
1775942678969,0.3488589684958875,0.025097441747368093,0.4922933793832927,1.0930287481103915,0.0,0.0,1,0.0755514289030857,0.0,0.001953125,0.1294559784916105,0.0,2.882472525583968E-9,0.1258418558243951,15,15
1775942679373,0.3491010468754319,0.04627739599083572,1.93651388963027E-6,1.092012843871543,0.0,0.0,1,0.07436969308840194,0.0,0.001953125,0.12945596846532542,0.0,2.3059780204671744E-9,0.12582616286319992,15,15
1775942679770,0.34940482018926544,0.015873015873015876,0.5048790094465346,1.0893047341266624,0.0,0.0,1,0.07780660845172926,0.0,0.001953125,0.129441237977541,0.0,1.8447824163737396E-9,0.1258104738154614,15,15
1775942680181,0.3485045573047188,0.011223917161691232,1.0,1.0849165051436382,0.0,1.0,1,0.07594947356435282,0.30413625304136255,0.001953125,0.12938838996891563,0.0,1.4758259330989918E-9,0.12579478867971572,15,15
1775942680602,0.3477028766434074,0.011223917161691232,0.5022657956012828,1.0823199241108892,0.0,0.0,1,0.07421105362810997,0.0,0.001953125,0.12937176839004996,0.0,1.1806607464791936E-9,0.12577910745450016,15,15
1775942681010,0.3429295940248082,0.0,0.5048049922679131,1.079763283365432,0.0,0.0,1,0.07314133948979487,0.0,0.001953125,0.1293545308971019,0.0,9.44528597183355E-10,0.1258880717935934,15,15
1775942681406,0.34110420776966655,0.0,1.0,1.0738868920182427,0.0,0.0,1,0.07175884991953754,0.6313131313131313,0.001953125,0.12925687291671592,0.0,7.556228777466839E-10,0.12599700897308075,13,15
1775942681840,0.3407404767774476,0.033671751485073696,0.49473564003812737,1.071462946335931,0.0,0.0,1,0.07431225764812614,0.0,0.001953125,0.1292371437525017,0.0,6.044983021973472E-10,0.1259813084112149,15,15
1775942682244,0.3437485105061449,0.5232079277412544,0.0026462643038388553,1.070689238356358,0.0,0.0,1,0.07852117432648138,0.0,0.001953125,0.12923194850959036,0.0,4.835986417578778E-10,0.12596561176177423,15,15
1775942682647,0.33951003856682804,0.5232079277412544,0.5073316999983409,1.0683122225026949,0.0,0.0,1,0.07772222864503554,0.0,0.001953125,0.12921160987149208,0.0,3.868789134063023E-10,0.12594991902329633,15,15
1775942683057,0.3387628744399615,0.011223917161691232,1.0,1.0643010968029736,0.0,0.0,1,0.07788056754002874,0.6097560975609756,0.001953125,0.1291281580069884,0.0,3.0950313072504185E-10,0.12593423019431993,13,15
1775942683492,0.3405882606951032,0.025097441747368093,0.5045307833056832,1.0620226144904323,0.0,0.0,1,0.0755789668180378,0.0,0.001953125,0.12910597480341474,0.0,2.4760250458003347E-10,0.12591854527338397,15,15
1775942683904,0.33792388355095954,0.015873015873015876,0.5070583446754067,1.0597786585104108,0.0,0.0,1,0.07489420492646018,0.0,0.001953125,0.12908319947275848,0.0,1.9808200366402679E-10,0.12590286425902864,15,15
1775942684329,0.3376818051714151,0.04046840883803798,1.975751196007573E-6,1.0591454981952182,0.0,0.0,1,0.07518672840687919,0.0,0.001953125,0.129083189966762,0.0,1.5846560293122143E-10,0.12588718714979452,15,15
1775942684749,0.33829753439738175,0.044895668646764926,0.5198628926955534,1.0569434974253895,0.0,0.0,1,0.07378271012769237,0.0,0.001953125,0.12905983020011552,0.0,1.2677248234497714E-10,0.12587151394422313,15,15
1775942685155,0.3410017948122455,0.03549314249999667,1.0,1.053183034908962,0.0,0.0,1,0.07346906716181997,0.30788177339901474,0.001708984375,0.12899122717858613,0.0,1.0141798587598171E-10,0.12585584464085642,15,15
1775942685588,0.340036227666208,0.025097441747368093,0.5167155504727268,1.0510723434350702,0.0,0.0,1,0.07130314111717209,0.0,0.001708984375,0.12896608507216914,0.0,8.113438870078538E-11,0.12584017923823754,15,15
1775942685998,0.3410017948122455,0.03549314249999667,0.519177041843419,1.048993421031399,0.0,0.0,1,0.06968600368506456,0.0,0.001708984375,0.12894036415278023,0.0,6.490751096062831E-11,0.12582451773490977,15,15
1775942686395,0.3373780318575815,0.0,0.5216244143618471,1.0469457535913198,0.0,1.0,1,0.06791060207372838,0.0,0.001708984375,0.1289140673999829,0.0,5.1926008768502654E-11,0.12593330014932802,15,15
1775942686800,0.3417090756683917,0.015873015873015876,1.0,1.0418377053839913,0.0,0.0,0,0.06691118353124084,0.6172839506172839,0.001708984375,0.12879219641993792,0.0,4.1540807014802126E-11,0.12591763095682473,13,15
1775942687227,0.33808531271372777,0.04627739599083572,1.935019084811904E-6,1.041401989988897,0.0,0.0,1,0.0670770414739226,0.0,0.001708984375,0.12879218743450704,0.0,3.3232645611841704E-11,0.1259019656631003,15,15
1775942687642,0.3360500084880537,0.011223917161691232,0.5208616641556018,1.039469225159681,0.0,1.0,1,0.06657444547623889,0.0,0.001708984375,0.12876356632772717,0.0,2.6586116489473364E-11,0.1258863042666999,15,15
1775942688044,0.3369695110278539,0.03549314249999667,2.011318398271206E-6,1.039059099874264,0.0,0.0,1,0.06582613167851405,0.0,0.001708984375,0.12876355721406593,0.0,2.1268893191578693E-11,0.1258706467661691,15,15
1775942688451,0.3361762822947501,0.03549314249999667,0.5338647761641299,1.0371602532638482,0.0,0.0,1,0.07164916289216804,0.0,0.001708984375,0.1287343741959065,0.0,1.7015114553262955E-11,0.12585499316005477,15,15
1775942688857,0.34094956491334943,0.48730417247646834,1.0,1.033752003055839,0.0,0.0,1,0.07209766055427536,0.6157635467980295,0.001708984375,0.1286358583360153,0.0,1.3612091642610365E-11,0.12583934344690373,13,15
1775942689277,0.3456595421879048,0.5010696545290348,1.9829672504296125E-6,1.0334031923820424,0.0,0.0,1,0.07101876862693468,0.0,0.001708984375,0.12863584958949423,0.0,1.0889673314088292E-11,0.12582369762526424,15,15
1775942689681,0.3436538253282132,0.04627739599083572,0.5407804306243883,1.0315886289688463,0.0,1.0,1,0.08120936600870692,0.0,0.001708984375,0.1286049502874298,0.0,8.711738651270634E-12,0.1258080556936847,15,15
1775942690083,0.34386660171454175,0.033671751485073696,0.5430938356488175,1.0298011393137907,0.0,0.0,1,0.07937624369746432,0.0,0.001708984375,0.12857350057304776,0.0,6.9693909210165076E-12,0.1257924176507147,15,15
1775942690483,0.3448859901971326,0.03549314249999667,0.5453918852499052,1.0280403048752493,0.0,0.0,1,0.07672614690585601,0.0,0.001708984375,0.128541502796151,0.0,5.5755127368132065E-12,0.1257767834949043,15,15
1775942690884,0.3438483964489356,0.025097441747368093,1.0,1.0248374468736983,0.0,0.0,1,0.07510369555645016,0.31172069825436405,0.001708984375,0.12845698945762166,0.0,4.460410189450566E-12,0.1257611532248043,15,15
1775942691301,0.3409426728645557,0.011223917161691232,0.5412690631580614,1.0231512580699602,0.0,0.0,1,0.07662714076155114,0.0,0.001708984375,0.12842334267948713,0.0,3.568328151560453E-12,0.12574552683896623,15,15
1775942691701,0.3425070293869049,0.015873015873015876,0.5435792683409849,1.021490175696684,0.0,0.0,1,0.07583413606743063,0.0,0.001708984375,0.12838915949022903,0.0,2.8546625212483624E-12,0.12572990433594233,15,15
1775942692110,0.34196117769352685,0.011223917161691232,0.5458728926573918,1.0198538229063245,0.0,0.0,1,0.07588519330379206,0.0,0.001708984375,0.12835444737374435,0.0,2.28373001699869E-12,0.12571428571428567,15,15
1775942692518,0.34196117769352685,0.015873015873015876,0.5481532282800285,1.0182418212548936,0.0,0.0,1,0.07395450149466612,0.0,0.001708984375,0.12831919970602693,0.0,1.826984013598952E-12,0.12569867097254994,15,15
1775942692915,0.3400040814055295,0.03549314249999667,0.5614649213185844,1.0166253410528217,0.0,0.0,1,0.07337398101440287,0.3148614609571788,0.001708984375,0.12826472450978602,0.0,1.4615872108791618E-12,0.12568306010928965,14,15
1775942693328,0.33905545410914706,0.011223917161691232,0.5525422439104,1.0150612519130198,0.0,1.0,1,0.07244843202039669,0.0,0.001708984375,0.12822840212846687,0.0,1.1692697687033295E-12,0.1256674531230597,15,15
1775942693725,0.338343159965586,0.04046840883803798,0.5547749957870629,1.0135204374272568,0.0,0.0,1,0.0704466959073192,0.0,0.001708984375,0.1281915575191119,0.0,9.354158149626636E-13,0.1256518500124162,15,15
1775942694136,0.3372729828696324,0.011223917161691232,0.5569917497411196,1.0120025528981282,0.0,1.0,1,0.06907987485388523,0.0,0.001708984375,0.12815419381282092,0.0,7.483326519701309E-13,0.12563625077591556,15,15
1775942694546,0.33594495950010467,0.033671751485073696,2.0852413034526446E-6,1.0118810855742402,0.0,0.0,1,0.06845060729237847,0.0,0.001708984375,0.12815418545321822,0.0,5.986661215761048E-13,0.1256206554121152,15,15
1775942694953,0.33359754764798594,0.03549314249999667,1.0,1.0089924769087484,0.0,0.0,1,0.07019702845873592,0.30712530712530717,0.001708984375,0.12805941525551146,0.0,4.789328972608838E-13,0.12560506391957305,15,15
1775942695371,0.33426164128578845,0.011223917161691232,0.5632922266994834,1.007541819440152,0.0,1.0,1,0.06867513083989123,0.0,0.001708984375,0.12802048999101343,0.0,3.8314631780870707E-13,0.1255894762968478,15,15
1775942695776,0.33723812605637665,0.015873015873015876,0.5654463077773376,1.0061127695344347,0.0,0.0,1,0.0683403374825491,0.0,0.001708984375,0.12798105730734002,0.0,3.065170542469657E-13,0.12557389254249907,15,15
1775942696187,0.33557145938971006,0.5322788138764195,0.0,1.0060512613097212,0.0,0.0,1,0.0680621559049313,0.0,0.001708984375,0.12798105730734002,0.0,2.4521364339757255E-13,0.12555831265508688,15,15
1775942696596,0.33557145938971006,0.5321604639441336,2.1492945600359596E-6,1.0059903706360656,0.0,1.0,1,0.06681698513731854,0.0,0.001708984375,0.12798104909725244,0.0,1.9617091471805804E-13,0.12554273663317206,15,15
1775942697004,0.33557145938971006,0.03549314249999667,1.0,1.0032172979817156,0.0,0.0,1,0.06704332787176806,0.30637254901960786,0.001708984375,0.12788239103033464,0.0,1.5693673177444643E-13,0.1255271644753163,15,15
1775942697420,0.3366172357362066,0.015873015873015876,0.5828055703766322,1.0018523241294446,0.0,0.0,1,0.07344105874871351,0.0,0.001708984375,0.12784143706260406,0.0,1.2554938541955716E-13,0.1255115961800819,15,15
1775942697827,0.33716090360713924,0.025097441747368093,0.5848064030634077,1.0005077178575148,0.0,0.0,1,0.07384786398341378,0.0,0.001708984375,0.12779998279524246,0.0,1.0043950833564574E-13,0.12549603174603174,15,15
1775942698224,0.3342551800227594,0.011223917161691232,0.5867893046908261,0.9991831906572701,0.0,0.0,1,0.07246047123466438,0.0,0.001708984375,0.12775803581478987,0.0,8.03516066685166E-14,0.12548047117172967,15,15
1775942698625,0.3342551800227594,0.011223917161691232,0.5887555016377696,0.9978784563647985,0.0,1.0,1,0.08180672526847488,0.0,0.001708984375,0.12771559906917415,0.0,6.428128533481327E-14,0.12546491445574015,15,15
1775942699026,0.3335684360614533,0.0,1.0,1.2461229435898924,1.0,1.0,1,0.09260308790636287,0.6234413965087281,0.001953125,0.16236509192247417,0.2678139994996779,0.053562799899987,0.12557332341638772,13,15
1775942699459,0.3329393631429837,0.03174603174603175,0.17943418983053608,1.2418088256487363,0.0,0.0,1,0.09151444000621993,0.0,0.001953125,0.16233567066988763,0.0,0.042850239919989604,0.1255577590480912,15,15
1775942699865,0.33489645943098106,0.015873015873015876,6.949550657033231E-7,1.2388132480965872,0.0,0.0,1,0.0886766376406542,0.0,0.001953125,0.16233566422101353,0.0,0.03428019193599168,0.12554219853761306,15,15
1775942700260,0.3371921990161173,0.03174603174603175,0.37330212758278103,1.2333479840432275,0.0,0.0,1,0.08702237197094366,0.0,0.001953125,0.16227827753524335,0.0,0.027424153548793347,0.12552664188351925,15,15
1775942700660,0.33946884968202756,0.022447834323382463,0.376164487774132,1.2279810225871919,0.0,0.0,1,0.08577153895033618,0.0,0.001953125,0.1622202114595402,0.0,0.02193932283903468,0.12551108908437614,15,15
1775942701055,0.3416703109851182,0.022447834323382463,0.38286916303557433,1.22268477843704,0.0,0.0,1,0.08361487384721869,0.3164556962025316,0.001953125,0.16214756875986955,0.0,0.017551458271227744,0.1254955401387512,14,15
1775942701474,0.34018114382558867,0.04046840883803798,0.3818597790196659,1.2175080327514702,0.0,0.0,1,0.0909142102852961,0.0,0.001953125,0.16208812536503836,0.0,0.014041166616982195,0.12547999504521246,15,15
1775942701871,0.34018114382558867,0.5485958621836653,0.0,1.2148655898818548,0.0,0.0,1,0.09090947998849955,0.0,0.001953125,0.16208812536503836,0.0,0.011232933293585757,0.1254644538023285,15,15
1775942702281,0.3391927839945135,0.5582700125418721,0.392511225609526,1.2098233953366129,0.0,0.0,1,0.08661060716801681,0.0,0.001953125,0.1620280085884569,0.0,0.008986346634868607,0.12544891640866873,15,15
1775942702686,0.3400662219280764,0.033671751485073696,0.19620159379367957,1.2060939149490484,0.0,0.0,1,0.0829537558929378,0.0,0.001953125,0.16199652865053818,0.0,0.007189077307894885,0.12543338286280337,15,15
1775942703098,0.3400662219280764,0.011223917161691232,0.6045985392209905,1.199963698326304,0.0,1.0,1,0.08066912120293614,0.3033980582524272,0.001953125,0.16189199365346899,0.0,0.0057512618463159085,0.12541785316330323,15,15
1775942703513,0.339824143548532,0.025097441747368093,0.4010092966124288,1.1951821116729224,0.0,0.0,1,0.08419489374384992,0.0,0.001953125,0.16182984849025314,0.0,0.004601009477052727,0.1254023273087398,15,15
1775942703920,0.3368161098198347,0.03549314249999667,0.4038590209829433,1.1904833792558502,0.0,0.0,1,0.08628984977156547,0.0,0.001953125,0.1617670347796571,0.0,0.003680807581642182,0.1253868052976853,15,15
1775942704328,0.3395664348409358,0.04627739599083572,7.436088076721932E-7,1.1882200011703934,0.0,0.0,1,0.08332440343130183,0.0,0.001953125,0.16176702875653048,0.0,0.0029446460653137457,0.12537128712871282,15,15
1775942704736,0.34281654694917757,0.060442643697332606,0.41493582377599364,1.1836377838499887,0.0,0.0,1,0.08700931863221652,0.0,0.001953125,0.1617035570637181,0.0,0.0023557168522509967,0.125355772800396,15,15
1775942705142,0.33839955526140975,0.04627739599083572,0.6295571365107091,1.1779356799790919,0.0,0.0,1,0.08521944742088668,0.30788177339901474,0.001953125,0.16159434871516853,0.0,0.0018845734818007975,0.12534026231130913,15,15
1775942705552,0.3416496673696515,0.4761904761904762,0.0,1.1758434229862025,0.0,0.0,1,0.08453715727133486,0.0,0.001953125,0.16159434871516853,0.0,0.0015076587854406381,0.1253247556600272,15,15
1775942705955,0.33715246648142466,0.48210611265039494,0.4262152859789208,1.1714707835113085,0.0,0.0,1,0.08169544517154079,0.0,0.001953125,0.16152919350518682,0.0,0.0012061270283525106,0.12530925284512617,15,15
1775942706355,0.3351171622557506,0.011223917161691232,0.42902586334083337,1.1671721881919228,0.0,1.0,1,0.08039379324173959,0.0,0.001953125,0.16146338300450408,0.0,9.649016226820086E-4,0.1252937538651825,15,15
1775942706760,0.3396143631439775,0.04046840883803798,3.464058099939158E-7,1.1652242436791125,0.0,0.0,1,0.07936758698003797,0.0,0.001953125,0.16146338028854615,0.0,7.719212981456069E-4,0.12527825871877318,15,15
1775942707169,0.33803091770240234,0.022447834323382463,0.8756610054728347,1.1587413641391393,0.0,0.0,1,0.07822129560371271,0.3056234718826406,0.001953125,0.16131628845290902,0.0,6.175370385164856E-4,0.12526276740447628,15,15
1775942707599,0.3385875240023952,0.03174603174603175,0.21765422602180695,1.1557907304200665,0.0,0.0,1,0.07621137282169688,0.0,0.001953125,0.1612816110344379,0.0,4.940296308131885E-4,0.12524727992087048,15,15
1775942708012,0.33592314685825175,0.033671751485073696,0.44313590804300473,1.1517534275082673,0.0,0.0,1,0.07562309884237059,0.0,0.001953125,0.16121350844508953,0.0,3.952237046505508E-4,0.1252317962665348,15,15
1775942708416,0.33150615517048393,0.0,0.445906169125554,1.147783195713755,0.0,1.0,1,0.07337537146828563,0.0,0.001953125,0.16114476072919875,0.0,3.1617896372044066E-4,0.12533992583436337,15,15
1775942708828,0.32930469386739336,0.0,1.0,1.1394451893675412,0.0,1.0,1,0.07166863927002104,0.6067961165048544,0.001953125,0.16090804341446233,0.0,2.5294317097635254E-4,0.1254480286738351,13,15
1775942709257,0.3307938610269228,0.03174603174603175,0.439129605693056,1.1356834033832448,0.0,0.0,1,0.07069893672967661,0.0,0.001953125,0.16083669353287428,0.0,2.0235453678108203E-4,0.12543252595155707,15,15
1775942709661,0.33246052769358947,0.5449093299610118,0.0,1.1341445460689623,0.0,0.0,1,0.07477431133902215,0.0,0.001953125,0.16083669353287428,0.0,1.6188362942486564E-4,0.12541702706042257,15,15
1775942710067,0.3279633268053626,0.5759302398897377,0.4508477296461878,1.1304666360295514,0.0,0.0,1,0.07767728566382533,0.0,0.001953125,0.16076471014968352,0.0,1.2950690353989253E-4,0.1254015319990116,15,15
1775942710492,0.3234661259171358,0.011223917161691232,0.453595802681893,1.1268485867555145,0.0,0.0,1,0.08028958129230838,0.0,0.001953125,0.16069209584553204,0.0,1.0360552283191403E-4,0.12538604076590487,15,15
1775942710900,0.3234661259171358,0.0,1.0,1.360646133118459,1.0,0.0,1,0.07786705554388422,0.30637254901960786,0.001953125,0.16030820145052752,0.263887669560806,0.052860418330426734,0.1254940711462451,15,15
1775942711321,0.3279633268053626,0.011223917161691232,0.35893631097061096,1.3524731768637548,0.0,0.0,1,0.0756392598704394,0.0,0.001953125,0.16030753286632773,0.0,0.04228833466434139,0.12547857231073234,15,15
1775942711724,0.3286756209489238,0.050194883494736185,0.8312890177040857,1.3401698971781404,0.0,0.0,1,0.07437249760719028,0.6203473945409429,0.001953125,0.16023190613231514,0.0,0.03383066773147311,0.12546307730303774,13,15
1775942712160,0.32417842006069686,0.04046840883803798,0.35887276969596765,1.3324183731695642,0.0,0.0,1,0.0726696778534339,0.0,0.001953125,0.16022881642565107,0.0,0.027064534185178492,0.12544758612174345,15,15
1775942712568,0.32551978712272756,0.025097441747368093,0.36172958333031996,1.3248219887241826,0.0,0.0,1,0.07479978896127817,0.0,0.001953125,0.16022497382758147,0.0,0.021651627348142796,0.12543209876543215,15,15
1775942712970,0.32822404753759143,0.537928990566049,0.0,1.3205325954973368,0.0,0.0,1,0.07350843609683788,0.0,0.001953125,0.16022497382758147,0.0,0.017321301878514238,0.12541661523268732,15,15
1775942713383,0.32822404753759143,0.5374604112170481,0.25577487682326894,1.314155153966458,0.0,0.0,1,0.072037634908711,0.0,0.001953125,0.1602708418678398,0.0,0.01385704150281139,0.1254011355220933,15,15
1775942713785,0.3267348803780619,0.0,0.6318484566872624,1.3047637929445512,0.0,0.0,1,0.07121934686145034,0.31094527363184077,0.001953125,0.1602993094429502,0.0,0.011085633202249113,0.1255090707145502,15,15
1775942714200,0.3267348803780619,0.47948595133311794,0.0,1.3007994146366215,0.0,0.0,1,0.07185736666874036,0.0,0.001953125,0.1602993094429502,0.0,0.008868506561799291,0.12549358341559724,15,15
1775942714602,0.3267348803780619,0.5010696545290348,0.7640234363212554,1.290712764910444,0.0,0.0,1,0.07102589216098419,0.6218905472636815,0.001953125,0.1602641386689793,0.0,0.0070948052494394336,0.12547809993830972,13,15
1775942715030,0.3312320812662887,0.504202545214876,0.0,1.2869713624154047,0.0,0.0,1,0.07603662528110944,0.0,0.001953125,0.1602641386689793,0.0,0.005675844199551547,0.12546262028127309,15,15
1775942715440,0.33448219337453045,0.5254903288014873,0.3892954533479744,1.2802550152858123,0.0,0.0,1,0.07500662207019124,0.0,0.001953125,0.1602559347076949,0.0,0.004540675359641238,0.12544714444307392,15,15
1775942715843,0.33375942999712105,0.033671751485073696,0.39215404823308164,1.2736666985810705,0.0,0.0,1,0.07362051152668772,0.0,0.001953125,0.160246978974931,0.0,0.0036325402877129907,0.1254316724222989,15,15
1775942716250,0.3352485971566505,0.04046840883803798,4.671333248413617E-7,1.2701905942047313,0.0,0.0,1,0.0726342652466346,0.0,0.001953125,0.16024697421771214,0.0,0.0029060322301703925,0.12541620421753608,15,15
1775942716651,0.3396655888444183,0.5672243931811314,0.4054540901189429,1.263770190878626,0.0,0.0,1,0.07240104354612781,0.31172069825436405,0.001953125,0.16022691562961386,0.0,0.002324825784136314,0.12540073982737365,15,15
1775942717077,0.34196132842955446,0.13468700594029479,0.0,1.260445499340813,0.0,0.0,1,0.07354706958859784,0.0,0.001953125,0.16022691562961386,0.0,0.0018598606273090513,0.12538527925040066,15,15
1775942717479,0.3432084172095396,0.48210611265039494,0.41404812552946996,1.2542217792952346,0.0,0.0,1,0.07825616263963847,0.0,0.001953125,0.16021643984733808,0.0,0.0014878885018472412,0.12536982248520712,15,15
1775942717883,0.3432084172095396,0.025097441747368093,0.28583580478951087,1.2490393773839625,0.0,0.0,1,0.07649421207094094,0.0,0.001953125,0.1602562891359341,0.0,0.001190310801477793,0.12535436953038337,15,15
1775942718292,0.34603895143109975,0.011223917161691232,0.42147159515752314,1.243025998341924,0.0,0.0,1,0.0761519055619422,0.0,0.001953125,0.1602444227614691,0.0,9.522486411822344E-4,0.12533892038452055,15,15
1775942718695,0.34603895143109975,0.022447834323382463,0.8419020953478538,1.2342306959319898,0.0,0.0,1,0.07425124956449204,0.31017369727047145,0.001953125,0.1602081674332092,0.0,7.617989129457876E-4,0.12532347504621077,15,15
1775942719115,0.34603895143109975,0.04046840883803798,4.968629873576147E-7,1.2313464895223238,0.0,0.0,1,0.07235039126561774,0.0,0.001953125,0.16020816275757957,0.0,6.094391303566301E-4,0.1253080335140463,15,15
1775942719512,0.34966271438576374,0.562205103124598,0.0,1.2285043762145238,0.0,0.0,1,0.07403706341469575,0.0,0.001953125,0.16020816275757957,0.0,4.875513042853041E-4,0.12529259578662066,15,15
1775942719916,0.35236697480062745,0.3593406800848181,0.0,1.2257035783916566,0.0,0.0,1,0.07612629820849671,0.0,0.001953125,0.16020816275757957,0.0,3.900410434282433E-4,0.1252771618625277,15,15
1775942720322,0.3495364405790673,0.49346957322888296,0.4475354913925796,1.2201084848873602,0.0,0.0,1,0.07403119006904595,0.0,0.001953125,0.16019402995972654,0.0,3.1203283474259466E-4,0.12526173174036215,15,15
1775942720718,0.34912791974933977,0.025097441747368093,0.8930222117146858,1.2117961607171417,0.0,0.0,1,0.07191719976320185,0.31565656565656564,0.001953125,0.1601533572215053,0.0,2.4962626779407573E-4,0.12524630541871917,14,15
1775942721139,0.35354491143710753,0.04046840883803798,0.44680614909176924,1.2064538927203514,0.0,0.0,1,0.0706379763601601,0.0,0.001953125,0.16013696662570265,0.0,1.9970101423526058E-4,0.125230882896195,15,15
1775942721544,0.35459068778360414,0.03174603174603175,0.44956613592955186,1.2012064815675076,0.0,0.0,1,0.07029999951920651,0.0,0.001953125,0.1601198308154541,0.0,1.5976081138820847E-4,0.1252154641713864,15,15
1775942721953,0.35459068778360414,0.015873015873015876,0.4523183655993931,1.1960517628949803,0.0,0.0,1,0.06951523324999744,0.0,0.001953125,0.16010194780611695,0.0,1.278086491105668E-4,0.12520004924289052,15,15
1775942722353,0.35459068778360414,0.033671751485073696,0.3115983845370176,1.191851758192855,0.0,0.0,1,0.06841549834624042,0.0,0.001953125,0.16013533445370395,0.0,1.0224691928845344E-4,0.1251846381093058,15,15
1775942722757,0.35459068778360414,0.033671751485073696,0.9117965060327617,1.184147350164735,0.0,0.0,1,0.06672480835212564,0.3094059405940594,0.001953125,0.16008596732367492,0.0,8.179753543076276E-5,0.1251692307692308,15,15
1775942723168,0.3501736960958364,0.033671751485073696,0.31181895648348557,1.1801453443966594,0.0,0.0,1,0.06638279793312252,0.0,0.001953125,0.16011737061905015,0.0,6.543802834461021E-5,0.1251538272212651,15,15
1775942723582,0.3501736960958364,0.0,1.0,1.1708807547722033,0.0,0.0,1,0.06707036941381382,0.6038647342995169,0.001953125,0.16008345100253724,0.0,5.235042267568817E-5,0.12526147409868338,13,15
1775942724009,0.3491279197493398,0.033671751485073696,0.452799856970836,1.1662588412495056,0.0,0.0,1,0.0661092654390756,0.0,0.001953125,0.16005991933747996,0.0,4.188033814055054E-5,0.12524606299212604,15,15
1775942724408,0.34820841720953954,0.015873015873015876,0.455541631124643,1.161715804167702,0.0,0.0,1,0.06776710359859356,0.0,0.001953125,0.1600356529170596,0.0,3.3504270512440434E-5,0.12523065567720504,15,15
1775942724813,0.35095874223064066,0.011223917161691232,0.4582750444443968,1.1572499515540868,0.0,0.0,1,0.06844445553993128,0.0,0.001953125,0.1600106500693967,0.0,2.6803416409952348E-5,0.1252152521525215,15,15
1775942725217,0.34929207556397407,0.48275893097604927,0.0,1.1554330231058068,0.0,0.0,1,0.06809508590962439,0.0,0.001953125,0.1600106500693967,0.0,2.1442733127961878E-5,0.12519985241667686,15,15
1775942725627,0.3506200989335018,0.48275893097604927,0.9323400032821838,1.1484982470888188,0.0,0.0,1,0.07024002367633617,0.3048780487804878,0.001953125,0.15994866651266268,0.0,1.7154186502369502E-5,0.12518445646827348,15,15
1775942726044,0.3460477086824554,0.011223917161691232,0.46630871834518034,1.1442549245322629,0.0,0.0,1,0.07238242883535893,0.0,0.001953125,0.15992144004072875,0.0,1.3723349201895602E-5,0.12516906430591412,15,15
1775942726448,0.3460477086824554,0.033671751485073696,0.3196477771589387,1.1408915000939706,0.0,0.0,1,0.07019323384728383,0.0,0.001953125,0.15994642200791778,0.0,1.0978679361516482E-5,0.1251536759282026,15,15
1775942726845,0.34573560105601064,0.033671751485073696,0.473855171810013,1.136774149677283,0.0,0.0,1,0.0695412993714252,0.0,0.001953125,0.15991784540877543,0.0,8.782943489213185E-6,0.1251382913337431,15,15
1775942727255,0.3483074063286609,0.011223917161691232,1.0,1.1277394711327051,0.0,0.0,0,0.07465682699787957,0.6097560975609756,0.001953125,0.15980847580611396,0.0,7.026354791370548E-6,0.12512291052114066,13,15
1775942727688,0.34830740632866086,0.025097441747368093,2.3023642700331916E-7,1.1263007291094165,0.0,0.0,1,0.07481594484614672,0.0,0.001953125,0.15980847389022992,0.0,5.621083833096439E-6,0.12510753348900083,15,15
1775942728099,0.349890851770236,0.056119585808456156,0.47507994988548996,1.1224266671169114,0.0,0.0,1,0.07401838272193333,0.0,0.001953125,0.1597769483176055,0.0,4.496867066477151E-6,0.12509216023593017,15,15
1775942728503,0.35059813262638223,0.04627739599083572,0.47774245896688966,1.1186159661853297,0.0,0.0,1,0.07266163989954938,0.0,0.001953125,0.15974470017776246,0.0,3.597493653181721E-6,0.12507679076053568,15,15
1775942728914,0.35289387221151847,0.5480214762422879,0.0,1.1172906709563784,0.0,0.0,1,0.07432761336612007,0.0,0.001953125,0.15974470017776246,0.0,2.8779949225453772E-6,0.12506142506142504,15,15
1775942729318,0.35242236687628,0.5510017446891995,0.971143498989185,1.1111382916935586,0.0,0.0,1,0.0720777591051422,0.3094059405940594,0.001953125,0.15966856406747426,0.0,2.3023959380363018E-6,0.1250460631372068,15,15
1775942729738,0.3481838949369631,0.011223917161691232,0.48554435979988086,1.1075107912662656,0.0,0.0,1,0.07633643372694164,0.0,0.001953125,0.1596341284066551,0.0,1.8419167504290415E-6,0.12503070498648983,15,15
1775942730145,0.3450772789850305,0.011223917161691232,0.48816310396362056,1.103941789706434,0.0,0.0,1,0.08245904545961587,0.0,0.001953125,0.1595989730211817,0.0,1.4735334003432334E-6,0.12501535060788405,15,15
1775942730542,0.34714630118876594,0.011223917161691232,1.0,1.095706638942303,0.0,0.0,1,0.09074451630176422,0.6297229219143576,0.001953125,0.1594705703111654,0.0,1.1788267202745869E-6,0.125,13,15
1775942730972,0.3480343575835605,0.04046840883803798,0.1551158334481109,1.0939102383748582,0.0,0.0,1,0.08909524850326736,0.0,0.001953125,0.15941615581078852,0.0,9.430613762196695E-7,0.12498465316144869,15,15
1775942731367,0.3474995469042782,0.03549314249999667,0.4865976980572593,1.090561576560865,0.0,0.0,1,0.08556761987611258,0.0,0.001953125,0.15937799316695286,0.0,7.544491009757356E-7,0.12496931009084211,15,15
1775942731768,0.34539177606012755,0.015873015873015876,0.4892114284443962,1.0872660813298667,0.0,0.0,1,0.08484945704432381,0.0,0.001953125,0.15933912090767943,0.0,6.035592807805885E-7,0.12495397078679271,15,15
1775942732167,0.3471247588551052,0.04627739599083572,0.4918140204108922,1.0840227513459455,0.0,0.0,1,0.0814842097829283,0.0,0.001953125,0.15929953564331528,0.0,4.828474246244708E-7,0.1249386352479136,15,15
1775942732572,0.3455122018269974,0.04627739599083572,0.9795592832945723,1.078546387741543,0.0,0.0,1,0.08022613081594712,0.30864197530864196,0.001953125,0.15920906576014865,0.0,3.862779396995767E-7,0.12492330347281877,15,15
1775942733003,0.34458707845640246,0.015873015873015876,0.48972305980283737,1.0754421278013044,0.0,0.0,1,0.07806283178795534,0.0,0.001953125,0.159167341447836,0.0,3.090223517596614E-7,0.12490797546012267,15,15
1775942733401,0.3455122018269974,0.015873015873015876,0.49232263542032684,1.072386500727429,0.0,0.0,1,0.07842484424238264,0.0,0.001953125,0.1591249154032135,0.0,2.472178814077291E-7,0.12489265120844073,15,15
1775942733809,0.3487623139352391,0.5572536406838717,0.9833324453935645,1.0671314178037834,0.0,0.0,0,0.07685828718103842,0.6127450980392157,0.001953125,0.1590199227841205,0.0,1.977743051261833E-7,0.12487733071638862,13,15
1775942734242,0.3478371905646441,0.5604096331399915,0.4901875188458152,1.0642068689053104,0.0,0.0,1,0.07457593412251204,0.0,0.001953125,0.15897535902566115,0.0,1.5821944410094665E-7,0.12486201398258312,15,15
1775942734646,0.3472081176461746,0.011223917161691232,0.49278529693755146,1.0613277048038596,0.0,0.0,1,0.07375610402549125,0.0,0.001953125,0.15893009784099194,0.0,1.2657555528075734E-7,0.12484670100564144,15,15
1775942735049,0.3472081176461746,0.015873015873015876,0.49537096841587835,1.0584931170550143,0.0,0.0,1,0.07171683775947331,0.0,0.001953125,0.1588841409757941,0.0,1.0126044422460588E-7,0.12483139178418146,15,15
1775942735453,0.34696603926663017,0.03549314249999667,5.954168591192367E-7,1.057874321381438,0.0,0.0,1,0.07117619827844637,0.0,0.001953125,0.15888413675636096,0.0,8.100835537968471E-8,0.12481608631682195,15,15
1775942735863,0.34777073687035526,0.04046840883803798,1.0,1.0529190390582732,0.0,0.0,1,0.07193782796067978,0.3048780487804878,0.001953125,0.15878127475491927,0.0,6.480668430374777E-8,0.12480078460218214,15,15
1775942736274,0.34777073687035526,0.025097441747368093,0.5029239531401193,1.0502139549620784,0.0,0.0,1,0.0727282965704861,0.0,0.001953125,0.15873322565419098,0.0,5.184534744299822E-8,0.12478548663888211,15,15
1775942736677,0.34777073687035526,0.011223917161691232,0.5054597911693377,1.0475503912906772,0.0,0.0,1,0.07419232249081682,0.0,0.001953125,0.15868448809815205,0.0,4.1476277954398575E-8,0.12477019242554233,15,15
1775942737079,0.3436325683673189,0.03549314249999667,0.5079821712089831,1.0449276313392248,0.0,0.0,1,0.0723657408698607,0.0,0.001953125,0.15863506634982008,0.0,3.318102236351886E-8,0.12475490196078431,15,15
1775942737479,0.3436325683673189,0.03174603174603175,0.16475864014465696,1.0437810241645549,0.0,0.0,1,0.07156201038985485,0.0,0.001953125,0.15857871402314003,0.0,2.654481789081509E-8,0.12473961524322996,15,15
1775942737871,0.3436325683673189,0.03549314249999667,1.0,1.0391040902149018,0.0,0.0,1,0.07108024770142188,0.31887755102040816,0.001953125,0.15846880890421908,0.0,2.1235854312652072E-8,0.12472433227150204,14,15
1775942738283,0.34353226493103833,0.011223917161691232,0.5128901258548662,1.0366104466885935,0.0,0.0,1,0.06901418380366726,0.0,0.001953125,0.15841722279540674,0.0,1.698868345012166E-8,0.12470905304422397,15,15
1775942738681,0.3436325683673189,0.025097441747368093,0.5153726145174492,1.0341547113172431,0.0,0.0,1,0.07027784135873842,0.0,0.001953125,0.1583649606686315,0.0,1.3590946760097327E-8,0.12469377756001965,15,15
1775942739079,0.34611011140078196,0.022447834323382463,2.52043948370331E-7,1.0338016091837257,0.0,0.0,1,0.06893935093585095,0.0,0.001953125,0.15836495893060082,0.0,1.0872757408077862E-8,0.12467850581751383,15,15
1775942739475,0.3454749972852191,0.03549314249999667,0.5282985368785917,1.0313876017456411,0.0,0.0,1,0.06824241732147364,0.0,0.001953125,0.15831201800956707,0.0,8.69820592646229E-9,0.12466323781533184,15,15
1775942739872,0.3455954230520889,0.033671751485073696,0.8867594191157506,1.0276072408314894,0.0,0.0,1,0.0674312044783094,0.3148614609571788,0.001953125,0.15825241883686034,0.0,6.958564741169832E-9,0.12464797355209989,15,15
1775942740287,0.3430236177794387,0.025097441747368093,0.5274912153391353,1.0252874558891973,0.0,0.0,1,0.06639006476116374,0.0,0.001953125,0.15819754316427911,0.0,5.566851792935866E-9,0.12463271302644463,15,15
1775942740681,0.34460706322101375,0.04627739599083572,0.1710645576802995,1.0243790495004668,0.0,0.0,1,0.07047043811927965,0.0,0.001953125,0.158140402496723,0.0,4.453481434348693E-9,0.1246174562369935,15,15
1775942741085,0.34287408042603607,0.03174603174603175,0.5379031150831011,1.0221075178262267,0.0,0.0,1,0.07236695471458279,0.0,0.001953125,0.15808476086216675,0.0,3.5627851474789545E-9,0.12460220318237458,15,15
1775942741481,0.33854303661522583,0.025097441747368093,0.5402351033652549,1.01987021530018,0.0,0.0,1,0.07173664253042465,0.0,0.001953125,0.15802845539784807,0.0,2.8502281179831636E-9,0.12458695386121654,15,15
1775942741877,0.3371340786561554,0.0,1.0,1.0136708599191222,0.0,0.0,0,0.07201399619734254,0.6313131313131313,0.001953125,0.1578383376741149,0.0,2.280182494386531E-9,0.12469407733724913,13,15
1775942742304,0.3396116216896185,0.011223917161691232,0.5281579801277995,1.0115611732663665,0.0,0.0,1,0.07067575007193537,0.0,0.001953125,0.15777935668303272,0.0,1.8241459955092248E-9,0.124678820506546,15,15
1775942742702,0.33547345318658206,0.015873015873015876,0.530551943268065,1.0094831125059565,0.0,0.0,1,0.07261716639570058,0.0,0.001953125,0.1577197202880878,0.0,1.45931679640738E-9,0.12466356740885731,15,15
1775942743108,0.3351144208013916,0.025097441747368093,0.5329307510062645,1.007436178257463,0.0,0.0,1,0.0764910495053039,0.0,0.001953125,0.15765943303446503,0.0,1.167453437125904E-9,0.12464831804281351,15,15
1775942743504,0.3336805127132191,0.025097441747368093,0.535295396990903,1.0054198773932785,0.0,0.0,1,0.08423261382956002,0.0,0.001953125,0.15759849248369764,0.0,9.339627497007234E-10,0.12463307240704502,15,15
1775942743903,0.3333503373871462,0.0,1.0,0.9995766395302065,0.0,1.0,0,0.08120279942080627,0.6265664160401002,0.001953125,0.1573949339302143,0.0,7.471701997605788E-10,0.12474012474012475,13,15
1775942744332,0.3351432778605092,0.015873015873015876,0.5235299770323941,0.997677814864908,0.0,0.0,1,0.07845410805970648,0.0,0.001953125,0.15733138362413168,0.0,5.97736159808463E-10,0.12472487160674983,15,15
1775942744733,0.33290164791393184,0.022447834323382463,0.35916223868171815,0.9964121916706357,0.0,1.0,1,0.07628607123878195,0.0,0.001953125,0.15732562615888218,0.0,4.781889278467705E-10,0.12470962220320336,15,15
1775942745144,0.33060590832879566,0.015873015873015876,0.5309634393655249,0.9945606129330212,0.0,0.0,1,0.08055632040314081,0.0,0.001953125,0.1572608859817601,0.0,3.825511422774164E-10,0.12469437652811732,15,15
1775942745547,0.32583262571019633,0.025097441747368093,0.533340073879355,0.9927366485247008,0.0,0.0,1,0.08103138763072827,0.0,0.001953125,0.15719551030710754,0.0,3.0604091382193315E-10,0.1246791345801247,15,15
1775942745944,0.3249075023396015,0.0,1.0,0.9890693624180533,0.0,0.0,1,0.07840108405907165,0.3148614609571788,0.001953125,0.1570545664620199,0.0,2.448327310575465E-10,0.12478611586409194,14,15
1775942746379,0.32001681089654604,0.0,0.5297670287695253,0.9873269080423192,0.0,0.0,1,0.08375517435467347,0.0,0.001953125,0.15698728511119592,0.0,1.9586618484603721E-10,0.12489307100085545,15,15
1775942746775,0.3209992057263575,0.033671751485073696,1.0,0.9825177747631538,0.0,0.0,1,0.081779146976119,0.6313131313131313,0.001953125,0.15682443757999243,0.0,1.5669294787682978E-10,0.12487781036168133,13,15
1775942747208,0.3209992057263575,0.03549314249999667,0.5208777413729899,0.9808720154836346,0.0,0.0,1,0.08540710708739781,0.0,0.001953125,0.15675472397686557,0.0,1.2535435830146384E-10,0.1248625534514356,15,15
1775942747615,0.3184042538684382,0.011223917161691232,0.5233152480305007,0.979250796097956,0.0,0.0,1,0.08326503428909512,0.0,0.001953125,0.15668439394527686,0.0,1.0028348664117107E-10,0.12484730026875157,15,15
1775942748015,0.3205255059710697,0.03549314249999667,2.525725397620194E-7,0.9794540154643843,0.0,0.0,1,0.08081718979201845,0.0,0.001953125,0.15668439235630038,0.0,8.022678931293687E-11,0.12483205081226334,15,15
1775942748419,0.3211545788895393,0.015873015873015876,0.5363526657158696,0.9778546615943566,0.0,0.0,1,0.0782691666898278,0.0,0.001953125,0.15661344842346356,0.0,6.41814314503495E-11,0.12481680508060577,15,15
1775942748818,0.3253930508288562,0.03549314249999667,0.7116703291919736,0.9756954099156468,0.0,0.0,1,0.07848499714206554,0.3132832080200501,0.001953125,0.15647453906373002,0.0,5.13451451602796E-11,0.12480156307241419,14,15
1775942749234,0.324585861515817,0.03549314249999667,0.5382930059829399,0.9741518317503076,0.0,0.0,1,0.07588292716946592,0.0,0.001953125,0.15640228157302238,0.0,4.107611612822368E-11,0.12478632478632479,15,15
1775942749633,0.32694791722926414,0.015873015873015876,0.5406224632633739,0.9726313105337424,0.0,0.0,1,0.07370531491364661,0.0,0.001953125,0.15632942062326158,0.0,3.286089290257895E-11,0.12477109022097421,15,15
1775942750041,0.3292436568144003,0.03549314249999667,0.5429373276362183,0.9711335128042,0.0,0.0,1,0.07531760156248558,0.0,0.001953125,0.1562559546268476,0.0,2.628871432206316E-11,0.124755859375,15,15
1775942750509,0.32424601095773664,0.03174603174603175,0.5452363849473417,0.9696581148946289,0.0,0.0,1,0.08233034310423537,0.0,0.001953125,0.15618188828849625,0.0,2.103097145765053E-11,0.12474063224704013,15,15
1775942750971,0.326487640904314,0.022447834323382463,1.0,0.9647155458287353,0.0,0.0,1,0.08815442774654647,0.5411255411255411,0.001953125,0.15594034475054921,0.0,1.6824777166120425E-11,0.12472540883573346,13,15
1775942751440,0.3291895471758415,0.04046840883803798,0.5328410398017853,0.9633337417549401,0.0,0.0,1,0.08528641048556442,0.0,0.001953125,0.1558638780650979,0.0,1.3459821732896341E-11,0.12471018913971932,15,15
1775942751856,0.33143064457705335,0.011223917161691232,2.550150242355887E-7,0.963687080370044,0.0,0.0,1,0.08666663568683038,0.0,0.001953125,0.15586387653540162,0.0,1.0767857386317073E-11,0.12469497315763789,15,15
1775942752284,0.33010618261180324,0.011223917161691232,0.37231378221884065,0.9628718155431527,0.0,0.0,1,0.08553131835948886,0.0,0.001953125,0.15584689026255094,0.0,8.614285909053659E-12,0.12467976088812982,15,15
1775942752697,0.32763468077543356,0.0,0.37517603605703576,0.9620694832247098,0.0,0.0,1,0.08228909698343762,0.0,0.001953125,0.1558293924299832,0.0,6.891428727242928E-12,0.12478653330080502,15,15
1775942753130,0.32763468077543356,0.033671751485073696,1.0,0.9573264547795352,0.0,0.0,1,0.08089730977962921,0.5773672055427251,0.001953125,0.15557806151922082,0.0,5.5131429817943426E-12,0.12477131357482618,13,15
1775942753568,0.32763468077543356,0.5665577237325317,0.0,0.9577351457890944,0.0,0.0,1,0.07865241069750437,0.0,0.001953125,0.15557806151922082,0.0,4.410514385435474E-12,0.12475609756097561,15,15
1775942753996,0.3249304203605698,0.5449093299610118,0.5518829134116888,0.956459230732867,0.0,0.0,1,0.07645250947532728,0.0,0.001953125,0.1554982325505917,0.0,3.5284115083483797E-12,0.1247408852578954,15,15
1775942754417,0.3249304203605698,0.015873015873015876,0.3766572059027388,0.9557425624937305,0.0,0.0,1,0.07424916227963321,0.0,0.001953125,0.1554782022406176,0.0,2.822729206678704E-12,0.12472567666422829,15,15
1775942754823,0.3249304203605698,0.0,0.3795196290446163,0.9550375838465865,0.0,0.0,1,0.07545761378874324,0.0,0.001953125,0.15545767692629223,0.0,2.258183365342963E-12,0.12483237839814698,15,15
1775942755240,0.3226346807754336,0.011223917161691232,1.0,0.9504829322066943,0.0,0.0,1,0.0790874888380125,0.5995203836930456,0.001953125,0.15519681490476447,0.0,1.8065466922743705E-12,0.12481716235982443,13,15
1775942755687,0.3211004692509804,0.011223917161691232,0.37173044473270866,0.9498468860814185,0.0,0.0,1,0.07922438962203109,0.0,0.001953125,0.15517431393392658,0.0,1.4452373538194965E-12,0.12480195003046923,15,15
1775942756095,0.3171921726377364,0.03549314249999667,0.5537583473731004,0.9486885620389856,0.0,0.0,1,0.07608538469661098,0.0,0.001953125,0.15509072605111016,0.0,1.1561898830555972E-12,0.12478674140872537,15,15
1775942756499,0.3164798784941753,0.03174603174603175,0.5559823729517438,0.9475479507998018,0.0,0.0,1,0.07467293390502694,0.0,0.001953125,0.15500658379637872,0.0,9.249519064444778E-13,0.12477153649323747,15,15
1775942756961,0.31907483035209455,0.04046840883803798,0.5581904373349101,0.9464248163123776,0.0,0.0,1,0.07407815626269323,0.0,0.001953125,0.15492188981413083,0.0,7.399615251555823E-13,0.12475633528265107,15,15
1775942757369,0.31970390327056414,0.015873015873015876,0.7425370776833973,0.9447866322635574,0.0,0.0,1,0.07232844597583069,0.30637254901960786,0.001953125,0.15476839479790638,0.0,5.919692201244659E-13,0.12474113777561213,15,15
1775942757793,0.31740816368542785,0.0,0.18319325993371569,0.9447876194838672,0.0,0.0,1,0.07094604288048394,0.0,0.001953125,0.15470744366885886,0.0,4.735753760995728E-13,0.1248477466504263,15,15
1775942758194,0.31511242410029167,0.011223917161691232,1.0,0.9405105687064966,0.0,0.0,1,0.06931526633864667,0.6234413965087281,0.001953125,0.15443357693626616,0.0,3.7886030087965825E-13,0.12483254171233715,13,15
1775942758620,0.3145527764680464,0.033671751485073696,0.5520371933071405,0.9394914675310144,0.0,0.0,1,0.07206269812617801,0.0,0.001953125,0.1543460041313157,0.0,3.030882407037266E-13,0.12481734047735027,15,15
1775942759025,0.31476252602724947,0.011223917161691232,0.5542734799303829,0.938488248111169,0.0,0.0,1,0.07692568288832913,0.0,0.001953125,0.15425789878693202,0.0,2.424705925629813E-13,0.12480214294411296,15,15
1775942759431,0.31476252602724947,0.025097441747368093,0.5564938352324783,0.9375007048618114,0.0,0.0,1,0.07539927852351674,0.0,0.001953125,0.15416926386244176,0.0,1.9397647405038505E-13,0.12478694911127342,15,15
1775942759838,0.3196532174703049,0.03174603174603175,5.224029713180478E-7,0.9380869927575686,0.0,0.0,1,0.07508485222990617,0.0,0.001953125,0.15416926119816599,0.0,1.5518117924030806E-13,0.12477175897748027,15,15
1775942760241,0.31698884032616137,0.047619047619047616,1.0,0.9355487231222908,0.0,0.0,1,0.07624623597183892,0.31017369727047145,0.001953125,0.15398332315483726,0.0,1.2414494339224645E-13,0.12475657254138262,15,15
1775942760664,0.3142845799112976,0.011223917161691232,0.5628982745302574,0.9346072336677368,0.0,0.0,1,0.07509017119861425,0.0,0.001953125,0.15389310843180792,0.0,9.931595471379716E-14,0.12474138980163074,15,15
1775942761067,0.3117127746386473,0.03549314249999667,0.3835005260779173,0.9341786715319524,0.0,0.0,1,0.07486000174730983,0.0,0.001953125,0.15386396746674474,0.0,7.945276377103774E-14,0.12472621075687518,15,15
1775942761481,0.31384193420762246,0.011223917161691232,0.5701714765760966,0.9332599612416925,0.0,0.0,1,0.07414226822769614,0.0,0.001953125,0.15377277765975741,0.0,6.35622110168302E-14,0.12471103540576711,15,15
1775942761896,0.3127117994332835,0.025097441747368093,0.572272828458446,0.9323558442323339,0.0,0.0,1,0.07267026584933256,0.0,0.001953125,0.15368107546947124,0.0,5.084976881346416E-14,0.12469586374695862,15,15
1775942762295,0.3100474222891399,0.03549314249999667,0.9559098233299588,0.9304361257130545,0.0,0.0,1,0.07222235305904597,0.3132832080200501,0.001953125,0.1535508973495564,0.0,4.067981505077133E-14,0.12468069577910235,14,15
1775942762707,0.3113704323712528,0.011223917161691232,0.570118201360651,0.9295745982776428,0.0,0.0,1,0.07102432818555177,0.0,0.001953125,0.15345772278889772,0.0,3.2543852040617066E-14,0.12466553150085136,15,15
1775942763109,0.3131356812611547,0.011223917161691232,0.5722199507435812,0.9287269429710845,0.0,0.0,1,0.07132131313067813,0.0,0.001953125,0.153364047334487,0.0,2.6035081632493655E-14,0.12465037091085973,15,15
1775942763514,0.3131356812611547,0.015873015873015876,0.38854391271917804,0.9283807827687749,0.0,0.0,1,0.0709942905128825,0.0,0.001953125,0.1533317880290239,0.0,2.0828065305994926E-14,0.1246352140077821,15,15
1775942763912,0.3136071865963932,0.03549314249999667,0.5794518899047346,0.9275537507436092,0.0,0.0,1,0.06914201742990106,0.0,0.001953125,0.15323717565337688,0.0,1.6662452244795942E-14,0.12462006079027355,15,15
1775942764314,0.3136071865963932,0.03549314249999667,1.0,0.9242550813834045,0.0,0.0,0,0.06780292593035395,0.6218905472636815,0.001953125,0.15299865284067685,0.0,1.3329961795836754E-14,0.12460491125699003,13,15
1775942764740,0.3136071865963932,0.0,0.38285267148270546,0.9239698134793295,0.0,0.0,1,0.06923814140043755,0.0,0.001953125,0.15296424265975878,0.0,1.0663969436669405E-14,0.12471131639722866,15,15
1775942765145,0.31658367136698146,0.04627739599083572,0.5729212815684995,0.9232091409657237,0.0,0.0,1,0.06952027221131571,0.0,0.001953125,0.1528672872124467,0.0,8.531175549335524E-15,0.12469615945551771,15,15
1775942765559,0.3185264037211621,0.0,0.5750010281937139,0.922461089740262,0.0,0.0,1,0.06909752300237873,0.0,0.001953125,0.15276985305744079,0.0,6.82494043946842E-15,0.12480252764612954,15,15
1775942765960,0.31956399746935926,0.04046840883803798,1.0,0.9197923520736948,0.0,0.0,1,0.07132701756112404,0.6234413965087281,0.001953125,0.15249774446480938,0.0,5.459952351574736E-15,0.12478736330498175,13,15
1775942766397,0.31523295365854903,0.03174603174603175,0.56670032487623,0.9190948859004268,0.0,0.0,1,0.06984380046294443,0.0,0.001953125,0.15239882045820796,0.0,4.367961881259789E-15,0.12477220264852384,15,15
1775942766800,0.3131117015559175,0.03549314249999667,0.38357470779996156,0.9188785288983377,0.0,0.0,1,0.06916499039127783,0.0,0.001953125,0.1523618724964296,0.0,3.4943695050078315E-15,0.12475704567541301,15,15
1775942767204,0.31538835222182776,0.03549314249999667,0.5739893692790653,0.9181983612163228,0.0,0.0,1,0.0763246003043953,0.0,0.001953125,0.15226207222967186,0.0,2.7954956040062654E-15,0.12474189238430711,15,15
1775942767613,0.31538835222182776,0.022447834323382463,0.576061027984912,0.9175298349381594,0.0,0.0,1,0.08815713100254804,0.0,0.001953125,0.15216181036863552,0.0,2.2363964832050125E-15,0.12472674277386442,15,15
1775942768013,0.31538835222182776,0.011223917161691232,1.0,0.9140500027585325,0.0,0.0,1,0.08544236906275986,0.625,0.001953125,0.15184514408804634,0.0,1.78911718656401E-15,0.12471159684274435,13,15
1775942768450,0.31809261263669153,0.5149564507145503,0.0,0.9148362961868299,0.0,0.0,1,0.0844303173756315,0.0,0.001953125,0.15184514408804634,0.0,1.4312937492512082E-15,0.12469645458960665,15,15
1775942768848,0.31629967216332844,0.5254903288014873,0.5729526343632091,0.9142203563738386,0.0,0.0,1,0.08680705731942535,0.0,0.001953125,0.1517430559376576,0.0,1.1450349994009667E-15,0.12468131601311161,15,15
1775942769257,0.3143569398091477,0.025097441747368093,0.5750317296547559,0.9136152914260135,0.0,0.0,1,0.08459797029827204,0.0,0.001953125,0.15164052579935278,0.0,9.160279995207735E-16,0.1246661811119204,15,15
1775942769660,0.3143569398091477,0.0,0.5770946901020415,0.9130209707914494,0.0,0.0,1,0.08174213709551162,0.0,0.001953125,0.1515375550040517,0.0,7.328223996166188E-16,0.12477242383784437,15,15
1775942770067,0.3097845495581013,0.025097441747368093,1.0,0.9096860690887528,0.0,0.0,1,0.08034966656629144,0.6142506142506143,0.001953125,0.15121320124791562,0.0,5.862579196932951E-16,0.12475728155339805,13,15
1775942770514,0.30986475875856034,0.03549314249999667,0.37872974584446867,0.9095967119214141,0.0,0.0,1,0.07808702863033842,0.0,0.001953125,0.1511714542330128,0.0,4.69006335754636E-16,0.12474214294381747,15,15
1775942770927,0.30993994812138,0.033671751485073696,0.5677491408012383,0.909063792452588,0.0,0.0,1,0.07514189914428276,0.0,0.001953125,0.15106634869195065,0.0,3.7520506860370884E-16,0.12472700800776515,15,15
