t_ms,entropy_ema,churn01,dCurv01,meanAbsCurv01,two1_eff_rate01,tmr01,feedback_tick,roi_amp01,roi_deqRate01,roi_curvCover01,roi_curvEntropy01,roi_two1RawRate01,two1_exp01,bmu_stability,queue_size,queue_cap
1770321371233,0.12032134914789373,0.22587697572631282,0.0,0.0,0.0,0.5,1,1.0,0.0,0.0,0.0,0.0,0.0,0.6,2,5
1770321371488,0.05621501110283565,0.0,0.0,0.0,0.0,0.9090909090909091,0,1.0,0.9803921568627451,0.0,0.0,0.0,0.0,0.875,1,5
1770321371746,0.03808969065892134,0.0,0.0,0.0,0.0,1.0,0,1.0,0.9689922480620154,0.0,0.0,0.0,0.0,0.9259259259259259,0,5
1770321372000,0.029260837642917127,0.0,0.0,0.0,0.0,1.0,0,1.0,0.0,0.0,0.0,0.0,0.0,0.9473684210526316,1,5
1770321372255,0.023954361656563634,0.0,0.0,0.0,0.0,1.0,0,1.0,0.49019607843137253,0.0,0.0,0.0,0.0,0.9591836734693877,1,5
1770321372510,0.020381932844895784,0.0,0.0,0.0,0.0,1.0,0,1.0,0.49019607843137253,0.0,0.0,0.0,0.0,0.9666666666666667,1,5
1770321372766,0.017798672062640315,0.0,0.0,0.0,0.0,1.0,0,1.0,0.9765625,0.0,0.0,0.0,0.0,0.971830985915493,0,5
1770321373021,0.01583620761184606,0.0,0.0,0.0,0.0,1.0,0,0.9517545498697446,0.0,0.0,0.0,0.0,0.0,0.975609756097561,1,5
1770321373276,0.028552790636138997,0.009183204950474644,0.0,0.0,0.0,0.9090909090909091,0,0.5581428677308824,0.49019607843137253,0.0,0.0,0.0,0.0,0.967741935483871,1,5
1770321373532,0.125484093532166,0.13729667032465923,0.0,0.0,0.0,0.19999999999999996,0,0.3036997460359377,0.0,0.0,0.0,0.0,0.0,0.8942307692307693,2,5
1770321373787,0.23419100905296714,0.1403624882142669,0.0,0.0,0.0,0.375,0,0.21397856181145244,0.9803921568627451,0.0,0.0,0.0,0.0,0.8347826086956522,1,5
1770321374043,0.33598852540033575,0.23281959868330634,0.0,0.0,0.0,0.1428571428571429,0,0.13394872800627453,0.0,0.0,0.0,0.0,0.0,0.7777777777777778,2,5
1770321374298,0.45549906726886574,0.37015751088125737,0.0,0.0,0.0,0.0,0,0.1155934896755706,0.0,0.0,0.0,0.0,0.0,0.7153284671532847,3,5
1770321374554,0.551414336081215,0.27635000514526376,0.0,0.0,0.0,0.0,1,0.0783111691863986,0.0,0.0,0.0,0.0,0.0,0.6689189189189189,5,5
1770321374809,0.6162719031386938,0.2191239805078194,0.0,0.0,0.0,0.11111111111111116,0,0.06565841756763091,0.9803921568627451,0.0,0.0,0.0,0.0,0.628930817610063,3,5
1770321375064,0.6639225218435342,0.20140002267242987,0.0,0.0,0.0,0.09999999999999998,0,0.0666349557049349,0.0,0.0,0.0,0.0,0.0,0.6,4,5
1770321375319,0.6958161354680115,0.2144203995602907,0.0,0.0,0.0,0.0,0,0.06427142105531895,0.9803921568627451,0.0,0.0,0.0,0.0,0.56353591160221,3,5
1770321375575,0.7028754699325741,0.1502836833116722,0.0,0.0,0.0,0.09090909090909094,0,0.06297304852315694,0.0,0.0,0.0,0.0,0.0,0.5416666666666667,4,5
1770321375831,0.6933242567736374,0.17416445592393767,0.0,0.0,0.0,0.0,1,0.06086924712025615,0.9765625,0.0,0.0,0.0,0.0,0.5172413793103448,3,5
1770321376086,0.6602179593149022,0.19276194409477926,0.0,0.0,0.0,0.09090909090909094,0,0.061362965383205764,0.0,0.0,0.0,0.0,0.0,0.4953271028037384,4,5
1770321376342,0.6665100623908442,0.19885475876809725,0.0,0.0,0.0,0.0,1,0.06018545243332635,0.0,0.0,0.0,0.0,0.0,0.4755555555555555,5,5
1770321376597,0.650310885814612,0.2380381664335739,0.0,0.0,0.0,0.0,1,0.07770218969360548,0.0,0.0,0.0,0.0,0.0,0.4576271186440678,5,5
1770321376853,0.6601039911204754,0.27291267011412107,0.0,0.0,0.0,0.0,0,0.07518376934603054,0.0,0.0,0.0,0.0,0.0,0.43724696356275305,5,5
1770321377108,0.6651632618532376,0.14110047836119757,0.0,0.0,0.0,0.0,1,0.06471362347889496,0.9803921568627451,0.0,0.0,0.0,0.0,0.42248062015503873,3,5
1770321377363,0.6582242078647718,0.22126384287187112,0.0,0.0,0.0,0.09090909090909094,0,0.06692982293633619,0.0,0.0,0.0,0.0,0.0,0.4052044609665427,4,5
1770321377619,0.662041697957194,0.21393059175521245,0.0,0.0,0.0,0.09090909090909094,1,0.07404402311783177,0.9765625,0.0,0.0,0.0,0.0,0.3928571428571429,3,5
1770321377874,0.6713503450319135,0.24153124897058592,0.0,0.0,0.0,0.09999999999999998,1,0.0708912243933771,0.0,0.0,0.0,0.0,0.0,0.37800687285223367,5,5
1770321378130,0.6916129564507444,0.22383286693625812,0.0,0.0,0.0,0.09090909090909094,0,0.06672534985156531,0.0,0.0,0.0,0.0,0.0,0.3708609271523179,5,5
1770321378385,0.720846444410266,0.3153598976877247,0.0,0.0,0.0,0.0,1,0.0986518758485667,0.0,0.0,0.0,0.0,0.0,0.35782747603833864,5,5
1770321378640,0.7227936687669843,0.1892447222727112,0.0,0.0,0.0,0.0,0,0.12060078762994199,0.0,0.0,0.0,0.0,0.0,0.345679012345679,5,5
1770321378896,0.7320784736077321,0.21428100040125247,0.0,0.0,0.0,0.0,1,0.08042546505635773,0.0,0.0,0.0,0.0,0.0,0.33432835820895523,5,5
1770321379151,0.7208203277707933,0.15828234477769354,0.0,0.0,0.0,0.09090909090909094,1,0.06649808748455895,0.0,0.0,0.0,0.0,0.0,0.3265895953757225,5,5
1770321379407,0.7323315302759554,0.2834048868819695,0.0,0.0,0.0,0.18181818181818177,0,0.07248956764720889,0.9765625,0.0,0.0,0.0,0.0,0.3165266106442577,4,5
1770321379662,0.7399748333756608,0.27833417242569003,0.0,0.0,0.0,0.18181818181818177,1,0.07254866620891452,0.0,0.0,0.0,0.0,0.0,0.3097826086956522,5,5
1770321379917,0.741859165442368,0.22713161115912778,0.0,0.0,0.0,0.09090909090909094,1,0.06548389053513974,0.0,0.0,0.0,0.0,0.0,0.30343007915567277,5,5
1770321380173,0.7450957962921286,0.2072749722459688,0.0,0.0,0.0,0.0,1,0.06626986749024065,0.0,0.0,0.0,0.0,0.0,0.2948717948717948,5,5
1770321380429,0.728429129625462,0.20022384176315194,0.0,0.0,0.0,0.0,1,0.06202653294970206,0.9765625,0.0,0.0,0.0,0.0,0.28927680798004984,3,5
1770321380684,0.721314235972756,0.2231928373252095,0.0,0.0,0.0,0.0,0,0.05931385991987837,0.0,0.0,0.0,0.0,0.0,0.28398058252427183,4,5
1770321380939,0.72800496139011,0.24630311793031284,0.0,0.0,0.0,0.09090909090909094,1,0.05912324228539874,0.0,0.0,0.0,0.0,0.0,0.276595744680851,5,5
1770321381195,0.7381743076065675,0.25749093208562435,0.0,0.0,0.0,0.0,1,0.06720330078858666,0.0,0.0,0.0,0.0,0.0,0.27188940092165903,5,5
1770321381450,0.7532567912125281,0.2576120781027794,0.0,0.0,0.0,0.09090909090909094,0,0.0707818493415256,0.0,0.0,0.0,0.0,0.0,0.2651685393258427,5,5
1770321381705,0.7629437460205682,0.2496899849886475,0.0,0.0,0.0,0.0,1,0.0657538572160269,0.0,0.0,0.0,0.0,0.0,0.25877192982456143,5,5
1770321381961,0.7526854494898664,0.24144946042643955,0.0,0.0,0.0,0.09090909090909094,0,0.07331650533770626,0.0,0.0,0.0,0.0,0.0,0.25267665952890794,5,5
1770321382216,0.7415064408335951,0.2769490250712797,0.0,0.0,0.0,0.0,1,0.06469052701593628,0.0,0.0,0.0,0.0,0.0,0.2468619246861925,5,5
1770321382472,0.7493543905620348,0.26190469032749103,0.0,0.0,0.0,0.09999999999999998,1,0.06320274644319758,0.48828125,0.0,0.0,0.0,0.0,0.2433537832310838,5,5
1770321382727,0.7453319787089224,0.22456220768209906,0.0,0.0,0.0,0.09090909090909094,0,0.06616574064201913,0.0,0.0,0.0,0.0,0.0,0.242,5,5
1770321382982,0.7500060940317641,0.375523863632811,0.0,0.0,0.0,0.09999999999999998,1,0.06451139330342225,0.9803921568627451,0.0,0.0,0.0,0.0,0.2367906066536204,3,5
1770321383238,0.7423246825993557,0.362030779026028,0.0,0.0,0.0,0.0,0,0.06187188360759673,0.0,0.0,0.0,0.0,0.0,0.23180076628352486,4,5
1770321383493,0.7344159601603933,0.27442747151387975,0.0,0.0,0.0,0.09999999999999998,1,0.0670978473700266,0.0,0.0,0.0,0.0,0.0,0.22889305816135086,5,5
1770321383749,0.7566960694174776,0.41300197437322306,0.0,0.0,0.0,0.0,1,0.06648619330858557,0.0,0.0,0.0,0.0,0.0,0.22426470588235292,5,5
1770321384004,0.7604177029038164,0.3609297795623634,0.0,0.0,0.0,0.30000000000000004,0,0.06224510048481523,0.9803921568627451,0.0,0.0,0.0,0.0,0.2198198198198198,3,5
1770321384259,0.7625795046182505,0.23061894884161535,0.0,0.0,0.0,0.0,0,0.06418399611598022,0.0,0.0,0.0,0.0,0.0,0.215547703180212,4,5
1770321384515,0.7621743302138161,0.286552742321,0.0,0.0,0.0,0.0,0,0.061776263683270695,0.9765625,0.0,0.0,0.0,0.0,0.21317157712305024,3,5
1770321384771,0.7672920992515996,0.21771729571979062,0.0,0.0,0.0,0.09090909090909094,0,0.06048250434826328,0.0,0.0,0.0,0.0,0.0,0.2125850340136054,4,5
1770321385026,0.7604277294786462,0.29838757210750255,0.0,0.0,0.0,0.09090909090909094,1,0.06276918595780151,0.0,0.0,0.0,0.0,0.0,0.20868113522537568,5,5
1770321385282,0.7715076409399009,0.2771693507338479,0.0,0.0,0.0,0.0,0,0.07908114638079297,0.0,0.0,0.0,0.0,0.0,0.20491803278688525,5,5
1770321385537,0.7573618392182103,0.2948341308275826,0.0,0.0,0.0,0.0,1,0.07498137959523689,0.0,0.0,0.0,0.0,0.0,0.2028985507246377,5,5
1770321385792,0.7662773544858578,0.337647977350632,0.0,0.0,0.0,0.0,1,0.06977345532988592,0.0,0.0,0.0,0.0,0.0,0.20094936708860756,5,5
1770321386048,0.7604159375531447,0.3044475975587541,0.0,0.0,0.0,0.18181818181818177,0,0.07528891224053016,0.9765625,0.0,0.0,0.0,0.0,0.19906687402799383,3,5
1770321386304,0.7549107142398449,0.26630809296882685,0.0,0.0,0.0,0.0,0,0.06788752109311776,0.0,0.0,0.0,0.0,0.0,0.1972477064220184,4,5
1770321386558,0.743416385986112,0.28630987560790844,0.0,0.0,0.0,0.0,0,0.06412420252644474,0.984251968503937,0.0,0.0,0.0,0.0,0.19548872180451127,3,5
1770321386814,0.7617823026672017,0.33180639167794096,0.0,0.0,0.0,0.0,0,0.06356313121351984,0.0,0.0,0.0,0.0,0.0,0.1923076923076923,4,5
1770321387069,0.7549107142398449,0.25115321936218926,0.0,0.0,0.0,0.09090909090909094,1,0.06528850949534602,0.9803921568627451,0.0,0.0,0.0,0.0,0.18922852983988359,3,5
1770321387324,0.7683838026383553,0.3329398927984448,0.0,0.0,0.0,0.0,0,0.06234773564505707,0.0,0.0,0.0,0.0,0.0,0.18624641833810884,4,5
1770321387580,0.7740040929053724,0.3262674068502018,0.0,0.0,0.0,0.09090909090909094,1,0.0637821346856606,0.0,0.0,0.0,0.0,0.0,0.18335684062059243,5,5
1770321387835,0.7746208819210835,0.38895157747044207,0.0,0.0,0.0,0.18181818181818177,0,0.06284239305278237,0.0,0.0,0.0,0.0,0.0,0.18333333333333335,5,5
1770321388092,0.762297720082394,0.3470703677156696,0.0,0.0,0.0,0.0,1,0.06562765251613124,0.0,0.0,0.0,0.0,0.0,0.18057455540355682,5,5
1770321388347,0.7742719069560741,0.2983068181121953,0.0,0.0,0.0,0.0,1,0.06047271933147721,0.9803921568627451,0.0,0.0,0.0,0.0,0.17924528301886788,3,5
1770321388601,0.7884535426049661,0.3373392948929752,0.0,0.0,0.0,0.0,0,0.062390626397666925,0.0,0.0,0.0,0.0,0.0,0.17662682602921642,4,5
1770321388857,0.7897570154290119,0.3569930263000375,0.0,0.0,0.0,0.0,1,0.06442577310697266,0.0,0.0,0.0,0.0,0.0,0.17539267015706805,5,5
1770321389112,0.7778385189399266,0.324767170628553,0.0,0.0,0.0,0.0,1,0.07156580103090134,0.9803921568627451,0.0,0.0,0.0,0.0,0.17419354838709677,5,5
1770321389368,0.7959639383160937,0.34720174167788137,0.0,0.0,0.0,0.18181818181818177,1,0.07144025244762191,0.0,0.0,0.0,0.0,0.0,0.1717557251908397,5,5
1770321389623,0.7856167287017558,0.28937808381730484,0.0,0.0,0.0,0.09090909090909094,1,0.06426470392789563,0.9803921568627451,0.0,0.0,0.0,0.0,0.16938519447929734,5,5
1770321389879,0.7761806520022849,0.29298674518893564,0.0,0.0,0.0,0.09090909090909094,0,0.06523335903269728,0.0,0.0,0.0,0.0,0.0,0.16707920792079212,5,5
1770321390134,0.7601983947384515,0.348735293510138,0.0,0.0,0.0,0.09090909090909094,1,0.06443374905539453,0.0,0.0,0.0,0.0,0.0,0.1648351648351648,5,5
1770321390390,0.7874824211663619,0.2977607992511491,0.0,0.0,0.0,0.0,1,0.06261336518075751,0.0,0.0,0.0,0.0,0.0,0.16265060240963858,5,5
1770321390645,0.781503067668803,0.2947369830102272,0.0,0.0,0.0,0.0,0,0.06623390980578003,0.0,0.0,0.0,0.0,0.0,0.16052318668252086,5,5
1770321390901,0.7963907177796059,0.35690722806049974,0.0,0.0,0.0,0.0,1,0.06383264473260003,0.0,0.0,0.0,0.0,0.0,0.15845070422535212,5,5
1770321391156,0.8186222594606507,0.4286593467948642,0.0,0.0,0.0,0.0,0,0.060565656062666944,0.9803921568627451,0.0,0.0,0.0,0.0,0.15643105446118188,4,5
1770321391411,0.817152344186422,0.3592305345795395,0.0,0.0,0.0,0.0,1,0.06465260218993496,0.0,0.0,0.0,0.0,0.0,0.15446224256292906,5,5
1770321391666,0.8113678858747233,0.36935809010627013,0.0,0.0,0.0,0.0,1,0.07058192058009918,0.0,0.0,0.0,0.0,0.0,0.15254237288135597,5,5
1770321391922,0.8031147617418493,0.3113625895502089,0.0,0.0,0.0,0.09090909090909094,0,0.07245945242448223,0.0,0.0,0.0,0.0,0.0,0.1517857142857143,5,5
1770321392178,0.8053785058023346,0.3774726545966908,0.0,0.0,0.0,0.0,0,0.06472355611102498,0.9765625,0.0,0.0,0.0,0.0,0.14994487320837924,4,5
1770321392433,0.8064168344190787,0.28679774412006404,0.0,0.0,0.0,0.0,0,0.07624190431801688,0.0,0.0,0.0,0.0,0.0,0.14923747276688448,5,5
1770321392688,0.8112444960061451,0.31656500765246764,0.0,0.0,0.0,0.09090909090909094,1,0.06873036678806774,0.0,0.0,0.0,0.0,0.0,0.14747039827771802,5,5
1770321392944,0.8179542152544167,0.38625686560661693,0.0,0.0,0.0,0.0,1,0.07176613590806229,0.0,0.0,0.0,0.0,0.0,0.14680851063829792,5,5
1770321393199,0.8078726833623048,0.3930420852679656,0.0,0.0,0.0,0.0,0,0.06376665312987653,0.0,0.0,0.0,0.0,0.0,0.1461619348054679,5,5
1770321393455,0.8056695327262343,0.29619020655754696,0.0,0.0,0.0,0.0,1,0.0671232713629383,0.0,0.0,0.0,0.0,0.0,0.14449064449064453,5,5
1770321393710,0.8038235841241866,0.4015434574127991,0.0,0.0,0.0,0.0,1,0.0665486072156795,0.0,0.0,0.0,0.0,0.0,0.1428571428571429,5,5
1770321393965,0.8159326776599903,0.3429603712902102,0.0,0.0,0.0,0.0,1,0.07409961005134065,0.0,0.0,0.0,0.0,0.0,0.141260162601626,5,5
1770321394221,0.8163086151419613,0.3639189778032353,0.0,0.0,0.0,0.0,1,0.06404989060119393,0.48828125,0.0,0.0,0.0,0.0,0.13969849246231159,5,5
1770321394476,0.8165402242876574,0.2739578144395362,0.0,0.0,0.0,0.09090909090909094,0,0.06297236632636495,0.0,0.0,0.0,0.0,0.0,0.13817097415506963,5,5
1770321394732,0.8176052402894074,0.43424980451040335,0.0,0.0,0.0,0.0,1,0.07671518301768773,0.0,0.0,0.0,0.0,0.0,0.13667649950835792,5,5
1770321394987,0.8098350783104834,0.32450023894889723,0.0,0.0,0.0,0.09090909090909094,1,0.06815505346829054,0.0,0.0,0.0,0.0,0.0,0.13618677042801552,5,5
1770321395242,0.8025293292280902,0.28583932435822607,0.0,0.0,0.0,0.09090909090909094,0,0.06226284793771682,0.0,0.0,0.0,0.0,0.0,0.1357074109720885,5,5
1770321395499,0.8082440475731781,0.31105035906304107,0.0,0.0,0.0,0.0,1,0.060102141424157055,0.0,0.0,0.0,0.0,0.0,0.13428571428571423,5,5
1770321395753,0.8096149859583327,0.37967540859242016,0.0,0.0,0.0,0.18181818181818177,0,0.07203101918962182,0.0,0.0,0.0,0.0,0.0,0.1328934967012253,5,5
1770321396009,0.8095406727206241,0.3415828219710332,0.0,0.0,0.0,0.0,1,0.06601099069913274,0.0,0.0,0.0,0.0,0.0,0.13152985074626866,5,5
1770321396264,0.8058359751764176,0.2335158626418538,0.0,0.0,0.0,0.0,1,0.06881476878247489,0.49019607843137253,0.0,0.0,0.0,0.0,0.1301939058171745,5,5
1770321396520,0.8083953194319008,0.2528745266442912,0.0,0.0,0.0,0.0,0,0.06205846406459673,0.0,0.0,0.0,0.0,0.0,0.12979890310786102,5,5
1770321396776,0.8311629641140331,0.26168906980684276,0.0,0.0,0.0,0.0,1,0.06699870502220992,0.0,0.0,0.0,0.0,0.0,0.12850678733031673,5,5
1770321397031,0.831895095215417,0.291423086527714,0.0,0.0,0.0,0.0,0,0.0639232542562455,0.0,0.0,0.0,0.0,0.0,0.12724014336917566,5,5
1770321397285,0.8316158602170185,0.2687402002896596,0.0,0.0,0.0,0.0,1,0.06324772544855735,0.0,0.0,0.0,0.0,0.0,0.12688553682342507,5,5
1770321397541,0.8314494177668353,0.40800640402624744,0.0,0.0,0.0,0.0,1,0.06279032827851226,0.0,0.0,0.0,0.0,0.0,0.12653778558875217,5,5
1770321397797,0.8465132617706954,0.32610305609436513,0.0,0.0,0.0,0.09999999999999998,0,0.06986359383295372,0.0,0.0,0.0,0.0,0.0,0.12532637075718012,5,5
1770321398052,0.849969984972607,0.3241691028777882,0.0,0.0,0.0,0.09090909090909094,1,0.06947177776819312,0.49019607843137253,0.0,0.0,0.0,0.0,0.125,4,5
1770321398307,0.8412014434245402,0.3297878527153925,0.0,0.0,0.0,0.09090909090909094,1,0.06709014747237088,0.0,0.0,0.0,0.0,0.0,0.12382578992314264,5,5
1770321398563,0.850825505942569,0.43747051231621703,0.0,0.0,0.0,0.0,1,0.06769347881815663,0.0,0.0,0.0,0.0,0.0,0.12267343485617599,5,5
1770321398819,0.8530671358891463,0.33527798016252436,0.0,0.0,0.0,0.0,1,0.0744230064063072,0.9765625,0.0,0.0,0.0,0.0,0.12321877619446775,3,5
1770321399074,0.82803455254139,0.3805019278215154,0.0,0.0,0.0,0.0,0,0.06617582786253165,0.0,0.0,0.0,0.0,0.0,0.12209302325581395,4,5
1770321399329,0.8270125891212448,0.4364238428061091,0.0,0.0,0.0,0.0,1,0.0625142018322239,0.0,0.0,0.0,0.0,0.0,0.12098765432098768,5,5
1770321399585,0.8213945732597293,0.28714201713332616,0.0,0.0,0.0,0.0,1,0.07170261886466746,0.0,0.0,0.0,0.0,0.0,0.11990212071778139,5,5
1770321399840,0.8429973959225356,0.3341695766344613,0.0,0.0,0.0,0.0,0,0.06841653060414767,0.0,0.0,0.0,0.0,0.0,0.11883589329021826,5,5
1770321400096,0.8354870002114082,0.37357869692455525,0.0,0.0,0.0,0.0,1,0.06176478080079769,0.0,0.0,0.0,0.0,0.0,0.11858974358974361,5,5
1770321400351,0.8216158602170184,0.41845542445350553,0.0,0.0,0.0,0.0,0,0.06093345277590796,0.0,0.0,0.0,0.0,0.0,0.11755361397934871,5,5
1770321400607,0.8136525684029056,0.4691510067899607,0.0,0.0,0.0,0.0,1,0.05993645616007954,0.0,0.0,0.0,0.0,0.0,0.11653543307086611,5,5
1770321400862,0.8240239326137789,0.317391930469353,0.0,0.0,0.0,0.09090909090909094,1,0.0871297476316687,0.49019607843137253,0.0,0.0,0.0,0.0,0.11553473848555817,5,5
1770321401117,0.8216040682915172,0.40569072753319196,0.0,0.0,0.0,0.0,0,0.07034034474817688,0.0,0.0,0.0,0.0,0.0,0.1153250773993808,5,5
1770321401373,0.8317823026672017,0.3143762929030785,0.0,0.0,0.0,0.0,1,0.06564252348560892,0.0,0.0,0.0,0.0,0.0,0.11435149654643129,5,5
1770321401628,0.8235943452298404,0.28995960295220735,0.0,0.0,0.0,0.09090909090909094,0,0.12026847064547601,0.9803921568627451,0.0,0.0,0.0,0.0,0.11339421613394218,4,5
1770321401883,0.8415191577334458,0.431810618838482,0.0,0.0,0.0,0.11111111111111116,1,0.0900099106491096,0.0,0.0,0.0,0.0,0.0,0.11245283018867924,5,5
1770321402139,0.8467227568024833,0.28341606248651735,0.0,0.0,0.0,0.09090909090909094,0,0.07070777396914657,0.9765625,0.0,0.0,0.0,0.0,0.1130239520958084,3,5
1770321402395,0.8373303034301505,0.40014253068561784,0.0,0.0,0.0,0.0,0,0.062052181197932876,0.0,0.0,0.0,0.0,0.0,0.11210096510764667,4,5
1770321402650,0.8224130621680672,0.4187612471204365,0.0,0.0,0.0,0.0,1,0.06263206529554484,0.0,0.0,0.0,0.0,0.0,0.11192930780559651,5,5
1770321402906,0.8252551159337566,0.35344844002083553,0.0,0.0,0.0,0.0,1,0.06771536226667578,0.0,0.0,0.0,0.0,0.0,0.11102994886778672,5,5
1770321403161,0.8198804052975899,0.295273605831766,0.0,0.0,0.0,0.09090909090909094,1,0.0637667249414598,0.0,0.0,0.0,0.0,0.0,0.11014492753623184,5,5
1770321403416,0.851480678422939,0.45590234442006367,0.0,0.0,0.0,0.0,1,0.06901604396792464,0.0,0.0,0.0,0.0,0.0,0.10927390366642709,5,5
1770321403672,0.8337079836555447,0.36122749779679947,0.0,0.0,0.0,0.09090909090909094,0,0.06594164107395734,0.0,0.0,0.0,0.0,0.0,0.108416547788873,5,5
1770321403927,0.8432935668630664,0.4171162575045345,0.0,0.0,0.0,0.0,1,0.06712462782453353,0.0,0.0,0.0,0.0,0.0,0.10757254069355981,5,5
1770321404183,0.8489070094534841,0.3865865640413328,0.0,0.0,0.0,0.0,1,0.06210731004279166,0.48828125,0.0,0.0,0.0,0.0,0.1067415730337079,5,5
1770321404438,0.8419555927939841,0.40660410256560836,0.0,0.0,0.0,0.0,0,0.06238020002318788,0.0,0.0,0.0,0.0,0.0,0.10592334494773514,5,5
1770321404693,0.8395208330122178,0.3074626222686226,0.0,0.0,0.0,0.09090909090909094,1,0.0691330791243167,0.0,0.0,0.0,0.0,0.0,0.10511756569847852,5,5
1770321404949,0.8511047409409678,0.2969559897427483,0.0,0.0,0.0,0.0,0,0.06585473951843349,0.0,0.0,0.0,0.0,0.0,0.10501029512697324,5,5
1770321405204,0.8400130375542119,0.3697076584950419,0.0,0.0,0.0,0.09090909090909094,1,0.06354716958408484,0.9803921568627451,0.0,0.0,0.0,0.0,0.10422343324250682,3,5
1770321405460,0.8423002696198515,0.38781299857528506,0.0,0.0,0.0,0.0,1,0.0645841702614297,0.0,0.0,0.0,0.0,0.0,0.10412440838404324,5,5
1770321405714,0.8302250821234572,0.3392611060224346,0.0,0.0,0.0,0.0,0,0.06394209958810321,0.0,0.0,0.0,0.0,0.0,0.1033557046979866,5,5
1770321405971,0.8332068909543238,0.3470811203229937,0.0,0.0,0.0,0.09090909090909094,1,0.06356020164091711,0.0,0.0,0.0,0.0,0.0,0.10326449033977347,5,5
1770321406226,0.8243754571162458,0.39801101755637297,0.0,0.0,0.0,0.09090909090909094,0,0.06527015601936029,0.0,0.0,0.0,0.0,0.0,0.10317460317460314,5,5
1770321406481,0.843555865919333,0.46381376679165026,0.0,0.0,0.0,0.0,1,0.06245888027841795,0.0,0.0,0.0,0.0,0.0,0.10308601444517396,5,5
1770321406737,0.8457974958659104,0.2935400883962771,0.0,0.0,0.0,0.0,1,0.06297144755564271,0.0,0.0,0.0,0.0,0.0,0.10234680573663624,5,5
1770321406992,0.8545347767578735,0.3687768105346371,0.0,0.0,0.0,0.0,0,0.06226652639865821,0.0,0.0,0.0,0.0,0.0,0.1022653721682848,5,5
1770321407247,0.8456531675296353,0.3904010660045549,0.0,0.0,0.0,0.0,1,0.06090188975748759,0.49019607843137253,0.0,0.0,0.0,0.0,0.10154241645244211,4,5
1770321407502,0.8553518184173287,0.42841220050333,0.0,0.0,0.0,0.0,1,0.061852030640328674,0.0,0.0,0.0,0.0,0.0,0.10082961072112318,5,5
1770321407758,0.8476586150594191,0.4182922782713892,0.0,0.0,0.0,0.09090909090909094,1,0.06229512809713451,0.0,0.0,0.0,0.0,0.0,0.10012674271229405,5,5
1770321408014,0.8308418711391682,0.4386185942985685,0.0,0.0,0.0,0.09090909090909094,1,0.06787228319433153,0.0,0.0,0.0,0.0,0.0,0.0994336060415355,5,5
1770321408269,0.8266099642542679,0.3796008335535262,0.0,0.0,0.0,0.0,0,0.06492708989551844,0.0,0.0,0.0,0.0,0.0,0.09875,5,5
1770321408524,0.8459326776599899,0.47964902846147456,0.0,0.0,0.0,0.09999999999999998,1,0.06669579686805072,0.0,0.0,0.0,0.0,0.0,0.09807572936064557,5,5
1770321408780,0.8517823026672015,0.3426795833391793,0.0,0.0,0.0,0.09090909090909094,1,0.06503634533218602,0.0,0.0,0.0,0.0,0.0,0.09741060419235514,5,5
1770321409036,0.8557929225948127,0.4978928796502082,0.0,0.0,0.0,0.0,0,0.062206180583123,0.0,0.0,0.0,0.0,0.0,0.09675443968156772,5,5
1770321409291,0.871035000974357,0.5172158882478537,0.0,0.0,0.0,0.0,1,0.06492256251859634,0.49019607843137253,0.0,0.0,0.0,0.0,0.09610705596107061,5,5
1770321409546,0.8746045167244842,0.33696070437847436,0.0,0.0,0.0,0.09090909090909094,0,0.06390809631752738,0.0,0.0,0.0,0.0,0.0,0.09607250755287011,5,5
1770321409801,0.8701212568313296,0.3813440410166996,0.0,0.0,0.0,0.0,1,0.06298314463132292,0.0,0.0,0.0,0.0,0.0,0.095438175270108,5,5
1770321410057,0.8686851517506621,0.35824079056632224,0.0,0.0,0.0,0.0,1,0.06276673657932094,0.0,0.0,0.0,0.0,0.0,0.0948121645796064,5,5
1770321410312,0.8669813284651411,0.4257569132432573,0.0,0.0,0.0,0.0,0,0.061033203906501424,0.9803921568627451,0.0,0.0,0.0,0.0,0.09419431279620849,4,5
1770321410568,0.8712014434245402,0.34960999674296456,0.0,0.0,0.0,0.0,1,0.06217882521986852,0.0,0.0,0.0,0.0,0.0,0.09358446144791055,5,5
1770321410823,0.8657544432843056,0.2760992050827603,0.0,0.0,0.0,0.0,0,0.06900624138083994,0.0,0.0,0.0,0.0,0.0,0.09298245614035083,5,5
1770321411078,0.8595044678156186,0.4587855464095992,0.0,0.0,0.0,0.0,1,0.07039502998604631,0.0,0.0,0.0,0.0,0.0,0.09238814642649618,5,5
1770321411334,0.8461955474617895,0.517444487439002,0.0,0.0,0.0,0.0,1,0.06958951877951815,0.9765625,0.0,0.0,0.0,0.0,0.09180138568129326,5,5
1770321411590,0.8525723818096946,0.41047637736886206,0.0,0.0,0.0,0.0,0,0.0650230053231505,0.0,0.0,0.0,0.0,0.0,0.09122203098106707,5,5
1770321411845,0.8404971943133006,0.44015436440566436,0.0,0.0,0.0,0.0,1,0.06205927412156422,0.0,0.0,0.0,0.0,0.0,0.09064994298745721,5,5
1770321412101,0.832905266710061,0.3834618195867919,0.0,0.0,0.0,0.0,1,0.06844812073326621,0.0,0.0,0.0,0.0,0.0,0.09008498583569402,5,5
1770321412356,0.8506205841818789,0.38554389734400457,0.0,0.0,0.0,0.09090909090909094,1,0.07566703619775526,0.0,0.0,0.0,0.0,0.0,0.08952702702702697,5,5
1770321412612,0.870760339247056,0.44039969322810957,0.0,0.0,0.0,0.0,1,0.07270998951189095,0.0,0.0,0.0,0.0,0.0,0.08897593732512588,5,5
1770321412867,0.8654485209009009,0.45070897289096257,0.0,0.0,0.0,0.0,0,0.0693953725710093,0.0,0.0,0.0,0.0,0.0,0.08843159065628481,5,5
1770321413122,0.8702761824879671,0.4043327475290646,0.0,0.0,0.0,0.0,1,0.07559280608985795,0.0,0.0,0.0,0.0,0.0,0.08844665561083476,5,5
1770321413378,0.8796686358603001,0.4514952409478415,0.0,0.0,0.0,0.0,1,0.06437947511825795,0.48828125,0.0,0.0,0.0,0.0,0.08791208791208793,5,5
1770321413633,0.892018485083995,0.3808321171809372,0.0,0.0,0.0,0.0,0,0.06338629263955425,0.0,0.0,0.0,0.0,0.0,0.08738394320043696,5,5
1770321413889,0.867798370124596,0.3668887599140728,0.0,0.0,0.0,0.0,1,0.06408760182193186,0.9765625,0.0,0.0,0.0,0.0,0.08686210640608039,3,5
1770321414144,0.8517392500855965,0.5007519149176629,0.0,0.0,0.0,0.0,0,0.0627651508531322,0.0,0.0,0.0,0.0,0.0,0.08634646519158118,4,5
1770321414399,0.8596686358603,0.4101742644424799,0.0,0.0,0.0,0.0,1,0.061568724836771775,0.0,0.0,0.0,0.0,0.0,0.08637339055793991,5,5
1770321414655,0.8568194592860557,0.41282086121497397,0.0,0.0,0.0,0.0,1,0.05936528451389582,0.0,0.0,0.0,0.0,0.0,0.08586666666666665,5,5
1770321414910,0.8468846259815687,0.413745471538325,0.0,0.0,0.0,0.09090909090909094,0,0.06431750587687948,0.0,0.0,0.0,0.0,0.0,0.08589607635206786,5,5
1770321415166,0.8591959958947565,0.37655144928136114,0.0,0.0,0.0,0.0,1,0.06316988590170446,0.0,0.0,0.0,0.0,0.0,0.08539799683711125,5,5
1770321415421,0.8557929225948127,0.4741383175324155,0.0,0.0,0.0,0.0,0,0.06823958472261012,0.0,0.0,0.0,0.0,0.0,0.08490566037735847,5,5
1770321415676,0.85823947430208,0.3553395198845931,0.0,0.0,0.0,0.0,1,0.06516233645427359,0.0,0.0,0.0,0.0,0.0,0.08441896821261075,5,5
1770321415932,0.8814376258413338,0.5011030529321174,0.0,0.0,0.0,0.0,1,0.06916620885060405,0.48828125,0.0,0.0,0.0,0.0,0.0839378238341969,5,5
1770321416187,0.8920451724690012,0.3169026973430563,0.0,0.0,0.0,0.0,0,0.06306221629526822,0.0,0.0,0.0,0.0,0.0,0.08346213292117466,5,5
1770321416442,0.9000782042497245,0.4139742339937626,0.0,0.0,0.0,0.0,1,0.059856115623244784,0.0,0.0,0.0,0.0,0.0,0.08350409836065575,5,5
1770321416698,0.903577980033241,0.46377061110475487,0.0,0.0,0.0,0.0,1,0.06268999094899128,0.0,0.0,0.0,0.0,0.0,0.08303616912888434,5,5
1770321416953,0.8842716318241179,0.33670358507030496,0.0,0.0,0.0,0.0,1,0.06209788365309418,0.0,0.0,0.0,0.0,0.0,0.08308004052684903,5,5
1770321417210,0.8831799284373619,0.6264103330724787,0.0,0.0,0.0,0.0,1,0.0643907749903665,0.0,0.0,0.0,0.0,0.0,0.0826196473551637,5,5
1770321417464,0.8923628867779068,0.39473190345532705,0.0,0.0,0.0,0.0,0,0.0658068599446532,0.0,0.0,0.0,0.0,0.0,0.08266533066132264,5,5
1770321417719,0.8826957716782731,0.36427145306361197,0.0,0.0,0.0,0.0,1,0.06932859964648462,0.0,0.0,0.0,0.0,0.0,0.08271051320378675,5,5
1770321417975,0.8820882250506058,0.4129712721481824,0.0,0.0,0.0,0.0,1,0.06688532114293776,0.48828125,0.0,0.0,0.0,0.0,0.0827552031714569,5,5
1770321418230,0.890787026632062,0.37711274764592084,0.0,0.0,0.0,0.0,0,0.06291629516281223,0.0,0.0,0.0,0.0,0.0,0.08230655495317896,5,5
1770321418486,0.8785453966854847,0.45341998044461396,0.0,0.0,0.0,0.0,1,0.06203530539983545,0.0,0.0,0.0,0.0,0.0,0.08186274509803926,5,5
1770321418741,0.8945614641428793,0.455800160130428,0.0,0.0,0.0,0.0,0,0.06056583276280821,0.0,0.0,0.0,0.0,0.0,0.08142369575816677,5,5
1770321418997,0.8978947974762127,0.4576595569923805,0.0,0.0,0.0,0.09090909090909094,1,0.061106014886174544,0.0,0.0,0.0,0.0,0.0,0.08147429679922402,5,5
1770321419253,0.8888782815858509,0.5570965684404596,0.0,0.0,0.0,0.09090909090909094,1,0.0655257390492462,0.0,0.0,0.0,0.0,0.0,0.08104196816208398,5,5
1770321419508,0.8947012192080568,0.5196465689953945,0.0,0.0,0.0,0.0,0,0.06682206041180452,0.0,0.0,0.0,0.0,0.0,0.08061420345489445,5,5
1770321419763,0.899969984972607,0.6281486627763591,0.0,0.0,0.0,0.0,1,0.0630764701709955,0.0,0.0,0.0,0.0,0.0,0.08019093078758954,5,5
1770321420018,0.8991529433131517,0.4493912794535288,0.0,0.0,0.0,0.0,0,0.06419751363917603,0.49019607843137253,0.0,0.0,0.0,0.0,0.07977207977207978,5,5
1770321420274,0.8767135144144397,0.31813434604347557,0.0,0.0,0.0,0.0,1,0.06986933127854227,0.0,0.0,0.0,0.0,0.0,0.08030231459612658,5,5
1770321420529,0.8797139628474067,0.4665652239157647,0.0,0.0,0.0,0.0,1,0.06714415355982763,0.0,0.0,0.0,0.0,0.0,0.07988721804511278,5,5
1770321420784,0.874305442017679,0.37486134280211547,0.0,0.0,0.0,0.0,0,0.06075552085287237,0.0,0.0,0.0,0.0,0.0,0.07994389901823284,5,5
1770321421040,0.8723628867779069,0.419660681354991,0.0,0.0,0.0,0.0,1,0.06004516046285932,0.0,0.0,0.0,0.0,0.0,0.0795348837209302,5,5
1770321421295,0.8603459224545779,0.32334898606395057,0.0,0.0,0.0,0.0,1,0.06262212096958303,0.0,0.0,0.0,0.0,0.0,0.0791300323924109,5,5
1770321421551,0.865421558383939,0.4103702989156051,0.0,0.0,0.0,0.0,1,0.06259209142433296,0.0,0.0,0.0,0.0,0.0,0.0787292817679558,5,5
1770321421806,0.8679809026394222,0.5419842806796579,0.0,0.0,0.0,0.0,1,0.06203955217543487,0.0,0.0,0.0,0.0,0.0,0.07833256985799364,5,5
1770321422062,0.8681042925080004,0.41812368175221787,0.0,0.0,0.0,0.0,0,0.06307128373219932,0.48828125,0.0,0.0,0.0,0.0,0.07793983591613496,5,5
1770321422318,0.8782009949915728,0.3644656765757343,0.0,0.0,0.0,0.0,1,0.06619136634843448,0.0,0.0,0.0,0.0,0.0,0.07755102040816331,5,5
1770321422573,0.8936792557879111,0.34976986352804573,0.0,0.0,0.0,0.0,1,0.06512293482162328,0.0,0.0,0.0,0.0,0.0,0.07716606498194944,5,5
1770321422828,0.8665714849437606,0.3610362493965887,0.0,0.0,0.0,0.0,0,0.062235843450473186,0.0,0.0,0.0,0.0,0.0,0.07678491243825769,5,5
1770321423084,0.8613678858747233,0.5828451729417455,0.0,0.0,0.0,0.0,1,0.06584076956032113,0.0,0.0,0.0,0.0,0.0,0.07640750670241292,5,5
1770321423339,0.8578947974762127,0.3772427264736615,0.0,0.0,0.0,0.0,0,0.06807618044551218,0.0,0.0,0.0,0.0,0.0,0.07647843485993777,5,5
1770321423594,0.8622234068446855,0.3591345990724251,0.0,0.0,0.0,0.0,1,0.06280449336799862,0.0,0.0,0.0,0.0,0.0,0.07654867256637166,5,5
1770321423849,0.8709652610077463,0.4248010965185295,0.0,0.0,0.0,0.0,1,0.05980039210974586,0.0,0.0,0.0,0.0,0.0,0.07661822985468958,5,5
1770321424105,0.8805508442152681,0.39155098632519264,0.0,0.0,0.0,0.0,0,0.06076916748523832,0.48828125,0.0,0.0,0.0,0.0,0.0762489044697634,5,5
1770321424360,0.8718089900522072,0.373109406762034,0.0,0.0,0.0,0.0,1,0.0680468401585422,0.0,0.0,0.0,0.0,0.0,0.07588312254688179,5,5
1770321424616,0.868851594200845,0.43718804297821817,0.0,0.0,0.0,0.0,0,0.06360470977298721,0.0,0.0,0.0,0.0,0.0,0.07595486111111116,5,5
1770321424872,0.8689213341674557,0.5043874076783211,0.0,0.0,0.0,0.0,0,0.060770231327796576,0.9765625,0.0,0.0,0.0,0.0,0.0755939524838013,4,5
1770321425126,0.8861955474617894,0.5108518894894178,0.0,0.0,0.0,0.0,1,0.06775623929767993,0.0,0.0,0.0,0.0,0.0,0.07523645743766127,5,5
1770321425382,0.890109740037784,0.5601462016050998,0.0,0.0,0.0,0.0,0,0.06309245653321029,0.0,0.0,0.0,0.0,0.0,0.07488232777064607,5,5
1770321425637,0.878200994991573,0.5912600174766025,0.0,0.0,0.0,0.0,1,0.06854188592968063,0.0,0.0,0.0,0.0,0.0,0.07453151618398635,5,5
1770321425893,0.8849374016248504,0.43978502494727734,0.0,0.0,0.0,0.09090909090909094,1,0.06311325083049323,0.0,0.0,0.0,0.0,0.0,0.0741839762611276,5,5
1770321426149,0.8656264801446293,0.4832792499601283,0.0,0.0,0.0,0.0,1,0.06779156132800557,0.0,0.0,0.0,0.0,0.0,0.07383966244725737,5,5
1770321426404,0.8730671358891462,0.5315716584871256,0.0,0.0,0.0,0.0,1,0.06589004362111839,0.0,0.0,0.0,0.0,0.0,0.07349853002939943,5,5
1770321426659,0.871162964114033,0.37974066109030896,0.0,0.0,0.0,0.0,0,0.062115360674932764,0.49019607843137253,0.0,0.0,0.0,0.0,0.07316053511705689,4,5
1770321426914,0.8755449482525177,0.41053270442963835,0.0,0.0,0.0,0.0,1,0.06027544641673292,0.0,0.0,0.0,0.0,0.0,0.07282563462338743,5,5
1770321427170,0.8805508442152681,0.36981589374851614,0.0,0.0,0.0,0.09090909090909094,1,0.06330752691452336,0.0,0.0,0.0,0.0,0.0,0.07249378624689318,5,5
1770321427425,0.8638841775486015,0.4457456046207568,0.0,0.0,0.0,0.0,0,0.06485845376374164,0.0,0.0,0.0,0.0,0.0,0.07216494845360821,5,5
1770321427681,0.8613678858747235,0.54116887670459,0.0,0.0,0.0,0.0,1,0.062109229252542864,0.9765625,0.0,0.0,0.0,0.0,0.07183908045977017,3,5
1770321427936,0.8631101884707512,0.49941201151363496,0.0,0.0,0.0,0.09090909090909094,0,0.06072707377095675,0.0,0.0,0.0,0.0,0.0,0.0719248058847568,4,5
1770321428192,0.8829006934389633,0.3054958805870468,0.0,0.0,0.0,0.0,1,0.0623305385548065,0.0,0.0,0.0,0.0,0.0,0.0720097640358015,5,5
1770321428447,0.8938841775486013,0.5407686524825795,0.0,0.0,0.0,0.09090909090909094,1,0.061803270640532516,0.0,0.0,0.0,0.0,0.0,0.07168894289185901,5,5
1770321428702,0.8904110891500908,0.38843632874630657,0.0,0.0,0.0,0.0,0,0.06029909114244486,0.0,0.0,0.0,0.0,0.0,0.07137096774193552,5,5
1770321428959,0.8817122875686348,0.5008429575881831,0.0,0.0,0.0,0.0,1,0.05972564006231789,0.0,0.0,0.0,0.0,0.0,0.07105580088317942,5,5
1770321429213,0.8657300303048013,0.5102682864278764,0.0,0.0,0.0,0.0,0,0.07253210373588777,0.0,0.0,0.0,0.0,0.0,0.07074340527577938,5,5
1770321429469,0.8481042925080008,0.25667833468082957,0.0,0.0,0.0,0.0,1,0.06461295111642973,0.0,0.0,0.0,0.0,0.0,0.07122960604854756,5,5
1770321429725,0.8695719333767278,0.4065587493039081,0.0,0.0,0.0,0.0,1,0.06320689703514132,0.48828125,0.0,0.0,0.0,0.0,0.07091917591125196,5,5
1770321429980,0.8670125891212447,0.441465615018355,0.0,0.0,0.0,0.09090909090909094,0,0.06675127131320284,0.0,0.0,0.0,0.0,0.0,0.07061143984220908,5,5
1770321430236,0.8887118391356676,0.3644372164125069,0.0,0.0,0.0,0.0,1,0.07332162216859192,0.0,0.0,0.0,0.0,0.0,0.0706991358994501,5,5
1770321430491,0.8791262559281459,0.5075488465924748,0.0,0.0,0.0,0.0,1,0.06433798113438817,0.0,0.0,0.0,0.0,0.0,0.0703949941337505,5,5
1770321430746,0.8749374016248505,0.3836815386392484,0.0,0.0,0.0,0.09090909090909094,1,0.09073592918482934,0.0,0.0,0.0,0.0,0.0,0.07048286604361376,5,5
1770321431001,0.8694591408285122,0.44161605682713684,0.0,0.0,0.0,0.0,1,0.0753266597726179,0.0,0.0,0.0,0.0,0.0,0.07018224117875149,5,5
1770321431256,0.8751853759671454,0.4748683816384514,0.0,0.0,0.0,0.0,0,0.06727603277089528,0.9803921568627451,0.0,0.0,0.0,0.0,0.0698841698841699,3,5
1770321431512,0.8762073393872903,0.41808207384859236,0.0,0.0,0.0,0.0,0,0.0633467885234821,0.0,0.0,0.0,0.0,0.0,0.06958861976163011,4,5
1770321431768,0.8710350009743567,0.41997060750392096,0.0,0.0,0.0,0.0,1,0.06237208634603743,0.0,0.0,0.0,0.0,0.0,0.06929555895865236,5,5
1770321432023,0.8698035425224236,0.37651159030869563,0.0,0.0,0.0,0.0,0,0.07064179035796515,0.0,0.0,0.0,0.0,0.0,0.06900495615707203,5,5
1770321432279,0.8831368758557571,0.4063712128634064,0.0,0.0,0.0,0.0,1,0.0688864536284023,0.0,0.0,0.0,0.0,0.0,0.06871678056188302,5,5
1770321432533,0.8682125117851183,0.42972493065255346,0.0,0.0,0.0,0.09090909090909094,0,0.06483905520717545,0.0,0.0,0.0,0.0,0.0,0.06843100189035922,5,5
1770321432790,0.8785884492670893,0.401287651861196,0.0,0.0,0.0,0.09090909090909094,1,0.06701002763423232,0.0,0.0,0.0,0.0,0.0,0.0681475903614458,5,5
1770321433045,0.8720882250506058,0.49784642208144847,0.0,0.0,0.0,0.0,1,0.06279418473358722,0.0,0.0,0.0,0.0,0.0,0.06786651668541432,5,5
1770321433300,0.8772220841530326,0.4157716687202045,0.0,0.0,0.0,0.0,0,0.06051536694240841,0.49019607843137253,0.0,0.0,0.0,0.0,0.06796116504854366,4,5
1770321433555,0.8814376258413339,0.4874950021021652,0.0,0.0,0.0,0.0,1,0.059085677317604106,0.0,0.0,0.0,0.0,0.0,0.0676831535886947,5,5
1770321433811,0.8822546675007891,0.4923125254505177,0.0,0.0,0.0,0.0,0,0.061627041114158905,0.0,0.0,0.0,0.0,0.0,0.06740740740740736,5,5
1770321434067,0.8841203599653953,0.5564396437844201,0.0,0.0,0.0,0.0,1,0.06340674818159978,0.0,0.0,0.0,0.0,0.0,0.06713389893028399,5,5
1770321434322,0.8966366516392735,0.37204939351795385,0.0,0.0,0.0,0.0,1,0.059747735879458946,0.0,0.0,0.0,0.0,0.0,0.06722997795738428,5,5
1770321434577,0.9115994950204193,0.37450820225098663,0.0,0.0,0.0,0.0,0,0.06519716659702893,0.0,0.0,0.0,0.0,0.0,0.06732528357116718,5,5
1770321434833,0.9070777558167575,0.47125960474838197,0.0,0.0,0.0,0.0,1,0.062055348954872726,0.0,0.0,0.0,0.0,0.0,0.06705539358600587,5,5
1770321435088,0.8892926983783291,0.5011463685596529,0.0,0.0,0.0,0.0,1,0.06638385375783913,0.0,0.0,0.0,0.0,0.0,0.06678765880217785,5,5
1770321435344,0.8976201357489119,0.3056356047318693,0.0,0.0,0.0,0.0,1,0.07021592735015339,0.48828125,0.0,0.0,0.0,0.0,0.06652205350686913,4,5
1770321435599,0.8816471208731221,0.4292840659253796,0.0,0.0,0.0,0.0,1,0.0693208106514215,0.0,0.0,0.0,0.0,0.0,0.06625855239467049,5,5
1770321435855,0.8715773809065114,0.5106936132215134,0.0,0.0,0.0,0.0,0,0.0638103172422284,0.0,0.0,0.0,0.0,0.0,0.06599713055954093,5,5
1770321436110,0.8766366516392736,0.3917844563985982,0.0,0.0,0.0,0.0,1,0.06994183261416169,0.0,0.0,0.0,0.0,0.0,0.06573776348695959,5,5
1770321436366,0.88252932922809,0.38126968498434394,0.0,0.0,0.0,0.0,1,0.06817548466123223,0.0,0.0,0.0,0.0,0.0,0.0658362989323843,5,5
1770321436621,0.8885453966854845,0.37841147581104845,0.0,0.0,0.0,0.0,0,0.0669310222770761,0.0,0.0,0.0,0.0,0.0,0.065579581708614,5,5
1770321436876,0.8766797042208783,0.5017387373321041,0.0,0.0,0.0,0.0,1,0.06844065989744279,0.0,0.0,0.0,0.0,0.0,0.06532485875706218,5,5
1770321437131,0.8858626625614231,0.4057314594240759,0.0,0.0,0.0,0.0,0,0.07070345195854424,0.0,0.0,0.0,0.0,0.0,0.06542384804783674,5,5
1770321437387,0.883787475065029,0.5984609867012249,0.0,0.0,0.0,0.0,1,0.06871588118563685,0.48828125,0.0,0.0,0.0,0.0,0.06517168885774349,5,5
1770321437642,0.8847442717896614,0.4061263820888405,0.0,0.0,0.0,0.0,1,0.06850188569273141,0.0,0.0,0.0,0.0,0.0,0.06492146596858639,5,5
1770321437898,0.8859208857344886,0.4832473110447036,0.0,0.0,0.0,0.09090909090909094,0,0.061891224617950144,0.0,0.0,0.0,0.0,0.0,0.06502086230876214,5,5
1770321438154,0.8782707349581838,0.3393197109195126,0.0,0.0,0.0,0.0,1,0.060992877845114625,0.9765625,0.0,0.0,0.0,0.0,0.06477312088673359,3,5
1770321438408,0.8774536932987288,0.46785730337253395,0.0,0.0,0.0,0.0,0,0.06746009609158177,0.0,0.0,0.0,0.0,0.0,0.06452726017943411,4,5
1770321438664,0.8733033183059402,0.4738808994930002,0.0,0.0,0.0,0.0,1,0.07132415965203434,0.0,0.0,0.0,0.0,0.0,0.06462701959436234,5,5
1770321438920,0.8664702091890905,0.5079123517019014,0.0,0.0,0.0,0.0,1,0.077621500290964,0.0,0.0,0.0,0.0,0.0,0.06438356164383563,5,5
1770321439175,0.8512711833911508,0.5577313118968302,0.0,0.0,0.0,0.0,0,0.06676232276384422,0.0,0.0,0.0,0.0,0.0,0.06414193108154209,5,5
1770321439430,0.8698035425224236,0.4723702833974272,0.0,0.0,0.0,0.0,1,0.07323382506856382,0.9803921568627451,0.0,0.0,0.0,0.0,0.06390210740992519,4,5
1770321439685,0.8766099642542676,0.4114868858925656,0.0,0.0,0.0,0.0,1,0.06495910933441312,0.0,0.0,0.0,0.0,0.0,0.06366407043684386,5,5
1770321439941,0.869738375826911,0.3310384676625558,0.0,0.0,0.0,0.0,1,0.06513053325439173,0.0,0.0,0.0,0.0,0.0,0.06443994601889336,5,5
1770321440196,0.8611629641140331,0.5381565274074369,0.0,0.0,0.0,0.0,1,0.06707192468486786,0.9803921568627451,0.0,0.0,0.0,0.0,0.06453781512605039,5,5
1770321440452,0.8437945978735844,0.5893341315237925,0.0,0.0,0.0,0.09090909090909094,0,0.06262815880510153,0.0,0.0,0.0,0.0,0.0,0.0643000669792364,5,5
1770321440708,0.8529775562141294,0.47774403912732494,0.0,0.0,0.0,0.0,1,0.06265262555468737,0.0,0.0,0.0,0.0,0.0,0.06439773106439772,5,5
1770321440962,0.8535128133377282,0.4834713790975229,0.0,0.0,0.0,0.0,1,0.05944929364528022,0.0,0.0,0.0,0.0,0.0,0.06416223404255317,5,5
1770321441218,0.851685600183629,0.5517885751090164,0.0,0.0,0.0,0.0,0,0.06300415345966097,0.0,0.0,0.0,0.0,0.0,0.06392845313017559,5,5
1770321441474,0.8529052667100613,0.45771444865959976,0.0,0.0,0.0,0.0,1,0.06054602425355869,0.0,0.0,0.0,0.0,0.0,0.06369636963696368,5,5
1770321441729,0.8591959958947569,0.4465980337294377,0.0,0.0,0.0,0.0,0,0.06318668567419788,0.0,0.0,0.0,0.0,0.0,0.06346596514304503,5,5
1770321441985,0.8650456209019682,0.525066610776918,0.0,0.0,0.0,0.18181818181818177,1,0.0617760506987357,0.0,0.0,0.0,0.0,0.0,0.06323722149410227,5,5
1770321442240,0.8523628867779067,0.5154044005454796,0.0,0.0,0.0,0.0,1,0.06132255417768268,0.49019607843137253,0.0,0.0,0.0,0.0,0.06301012079660462,5,5
1770321442496,0.8477016676410236,0.4312406970450085,0.0,0.0,0.0,0.09090909090909094,0,0.060867905373127314,0.0,0.0,0.0,0.0,0.0,0.06278464541314244,5,5
1770321442750,0.861035000974357,0.5127095662573179,0.0,0.0,0.0,0.0,1,0.06123224171338948,0.0,0.0,0.0,0.0,0.0,0.06256077795786064,5,5
1770321443007,0.8677714076076345,0.5463440822356647,0.0,0.0,0.0,0.0,0,0.07238919690175298,0.0,0.0,0.0,0.0,0.0,0.0623385012919897,5,5
1770321443261,0.8774536932987288,0.45439976924701747,0.0,0.0,0.0,0.09090909090909094,1,0.08219831556279779,0.0,0.0,0.0,0.0,0.0,0.06243965239781135,5,5
1770321443517,0.8820451724690009,0.4109871430453808,0.0,0.0,0.0,0.0,1,0.0936771246009566,0.0,0.0,0.0,0.0,0.0,0.06221937139191791,5,5
1770321443773,0.8760291050116064,0.2853846342998257,0.0,0.0,0.0,0.0,0,0.14240490521938814,0.0,0.0,0.0,0.0,0.0,0.06232023010546506,5,5
1770321444028,0.8856962201112403,0.4158354447975465,0.0,0.0,0.0,0.0,1,0.08847013605001491,0.49019607843137253,0.0,0.0,0.0,0.0,0.06210191082802552,4,5
1770321444283,0.8790295534445736,0.3940410697206897,0.0,0.0,0.0,0.0,1,0.069651027485361,0.0,0.0,0.0,0.0,0.0,0.06251983497302449,5,5
1770321444538,0.8898035425224238,0.5574434640751247,0.0,0.0,0.0,0.0,1,0.06943962460253698,0.0,0.0,0.0,0.0,0.0,0.06230234029095505,5,5
1770321444794,0.8930134859871789,0.4306056650076028,0.0,0.0,0.0,0.0,1,0.06568644951587022,0.0,0.0,0.0,0.0,0.0,0.06240151276394579,5,5
1770321445050,0.8946045167244843,0.4109091539003807,0.0,0.0,0.0,0.0,0,0.07070373403268616,0.0,0.0,0.0,0.0,0.0,0.06218592964824121,5,5
1770321445304,0.8991529433131517,0.3830155914384458,0.0,0.0,0.0,0.0,1,0.06715234155083889,0.0,0.0,0.0,0.0,0.0,0.06197183098591552,5,5
1770321445560,0.9053785058023346,0.5468288170377377,0.0,0.0,0.0,0.09090909090909094,1,0.06904763818721601,0.0,0.0,0.0,0.0,0.0,0.06175920149719272,5,5
1770321445816,0.9034697607561235,0.5526909047992042,0.0,0.0,0.0,0.0,0,0.06606163810462677,0.0,0.0,0.0,0.0,0.0,0.06154802611128385,5,5
1770321446071,0.9031368758557571,0.4276263590205553,0.0,0.0,0.0,0.0,1,0.06614479054712524,0.49019607843137253,0.0,0.0,0.0,0.0,0.06164807930607186,4,5
1770321446327,0.8978296307806997,0.47004360762841224,0.0,0.0,0.0,0.0,0,0.06354655407162872,0.0,0.0,0.0,0.0,0.0,0.061438715652979314,5,5
1770321446581,0.8924595892614791,0.5162880240459864,0.0,0.0,0.0,0.09090909090909094,1,0.0711329486721825,0.0,0.0,0.0,0.0,0.0,0.0612307692307692,5,5
1770321446838,0.8736095158213006,0.29625906896088666,0.0,0.0,0.0,0.0,1,0.06590174988506382,0.0,0.0,0.0,0.0,0.0,0.06102422569763877,5,5
1770321447092,0.8764004692224799,0.3970947416159877,0.0,0.0,0.0,0.0,0,0.06483719410226116,0.0,0.0,0.0,0.0,0.0,0.060819070904645445,5,5
1770321447348,0.8570510684317519,0.4683963299609474,0.0,0.0,0.0,0.0,1,0.06396172858571585,0.0,0.0,0.0,0.0,0.0,0.060615290892476414,5,5
1770321447604,0.8720184850839954,0.5336527072562859,0.0,0.0,0.0,0.0,0,0.06503844894680505,0.0,0.0,0.0,0.0,0.0,0.060412871888281705,5,5
1770321447860,0.8747396985185638,0.412791002994499,0.0,0.0,0.0,0.0,1,0.06228816349169625,0.0,0.0,0.0,0.0,0.0,0.060211800302571894,5,5
1770321448115,0.876771833433353,0.44535797455206716,0.0,0.0,0.0,0.0,1,0.06607296031946668,0.49019607843137253,0.0,0.0,0.0,0.0,0.060012062726176096,4,5
1770321448373,0.8824165366798741,0.4981339780468988,0.0,0.0,0.0,0.0,0,0.0621097284182376,0.0,0.0,0.0,0.0,0.0,0.059813645927261794,5,5
1770321448626,0.8689598134779627,0.4482050185460184,0.0,0.0,0.0,0.0,1,0.06286073678681153,0.0,0.0,0.0,0.0,0.0,0.05961653684841217,5,5
1770321448881,0.8657544432843056,0.6241596583839036,0.0,0.0,0.0,0.0,1,0.061708176888795235,0.0,0.0,0.0,0.0,0.0,0.0594207226037623,5,5
1770321449136,0.8636210326148459,0.4697895808474579,0.0,0.0,0.0,0.0,1,0.07314934544369867,0.0,0.0,0.0,0.0,0.0,0.059523809523809534,5,5
1770321449392,0.8701794800043947,0.3877010038725805,0.0,0.0,0.0,0.0,1,0.07046142837310068,0.0,0.0,0.0,0.0,0.0,0.05932957579353304,5,5
1770321449647,0.8657544432843055,0.5377177218932225,0.0,0.0,0.0,0.09090909090909094,0,0.06999432728380559,0.0,0.0,0.0,0.0,0.0,0.05913660555884093,5,5
1770321449903,0.8684756567188738,0.39699753004652405,0.0,0.0,0.0,0.0,1,0.0786782488818035,0.0,0.0,0.0,0.0,0.0,0.05894488653109342,5,5
1770321450158,0.8580193819499294,0.4784755414255664,0.0,0.0,0.0,0.0,1,0.06879111816587283,0.49019607843137253,0.0,0.0,0.0,0.0,0.05875440658049358,5,5
1770321450414,0.8606636367634838,0.3950251210744065,0.0,0.0,0.0,0.0,0,0.06674967140765145,0.0,0.0,0.0,0.0,0.0,0.05856515373352855,5,5
1770321450669,0.8742018918575072,0.33064713094009524,0.0,0.0,0.0,0.0,1,0.0652001556086196,0.0,0.0,0.0,0.0,0.0,0.05837711617046115,5,5
1770321450924,0.8651853759671454,0.5980674055202926,0.0,0.0,0.0,0.09090909090909094,0,0.0685669401835323,0.0,0.0,0.0,0.0,0.0,0.05819028222286882,5,5
1770321451180,0.881712287568635,0.4245772225388104,0.0,0.0,0.0,0.0,1,0.06766002940563415,0.0,0.0,0.0,0.0,0.0,0.058004640371229654,5,5
1770321451435,0.8800130375542118,0.2485745915570088,0.0,0.0,0.0,0.0,1,0.06456885035254262,0.0,0.0,0.0,0.0,0.0,0.05810928013876848,5,5
1770321451691,0.8919217826004229,0.36870378943314613,0.0,0.0,0.0,0.0,0,0.06216671535419066,0.0,0.0,0.0,0.0,0.0,0.05850144092219023,5,5
1770321451946,0.905045620901968,0.45754559429910463,0.0,0.0,0.0,0.0,1,0.06395409889786473,0.0,0.0,0.0,0.0,0.0,0.05831657569663895,5,5
1770321452201,0.8993624383449396,0.4085558816925588,0.0,0.0,0.0,0.0,0,0.06861518081899654,0.49019607843137253,0.0,0.0,0.0,0.0,0.05813287514318444,4,5
1770321452457,0.8879378500578174,0.3909606086890801,0.0,0.0,0.0,0.0,1,0.06646278482492554,0.0,0.0,0.0,0.0,0.0,0.0579503282900371,5,5
1770321452712,0.8964702091890904,0.41564249075156984,0.0,0.0,0.0,0.09090909090909094,1,0.061864408165674276,0.0,0.0,0.0,0.0,0.0,0.05805350028457601,5,5
1770321452968,0.8985453966854844,0.5386911133190542,0.0,0.0,0.0,0.0,0,0.06495390887354888,0.0,0.0,0.0,0.0,0.0,0.05787234042553191,5,5
1770321453223,0.9051690107705462,0.4699638856630223,0.0,0.0,0.0,0.0,1,0.07436004100259949,0.0,0.0,0.0,0.0,0.0,0.05769230769230771,5,5
1770321453478,0.8933033183059403,0.5008203124087979,0.0,0.0,0.0,0.0,1,0.06527873261406676,0.0,0.0,0.0,0.0,0.0,0.05751339159853397,5,5
1770321453734,0.8935779800332411,0.5010191876662917,0.0,0.0,0.0,0.09090909090909094,1,0.07015669976294638,0.0,0.0,0.0,0.0,0.0,0.05733558178752107,5,5
1770321453990,0.8898035425224238,0.49152148416610847,0.0,0.0,0.0,0.0,1,0.06381173913198297,0.0,0.0,0.0,0.0,0.0,0.0571588680302606,5,5
1770321454245,0.8746045167244842,0.5085107674284836,0.0,0.0,0.0,0.18181818181818177,0,0.06653918716199676,0.49019607843137253,0.0,0.0,0.0,0.0,0.05698324022346368,5,5
1770321454500,0.8739539175152123,0.48330120179358965,0.0,0.0,0.0,0.09090909090909094,1,0.06442710467239199,0.0,0.0,0.0,0.0,0.0,0.05680868838763575,5,5
1770321454756,0.857701667641024,0.5329645566887035,0.0,0.0,0.0,0.0,1,0.06995281249614006,0.0,0.0,0.0,0.0,0.0,0.05663520266518596,5,5
1770321455012,0.8571208083983626,0.5587697624729829,0.0,0.0,0.0,0.0,0,0.06376224679334137,0.0,0.0,0.0,0.0,0.0,0.05646277331857186,5,5
1770321455266,0.8526690842932672,0.41552943892624905,0.0,0.0,0.0,0.0,0,0.06477859984433201,0.984251968503937,0.0,0.0,0.0,0.0,0.05684326710816778,4,5
1770321455522,0.8473687827406572,0.4471904081538536,0.0,0.0,0.0,0.0,0,0.06163153230718849,0.0,0.0,0.0,0.0,0.0,0.0566712517193948,5,5
1770321455777,0.8514761051518409,0.3273653440558355,0.0,0.0,0.0,0.0,1,0.0641152650556288,0.0,0.0,0.0,0.0,0.0,0.056500274273176054,5,5
1770321456033,0.8491693085097508,0.35757762499948254,0.0,0.0,0.0,0.0,1,0.0615493103099547,0.0,0.0,0.0,0.0,0.0,0.056330325403336046,5,5
1770321456288,0.8495719333767277,0.6127979965986655,0.0,0.0,0.0,0.0,0,0.07144981061526737,0.0,0.0,0.0,0.0,0.0,0.0561613958560524,5,5
1770321456544,0.8718787300188178,0.38313085110903583,0.0,0.0,0.0,0.0,1,0.06896092706697218,0.0,0.0,0.0,0.0,0.0,0.0559934764881761,5,5
1770321456798,0.8833033183059403,0.4036437403792841,0.0,0.0,0.0,0.0,0,0.06383516130707045,0.0,0.0,0.0,0.0,0.0,0.05582655826558269,5,5
1770321457054,0.8794591408285122,0.5178647761861777,0.0,0.0,0.0,0.0,1,0.07021141727024709,0.0,0.0,0.0,0.0,0.0,0.05593082950553907,5,5
1770321457310,0.8809919483927521,0.3640836272236785,0.0,0.0,0.0,0.0,1,0.07435978045659897,0.48828125,0.0,0.0,0.0,0.0,0.055765086206896575,5,5
1770321457565,0.8898035425224236,0.5081571298699024,0.0,0.0,0.0,0.0,0,0.06601967342346829,0.0,0.0,0.0,0.0,0.0,0.055600322320709106,5,5
1770321457821,0.8934697607561234,0.371719686245888,0.0,0.0,0.0,0.0,1,0.06404661397190593,0.0,0.0,0.0,0.0,0.0,0.05543652919121589,5,5
1770321458076,0.8878947974762128,0.4717156088185016,0.0,0.0,0.0,0.0,1,0.06383500759017255,0.0,0.0,0.0,0.0,0.0,0.05527369826435247,5,5
1770321458331,0.8885884492670896,0.4773488958727543,0.0,0.0,0.0,0.0,1,0.06484744095907745,0.0,0.0,0.0,0.0,0.0,0.055111821086262,5,5
1770321458588,0.8974967458803336,0.4172749673404313,0.0,0.0,0.0,0.0,1,0.06399676848936191,0.0,0.0,0.0,0.0,0.0,0.054950889301831674,5,5
1770321458843,0.9001794800043948,0.4519121128275373,0.0,0.0,0.0,0.0,0,0.06840093509532286,0.0,0.0,0.0,0.0,0.0,0.054790894653255706,5,5
1770321459097,0.8860291050116066,0.4757009782162034,0.0,0.0,0.0,0.0,1,0.07985301096459017,0.0,0.0,0.0,0.0,0.0,0.05463182897862229,5,5
1770321459353,0.8945614641428793,0.30125840669183934,0.0,0.0,0.0,0.0,1,0.0674522919415685,0.48828125,0.0,0.0,0.0,0.0,0.05447368421052634,5,5
1770321459608,0.8902446466999077,0.5120736250121559,0.0,0.0,0.0,0.0,0,0.07570605146732101,0.0,0.0,0.0,0.0,0.0,0.05457885069535551,5,5
1770321459864,0.8865132617706952,0.4698261587295702,0.0,0.0,0.0,0.0,1,0.06996994981991818,0.0,0.0,0.0,0.0,0.0,0.05442176870748294,5,5
1770321460119,0.8964702091890905,0.36262576180315836,0.0,0.0,0.0,0.0,0,0.06977746194941126,0.0,0.0,0.0,0.0,0.0,0.0542655883120271,5,5
1770321460375,0.8785884492670896,0.41047024173608415,0.0,0.0,0.0,0.0,1,0.0685865784416767,0.0,0.0,0.0,0.0,0.0,0.054110301768990676,5,5
1770321460629,0.8946045167244844,0.46598129597382565,0.0,0.0,0.0,0.0,1,0.06459702227693058,0.0,0.0,0.0,0.0,0.0,0.05395590142671858,5,5
1770321460886,0.8935128133377283,0.464747667989841,0.0,0.0,0.0,0.0,0,0.06361974232991396,0.0,0.0,0.0,0.0,0.0,0.0538023797206415,5,5
1770321461141,0.8837177350984183,0.49249746764373786,0.0,0.0,0.0,0.09090909090909094,1,0.06359732422887172,0.9803921568627451,0.0,0.0,0.0,0.0,0.05364972917204025,4,5
1770321461397,0.8894591408285122,0.38998350629723405,0.0,0.0,0.0,0.0,0,0.06553805840086785,0.0,0.0,0.0,0.0,0.0,0.053497942386831254,5,5
1770321461652,0.8746314792414458,0.4718790310550376,0.0,0.0,0.0,0.0,1,0.06974527719331476,0.0,0.0,0.0,0.0,0.0,0.053347012054372867,5,5
1770321461907,0.8842601150305726,0.5182719661071118,0.0,0.0,0.0,0.0,1,0.0665454754920482,0.0,0.0,0.0,0.0,0.0,0.05345268542199488,5,5
1770321462162,0.891604068291517,0.48199871654073384,0.0,0.0,0.0,0.09090909090909094,0,0.0634879407822893,0.0,0.0,0.0,0.0,0.0,0.05330272889568988,5,5
1770321462418,0.9013945732597288,0.38843858270036646,0.0,0.0,0.0,0.0,1,0.06486747285002775,0.0,0.0,0.0,0.0,0.0,0.05315361139369279,5,5
1770321462673,0.9010616883593625,0.33480009332007926,0.0,0.0,0.0,0.0,1,0.06271186749433358,0.9803921568627451,0.0,0.0,0.0,0.0,0.05325893989348207,5,5
1770321462929,0.903744422483424,0.5359617029842417,0.0,0.0,0.0,0.0,1,0.06847625670730781,0.0,0.0,0.0,0.0,0.0,0.05311077389984831,5,5
1770321463184,0.8972872508485454,0.43242951261174795,0.0,0.0,0.0,0.0,1,0.06649727659567181,0.0,0.0,0.0,0.0,0.0,0.05296343001261039,5,5
1770321463440,0.890384401765085,0.3552727972909859,0.0,0.0,0.0,0.0,0,0.060873782572789685,0.0,0.0,0.0,0.0,0.0,0.05306841046277666,5,5
1770321463696,0.8948094384851744,0.4760935517309457,0.0,0.0,0.0,0.0,1,0.06474673266808757,0.0,0.0,0.0,0.0,0.0,0.052921996488587864,5,5
1770321463951,0.8842018918575074,0.5058788622062841,0.0,0.0,0.0,0.0,1,0.08196156699549575,0.0,0.0,0.0,0.0,0.0,0.052776388194097024,5,5
1770321464206,0.900787026632062,0.49012616207943543,0.0,0.0,0.0,0.09090909090909094,0,0.07119956159171756,0.0,0.0,0.0,0.0,0.0,0.052631578947368474,5,5
1770321464462,0.9030671358891463,0.5089187633372706,0.0,0.0,0.0,0.0,1,0.07025495514934019,0.48828125,0.0,0.0,0.0,0.0,0.052487562189054704,4,5
1770321464717,0.8903459224545778,0.40935881732198465,0.0,0.0,0.0,0.0,0,0.06893611703157257,0.0,0.0,0.0,0.0,0.0,0.0523443314314066,5,5
1770321464973,0.8811629641140329,0.4735531372931527,0.0,0.0,0.0,0.0,1,0.06847908340271193,0.0,0.0,0.0,0.0,0.0,0.05220188025729833,5,5
1770321465227,0.862045172469001,0.5235153700812266,0.0,0.0,0.0,0.0,1,0.06716076773940635,0.0,0.0,0.0,0.0,0.0,0.052060202319269666,5,5
1770321465483,0.8764004692224797,0.42479331194006464,0.0,0.0,0.0,0.0,0,0.07038886259081789,0.0,0.0,0.0,0.0,0.0,0.05191929133858264,5,5
1770321465738,0.8862340267722968,0.47369133292302973,0.0,0.0,0.0,0.0,1,0.06982980350134106,0.0,0.0,0.0,0.0,0.0,0.05177914110429449,5,5
1770321465994,0.8883092142686907,0.41574870447576895,0.0,0.0,0.0,0.0,0,0.06883719911365244,0.0,0.0,0.0,0.0,0.0,0.05163974547234462,5,5
1770321466249,0.8906205841818787,0.4309812898958474,0.0,0.0,0.0,0.0,1,0.06851491323731312,0.0,0.0,0.0,0.0,0.0,0.051501098364657105,5,5
1770321466505,0.8860291050116064,0.4444902627205939,0.0,0.0,0.0,0.0,1,0.06427130075621519,0.48828125,0.0,0.0,0.0,0.0,0.05136319376825704,4,5
1770321466761,0.900787026632062,0.47985259367497934,0.0,0.0,0.0,0.09090909090909094,0,0.06213385600268322,0.0,0.0,0.0,0.0,0.0,0.0512260257344016,5,5
1770321467015,0.898061239926396,0.43527891822861087,0.0,0.0,0.0,0.0,1,0.06587687397278938,0.0,0.0,0.0,0.0,0.0,0.05108958837772393,5,5
1770321467271,0.8945614641428793,0.5176614653514013,0.0,0.0,0.0,0.18181818181818177,1,0.061435102514737744,0.0,0.0,0.0,0.0,0.0,0.05095387587539246,5,5
1770321467527,0.904228579242513,0.47183934134125494,0.0,0.0,0.0,0.0,1,0.0630917897023815,0.0,0.0,0.0,0.0,0.0,0.0508188824662813,5,5
1770321467781,0.8918787300188179,0.33981208642872773,0.0,0.0,0.0,0.0,1,0.06080728115645474,0.0,0.0,0.0,0.0,0.0,0.05068460245015616,5,5
1770321468037,0.8828039909553909,0.5017250970194881,0.0,0.0,0.0,0.0,0,0.061201284276358806,0.0,0.0,0.0,0.0,0.0,0.050551030186871126,5,5
1770321468293,0.8961373242887243,0.4365695612108131,0.0,0.0,0.0,0.0,1,0.06484625286237419,0.0,0.0,0.0,0.0,0.0,0.05041816009557942,5,5
1770321468549,0.8950456209019682,0.5207815345593912,0.0,0.0,0.0,0.0,1,0.0613757507832481,0.48828125,0.0,0.0,0.0,0.0,0.050285986653956116,5,5
1770321468804,0.8920882250506059,0.43828150258847476,0.0,0.0,0.0,0.09090909090909094,0,0.06488489675498806,0.0,0.0,0.0,0.0,0.0,0.05015450439743285,5,5
1770321469059,0.8904541417316959,0.439308686167434,0.0,0.0,0.0,0.0,1,0.0626255012413949,0.0,0.0,0.0,0.0,0.0,0.05026078710289239,5,5
1770321469315,0.9024862766464853,0.5976672659724594,0.0,0.0,0.0,0.0,0,0.06418212180233855,0.0,0.0,0.0,0.0,0.0,0.05013005438637974,5,5
1770321469570,0.9047279065930627,0.44766319478178035,0.0,0.0,0.0,0.0,1,0.06929851541656865,0.0,0.0,0.0,0.0,0.0,0.050000000000000044,5,5
1770321469826,0.9039539175152124,0.39133197947060894,0.0,0.0,0.0,0.09090909090909094,1,0.06607444363935984,0.0,0.0,0.0,0.0,0.0,0.05034109621265581,5,5
1770321470081,0.902088225050606,0.47369570646113845,0.0,0.0,0.0,0.09090909090909094,0,0.062169548800426425,0.0,0.0,0.0,0.0,0.0,0.050211168465509104,5,5
1770321470336,0.9106205841818789,0.34114291931662555,0.0,0.0,0.0,0.09090909090909094,1,0.06224442464778101,0.0,0.0,0.0,0.0,0.0,0.05008190966534054,5,5
1770321470591,0.9212281308095459,0.4391600485484972,0.0,0.0,0.0,0.09090909090909094,0,0.06498775942324088,0.49019607843137253,0.0,0.0,0.0,0.0,0.04995331465919706,4,5
1770321470847,0.9133033183059402,0.45415554834042565,0.0,0.0,0.0,0.0,1,0.06214084279755555,0.0,0.0,0.0,0.0,0.0,0.04982537834691503,5,5
1770321471102,0.906566911672663,0.5198775113903346,0.0,0.0,0.0,0.09090909090909094,1,0.06073036297998523,0.0,0.0,0.0,0.0,0.0,0.04993032977241063,5,5
1770321471358,0.9044917241762687,0.38824995352228575,0.0,0.0,0.0,0.0,0,0.061782816411624274,0.0,0.0,0.0,0.0,0.0,0.0498031040074125,5,5
1770321471614,0.9122116149191841,0.45262756077945215,0.0,0.0,0.0,0.0,1,0.06192821032087193,0.0,0.0,0.0,0.0,0.0,0.04967652495378927,5,5
1770321471869,0.8951423233855409,0.4246367426552625,0.0,0.0,0.0,0.09090909090909094,1,0.06364761845910953,0.0,0.0,0.0,0.0,0.0,0.04955058769301679,5,5
1770321472123,0.8918356774372133,0.2937615935763739,0.0,0.0,0.0,0.0,1,0.0808150848697374,0.0,0.0,0.0,0.0,0.0,0.050114942528735607,5,5
1770321472380,0.8772441982669409,0.45689922894554147,0.0,0.0,0.0,0.0,1,0.06839128287314893,0.0,0.0,0.0,0.0,0.0,0.04998853473973863,5,5
1770321472635,0.8780612399263961,0.2879125091404883,0.0,0.0,0.0,0.0,0,0.07603265083777638,0.49019607843137253,0.0,0.0,0.0,0.0,0.04986276303751147,4,5
1770321472891,0.8793624383449401,0.54423543878809,0.0,0.0,0.0,0.0,1,0.07130271004104617,0.0,0.0,0.0,0.0,0.0,0.049737622632899825,5,5
1770321473146,0.8779378500578177,0.5321675912809383,0.0,0.0,0.0,0.0,1,0.0657116929459084,0.0,0.0,0.0,0.0,0.0,0.04961310878470637,5,5
1770321473402,0.891228130809546,0.49444935447075483,0.0,0.0,0.0,0.0,0,0.06339566555704913,0.0,0.0,0.0,0.0,0.0,0.049489216799091906,5,5
1770321473656,0.8887118391356679,0.4380389363640119,0.0,0.0,0.0,0.0,1,0.0617207351507433,0.0,0.0,0.0,0.0,0.0,0.04936594202898548,5,5
1770321473912,0.8841634125470001,0.32483374297831336,0.0,0.0,0.0,0.0,0,0.061837069364494915,0.0,0.0,0.0,0.0,0.0,0.04924327987350352,5,5
1770321474167,0.8826957716782731,0.3532486296088463,0.0,0.0,0.0,0.0,1,0.05990239375428308,0.0,0.0,0.0,0.0,0.0,0.04912122577737721,5,5
1770321474423,0.8758626625614233,0.5088769762680477,0.0,0.0,0.0,0.0,1,0.06380803087612369,0.0,0.0,0.0,0.0,0.0,0.0489997752303889,5,5
1770321474678,0.89483612587018,0.3928578496652757,0.0,0.0,0.0,0.09090909090909094,0,0.06489408978503147,0.49019607843137253,0.0,0.0,0.0,0.0,0.04887892376681613,5,5
1770321474933,0.8931368758557567,0.42947024770087483,0.0,0.0,0.0,0.09090909090909094,1,0.06829726161306435,0.0,0.0,0.0,0.0,0.0,0.048758666964884845,5,5
1770321475189,0.9006205841818787,0.4738528978416261,0.0,0.0,0.0,0.0,0,0.06899435336209157,0.0,0.0,0.0,0.0,0.0,0.048639000446229375,5,5
1770321475445,0.9106205841818786,0.535022847058103,0.0,0.0,0.0,0.0,1,0.06628257058973111,0.0,0.0,0.0,0.0,0.0,0.04874248831515693,5,5
1770321475701,0.901599495020419,0.2794628594915616,0.0,0.0,0.0,0.09090909090909094,1,0.06313304655577705,0.0,0.0,0.0,0.0,0.0,0.048623445825932476,5,5
1770321475956,0.9016425476020239,0.4006057699122279,0.0,0.0,0.0,0.0,0,0.06440461501243837,0.0,0.0,0.0,0.0,0.0,0.04850498338870435,5,5
1770321476211,0.8937177350984181,0.3257503167569807,0.0,0.0,0.0,0.0,1,0.06536565020354002,0.0,0.0,0.0,0.0,0.0,0.048387096774193505,5,5
1770321476466,0.8862340267722966,0.6014019991448694,0.0,0.0,0.0,0.0,1,0.06202062449605694,0.0,0.0,0.0,0.0,0.0,0.0482697817941371,5,5
1770321476721,0.8678947974762128,0.37077689353771404,0.0,0.0,0.0,0.0,1,0.06388665896593247,0.49019607843137253,0.0,0.0,0.0,0.0,0.04815303430079154,5,5
1770321476977,0.8505938967968733,0.5664973356330395,0.0,0.0,0.0,0.0,1,0.06277886038483173,0.0,0.0,0.0,0.0,0.0,0.048036850186444435,5,5
1770321477233,0.8534430733711179,0.39608166682832935,0.0,0.0,0.0,0.0,0,0.061890636062986774,0.0,0.0,0.0,0.0,0.0,0.0481400437636762,5,5
1770321477488,0.8586851517506622,0.3309319993018725,0.0,0.0,0.0,0.0,1,0.07582791170840458,0.0,0.0,0.0,0.0,0.0,0.04802444881030343,5,5
1770321477743,0.8670510684317518,0.4187587966428553,0.0,0.0,0.0,0.0,1,0.07550761086420496,0.0,0.0,0.0,0.0,0.0,0.04790940766550522,5,5
1770321477999,0.8656264801446296,0.37852378393082925,0.0,0.0,0.0,0.0,0,0.08661094427364095,0.0,0.0,0.0,0.0,0.0,0.04779491635889632,5,5
1770321478256,0.8843252817260856,0.36814055197905604,0.0,0.0,0.0,0.09090909090909094,1,0.07945541824412536,0.0,0.0,0.0,0.0,0.0,0.047680970957954094,5,5
1770321478509,0.8877283550260295,0.4532306658750749,0.0,0.0,0.0,0.0,0,0.0686521777405982,0.0,0.0,0.0,0.0,0.0,0.047567567567567526,5,5
1770321478765,0.8942555417594749,0.4463697570142312,0.0,0.0,0.0,0.0,1,0.06885734763920869,0.48828125,0.0,0.0,0.0,0.0,0.04745470232959448,5,5
1770321479020,0.9011583908429353,0.37365990959383555,0.0,0.0,0.0,0.09090909090909094,1,0.06368158108631285,0.0,0.0,0.0,0.0,0.0,0.047342371422423035,5,5
1770321479275,0.8878947974762126,0.48353588107966794,0.0,0.0,0.0,0.0,0,0.06439950498754403,0.0,0.0,0.0,0.0,0.0,0.04723057106054096,5,5
1770321479532,0.8891262559281459,0.332333394222038,1.0,91.75874824566232,1.0,0.09090909090909094,1,0.06577744564899499,0.0,0.015625,0.0,0.3851526927871777,0.07703053855743554,0.04733347611908334,5,5
1770321479787,0.8733033183059402,0.5107302592390766,0.9926727867213085,47.60166077140146,0.0,0.0,0,0.06564174141586139,0.0,0.015625,0.0,0.0,0.06162443084594843,0.047222222222222276,5,5
1770321480042,0.8777016676410235,0.3952463749682616,0.0,32.47006855626247,0.0,0.0,1,0.06591963436976545,0.0,0.015625,0.0,0.0,0.04929954467675875,0.04753783841398418,5,5
1770321480298,0.8612444960061452,0.44634185511973695,0.9929667266755076,24.326691460596113,0.0,0.0,1,0.06084878388015291,0.0,0.015625,0.0,0.0,0.039439635741407,0.047426626967247976,5,5
1770321480552,0.8666797042208786,0.32109412698841855,0.4941163485403005,19.567146008840734,0.0,0.09090909090909094,0,0.0660568665657328,0.0,0.015625,0.0,0.0,0.0315517085931256,0.047528113727986376,5,5
1770321480809,0.871271183391151,0.3303510867770817,1.0,16.09274977644901,0.0,0.0,1,0.06505626446716735,0.48638132295719844,0.015625,0.0,0.0,0.025241366874500484,0.047417442845046565,5,5
1770321481063,0.8779378500578174,0.44741845465776886,0.0,13.982418224334127,0.0,0.0,1,0.07191973879445344,0.0,0.015625,0.0,0.0,0.020193093499600388,0.047307286166842655,5,5
1770321481319,0.8819754325023905,0.47652221196473277,0.7223210597819603,12.213596997948013,0.0,0.0,1,0.06659411655066819,0.0,0.015625,0.0,0.0,0.01615447479968031,0.0471976401179941,5,5
1770321481574,0.8952120633521514,0.5476706228861671,0.9473690764243744,10.787624348722632,0.0,0.0,1,0.06603542217191645,0.0,0.015625,0.0,0.0,0.012923579839744249,0.0470885011561909,5,5
1770321481830,0.8856962201112405,0.5069408435779763,1.0,9.606060840293583,0.0,0.09090909090909094,0,0.0629842236550425,0.0,0.015625,0.0,0.0,0.0103388638717954,0.046979865771812124,5,5
1770321482085,0.8793624383449399,0.4713138531707537,0.4586397445685497,8.764371258874103,0.0,0.0,1,0.06795918740627477,0.0,0.015625,0.0,0.0,0.00827109109743632,0.04687173048754967,5,5
1770321482341,0.8799699849726071,0.2559574486058591,0.4590773425815598,8.05831412597804,0.0,0.0,1,0.0620205628227685,0.0,0.015625,0.0,0.0,0.0066168728779490565,0.04697286012526092,5,5
1770321482597,0.8747012192080568,0.5032471324415437,0.684423833807955,7.423029755176336,0.0,0.0,0,0.06002571440610632,0.0,0.015625,0.0,0.0,0.005293498302359246,0.04686523640908147,5,5
1770321482852,0.8920451724690012,0.451136965254297,1.0,6.7823855423729595,0.0,0.09090909090909094,1,0.06295496543435741,0.49019607843137253,0.015625,0.0,0.0,0.004234798641887397,0.04675810473815456,5,5
1770321483107,0.8937223083695163,0.45968734031287856,0.6544191859671968,6.321995054577373,0.0,0.0,0,0.06345493346274783,0.0,0.015625,0.0,0.0,0.0033878389135099177,0.046858801575782705,5,5
1770321483362,0.8926957716782731,0.4412168416647415,0.6492662080662603,5.918253557344382,0.0,0.0,1,0.06554927137045032,0.0,0.015625,0.0,0.0,0.002710271130807934,0.04675217211419114,5,5
1770321483829,0.8893624383449398,0.6468132241526726,0.2176822920194963,5.6142028451579895,0.0,0.0,1,0.0670118099626125,0.0,0.015625,0.0,0.0,0.0021682169046463476,0.046742502585315426,5,5
1770321484083,0.8960291050116065,0.4822698015225224,0.6511412198965092,5.29071887581596,0.0,0.0,1,0.0625211555752828,0.0,0.015625,0.0,0.0,0.001734573523717078,0.0466364011555922,5,5
1770321484339,0.8904541417316959,0.5346550556388653,0.8556098211391073,4.977358378333216,0.0,0.0,1,0.061320627748652344,0.0,0.015625,0.0,0.0,0.0013876588189736625,0.04653078031706814,5,5
1770321484595,0.877894797476213,0.4769775826114196,1.0,4.674018270717948,0.0,0.09090909090909094,0,0.06033141807722061,0.0,0.015625,0.0,0.0,0.00111012705517893,0.04642563681183243,5,5
1770321484850,0.869152943313152,0.6454724997318954,1.0,4.401703321322242,0.0,0.09090909090909094,1,0.06535996797573115,0.49019607843137253,0.015625,0.0,0.0,8.881016441431441E-4,0.04632096741135483,5,5
1770321485106,0.8596371000722409,0.47623987676161045,0.40515442816112973,4.216224096162473,0.0,0.0,1,0.06678424410175987,0.0,0.015625,0.0,0.0,7.104813153145153E-4,0.04642126789366052,5,5
1770321485362,0.8514376258413341,0.5328061679467785,0.9953866593855744,3.9877730716127475,0.0,0.0,0,0.06351216710193194,0.0,0.015625,0.0,0.0,5.683850522516122E-4,0.04631707814731689,5,5
1770321485617,0.8395719333767279,0.4184090035855686,0.9713178270993236,3.779867652469741,0.0,0.0,1,0.06512235006687472,0.0,0.015625,0.0,0.0,4.547080418012898E-4,0.04621335504885993,5,5
1770321485872,0.8549374016248503,0.36983235453421914,0.7633843138449168,3.6072648039940094,0.0,0.0,0,0.06171769580166711,0.0,0.015625,0.0,0.0,3.637664334410319E-4,0.046110095470241697,5,5
1770321486127,0.8555880008341225,0.4961446765758911,0.19157588638706152,3.4986406672230523,0.0,0.0,1,0.062037173726089995,0.0,0.015625,0.0,0.0,2.910131467528255E-4,0.04600729631130929,5,5
1770321486383,0.8607218599365491,0.5519962788839862,0.0,3.4133532238691857,0.0,0.0,1,0.06284988210666727,0.0,0.015625,0.0,0.0,2.3281051740226043E-4,0.04610717896865524,5,5
1770321486638,0.8731101884707511,0.5159581507717242,0.5855229802947668,3.2848079082123784,0.0,0.09090909090909094,0,0.06275544398401608,0.0,0.015625,0.0,0.0,1.8624841392180836E-4,0.04600484261501214,5,5
1770321486894,0.8747709591746674,0.570925070204081,0.5817077372860425,3.1650188165862123,0.0,0.0,1,0.06094007459706974,0.48828125,0.015625,0.0,0.0,1.489987311374467E-4,0.04590295953291723,5,5
1770321487149,0.901228130809546,0.33543504513872,0.9512293335512176,3.02358801865829,0.0,0.0,0,0.0603721620995385,0.0,0.015625,0.0,0.0,1.1919898490995738E-4,0.04580152671755722,5,5
1770321487404,0.8961955474617895,0.5043438229881727,0.7478323733226988,2.9064972199134536,0.0,0.0,1,0.06322372685573469,0.0,0.015625,0.0,0.0,9.53591879279659E-5,0.04570054119061939,5,5
1770321487660,0.9018787300188179,0.5845417277796291,0.18768768369435299,2.8382657383635124,0.0,0.0,1,0.06323998907658657,0.0,0.015625,0.0,0.0,7.628735034237273E-5,0.045599999999999974,5,5
1770321487915,0.9011047409409674,0.4520001844391557,0.5624292136913569,2.746578341595228,0.0,0.0,0,0.06143240881126068,0.0,0.015625,0.0,0.0,6.102988027389819E-5,0.04549990021951711,5,5
1770321488170,0.8948791784517847,0.41975614105614534,0.5590209642749437,2.6602131046267306,0.0,0.0,1,0.06280224604729176,0.0,0.015625,0.0,0.0,4.8823904219118556E-5,0.04540023894862599,5,5
1770321488426,0.9042285792425128,0.3432133809421732,0.5556710161922624,2.5787206810016543,0.0,0.09090909090909094,1,0.06116968083214188,0.0,0.015625,0.0,0.0,3.905912337529485E-5,0.04549970196701769,5,5
1770321488681,0.8955449482525174,0.46343242775234667,0.5523779297344957,2.501700923407771,0.0,0.09090909090909094,1,0.06620574245338062,0.0,0.015625,0.0,0.0,3.124729870023588E-5,0.0454004758128469,5,5
1770321489035,0.8922116149191842,0.7693092581620721,0.5491403121646938,2.4287963295284083,0.0,0.0,0,0.06564443806356479,0.7062146892655368,0.015625,0.0,0.0,2.4997838960188706E-5,0.04539147670961352,3,5
1770321489291,0.8922500942296913,0.414783069754494,0.5459568158173189,2.3596865084494616,0.0,0.0,0,0.06751775944179877,0.0,0.015625,0.0,0.0,1.9998271168150967E-5,0.04529272151898733,4,5
1770321489547,0.8962340267722965,0.5192704455949435,0.8938132135093697,2.271719852753626,0.0,0.0,1,0.06814746899962454,0.0,0.015625,0.0,0.0,1.5998616934520775E-5,0.045194395105585206,5,5
1770321489802,0.8865669116726629,0.4418365536043792,0.35591755137760006,2.2213139100238863,0.0,0.0,0,0.06566421339420149,0.0,0.015625,0.0,0.0,1.279889354761662E-5,0.045096494682946076,5,5
1770321490057,0.8718356774372131,0.5588654674464689,0.0,2.194512023613819,0.0,0.0,1,0.06712458786718423,0.0,0.015625,0.0,0.0,1.0239114838093297E-5,0.044999017488701165,5,5
1770321490312,0.8450456209019679,0.24599214253469312,1.0,5.9010029452314825,1.0,0.0,1,0.07745040844336545,0.0,0.03125,0.15593102956222007,0.3874937168619954,0.07750693466426957,0.04549019607843141,5,5
1770321490568,0.8480345525413902,0.5698354847560964,0.447523893199419,5.572320826756608,0.0,0.0,0,0.07531718061188228,0.0,0.03125,0.15593102956222007,0.0,0.06200554773141566,0.045392291136763796,5,5
1770321490823,0.8343031676121776,0.5482125439767487,0.590493222012491,5.262119579397914,0.0,0.0,1,0.06793677553472646,0.0,0.03125,0.15609852051132403,0.0,0.04960443818513253,0.0454900429519719,5,5
1770321491079,0.852254667500789,0.5961382608341111,1.0,4.921393243214073,0.0,0.0,0,0.06495624356209061,0.48828125,0.03125,0.1564300968857636,0.0,0.039683550548106024,0.04539255795830899,5,5
1770321491334,0.8764702091890901,0.3593981119269976,0.4458067062326611,4.689314903553795,0.0,0.0,1,0.060560753749912016,0.0,0.03125,0.15593102956222007,0.0,0.03174684043848482,0.0452954898911353,5,5
1770321491590,0.8798035425224237,0.48452445834507163,0.2181536590553723,4.5008722685713005,0.0,0.0,1,0.06596923788446213,0.0,0.03125,0.15593102956222007,0.0,0.02539747235078786,0.04519883608147435,5,5
1770321491845,0.8853785058023342,0.4269707419498942,0.8514752450180668,4.267226398736676,0.0,0.0,0,0.06701979101461018,0.0,0.03125,0.15643009688576356,0.0,0.020317977880630292,0.04510259388308169,5,5
1770321492101,0.8857231826282017,0.55269175006364,0.5671054210543808,4.080028064443942,0.0,0.09090909090909094,1,0.06237871609854154,0.0,0.03125,0.15659417112259968,0.0,0.016254382304504236,0.045006760672203994,5,5
1770321492356,0.8926260317116621,0.5349885801159537,0.564369851240243,3.908058391814928,0.0,0.0,0,0.06638539436294502,0.0,0.03125,0.15675709531410414,0.0,0.013003505843603389,0.04491133384734003,5,5
1770321492611,0.8995288807951226,0.48138426665378276,0.8833132397491751,3.7214808626824443,0.0,0.0,1,0.06393898274857318,0.0,0.03125,0.15755427332871028,0.0,0.010402804674882712,0.04500865551067512,5,5
1770321492867,0.9013945732597288,0.4965667097936705,0.550222994501757,3.577027834337541,0.0,0.0,1,0.06194068761476456,0.0,0.03125,0.15771018230955502,0.0,0.00832224373990617,0.04491362763915552,5,5
1770321493123,0.8993624383449396,0.41849843718120794,1.0,3.3786112715599064,0.0,0.09090909090909094,0,0.07645930377914915,0.48828125,0.03125,0.1583218845443993,0.0,0.006657794991924936,0.044819000191534175,5,5
1770321493378,0.902045172469001,0.45602056345281006,0.47436210450220473,3.262437750221951,0.0,0.0,1,0.07318874538826958,0.0,0.03125,0.15817075959341922,0.0,0.0053262359935399494,0.044724770642201817,5,5
1770321493634,0.8800130375542115,0.39415014806367543,0.7403019956391261,3.132966096678447,0.0,0.09090909090909094,1,0.06586041558071311,0.0,0.03125,0.1578649032148705,0.0,0.00426098879483196,0.04463093648674421,5,5
1770321493888,0.9026527190966679,0.4804895049835942,0.395740342435904,3.0378674464170823,0.0,0.0,1,0.06125173611499553,0.0,0.03125,0.15786490321487054,0.0,0.0034087910358655683,0.04453749524172057,5,5
1770321494277,0.9026527190966679,0.614451804788759,0.07314621017520832,2.9719163606177723,0.0,0.0,1,0.06277677859754127,0.0,0.03125,0.157710182309555,0.0,0.002727032828692455,0.044529019980970475,5,5
1770321494533,0.8949758809353574,0.44466133205739977,0.6538115454104445,2.868438888194818,0.0,0.18181818181818177,1,0.06120972470258816,0.0,0.03125,0.15801843073527233,0.0,0.002181626262953964,0.04443600455753893,5,5
1770321494788,0.8952120633521514,0.4626359619647042,0.5955477249151737,2.7749665344900425,0.0,0.0,1,0.062165922962581846,0.0,0.03125,0.15801843073527233,0.0,0.0017453010103631714,0.044343376918703825,5,5
1770321495044,0.9043950216926961,0.4406256311375313,0.07343337299773811,2.7217076041256805,0.0,0.0,0,0.06209825785424756,0.0,0.03125,0.1578649032148705,0.0,0.0013962408082905371,0.04425113464447805,5,5
1770321495299,0.9089865008629686,0.48642118589014816,1.0,2.599720886423198,0.0,0.18181818181818177,1,0.06261856267057689,0.49019607843137253,0.03125,0.1583218845443993,0.0,0.0011169926466324297,0.044159275334968884,5,5
1770321495554,0.9085453966854844,0.35045045082704374,0.3396326181690435,2.537183666598629,0.0,0.09090909090909094,1,0.06760589694745192,0.0,0.03125,0.1580184307352723,0.0,8.935941173059438E-4,0.044256120527306986,5,5
1770321495810,0.9195940474906353,0.5202501346029761,0.5849993106565169,2.4623967737644787,0.0,0.0,0,0.07237342642708904,0.0,0.03125,0.15801843073527233,0.0,7.148752938447551E-4,0.0441646307085134,5,5
1770321496065,0.9183359016536964,0.4776207666596166,0.5112293655256506,2.3958516190207853,0.0,0.0,1,0.06588148319866838,0.0,0.03125,0.15817075959341922,0.0,5.719002350758041E-4,0.044073518379594945,5,5
1770321496321,0.9274536932987286,0.4447586641998221,0.6487341330900932,2.3242412127901213,0.0,0.0,0,0.06712560550223495,0.0,0.03125,0.1580184307352723,0.0,4.575201880606433E-4,0.04398278120905863,5,5
1770321496576,0.9293193857633347,0.496798999831243,0.6423123274373567,2.256351541443913,0.0,0.0,1,0.07243585773716217,0.0,0.03125,0.1578649032148705,0.0,3.6601615044851464E-4,0.04389241688457224,5,5
1770321496832,0.9191529433131516,0.40682712223472994,0.6178231226134437,2.192959430191783,0.0,0.09090909090909094,1,0.06826334781351043,0.0,0.03125,0.15817075959341925,0.0,2.928129203588117E-4,0.04380242311276794,5,5
1770321497088,0.9172872508485453,0.4819594575940127,0.5143128118125274,2.1382474628143293,0.0,0.0,0,0.06671999081734308,0.0,0.03125,0.1578649032148705,0.0,2.342503362870494E-4,0.04371279761904767,5,5
1770321497342,0.9133463708875451,0.45923995418752367,0.8584324963688384,2.0666447745474867,0.0,0.0,1,0.07305504875471985,0.4921259842519685,0.03125,0.15801843073527233,0.0,1.8740026902963952E-4,0.04362353814739184,5,5
1770321497598,0.8989865008629686,0.6762917619359081,0.38636406399292267,2.023906057227816,0.0,0.0,0,0.06858213001967028,0.0,0.03125,0.15755427332871033,0.0,1.4992021522371163E-4,0.04353464246017047,5,5
1770321497854,0.8811047409409677,0.4629430473839128,0.6479661968506439,1.968872566416528,0.0,0.0,1,0.06812981727688269,0.0,0.03125,0.15817075959341925,0.0,1.1993617217896931E-4,0.04363098539471255,5,5
1770321498109,0.8737177350984185,0.47961952373453576,0.25114274728710284,1.9369190320952863,0.0,0.0,1,0.06418408614368384,0.0,0.03125,0.15801843073527236,0.0,9.594893774317545E-5,0.04354243542435421,5,5
1770321498365,0.8843252817260856,0.34817129305290073,0.6440222682716314,1.885976349871839,0.0,0.0,0,0.06834150102262325,0.0,0.03125,0.15862050190966479,0.0,7.675915019454037E-5,0.043454244153931176,5,5
1770321498620,0.8799699849726069,0.4028243405221493,0.3651647779971466,1.8511115652488837,0.0,0.0,1,0.06209087428242981,0.0,0.03125,0.15862050190966479,0.0,6.14073201556323E-5,0.04336640940830572,5,5
1770321498875,0.8735128133377283,0.42288818050627713,0.45205985066951787,1.8132590101143709,0.0,0.0,1,0.06454824971904786,0.0,0.03125,0.15801843073527236,0.0,4.9125856124505844E-5,0.04327892902989183,5,5
1770321499131,0.8838456982380943,0.4112554219703098,1.0,1.7408398617231984,0.0,0.09090909090909094,1,0.06410199943876352,0.48828125,0.03125,0.15817075959341925,0.0,3.9300684899604675E-5,0.04319180087847729,4,5
1770321499507,0.8870125891212447,0.5439837932759934,0.0,1.7280378662613378,0.0,0.0,1,0.06371329306018905,0.0,0.03125,0.15817075959341925,0.0,3.144054791968374E-5,0.04318389752973473,5,5
1770321499762,0.8988782815858509,0.4353827419950165,0.6467355611564415,1.6851234379740714,0.0,0.0,1,0.06354740476978693,0.0,0.03125,0.15832188454439933,0.0,2.5152438335746995E-5,0.043097151205259365,5,5
1770321500018,0.9030286565786393,0.4461137760140304,0.30928150494119433,1.6593989250871652,0.0,0.0,1,0.07284521580574446,0.0,0.03125,0.15801843073527236,0.0,2.0121950668597598E-5,0.043010752688172005,5,5
1770321500274,0.9068461466710614,0.40177887029092313,0.4690277821303873,1.6272682239423313,0.0,0.0,0,0.07424616357896249,0.0,0.03125,0.15817075959341925,0.0,1.6097560534878078E-5,0.042924699890869444,5,5
1770321500528,0.8955880008341223,0.4647578471885336,0.35681674736875496,1.601251991796514,0.0,0.0,1,0.0713473579597058,0.0,0.03125,0.15817075959341925,0.0,1.2878048427902463E-5,0.04302051188963518,5,5
1770321500785,0.8874967458803334,0.4709652288283318,0.7071921017679502,1.5605793640904473,0.0,0.0,1,0.06373374299900965,0.0,0.03125,0.15817075959341925,0.0,1.030243874232197E-5,0.042934782608695654,5,5
1770321501039,0.8793624383449398,0.4382431493083924,0.6788914634922154,1.522360885517778,0.0,0.0,0,0.06807708339672626,0.0,0.03125,0.15862050190966479,0.0,8.241950993857577E-6,0.04284939432290724,5,5
1770321501295,0.871437625841334,0.3875539635403163,0.8556554290461588,1.4775193048933022,0.0,0.0,1,0.06176402688460428,0.48828125,0.03125,0.15862050190966479,0.0,6.593560795086062E-6,0.042944785276073594,5,5
1770321501550,0.8693624383449396,0.41519901481824983,0.3836894027109124,1.4542105659715354,0.0,0.09090909090909094,0,0.06242696547172611,0.0,0.03125,0.15891424153494213,0.0,5.27484863606885E-6,0.04285971546911582,5,5
1770321501806,0.8741634125470003,0.4217440597215799,0.34123191185150564,1.4334020759528132,0.0,0.0,1,0.06467519275160045,0.0,0.03125,0.15891424153494213,0.0,4.21987890885508E-6,0.04277498202731844,5,5
1770321502062,0.8747279065930623,0.3603370629455435,0.10798330169529967,1.4228108889372137,0.0,0.0,1,0.06206735786132989,0.0,0.03125,0.15905926943828258,0.0,3.375903127084064E-6,0.04269058295964123,5,5
1770321502317,0.8765132617706952,0.3984069087568585,0.6011620255085489,1.3925856145088804,0.0,0.0,0,0.06654518465042134,0.0,0.03125,0.15962698441530843,0.0,2.7007225016672515E-6,0.04260651629072687,5,5
1770321502572,0.8855880008341226,0.3838384708083703,0.19610688346805394,1.3793892751362375,0.0,0.09090909090909094,1,0.06275204357802988,0.0,0.03125,0.15920306266743986,0.0,2.160578001333801E-6,0.042701447203859155,5,5
1770321502827,0.8893624383449398,0.5012799001680394,0.4122694701917829,1.3581311513178906,0.0,0.0,0,0.06057570034205154,0.0,0.03125,0.15905926943828258,0.0,1.7284624010670409E-6,0.04261768901569185,5,5
1770321503084,0.8874536932987287,0.4988806403135945,0.4757777577898865,1.3350224896524447,0.0,0.0,1,0.06276274130294958,0.0,0.03125,0.15876798399972805,0.0,1.3827699208536329E-6,0.0425342587649048,5,5
1770321503339,0.8809919483927521,0.5255974508196999,1.0,1.2860594074423082,0.0,0.0,1,0.06409617316978494,0.49019607843137253,0.03125,0.15920306266743986,0.0,1.1062159366829064E-6,0.04262877442273538,5,5
1770321503594,0.8572872508485454,0.5770211104087946,0.4763786319414737,1.264328117710884,0.0,0.09090909090909094,0,0.06256873195580072,0.0,0.03125,0.1596269844153084,0.0,8.849727493463252E-7,0.04254564793476334,5,5
1770321503850,0.8632766309209344,0.3164160049560283,0.7336469777819993,1.2333868339858214,0.0,0.0,1,0.06443322398670329,0.0,0.03125,0.16017462830309415,0.0,7.079781994770602E-7,0.042639773531493286,5,5
1770321504105,0.8596953232453062,0.4198256834426458,0.5246155670505025,1.2109983263762936,0.0,0.0,1,0.06308402452251012,0.0,0.03125,0.16044082707432789,0.0,5.663825595816482E-7,0.04255694861380899,5,5
1770321504360,0.8792926983783291,0.46213060070399264,0.34998215081043815,1.1956215335789342,0.0,0.18181818181818177,1,0.06087913177718875,0.0,0.03125,0.16003961598347521,0.0,4.531060476653186E-7,0.042474444836094416,5,5
1770321504760,0.878475656718874,0.20203050891044214,0.06292204329272116,1.1910283819873562,0.0,0.0,1,0.06013333216143586,0.0,0.03125,0.1599033346968221,0.0,3.624848381322549E-7,0.04246696035242292,5,5
1770321505015,0.8872872508485455,0.4810020554058919,0.2923468544211242,1.17843020690354,0.0,0.0,1,0.06263318596733655,0.0,0.03125,0.1596269844153084,0.0,2.8998787050580395E-7,0.04238480478367923,5,5
1770321505271,0.8847396985185637,0.44482652123630007,1.0,1.1236979095574646,0.0,0.0,0,0.06068650725057528,0.9765625,0.03125,0.1599033346968221,0.0,2.3199029640464317E-7,0.04230296647358256,4,5
1770321505526,0.8890565159615351,0.49417753194190456,0.3152107682281257,1.1112389997743646,0.0,0.09090909090909094,0,0.06300440922167183,0.0,0.03125,0.15990333469682214,0.0,1.8559223712371453E-7,0.04222144358794677,5,5
1770321505781,0.8831371509877132,0.38983532542618954,0.5080598595172345,1.0923521281047257,0.0,0.0,1,0.06457723432147744,0.0,0.03125,0.16017462830309412,0.0,1.4847378969897163E-7,0.042315090050708215,5,5
1770321506038,0.8992229584117185,0.5178727077066395,0.5978380185707111,1.0707527979138092,0.0,0.0,1,0.06296110447920095,0.0,0.03125,0.16057200413791525,0.0,1.187790317591773E-7,0.042233856893542754,5,5
1770321506293,0.9020451724690013,0.35833992205629545,0.19083912527582242,1.0635321727727085,0.0,0.0,0,0.06807808620217133,0.0,0.03125,0.16083049044097497,0.0,9.502322540734185E-8,0.04250130639261451,5,5
1770321506548,0.8963619899119728,0.4916748105343594,0.5619215894407785,1.0440007377746476,0.0,0.0,1,0.06715696637019634,0.0,0.03125,0.1609577905259153,0.0,7.601858032587348E-8,0.04242002781641163,5,5
1770321506803,0.887217510881935,0.3602331621881771,0.5827356540681539,1.0241530030045862,0.0,0.0,0,0.06501151110400888,0.0,0.03125,0.16070189345912708,0.0,6.081486426069878E-8,0.04251258025334026,5,5
1770321507059,0.89252932922809,0.5275326986586525,0.30813213830924185,1.0137957821742045,0.0,0.0,1,0.0641490692915414,0.0,0.03125,0.16070189345912705,0.0,4.865189140855903E-8,0.04243158988569451,5,5
1770321507314,0.883346370887545,0.45303070857513006,1.0,0.9742003672080431,0.0,0.09090909090909094,1,0.06337468190181894,0.49019607843137253,0.03125,0.16070189345912708,0.0,3.8921513126847223E-8,0.04235090751944681,5,5
1770321507570,0.8871638609799674,0.5280811011750265,0.497866563881873,0.9581977445404879,0.0,0.0,0,0.06339485797173491,0.0,0.03125,0.16057200413791525,0.0,3.113721050147778E-8,0.04227053140096615,5,5
1770321507825,0.8891959958947566,0.47385686482044725,0.4615160450279499,0.9436840973910675,0.0,0.0,1,0.062326771377185376,0.0,0.03125,0.16017462830309412,0.0,2.4909768401182225E-8,0.04219045978990876,5,5
1770321508080,0.8898035425224238,0.4741589088671982,0.43662471355097204,0.9302543970402168,0.0,0.0,0,0.06175394953320584,0.0,0.03125,0.16017462830309412,0.0,1.9927814720945782E-8,0.04228257133035407,5,5
1770321508335,0.8881042925080008,0.40916061856378344,0.38003005987699245,0.9188922626995839,0.0,0.0,1,0.06477763478095824,0.0,0.03125,0.16030836690444694,0.0,1.5942251776756627E-8,0.04220277920741122,5,5
1770321508591,0.9061955474617895,0.47645473983612224,0.2914573791428597,0.9105482968879377,0.0,0.0,1,0.06595650554643057,0.0,0.03125,0.16030836690444694,0.0,1.2753801421405303E-8,0.042123287671232856,5,5
1770321508847,0.9018787300188177,0.41428164888509195,0.46911665691296,0.8968734205584953,0.0,0.0,0,0.06198294003386868,0.0,0.03125,0.16057200413791525,0.0,1.0203041137124243E-8,0.0420440950264912,5,5
1770321509103,0.8758626625614233,0.43907156506986117,0.4894371198163941,0.8828176611117123,0.0,0.0,1,0.06055757241496606,0.0,0.03125,0.16044082707432786,0.0,8.162432909699395E-9,0.04213578983282151,5,5
1770321509358,0.8697768551374181,0.43489545890209963,0.7116032064120742,0.8621655183769601,0.0,0.0,1,0.07087317484054788,0.49019607843137253,0.03125,0.16044082707432786,0.0,6.529946327759517E-9,0.0420568704239741,5,5
1770321509613,0.8621312776322108,0.4681298724477493,0.3915661160350368,0.8515478259061728,0.0,0.0,1,0.06624398690088266,0.0,0.03125,0.16017462830309412,0.0,5.223957062207614E-9,0.042148198504418755,5,5
1770321510011,0.8602225325859998,0.8144110179279557,0.0877823047002183,0.8502109370127174,0.0,0.0,1,0.06718166087298426,0.0,0.03125,0.16030836690444694,0.0,4.179165649766091E-9,0.04214103653355994,5,5
1770321510266,0.8714761051518413,0.4188838960943399,1.0,0.8148885116483617,0.0,0.0,1,0.061919286374423725,0.9803921568627451,0.03125,0.16070189345912708,0.0,3.343332519812873E-9,0.042062415196743586,4,5
1770321510521,0.8680612399263958,0.4740270977843275,0.46093457771078755,0.8027606974700244,0.0,0.0,1,0.06101139370846531,0.0,0.03125,0.16057200413791523,0.0,2.6746660158502986E-9,0.04198408667682407,5,5
1770321510777,0.875513687596414,0.35603092829801186,0.48777333614033325,0.7900312471564481,0.0,0.0,0,0.06404486805464527,0.0,0.03125,0.16070189345912705,0.0,2.139732812680239E-9,0.04190604934099362,5,5
1770321511032,0.897422432642625,0.542989867647511,0.2402914949248148,0.7847327880130432,0.0,0.0,1,0.06568296642870783,0.0,0.03125,0.16044082707432789,0.0,1.7117862501441912E-9,0.04182830156856132,5,5
1770321511288,0.8733033183059404,0.5421502706168055,0.4265828760565943,0.7741828712743852,0.0,0.0,1,0.06674716971606931,0.0,0.03125,0.16003961598347521,0.0,1.369429000115353E-9,0.04175084175084176,5,5
1770321511543,0.887147770915324,0.43635237425112233,0.23924855929230165,0.7691571768629544,0.0,0.0,0,0.06782592199698623,0.0,0.03125,0.15976578923203263,0.0,1.0955432000922825E-9,0.041673668291043575,5,5
1770321511799,0.8986154117840511,0.42992026074384304,0.2727085134197575,0.7633054323731873,0.0,0.0,1,0.06354681736422102,0.0,0.03125,0.15976578923203263,0.0,8.76434560073826E-10,0.04159677960415964,5,5
1770321512054,0.8993624383449398,0.4251223507458391,0.5530873957127049,0.7497391983831655,0.0,0.0,0,0.06480663840322376,0.0,0.03125,0.16044082707432786,0.0,7.011476480590608E-10,0.04168759417378198,5,5
1770321512310,0.911437625841334,0.40430874867011696,0.8027671166929422,0.7293269300191596,0.0,0.0,1,0.06314832052412937,0.48828125,0.03125,0.16108378919619823,0.0,5.609181184472487E-10,0.04161096256684493,5,5
1770321512565,0.9060291050116067,0.3786873542054336,0.23552886734489065,0.7248468705457284,0.0,0.0,1,0.0630447278926541,0.0,0.03125,0.16083049044097497,0.0,4.4873449475779896E-10,0.0417014178482068,5,5
1770321512820,0.9193193857633348,0.31462023713923004,0.547137980959884,0.7119347331215329,0.0,0.0,0,0.06631389188456005,0.0,0.03125,0.16044082707432789,0.0,3.589875958062392E-10,0.041791541791541764,5,5
1770321513076,0.9120451724690013,0.38772592681803647,0.34192449368066685,0.7047673267633923,0.0,0.0,1,0.06246631918274179,0.0,0.03125,0.16057200413791523,0.0,2.871900766449914E-10,0.041715140435432896,5,5
1770321513331,0.9057544432843058,0.40097849570084904,0.3418538131205056,0.6977257167205221,0.0,0.0,0,0.06674715086172818,0.0,0.03125,0.16070189345912705,0.0,2.297520613159931E-10,0.04163901791639013,5,5
1770321513587,0.8872872508485458,0.5954046351215488,0.5200568331801737,0.6860442659376349,0.0,0.0,1,0.06569649640024434,0.0,0.03125,0.16070189345912705,0.0,1.8380164905279448E-10,0.04156317271071375,5,5
1770321513842,0.8914376258413339,0.5526380068325537,0.542420044782655,0.6738992468802198,0.0,0.0,1,0.06439650043726981,0.0,0.03125,0.16095779052591527,0.0,1.4704131924223559E-10,0.04148760330578516,5,5
1770321514098,0.883512813337728,0.42723792571405156,0.4813956656285678,0.6634965217941818,0.0,0.0,0,0.06354304673756087,0.0,0.03125,0.16070189345912705,0.0,1.1763305539378848E-10,0.041412308199966996,5,5
1770321514353,0.8968030940894566,0.3648022157126754,0.6543804740288985,0.6486567177689989,0.0,0.0,1,0.06307973134938034,0.49019607843137253,0.03125,0.1609577905259153,0.0,9.41064443150308E-11,0.041337285902503296,5,5
1770321514609,0.8895719333767277,0.4978752402283925,0.04925824429335855,0.6496778912000778,0.0,0.09090909090909094,1,0.0665230610991776,0.0,0.03125,0.16083049044097494,0.0,7.528515545202464E-11,0.041262534933421025,5,5
1770321514864,0.8998035425224238,0.38003660002715767,0.3307933823671705,0.643545322311434,0.0,0.0,1,0.06533072347886243,0.0,0.03125,0.16095779052591527,0.0,6.022812436161971E-11,0.041188053823432935,5,5
1770321515294,0.8998035425224238,0.7284313590846835,0.0,0.6458474750814808,0.0,0.0,1,0.06431702256990723,0.0,0.03125,0.16095779052591527,0.0,4.818249948929577E-11,0.0411812961443806,5,5
1770321515549,0.8906205841818787,0.4675201591108395,0.33750934524967646,0.6397791426259727,0.0,0.0,1,0.069660658596676,0.0,0.03125,0.16108378919619826,0.0,3.854599959143662E-11,0.0411071077628562,5,5
1770321515805,0.8861955474617892,0.6246528564011936,0.2317962646879986,0.636415546455501,0.0,0.09090909090909094,1,0.07015279316073765,0.0,0.03125,0.16083049044097497,0.0,3.08367996731493E-11,0.04103318620238683,5,5
1770321516060,0.8943950216926958,0.5080006796254871,0.31176249952128043,0.6311804764191165,0.0,0.0,0,0.06471341906236985,0.0,0.03125,0.16070189345912705,0.0,2.4669439738519443E-11,0.040959530026109636,5,5
1770321516316,0.9136210326148454,0.4853450662735744,0.6499709241331072,0.6178116276666173,0.0,0.0,1,0.06775243110231821,0.48828125,0.03125,0.1613318644228402,0.0,1.9735551790815554E-11,0.04088613780746053,5,5
1770321516571,0.9006205841818785,0.5260371713498894,0.3571749398029668,0.611628587792112,0.0,0.09090909090909094,1,0.06242331980144103,0.0,0.03125,0.16108378919619823,0.0,1.5788441432652444E-11,0.04081300813008126,5,5
1770321516826,0.8860291050116064,0.3194546712535536,0.2570287387494153,0.607925691000249,0.0,0.0,0,0.09959627011211748,0.0,0.03125,0.16108378919619826,0.0,1.2630753146121955E-11,0.04090245090082778,5,5
1770321517082,0.8712444960061451,0.44757911244752485,0.3298535873635468,0.6025804163683592,0.0,0.09090909090909094,1,0.10713074138736335,0.0,0.03125,0.16057200413791525,0.0,1.0104602516897565E-11,0.040829552819183434,5,5
1770321517337,0.8680345525413903,0.2535074351334225,0.35707489302569606,0.5966823286280644,0.0,0.0,0,0.10888297465044254,0.0,0.03125,0.16030836690444694,0.0,8.083682013518053E-12,0.040918647905547445,5,5
1770321517593,0.8659593650449959,0.36748364549351725,0.35616544276010464,0.5908904658474957,0.0,0.0,1,0.07502214077566546,0.0,0.03125,0.16003961598347521,0.0,6.466945610814442E-12,0.040845979980626446,5,5
1770321517848,0.8672872508485456,0.48074535489292314,0.5109625687307382,0.5816086302804925,0.0,0.0,1,0.06626421438844352,0.0,0.03125,0.16003961598347521,0.0,5.173556488651554E-12,0.04077356970185331,5,5
1770321518103,0.8658626625614234,0.39938652333546926,0.3689068125086162,0.5756693723912566,0.0,0.0,0,0.06201161579749349,0.0,0.03125,0.15934561621519447,0.0,4.138845190921243E-12,0.04070141570141572,5,5
1770321518358,0.8669543659481795,0.5567823862589895,0.8639762694008901,0.5584557498694929,0.0,0.0,1,0.06543120881202408,0.49019607843137253,0.03125,0.16044082707432786,0.0,3.3110761527369947E-12,0.04079010759595314,5,5
1770321518614,0.8812281308095461,0.47623061518089616,0.2470444778867977,0.5553682871344918,0.0,0.0,0,0.06307551566301113,0.0,0.03125,0.16044082707432789,0.0,2.648860922189596E-12,0.04071817890349472,5,5
1770321518869,0.8938841775486015,0.38688440204425095,0.3504946131952825,0.5500220217301109,0.0,0.0,1,0.06394722942295486,0.0,0.03125,0.16083049044097494,0.0,2.1190887377516767E-12,0.04064650344055054,5,5
1770321519125,0.8781042925080007,0.5043320786899345,0.564377149463295,0.5399578289472557,0.0,0.0,1,0.06964856282863663,0.0,0.03125,0.16095779052591527,0.0,1.6952709902013413E-12,0.040575079872204434,5,5
1770321519380,0.8709965216638499,0.4142288066030302,1.0,0.5180914558415213,0.0,0.09090909090909094,0,0.06507883771512576,0.9803921568627451,0.03125,0.1623826299880325,0.0,1.3562167921610731E-12,0.04050390687290706,4,5
1770321519635,0.8590877766176388,0.4511044554548471,0.3480812358029928,0.5128700983633868,0.0,0.0,1,0.06664095882831785,0.0,0.03125,0.1623826299880325,0.0,1.0849734337288585E-12,0.040432983126392874,5,5
1770321519891,0.8666366516392735,0.41853137194054,0.18580834935100748,0.511301440833433,0.0,0.0,1,0.06207471186075699,0.0,0.03125,0.16249267424874966,0.0,8.679787469830868E-13,0.04036230732559987,5,5
1770321520146,0.8669543659481793,0.4407823405554058,0.23472707213957053,0.5087132280780853,0.0,0.0,1,0.06442332412128461,0.0,0.03125,0.16249267424874966,0.0,6.943829975864695E-13,0.040291878172588835,5,5
1770321520573,0.8637874750650291,0.40406101782088427,0.07037290729619612,0.509717022342063,0.0,0.0,1,0.06507141717161571,0.0,0.03125,0.162601362139652,0.0,5.555063980691756E-13,0.04028548770816809,5,5
1770321520829,0.8598465951040286,0.5391497544648131,0.3135543190374141,0.5055700799424608,0.0,0.0,1,0.06668156970690792,0.0,0.03125,0.1621584882804384,0.0,4.444051184553405E-13,0.04021532615579482,5,5
1770321521084,0.893787475065029,0.4900933350132886,0.3115121747964689,0.5015257827857803,0.0,0.0,1,0.06847231576539428,0.0,0.03125,0.16169410603556333,0.0,3.5552409476427244E-13,0.040145408566461205,5,5
1770321521340,0.8860291050116066,0.42827181660857466,0.6608558339239046,0.4901531328116561,0.0,0.0,0,0.061338042324583425,0.48828125,0.03125,0.16181220361699278,0.0,2.84419275811418E-13,0.04007573366992745,5,5
1770321521594,0.8816040682915172,0.4846307805414029,0.30474650608838466,0.486318078661536,0.0,0.0,1,0.0755105175681715,0.0,0.03125,0.1619289693025605,0.0,2.275354206491344E-13,0.040006300204756706,5,5
1770321521850,0.8860291050116064,0.524926994395545,0.37392400456228814,0.4810991158330856,0.0,0.0,1,0.07377249250533473,0.0,0.03125,0.1621584882804384,0.0,1.8202833651930752E-13,0.03993710691823904,5,5
1770321522106,0.8845347767578736,0.5740406933673057,0.35022732844808285,0.47642503400212527,0.0,0.0,0,0.06966492430260127,0.0,0.03125,0.1621584882804384,0.0,1.4562266921544602E-13,0.03986815256631615,5,5
1770321522360,0.8922931468112963,0.4487806664673002,0.39575817229679827,0.4708708334042432,0.0,0.0,1,0.07129894190953526,0.0,0.03125,0.16204439890514238,0.0,1.1649813537235683E-13,0.039799435913506764,5,5
1770321522616,0.8882394743020802,0.5100139919811439,0.43761739916273906,0.464514125353466,0.0,0.0,0,0.06591337019093164,0.0,0.03125,0.1623826299880325,0.0,9.319850829788548E-14,0.03973095573283281,5,5
1770321522872,0.8880612399263959,0.38473803679748814,0.29910179427371736,0.46101082085049966,0.0,0.0,1,0.06640876412123028,0.0,0.03125,0.16249267424874966,0.0,7.455880663830839E-14,0.03981886321049344,5,5
1770321523128,0.8927924741618457,0.4979657644046906,0.849911272895944,0.44640453936742075,0.0,0.0,0,0.06636170854275024,0.9765625,0.03125,0.16312432023026086,0.0,5.964704531064672E-14,0.03975058456742009,4,5
1770321523382,0.8892229584117184,0.5201491347447847,0.20446569037429296,0.44481711395853174,0.0,0.0,0,0.07571018095266865,0.0,0.03125,0.16291924856356663,0.0,4.771763624851738E-14,0.03968253968253965,5,5
1770321523638,0.8757498700132078,0.45186974616819936,0.9121630314728423,0.42906001901818186,0.0,0.0,1,0.06950664600548595,0.9765625,0.03125,0.1633238749624059,0.0,3.817410899881391E-14,0.03961472735746463,4,5
1770321523894,0.8901364274227901,0.40537521662083587,0.3232093490295821,0.42511059347922714,0.0,0.0,0,0.06555340416036075,0.0,0.03125,0.16332387496240594,0.0,3.053928719905113E-14,0.03970223325062039,5,5
1770321524149,0.8952120633521514,0.4797969508312201,0.32278571815370005,0.4212140041429551,0.0,0.0,1,0.06397127663861865,0.0,0.03125,0.16332387496240594,0.0,2.4431429759240906E-14,0.03963461836197557,5,5
1770321524405,0.9012281308095459,0.4847441331659571,0.3839290311863419,0.4161573035145655,0.0,0.0,1,0.06824025872392477,0.0,0.03125,0.16342157437591034,0.0,1.9545143807392724E-14,0.03956723338485313,5,5
1770321524660,0.8908952459091796,0.21584147851968574,1.0,2.450816025639443,1.0,0.0,0,0.07760499440009459,0.9803921568627451,0.03125,0.06051763333495531,0.3874937168619954,0.07749874337241473,0.03980867150131151,4,5
1770321524916,0.8924165366798742,0.2953757935117448,0.6026708170698906,2.381379020046153,0.0,0.0,1,0.07191756947686759,0.0,0.03125,0.06071971433335732,0.0,0.06199899469793179,0.03974121996303137,5,5
1770321525171,0.8997604899408187,0.3154588394967847,0.41112528688812316,2.3260457875016978,0.0,0.0,1,0.07163090869440376,0.0,0.03125,0.060719714333357294,0.0,0.049599195758345434,0.03967399661694604,5,5
1770321525426,0.9078250575096017,0.41171406737130317,0.42600916079676043,2.272454112601862,0.0,0.0,1,0.06420789290683551,0.0,0.03125,0.06051763333495531,0.0,0.03967935660667635,0.039607000307031015,5,5
1770321525870,0.9099002450059961,0.4164965639175215,0.014430365768364185,2.2431420072962487,0.0,0.0,1,0.06508720193019543,0.0,0.03125,0.060316034569772504,0.0,0.03174348528534108,0.03960092095165002,5,5
1770321526325,0.9144917241762685,0.5714285714285715,0.0,2.2155989629624506,0.0,0.0,1,0.06488333941365987,0.0,0.03125,0.060316034569772504,0.0,0.025394788228272864,0.03959484346224673,5,5
1770321526916,0.9209919483927519,0.6776309271789385,0.8036172377382051,2.148663154893231,0.0,0.0,1,0.06450698757928436,0.21150592216582065,0.03125,0.060922277305705735,0.0,0.020315830582618294,0.03958876783796228,5,5
1770321527468,0.9209919483927519,0.6468132241526726,0.0,2.124262531158937,0.0,0.0,1,0.06390661862085666,0.0,0.03125,0.060922277305705735,0.0,0.016252664466094635,0.03958269407793802,5,5
1770321527985,0.9222500942296911,0.14285714285714288,0.0,2.1006457553543503,0.0,0.0,1,0.06354327482580699,0.0,0.03125,0.060922277305705735,0.0,0.013002131572875709,0.03957662218131619,5,5
1770321528534,0.9268415733999635,0.4164965639175215,0.015546092128969397,2.0770657364911504,0.0,0.0,1,0.06337588175820917,0.0,0.03125,0.060719714333357294,0.0,0.010401705258300567,0.03957055214723926,5,5
1770321529077,0.9268415733999635,0.22587697572631282,0.8546924649371103,2.0163471709628586,0.0,0.0,1,0.0801421853634228,0.2302025782688766,0.03125,0.06112532197959576,0.0,0.008321364206640454,0.03956448397485046,5,5
1770321529552,0.9257498700132076,0.0,0.015668025459290216,1.995373413091345,0.0,0.0,1,0.0906674828533936,0.0,0.03125,0.06092227730570575,0.0,0.006657091365312364,0.03971174486353879,5,5
1770321530051,0.9265669116726626,0.7142857142857143,1.0,1.8948343219763653,0.0,0.0,1,0.08742544357340093,0.501002004008016,0.03125,0.062353688822272074,0.0,0.005325673092249891,0.03970565690633143,3,5
1770321530651,0.9253087658357234,0.5439837932759934,0.0,1.8780290710097816,0.0,0.0,1,0.08424390343663384,0.0,0.03125,0.062353688822272074,0.0,0.004260538473799913,0.03969957081545061,5,5
1770321531227,0.920717286665451,0.5050762722761054,0.20216155099700142,1.8532067566775212,0.0,0.0,1,0.08176379590528025,0.0,0.03125,0.0625600966567332,0.0,0.0034084307790399303,0.03969348659003835,5,5
1770321531707,0.9219754325023902,0.6468132241526726,0.016050521481787025,1.8368745340987862,0.0,0.0,1,0.07901151425223744,0.0,0.03125,0.062353688822272074,0.0,0.0027267446232319445,0.03968740422923689,5,5
1770321532221,0.9186420991690568,0.5150787536377127,0.8334186543240748,1.7880346130303781,0.0,0.0,1,0.0769124014476086,0.24319066147859922,0.03125,0.06297434904547848,0.0,0.0021813956985855558,0.039681323732189355,5,5
1770321532704,0.9186420991690568,0.6468132241526726,0.0,1.774054447861528,0.0,0.0,1,0.07622375342282135,0.0,0.03125,0.06297434904547848,0.0,0.0017451165588684447,0.039675245098039214,5,5
1770321533208,0.9205508442152679,0.6776309271789385,0.01659636245688373,1.7597945798126835,0.0,0.0,1,0.07399342599181911,0.0,0.03125,0.06276698352941834,0.0,0.0013960932470947558,0.03966916832593048,5,5
1770321533673,0.9205508442152679,0.30304576336566325,0.0168447116131724,1.7458992065674916,0.0,0.0,1,0.07486665532537651,0.0,0.03125,0.0625600966567332,0.0,0.0011168745976758048,0.03966309341500762,5,5
1770321534142,0.9151423233855405,0.5890150893739515,0.0,1.732972972940549,0.0,0.0,1,0.07501632940056473,0.0,0.03125,0.0625600966567332,0.0,8.934996781406439E-4,0.039657020364415874,5,5
1770321534717,0.9165669116726628,0.30304576336566325,1.0,1.6809214852022316,0.0,0.0,1,0.07472519769995058,0.2173913043478261,0.03125,0.0633905143578241,0.0,7.147997425125151E-4,0.0396509491733007,5,5
1770321535217,0.917825057509602,0.7142857142857143,0.0,1.6695531373108548,0.0,0.0,1,0.07338743499280222,0.0,0.03125,0.0633905143578241,0.0,5.718397940100121E-4,0.03964487984080822,5,5
1770321535693,0.9132335783393295,0.5890150893739515,0.017677272270789343,1.657846231334365,0.0,0.0,1,0.07171918074685199,0.0,0.03125,0.06318219279598304,0.0,4.574718352080097E-4,0.03963881236608513,5,5
1770321536163,0.9111583908429353,0.5050762722761054,0.2250037278054948,1.6395072733028093,0.0,0.0,1,0.07323024298697828,0.0,0.03125,0.0633905143578241,0.0,3.659774681664078E-4,0.03963274674827855,5,5
1770321536635,0.9180612399263957,0.8144110179279557,0.0,1.629089128049236,0.0,0.0,1,0.07145237754619226,0.0,0.03125,0.0633905143578241,0.0,2.927819745331262E-4,0.039626682986536155,5,5
1770321537124,0.9134697607561233,0.5050762722761054,0.9265780599462361,1.5890279955163673,0.0,0.0,1,0.07059275479252908,0.2556237218813906,0.03125,0.06401834146560471,0.0,2.34225579626501E-4,0.03962062108000608,5,5
1770321537619,0.9107870266320619,0.5890150893739515,0.018531632814007687,1.5791403739284364,0.0,0.0,1,0.06883006499806524,0.0,0.03125,0.06380858915161959,0.0,1.8738046370120082E-4,0.039614561027837225,5,5
1770321538084,0.9074536932987286,0.6060915267313265,0.018808202621675454,1.5694711744189223,0.0,0.0,1,0.06812438748089018,0.0,0.03125,0.0635993132936201,0.0,1.4990437096096067E-4,0.03960850282917883,5,5
1770321538554,0.9074536932987286,0.614451804788759,0.0,1.5605840961635622,0.0,0.0,1,0.06696858024587868,0.0,0.03125,0.0635993132936201,0.0,1.1992349676876855E-4,0.03960244648318045,5,5
1770321539025,0.9061955474617894,0.6060915267313265,1.0,1.4951260645175355,0.0,0.0,1,0.06885103080741328,0.5307855626326964,0.03125,0.06486210544530807,0.0,9.593879741501484E-5,0.03959639198899256,3,5
1770321539491,0.9041203599653952,0.6060915267313265,0.22817488151816823,1.4809906597659677,0.0,0.0,1,0.06792890440208864,0.0,0.03125,0.06507423253286025,0.0,7.675103793201187E-5,0.039590339345765835,5,5
1770321539958,0.9041203599653952,0.7142857142857143,0.01923772700735019,1.4733444130964182,0.0,0.0,1,0.0675205942142921,0.0,0.03125,0.0648621054453081,0.0,6.14008303456095E-5,0.039584288552651725,5,5
1770321540428,0.902045172469001,0.6388765649999399,0.0,1.4664032735851085,0.0,0.0,1,0.06928466095636758,0.0,0.03125,0.0648621054453081,0.0,4.912066427648761E-5,0.03957823960880191,5,5
1770321540895,0.8987118391356677,0.10101525445522107,0.0199228564005492,1.4590466254895609,0.0,0.0,1,0.06904699776587105,0.0,0.03125,0.0646504522622704,0.0,3.929653142119009E-5,0.039572192513368964,5,5
1770321541357,0.8999699849726068,0.8571428571428571,0.9771940468529978,1.4255757729428582,0.0,0.0,1,0.06790142704184006,0.27056277056277056,0.03125,0.065286832969877,0.0,3.1437225136952074E-5,0.03956614726550567,5,5
1770321541850,0.8999699849726068,0.5439837932759934,0.0,1.4195345762251432,0.0,0.0,1,0.0681411456588798,0.0,0.03125,0.065286832969877,0.0,2.514978010956166E-5,0.03956010386436537,5,5
1770321542316,0.8934697607561234,0.6468132241526726,0.020538525818393435,1.4130670777018894,0.0,0.0,1,0.06697467284808815,0.0,0.03125,0.06507423253286025,0.0,2.0119824087649332E-5,0.03955406230910197,5,5
1770321542795,0.89013642742279,0.7889543583705186,0.2497671617929068,1.4008485950356244,0.0,0.0,1,0.06641336480101973,0.0,0.03125,0.065286832969877,0.0,1.6095859270119465E-5,0.039548022598870025,5,5
1770321543264,0.8888782815858509,0.28571428571428575,0.25231045969655574,1.3889064459005842,0.0,0.0,1,0.06532008663219717,0.0,0.03125,0.06549990618616287,0.0,1.2876687416095573E-5,0.03954198473282444,5,5
1770321543761,0.8842868024155786,0.4164965639175215,1.0,1.3574783022178383,0.0,0.0,1,0.06448804964179006,0.2515090543259557,0.03125,0.0659274685994465,0.0,1.030134993287646E-5,0.03953594871012056,5,5
1770321544224,0.8809534690822451,0.22587697572631282,0.0,1.3526428959826964,0.0,0.0,1,0.06450963650154772,0.0,0.03125,0.0659274685994465,0.0,8.241079946301169E-6,0.0395299145299145,5,5
1770321544696,0.8782707349581839,0.5890150893739515,0.0,1.3478896574940615,0.0,0.0,1,0.06430740433858612,0.0,0.03125,0.0659274685994465,0.0,6.592863957040936E-6,0.039523882191362714,5,5
1770321545156,0.8782707349581839,0.20203050891044214,0.022131341666401107,1.3426990447756832,0.0,0.0,1,0.06365309401924972,0.0,0.03125,0.06571345159627916,0.0,5.274291165632749E-6,0.03951785169362221,5,5
1770321545627,0.880345922454578,0.30304576336566325,0.022459993130106052,1.3375999610778375,0.0,0.0,1,0.0635504569135755,0.0,0.03125,0.06549990618616286,0.0,4.2194329325062E-6,0.039511823035850546,5,5
1770321546093,0.880345922454578,0.5050762722761054,1.0,1.30849550780483,0.0,0.0,1,0.0633624752422106,0.26824034334763946,0.03125,0.06614195657944696,0.0,3.37554634600496E-6,0.039505796217205624,5,5
1770321546552,0.880345922454578,0.7284313590846835,0.0,1.3044712712284408,0.0,0.0,1,0.06420325883753497,0.0,0.03125,0.06614195657944696,0.0,2.7004370768039684E-6,0.039499771236846115,5,5
1770321547021,0.8782707349581838,0.31943828249996997,1.0,1.252989723281992,0.0,0.0,1,0.06588193586174756,0.5330490405117271,0.03125,0.06743873849480918,0.0,2.1603496614431748E-6,0.039493748093931025,3,5
1770321547486,0.8795288807951229,0.6388765649999399,0.02236699337311169,1.249329795988404,0.0,0.0,1,0.06431444241026657,0.0,0.03125,0.0672214384712845,0.0,1.72827972915454E-6,0.039487726787620026,5,5
1770321547951,0.8849374016248505,0.10101525445522107,0.022699035705661747,1.245728302106484,0.0,0.0,1,0.06425950152684513,0.0,0.03125,0.06700460539759051,0.0,1.3826237833236321E-6,0.03948170731707312,5,5
1770321548422,0.8849374016248505,0.7284313590846835,0.26379027054720927,1.2370288422425295,0.0,0.0,1,0.06362141088891181,0.0,0.03125,0.06722143847128448,0.0,1.1060990266589058E-6,0.03947568968145099,5,5
1770321548893,0.8861955474617896,0.40406101782088427,0.0,1.2341036594088464,0.0,0.0,1,0.06404826011556758,0.0,0.03125,0.06722143847128448,0.0,8.848792213271247E-7,0.039469673879914624,5,5
1770321549353,0.8861955474617896,0.7142857142857143,1.0,1.2080411007899676,0.0,0.0,1,0.06389959067446559,0.2717391304347826,0.03125,0.06765650474113238,0.0,7.079033770616998E-7,0.039463659911625815,5,5
1770321549826,0.890787026632062,0.10101525445522107,0.02356905570145018,1.2050503197122788,0.0,0.0,1,0.06894167702497503,0.0,0.03125,0.06743873849480915,0.0,5.663227016493599E-7,0.03945764777574645,5,5
1770321550276,0.888475656718874,0.6776309271789385,0.27112878335966656,1.1971228948694306,0.0,0.0,1,0.0679078506248125,0.0,0.03125,0.06765650474113238,0.0,4.530581613194879E-7,0.03945163747143943,5,5
1770321550733,0.888475656718874,0.7284313590846835,1.0,1.1511540532338493,0.0,0.0,1,0.06649563054232767,0.5470459518599562,0.03125,0.06897285012746478,0.0,3.624465290555904E-7,0.039445628997867854,3,5
1770321551242,0.8892926983783291,0.6388765649999399,0.25709148319946834,1.14420881454057,0.0,0.0,1,0.06631360112816388,0.0,0.03125,0.06919385820129127,0.0,2.899572232444723E-7,0.03943962235419518,5,5
1770321551811,0.8892926983783291,0.5714285714285715,0.023839387488354152,1.142088309332746,0.0,0.0,1,0.06579916338212748,0.0,0.03125,0.06897285012746478,0.0,2.3196577859557787E-7,0.03943361753958585,5,5
1770321552337,0.8907172866654515,0.14285714285714288,0.024192564799611356,1.139998026035291,0.0,0.0,1,0.06475977679964864,0.0,0.03125,0.06875230272743756,0.0,1.855726228764623E-7,0.039427614553204426,5,5
1770321552802,0.8953087658357239,0.10101525445522107,1.0,1.1169810138580414,0.0,0.0,1,0.0664108676828119,0.26881720430107525,0.03125,0.06919385820129127,0.0,1.4845809830116985E-7,0.039421613394216126,5,5
1770321553291,0.8953087658357239,0.5890150893739515,0.0,1.115675883813921,0.0,0.0,1,0.06562125773659469,0.0,0.03125,0.06919385820129127,0.0,1.1876647864093589E-7,0.03941561406178662,5,5
1770321553745,0.8917392500855967,0.5050762722761054,0.024750137229599383,1.113925503834622,0.0,0.0,1,0.06475629886447774,0.0,0.03125,0.06897285012746478,0.0,9.501318291274872E-8,0.03940961655508213,5,5
1770321554202,0.8926260317116624,0.7071067811865476,0.0,1.1126579016358,0.0,0.0,1,0.06583836339716376,0.0,0.03125,0.06897285012746478,0.0,7.601054633019899E-8,0.03940362087326943,5,5
1770321554668,0.8926260317116624,0.7142857142857143,0.2804562203026248,1.1063682607182468,0.0,0.0,1,0.06565798703102022,0.0,0.03125,0.06919385820129127,0.0,6.08084370641592E-8,0.039397627015515635,5,5
1770321555127,0.8918787300188181,0.931314629314664,1.0,1.084395830760283,0.0,0.0,1,0.06462790267939984,0.27233115468409586,0.03125,0.069637252915017,0.0,4.8646749651327356E-8,0.03939163498098863,5,5
1770321555605,0.8933033183059403,0.7693092581620721,0.0,1.0834814165707014,0.0,0.0,1,0.0669968991836165,0.0,0.03125,0.069637252915017,0.0,3.8917399721061885E-8,0.03938564476885642,5,5
1770321556059,0.8933033183059403,0.14285714285714288,1.0,1.043123792709201,0.0,0.0,1,0.06615762204299609,0.5506607929515418,0.03125,0.07097840030197787,0.0,3.113391977684951E-8,0.039379656378288,3,5
1770321556516,0.8978947974762127,0.28571428571428575,0.0,1.0426741510634492,0.0,0.0,1,0.06525596554602993,0.0,0.03125,0.07097840030197787,0.0,2.4907135821479607E-8,0.03937366980845247,5,5
1770321556967,0.8933033183059403,0.22587697572631282,0.025816273798511962,1.0417815095155198,0.0,0.0,1,0.06447415219210302,0.0,0.03125,0.07075373922397983,0.0,1.9925708657183686E-8,0.03936768505851951,5,5
1770321557426,0.8890877766176389,0.22587697572631282,0.02619768727138015,1.0409009597866512,0.0,0.0,1,0.06580948617544959,0.0,0.03125,0.07052953146130754,0.0,1.594056692574695E-8,0.03936170212765955,5,5
1770321557893,0.8924211099509722,0.10101525445522107,0.026584530013555333,1.040032338510414,0.0,0.0,1,0.0646805982997887,0.0,0.03125,0.07030577799469062,0.0,1.275245354059756E-8,0.039355721015043255,5,5
1770321558350,0.89099652166385,0.614451804788759,1.0,1.0204989351408633,0.0,0.0,1,0.06465282943502744,0.2735229759299781,0.03125,0.07097840030197787,0.0,1.0201962832478048E-8,0.03934974171984196,5,5
1770321558814,0.8943298549971833,0.40406101782088427,0.27996258555704356,1.0156787165502226,0.0,0.0,1,0.06405710377153753,0.0,0.03125,0.07120351369687085,0.0,8.161570265982438E-9,0.03934376424122743,5,5
1770321559279,0.8957544432843056,0.10101525445522107,0.2826409263210737,1.010931766956306,0.0,0.0,1,0.06365099682523964,0.0,0.03125,0.07142907839242849,0.0,6.529256212785951E-9,0.03933778857837178,5,5
1770321559739,0.8930717091602444,0.6060915267313265,0.0,1.0108212653578488,0.0,0.0,1,0.07041561005533198,0.0,0.03125,0.07142907839242849,0.0,5.2234049702287605E-9,0.039331814730448,5,5
1770321560199,0.8911629641140333,0.0,0.0,1.0107118925687786,0.0,0.0,1,0.06894144008813306,0.0,0.03125,0.07142907839242849,0.0,4.178723976183009E-9,0.03947767992711815,5,5
1770321560659,0.8884802299899719,0.7889543583705186,1.0,0.9738396141312643,0.0,0.0,1,0.06843910574343845,0.5434782608695652,0.03125,0.0727918847033581,0.0,3.342979180946407E-9,0.03947168665553358,3,5
1770321561115,0.8872220841530327,0.5890150893739515,0.0,0.9740944400574484,0.0,0.0,1,0.06721194390749732,0.0,0.03125,0.0727918847033581,0.0,2.674383344757126E-9,0.03946569520340015,5,5
1770321561574,0.8905554174863661,0.7142857142857143,0.0,0.9743468491259475,0.0,0.0,1,0.06588722375810448,0.0,0.03125,0.0727918847033581,0.0,2.1395066758057008E-9,0.0394597055698892,5,5
1770321562092,0.8926957716782732,0.5439837932759934,0.028791966307279992,0.9741621597329007,0.0,0.0,1,0.06524533763375548,0.0,0.03125,0.07256363455378953,0.0,1.7116053406445606E-9,0.039453717754172946,5,5
1770321562559,0.8893624383449399,0.20203050891044214,0.029215578683985523,0.9739812820919368,0.0,0.0,1,0.0646695058213181,0.0,0.03125,0.07233582922821812,0.0,1.3692842725156486E-9,0.03944773175542404,5,5
1770321563017,0.8914376258413341,0.6388765649999399,1.0,0.9516235119924442,0.0,0.0,1,0.06469146225715934,0.2729257641921397,0.03125,0.07302057853335073,0.0,1.095427418012519E-9,0.03944174757281549,5,5
1770321563479,0.8940936725803896,0.7142857142857143,0.0,0.9520840959226587,0.0,0.0,1,0.06399581428568987,0.0,0.03125,0.07302057853335073,0.0,8.763419344100152E-10,0.039435765205521056,5,5
1770321563933,0.8940936725803896,0.5050762722761054,0.0,0.952540513402202,0.0,0.0,1,0.06447325035589195,0.0,0.03125,0.07302057853335073,0.0,7.010735475280122E-10,0.03942978465271463,5,5
1770321564390,0.8895021934101173,0.5439837932759934,0.030241032482938763,0.9525656950186409,0.0,0.0,1,0.06371968804298228,0.0,0.03125,0.0727918847033581,0.0,5.608588380224099E-10,0.039423805913570864,5,5
1770321564847,0.8955182608675119,0.30304576336566325,0.030685062399797906,0.952592580613318,0.0,0.0,1,0.06359010537742157,0.0,0.03125,0.07256363455378952,0.0,4.486870704179279E-10,0.03941782898726498,5,5
1770321565309,0.8890180366510283,0.5890150893739515,1.0,0.9355602827613463,0.0,0.0,1,0.06389486917103479,0.27056277056277056,0.03125,0.07324971488161137,0.0,3.589496563343423E-10,0.039411853872972524,5,5
1770321565766,0.8923513699843618,0.28571428571428575,0.0,0.936163542996103,0.0,0.0,1,0.06304900758321813,0.0,0.03125,0.07324971488161137,0.0,2.871597250674739E-10,0.03940588056986971,5,5
1770321566240,0.8910932241474226,0.40406101782088427,0.03144752167286981,0.9363397218889209,0.0,0.0,1,0.06296189788294876,0.0,0.03125,0.07302057853335076,0.0,2.2972778005397912E-10,0.039399909077132866,5,5
1770321566699,0.8923513699843618,0.6468132241526726,0.0,0.9369361771578675,0.0,0.0,1,0.06207060797726591,0.0,0.03125,0.07302057853335076,0.0,1.837822240431833E-10,0.039393939393939426,5,5
1770321567167,0.8923513699843618,0.4164965639175215,0.0,0.9375274168788382,0.0,0.0,1,0.061648864603734234,0.0,0.03125,0.07302057853335076,0.0,1.4702577923454666E-10,0.039387971519466713,5,5
1770321567693,0.8969428491546342,0.30304576336566325,1.0,0.9040400948229839,0.0,0.0,1,0.06198370215286083,0.47528517110266155,0.03125,0.07440199240839575,0.0,1.1762062338763734E-10,0.039382005452893054,3,5
1770321568191,0.893609515821301,0.0,0.0,0.9049084432289377,0.0,0.0,1,0.061204688808824174,0.0,0.03125,0.07440199240839575,0.0,9.409649871010988E-11,0.03952748750567925,5,5
1770321568663,0.8982009949915734,0.20203050891044214,1.0,0.8725133110369475,0.0,0.0,1,0.061226716651643205,0.5296610169491526,0.03125,0.07556514771315433,0.0,7.52771989680879E-11,0.03952150211992733,3,5
1770321569128,0.8948676616582402,0.31943828249996997,0.031058495147470225,0.8732151219757011,0.0,0.0,1,0.06268578220648557,0.0,0.03125,0.07533165425853022,0.0,6.022175917447033E-11,0.03951551854655566,5,5
1770321569591,0.8948676616582402,0.5050762722761054,0.0,0.874323631273723,0.0,0.0,1,0.0619435405267659,0.0,0.03125,0.07533165425853022,0.0,4.817740733957627E-11,0.03950953678474112,5,5
1770321570053,0.8915343283249066,0.7284313590846835,0.0,0.8754238313022886,0.0,0.0,1,0.06208913684580497,0.0,0.03125,0.07533165425853022,0.0,3.854192587166102E-11,0.039503556833661246,5,5
1770321570513,0.8902761824879675,0.6060915267313265,0.31189853016729324,0.8725828633839527,0.0,0.0,1,0.06204170923839529,0.0,0.03125,0.07556514771315435,0.0,3.083354069732882E-11,0.03949757869249393,5,5
1770321570971,0.8882009949915732,0.10101525445522107,1.0,0.8538834231731617,0.0,0.0,1,0.06216056216201442,0.2729257641921397,0.03125,0.0765033923085007,0.0,2.4666832557863055E-11,0.0394916023604176,5,5
1770321571427,0.8882009949915732,0.7889543583705186,0.032734587420109075,0.8547222356964349,0.0,0.0,1,0.06171816806225286,0.0,0.03125,0.07626819336827688,0.0,1.9733466046290446E-11,0.03948562783661125,5,5
1770321571882,0.8915343283249066,0.7284313590846835,0.30946074838788995,0.8521316348249142,0.0,0.0,1,0.06339486314655254,0.0,0.03125,0.07650339230850067,0.0,1.578677283703236E-11,0.03947965512025409,5,5
1770321572347,0.8915343283249066,0.7354021529276429,0.03368130077165539,0.8529836836236523,0.0,0.0,1,0.06565996854449113,0.0,0.03125,0.07626819336827693,0.0,1.2629418269625887E-11,0.03947368421052633,5,5
1770321572809,0.8879648125747794,0.614451804788759,0.0,0.8542395543094262,0.0,0.0,1,0.06468885528118833,0.0,0.03125,0.07626819336827693,0.0,1.010353461570071E-11,0.03946771510660818,5,5
1770321573278,0.8846314792414463,0.36421567954234174,1.0,0.8394551577879497,0.0,0.0,1,0.06456272066258245,0.26652452025586354,0.03125,0.07673901403882423,0.0,8.082827692560569E-12,0.039461747807680636,5,5
1770321573738,0.8792229584117186,0.40406101782088427,0.03428964005684183,0.8403993391914579,0.0,0.0,1,0.06394035726138066,0.0,0.03125,0.07650339230850067,0.0,6.466262154048455E-12,0.039455782312925125,5,5
1770321574228,0.8792229584117186,0.22587697572631282,0.034790257384952686,0.8413384638445067,0.0,0.0,1,0.06390374199774203,0.0,0.03125,0.07626819336827693,0.0,5.173009723238764E-12,0.039449818621523525,5,5
1770321574699,0.8738144375819911,0.5714285714285715,0.3287665140793416,0.8389003644123414,0.0,0.0,1,0.06390528063654081,0.0,0.03125,0.0765033923085007,0.0,4.1384077785910114E-12,0.03944385673265827,5,5
1770321575157,0.8704811042486579,0.7142857142857143,0.0,0.8402540097271957,0.0,0.0,1,0.06373255569733853,0.0,0.03125,0.0765033923085007,0.0,3.310726222872809E-12,0.03943789664551223,5,5
1770321575647,0.8719754325023907,0.30304576336566325,1.0,0.8262311038923188,0.0,0.0,1,0.0628066653481916,0.25510204081632654,0.03125,0.07721151995908243,0.0,2.6485809782982476E-12,0.039431938359268726,5,5
1770321576146,0.8732335783393299,0.7284313590846835,0.32927352865806964,0.8239681311299617,0.0,0.0,1,0.06818123292279044,0.0,0.03125,0.07744840114304397,0.0,2.1188647826385982E-12,0.03942598187311175,5,5
1770321576604,0.8755449482525177,0.7354021529276429,0.0365613939303929,0.8250173688120953,0.0,0.0,1,0.06698352809339347,0.0,0.03125,0.0772115199590824,0.0,1.6950918261108786E-12,0.039420027186225615,5,5
1770321577104,0.877453693298729,0.31943828249996997,0.0,0.8264635356277081,0.0,0.0,1,0.06753130584675901,0.0,0.03125,0.0772115199590824,0.0,1.356073460888703E-12,0.0394140742977952,5,5
1770321577557,0.8728622141284564,0.5714285714285715,0.0,0.8279002436112815,0.0,0.0,1,0.06675046612970603,0.0,0.03125,0.0772115199590824,0.0,1.0848587687109623E-12,0.03940812320700593,5,5
1770321578019,0.8760291050116066,0.22587697572631282,1.0,0.8105625371581574,0.0,0.0,1,0.06557779727910225,0.27056277056277056,0.03125,0.07816153912599141,0.0,8.6788701496877E-13,0.03940217391304346,5,5
1770321578480,0.8781042925080009,0.22587697572631282,0.0,0.8121009597972202,0.0,0.0,1,0.065369537197651,0.0,0.03125,0.07816153912599141,0.0,6.94309611975016E-13,0.039396226415094326,5,5
1770321578949,0.8793624383449399,0.10101525445522107,0.0,0.8136297614918927,0.0,0.0,1,0.06459509515397682,0.0,0.03125,0.07816153912599141,0.0,5.554476895800129E-13,0.039390280712345294,5,5
1770321579418,0.8747709591746674,0.10101525445522107,0.0,0.8151489557238266,0.0,0.0,1,0.06855015994704745,0.0,0.03125,0.07816153912599141,0.0,4.4435815166401035E-13,0.03938433680398368,5,5
1770321579899,0.881271183391151,0.28571428571428575,1.0,0.7859897633414816,0.0,0.0,1,0.06807078954185392,0.5197505197505198,0.03125,0.07887838547031764,0.0,3.554865213312083E-13,0.03937839468919735,3,5
1770321580355,0.8833463708875452,0.45175395145262565,0.0,0.7876754686795314,0.0,0.0,1,0.06711582056892616,0.0,0.03125,0.07887838547031764,0.0,2.8438921706496667E-13,0.039372454367174514,5,5
1770321580849,0.8879378500578177,0.14285714285714288,0.0,0.7893514546561221,0.0,0.0,1,0.06665944006787915,0.0,0.03125,0.07887838547031764,0.0,2.275113736519733E-13,0.039366515837104044,5,5
1770321581321,0.8879378500578177,0.22587697572631282,0.0,0.7910177211758174,0.0,0.0,1,0.06606949839132545,0.0,0.03125,0.07887838547031764,0.0,1.8200909892157866E-13,0.03936057909817525,5,5
1770321581791,0.8887548917172727,0.40406101782088427,0.0,0.7926742691203222,0.0,0.0,1,0.06546635008216913,0.0,0.03125,0.07887838547031764,0.0,1.4560727913726295E-13,0.03935464414957779,5,5
1770321582273,0.8908300792136671,0.5439837932759934,1.0,0.7763910713954417,0.0,0.0,1,0.06532447841959887,0.25933609958506226,0.03125,0.07983987251829838,0.0,1.1648582330981036E-13,0.03934871099050208,5,5
1770321582749,0.8854215583839395,0.20203050891044214,0.34594479732314604,0.7746689074952657,0.0,0.0,1,0.0665018402569887,0.0,0.03125,0.08008124936056728,0.0,9.318865864784829E-14,0.03934277962013866,5,5
1770321583205,0.8866797042208785,0.10101525445522107,0.3487896937402836,0.7729656363610033,0.0,0.0,1,0.06599203644885514,0.0,0.03125,0.0803230247389387,0.0,7.455092691827864E-14,0.03933685003767895,5,5
1770321583670,0.8874967458803337,0.614451804788759,0.0,0.7747245264640705,0.0,0.0,1,0.06849607061197982,0.0,0.03125,0.0803230247389387,0.0,5.964074153462291E-14,0.0393309222423146,5,5
1770321584129,0.8855880008341227,0.6060915267313265,0.04196425918339404,0.7760726144998342,0.0,0.0,1,0.06715133709856422,0.0,0.03125,0.08008124936056729,0.0,4.771259322769833E-14,0.03932499623323793,5,5
1770321584609,0.8920882250506061,0.7142857142857143,1.0,0.7598910868252555,0.0,0.0,1,0.06623288802674139,0.2604166666666667,0.03125,0.08080776394029297,0.0,3.817007458215867E-14,0.039319072009641465,5,5
1770321585080,0.8920882250506061,0.20203050891044214,0.3506757605968258,0.7583374391360743,0.0,0.0,1,0.06562749937063692,0.0,0.03125,0.08105072412737797,0.0,3.0536059665726936E-14,0.03931314957071852,5,5
1770321585539,0.8966797042208785,0.5050762722761054,0.041973812211265706,0.7597764121478972,0.0,0.0,1,0.06500698116918295,0.0,0.03125,0.080807763940293,0.0,2.442884773258155E-14,0.03930722891566263,5,5
1770321586013,0.8966797042208785,0.5890150893739515,0.0,0.7616059685394478,0.0,0.0,1,0.06884521393974526,0.0,0.03125,0.080807763940293,0.0,1.954307818606524E-14,0.0393013100436681,5,5
1770321586478,0.8946045167244844,0.6776309271789385,0.04344820050809507,0.7630279455056618,0.0,0.0,1,0.06840488087256665,0.0,0.03125,0.08056519686788481,0.0,1.5634462548852193E-14,0.03929539295392959,5,5
1770321586931,0.8946045167244842,0.28571428571428575,1.0,0.7509510358387005,0.0,0.0,1,0.06694293060487036,0.2759381898454746,0.03125,0.08129407557859389,0.0,1.2507570039081755E-14,0.03928947764564206,5,5
1770321587396,0.8960291050116065,0.40406101782088427,0.3637262352983361,0.7494860694192137,0.0,0.0,1,0.06638634715433181,0.0,0.03125,0.0815378164215473,0.0,1.0006056031265405E-14,0.03928356411800116,5,5
1770321587866,0.8960291050116065,0.36421567954234174,0.0,0.7513683510200443,0.0,0.0,1,0.06535551997304588,0.0,0.03125,0.0815378164215473,0.0,8.004844825012325E-15,0.0392776523702032,5,5
1770321588316,0.900620584181879,0.45175395145262565,0.0,0.753241146110013,0.0,0.0,1,0.06626911844816759,0.0,0.03125,0.0815378164215473,0.0,6.40387586000986E-15,0.03927174240144449,5,5
1770321588781,0.8979378500578176,0.5050762722761054,0.3815859323669799,0.7517563133411881,0.0,0.0,1,0.06528581837501247,0.0,0.03125,0.08178194476191025,0.0,5.123100688007889E-15,0.039265834210922224,5,5
1770321589249,0.9039539175152121,0.5890150893739515,1.0,0.7395680978099395,0.0,0.0,1,0.06512102147463744,0.2670940170940171,0.03125,0.08227135624736419,0.0,4.098480550406311E-15,0.03925992779783394,5,5
1770321589716,0.8974536932987287,0.5890150893739515,0.3724520931778049,0.7382162520184941,0.0,0.0,1,0.06571478785336943,0.0,0.03125,0.08251663549335386,0.0,3.278784440325049E-15,0.039254023161377605,5,5
1770321590191,0.8953785058023346,0.10101525445522107,1.0,0.7096698463308335,0.0,0.0,1,0.06521628900676588,0.5263157894736842,0.03125,0.08374868676604753,0.0,2.623027552260039E-15,0.039248120300751865,3,5
1770321590652,0.8953785058023346,0.5150787536377127,0.0,0.7117362304637794,0.0,1.0,1,0.0647760078489032,0.0,0.03125,0.08374868676604753,0.0,2.0984220418080312E-15,0.03924221921515558,5,5
1770321591112,0.8939539175152122,0.8689660757568886,0.0,0.7137938387269235,0.0,0.0,1,0.0663290635504064,0.0,0.03125,0.08374868676604753,0.0,1.678737633446425E-15,0.039236319903788286,5,5
1770321591563,0.8953785058023346,0.931314629314664,0.0,0.7158426236533479,0.0,0.0,1,0.06528140682645724,0.0,0.03125,0.08374868676604753,0.0,1.34299010675714E-15,0.03923042236584995,5,5
1770321592029,0.8939539175152122,0.931314629314664,0.0,0.7178825390697328,0.0,0.0,1,0.06900160739052212,0.0,0.03125,0.08374868676604753,0.0,1.074392085405712E-15,0.03922452660054099,5,5
1770321592479,0.8939539175152122,0.6060915267313265,1.0,0.6937445759765907,0.0,0.0,1,0.0676606540056126,0.5555555555555556,0.03125,0.08498997308411585,0.0,8.595136683245696E-16,0.039218632607062376,3,5
1770321592935,0.8953785058023346,0.14285714285714288,0.0,0.6958757323988471,0.0,0.0,1,0.06618278253787854,0.0,0.03125,0.08498997308411585,0.0,6.876109346596558E-16,0.03921274038461542,5,5
1770321593388,0.8953785058023346,0.7693092581620721,0.3495957662387282,0.6949256178305715,0.0,0.0,1,0.06840571984915343,0.0,0.03125,0.08523931499863062,0.0,5.500887477277247E-16,0.03920684993240198,5,5
1770321593845,0.8966366516392735,0.31943828249996997,0.3524447396565409,0.693985132158896,0.0,0.0,1,0.06756754356857338,0.0,0.03125,0.08548901330617328,0.0,4.400709981821798E-16,0.039200961249624466,5,5
1770321594312,0.8966366516392735,0.5050762722761054,0.0,0.696115347860755,0.0,0.0,1,0.0661688375636722,0.0,0.03125,0.08548901330617328,0.0,3.5205679854574383E-16,0.03919507433548586,5,5
1770321594789,0.8974536932987287,0.5050762722761054,1.0,0.6818520637574612,0.0,0.0,1,0.0672798093939832,0.2620545073375262,0.03125,0.08598947005051454,0.0,2.8164543883659507E-16,0.03918918918918923,5,5
1770321595235,0.8979378500578176,0.7142857142857143,0.0,0.6840282848776917,0.0,0.0,1,0.067749833302777,0.0,0.03125,0.08598947005051454,0.0,2.2531635106927606E-16,0.03918330580993845,5,5
1770321595691,0.8965132617706953,0.6060915267313265,1.0,0.6576497815928569,0.0,0.0,1,0.06699823122087246,0.5482456140350876,0.03125,0.08699455939716795,0.0,1.8025308085542085E-16,0.039177424196937816,3,5
1770321596148,0.8965132617706953,0.22587697572631282,0.32395397306963847,0.6570160784273399,0.0,0.0,1,0.06693086988885752,0.0,0.03125,0.08724668795906708,0.0,1.442024646843367E-16,0.039171544349392184,5,5
1770321596608,0.8952551159337563,0.6468132241526726,0.04395029326009234,0.6588909998509773,0.0,0.0,1,0.06562208305895731,0.0,0.03125,0.08699455939716798,0.0,1.1536197174746937E-16,0.03916566626650664,5,5
1770321597057,0.8958626625614234,0.7889543583705186,0.33309599364682435,0.6582479382370996,0.0,0.0,1,0.06645701637435314,0.0,0.03125,0.0872466879590671,0.0,9.22895773979755E-17,0.03915978994748692,5,5
1770321597510,0.8925293292280903,0.7284313590846835,0.04518945493468576,0.6601182200674444,0.0,0.0,1,0.06535260630945518,0.0,0.03125,0.08699455939716796,0.0,7.38316619183804E-17,0.03915391539153912,5,5
1770321597965,0.8979378500578176,0.4164965639175215,1.0,0.6504543722349294,0.0,0.0,1,0.06471329075996216,0.2747252747252747,0.03125,0.08775195568600141,0.0,5.906532953470433E-17,0.03914804259787008,5,5
1770321598436,0.8971208083983624,0.45175395145262565,0.0,0.6527359815849922,0.0,0.0,1,0.06405875410393515,0.0,0.03125,0.08775195568600141,0.0,4.7252263627763466E-17,0.03914217156568689,5,5
1770321598900,0.89252932922809,0.4164965639175215,0.0,0.6550105969654975,0.0,0.0,1,0.06369064377412162,0.0,0.03125,0.08775195568600141,0.0,3.7801810902210776E-17,0.03913630229419707,5,5
1770321599367,0.8937874750650292,0.7142857142857143,0.04712507569257697,0.656889588231635,0.0,0.0,1,0.06359535963798728,0.0,0.03125,0.08749915420377266,0.0,3.024144872176862E-17,0.03913043478260869,5,5
1770321599858,0.8937874750650292,0.7284313590846835,0.0,0.6591512038920669,0.0,0.0,1,0.0678366896519,0.0,0.03125,0.08749915420377266,0.0,2.4193158977414895E-17,0.039124569030130396,5,5
1770321600323,0.8937874750650292,0.40406101782088427,1.0,0.6483614896564882,0.0,0.0,1,0.06668530819494153,0.26881720430107525,0.03125,0.08749915420377267,0.0,1.935452718193192E-17,0.03911870503597126,5,5
1770321600792,0.8937874750650292,0.8144110179279557,0.34931919182340665,0.6478002193982938,0.0,0.0,1,0.06706373699066231,0.0,0.03125,0.08775195568600141,0.0,1.5483621745545536E-17,0.039112842799340575,5,5
1770321601252,0.8952120633521514,0.4164965639175215,0.0,0.6500898336190714,0.0,0.0,1,0.06742247492721008,0.0,0.03125,0.08775195568600141,0.0,1.238689739643643E-17,0.03910698231944865,5,5
1770321601741,0.8952120633521514,0.31943828249996997,0.0,0.6523725507445903,0.0,0.0,1,0.06623562658401616,0.0,0.03125,0.08775195568600141,0.0,9.909517917149145E-18,0.03910112359550566,5,5
1770321602204,0.8939539175152125,0.4164965639175215,1.0,0.6298275058332289,0.0,0.0,1,0.06495366361164662,0.5399568034557235,0.03125,0.08825855446228881,0.0,7.927614333719317E-18,0.03909526662672258,3,5
1770321602670,0.8953785058023346,0.14285714285714288,0.3379474939351174,0.6294037934736535,0.0,0.0,1,0.06384826702329296,0.0,0.03125,0.08851234674596682,0.0,6.3420914669754536E-18,0.039089411412310926,5,5
1770321603136,0.8953785058023346,0.7889543583705186,0.047009507032853004,0.6313664885650335,0.0,0.0,1,0.06264715117373511,0.0,0.03125,0.08825855446228882,0.0,5.073673173580363E-18,0.03908355795148244,5,5
1770321603600,0.8920451724690012,0.7142857142857143,0.0,0.633702527703458,0.0,0.0,1,0.06233766869206658,0.0,0.03125,0.08825855446228882,0.0,4.058938538864291E-18,0.03907770624344964,5,5
1770321604056,0.8928622141284563,0.28571428571428575,0.0,0.6360322971840522,0.0,0.0,1,0.061928381244733925,0.0,0.03125,0.08825855446228882,0.0,3.2471508310914326E-18,0.039071856287425155,5,5
1770321604504,0.8928622141284563,0.14285714285714288,1.0,0.626515580942537,0.0,0.0,1,0.06192350442602992,0.27901785714285715,0.03125,0.0887664642462699,0.0,2.597720664873146E-18,0.039066008082622394,5,5
1770321604960,0.8936792557879114,0.4164965639175215,0.048653072887489615,0.6284858140799584,0.0,0.0,1,0.0646057133748868,0.0,0.03125,0.0885123467459668,0.0,2.078176531898517E-18,0.039060161628254986,5,5
1770321605422,0.8876631883305168,0.7354021529276429,0.3576364319701937,0.6280730885137584,0.0,0.0,1,0.06474036736188037,0.0,0.03125,0.08876646424626992,0.0,1.6625412255188136E-18,0.039054316923537336,5,5
1770321605895,0.8876631883305168,0.20203050891044214,0.3604924870285198,0.6276648911434216,0.0,0.0,1,0.06499453257868665,0.0,0.03125,0.08902090439769084,0.0,1.330032980415051E-18,0.03904847396768407,5,5
1770321606353,0.8882707349581839,0.10101525445522107,0.36335042958139074,0.6272611914697546,0.0,0.0,1,0.06585753646282336,0.0,0.03125,0.08927566461047558,0.0,1.0640263843320409E-18,0.03904263275991027,5,5
1770321606802,0.889087776617639,0.22587697572631282,1.0,0.6156306161916248,0.0,0.0,1,0.06807976369434021,0.27839643652561247,0.03125,0.09029785342790861,0.0,8.512211074656328E-19,0.03903679329943166,5,5
1770321607254,0.890345922454578,0.36421567954234174,0.0,0.6180060414599179,0.0,0.0,1,0.06900406793602915,0.0,0.03125,0.09029785342790861,0.0,6.809768859725063E-19,0.03903095558546432,5,5
1770321607723,0.8936792557879114,0.5439837932759934,0.05122920070987343,0.6199924566727592,0.0,0.0,1,0.07189096774604696,0.0,0.03125,0.09004183935440788,0.0,5.447815087780051E-19,0.03902511961722488,5,5
1770321608179,0.8871790315714277,0.8689660757568886,0.36535913937712927,0.619647879314663,0.0,0.0,1,0.0703339969519095,0.0,0.03125,0.09029785342790862,0.0,4.358252070224041E-19,0.03901928539393029,5,5
1770321608636,0.8871790315714277,0.7354021529276429,0.052631530112742686,0.6216293328199451,0.0,0.0,1,0.06899192928820039,0.0,0.03125,0.09004183935440788,0.0,3.486601656179233E-19,0.039013452914798186,5,5
1770321609097,0.8859208857344886,0.45175395145262565,1.0,0.6101567816395287,0.0,0.0,1,0.06922528504931214,0.27114967462039047,0.03125,0.09106772515728333,0.0,2.7892813249433865E-19,0.03900762217904652,5,5
1770321609557,0.8851038440750337,0.40406101782088427,0.0,0.6125447450345253,0.0,0.0,1,0.07046800212513296,0.0,0.03125,0.09106772515728333,0.0,2.2314250599547095E-19,0.039001793185893585,5,5
1770321610024,0.8851038440750337,0.7071067811865476,0.05325281991107249,0.6145422440332031,0.0,0.0,1,0.0685434285171507,0.0,0.03125,0.09081079907826074,0.0,1.7851400479637677E-19,0.03899596593455845,5,5
1770321610483,0.8851038440750337,0.5050762722761054,0.0,0.6169202100667779,0.0,0.0,1,0.06725591164465317,0.0,0.03125,0.09081079907826074,0.0,1.4281120383710142E-19,0.03899014042426052,5,5
1770321610934,0.8790877766176389,0.7071067811865476,0.3816328551786864,0.6166013221673078,0.0,0.0,1,0.06685566199460924,0.0,0.03125,0.09106772515728333,0.0,1.1424896306968113E-19,0.03898431665421953,5,5
1770321611394,0.8736792557879113,0.7071067811865476,1.0,0.6079134988702392,0.0,0.0,1,0.07704917289339089,0.2717391304347826,0.03125,0.09184028290317901,0.0,9.13991704557449E-20,0.03897849462365588,5,5
1770321611856,0.871604068291517,0.40406101782088427,0.0,0.6103064272219603,0.0,0.0,1,0.07470886601825429,0.0,0.03125,0.09184028290317901,0.0,7.311933636459593E-20,0.0389726743317903,5,5
1770321612340,0.8761955474617894,0.10101525445522107,1.0,0.5910343020810022,0.0,0.0,1,0.07306291392009942,0.5165289256198348,0.03125,0.09339314816555876,0.0,5.849546909167674E-20,0.03896685577784409,3,5
1770321612821,0.8728622141284562,0.5439837932759934,0.0,0.5934613547022969,0.0,0.0,1,0.07191123567913085,0.0,0.03125,0.09339314816555876,0.0,4.6796375273341394E-20,0.038961038961038974,5,5
1770321613304,0.8782707349581838,0.45175395145262565,0.0,0.5958838520861199,0.0,0.0,1,0.07031801544176357,0.0,0.03125,0.09339314816555876,0.0,3.743710021867312E-20,0.03895522388059702,5,5
1770321613764,0.8761955474617896,0.31943828249996997,0.055470305604521646,0.5979119395038828,0.0,0.0,1,0.06937111316364208,0.0,0.03125,0.0931336392047942,0.0,2.99496801749385E-20,0.03894941053574097,5,5
1770321614226,0.8761955474617896,0.30304576336566325,0.056255974885066916,0.599936421018754,0.0,0.0,1,0.06803281138789907,0.0,0.03125,0.09287440552143227,0.0,2.39597441399508E-20,0.03894359892569377,5,5
1770321614689,0.8692926983783292,0.8689660757568886,1.0,0.5890618750523596,0.0,0.0,1,0.06770272678929552,0.26997840172786175,0.03125,0.0939129798494417,0.0,1.916779531196064E-20,0.03893778904967926,5,5
1770321615178,0.8680345525413901,0.7142857142857143,0.0,0.5914925426535873,0.0,0.0,1,0.06731929770690429,0.0,0.03125,0.0939129798494417,0.0,1.5334236249568513E-20,0.03893198090692129,5,5
1770321615636,0.8615343283249065,0.7142857142857143,0.37103836441181404,0.5913570103007668,0.0,0.0,1,0.06694707577022274,0.0,0.03125,0.09417329647441094,0.0,1.226738899965481E-20,0.03892617449664426,5,5
1770321616116,0.8615343283249065,0.5150787536377127,0.05761761400042433,0.5933915616013147,0.0,0.0,1,0.06582043675622619,0.0,0.03125,0.09391297984944173,0.0,9.81391119972385E-21,0.03892036981807334,5,5
1770321616584,0.8648676616582398,0.6060915267313265,0.38103658828290055,0.5932443308673044,0.0,0.0,1,0.06628047719673637,0.0,0.03125,0.09417329647441094,0.0,7.85112895977908E-21,0.03891456687043382,5,5
1770321617038,0.868437177408367,0.614451804788759,1.0,0.5846886535447327,0.0,0.0,1,0.0678027139074322,0.2753303964757709,0.03125,0.0946947158548836,0.0,6.2809031678232645E-21,0.03890876565295165,5,5
1770321617522,0.8692542190678222,0.7354021529276429,0.05786106243879012,0.5867361413841351,0.0,0.0,1,0.07667107840882842,0.0,0.03125,0.09443387618039221,0.0,5.024722534258612E-21,0.038902966164853225,5,5
1770321617978,0.8671790315714278,0.6468132241526726,0.37884638286284206,0.5866329759401419,0.0,0.0,1,0.07584173048780612,0.0,0.03125,0.0946947158548836,0.0,4.01977802740689E-21,0.03889716840536517,5,5
1770321618439,0.8717705107417003,0.6060915267313265,0.0,0.5890679879697536,0.0,0.0,1,0.07398722189085387,0.0,0.03125,0.0946947158548836,0.0,3.215822421925512E-21,0.03889137237371476,5,5
1770321618900,0.8657544432843056,0.5714285714285715,0.060631895826208156,0.5911048344329187,0.0,0.0,1,0.07207516017880736,0.0,0.03125,0.09443387618039219,0.0,2.5726579375404096E-21,0.038885578069129956,5,5
1770321619355,0.8603459224545781,0.30304576336566325,1.0,0.58298722670551,0.0,0.0,1,0.07282826345490906,0.2747252747252747,0.03125,0.09521716253209864,0.0,2.058126350032328E-21,0.0388797854908387,5,5
1770321619824,0.8570125891212449,0.36421567954234174,0.0,0.5854285376993612,0.0,0.0,1,0.07117257869609389,0.0,0.03125,0.09521716253209864,0.0,1.6465010800258624E-21,0.03887399463806973,5,5
1770321620289,0.8570125891212449,0.5439837932759934,0.06166454558960241,0.5874708438491786,0.0,0.0,1,0.069656281407714,0.0,0.03125,0.09495581235993342,0.0,1.31720086402069E-21,0.0388682055100521,5,5
1770321620754,0.8603459224545781,0.6388765649999399,0.0,0.5899043705716747,0.0,0.0,1,0.06890444406640063,0.0,0.03125,0.09495581235993342,0.0,1.053760691216552E-21,0.03886241810601554,5,5
1770321621218,0.8608300792136669,0.42857142857142855,0.0,0.5923335035753388,0.0,0.0,1,0.06935218885460442,0.0,0.03125,0.09495581235993342,0.0,8.430085529732416E-22,0.038856632425189774,5,5
1770321621679,0.8608300792136669,0.36421567954234174,1.0,0.5722838446010939,0.0,0.0,1,0.06981552685428334,0.5422993492407809,0.03125,0.09547876318240409,0.0,6.744068423785933E-22,0.03885084846680564,3,5
1770321622287,0.8602225325859999,0.7142857142857143,0.0,0.5747421086629144,0.0,0.0,1,0.0697191091350042,0.0,0.03125,0.09547876318240409,0.0,5.395254739028746E-22,0.03884506623009376,5,5
1770321622802,0.8537223083695163,0.7071067811865476,0.0612725208755873,0.5768073059677202,0.0,0.0,1,0.06826567690916503,0.0,0.03125,0.09521716253209864,0.0,4.316203791222997E-22,0.03883928571428574,5,5
1770321623288,0.8529052667100613,0.6468132241526726,0.0,0.5792586856029012,0.0,0.0,1,0.06717212236310965,0.0,0.03125,0.09521716253209864,0.0,3.4529630329783977E-22,0.038833506918613314,5,5
1770321623782,0.8474967458803336,0.31943828249996997,1.0,0.5685448441939354,0.0,0.0,1,0.06859967835763708,0.25303643724696356,0.03125,0.09600270303364015,0.0,2.7623704263827185E-22,0.03882772984230887,5,5
1770321624294,0.8474967458803335,0.5890150893739515,0.0,0.5710084889624177,0.0,0.0,1,0.06766014973975482,0.0,0.03125,0.09600270303364015,0.0,2.2098963411061747E-22,0.038821954484605126,5,5
1770321624839,0.8462386000433946,0.45175395145262565,0.0,0.5734686198559235,0.0,0.0,1,0.06728909690159947,0.0,0.03125,0.09600270303364015,0.0,1.76791707288494E-22,0.03881618084473526,5,5
1770321625326,0.8454215583839395,0.10101525445522107,0.0,0.5759251204095381,0.0,0.0,1,0.06751819536587579,0.0,0.03125,0.09600270303364015,0.0,1.414333658307952E-22,0.038810408921933104,5,5
1770321625845,0.850830079213667,0.31943828249996997,1.0,0.5677393714389622,0.0,0.0,1,0.06659366046628222,0.24084778420038536,0.03125,0.09652760588973669,0.0,1.1314669266463618E-22,0.038804638715432604,5,5
1770321626300,0.8495719333767279,0.7693092581620721,0.06367725155356578,0.5698127372144911,0.0,0.0,1,0.06891506426147581,0.0,0.03125,0.0962650357286126,0.0,9.051735413170894E-23,0.038798870224468596,5,5
1770321626765,0.8495719333767279,0.8571428571428571,0.0,0.5722745887871695,0.0,0.0,1,0.0684578662226451,0.0,0.03125,0.0962650357286126,0.0,7.241388330536716E-23,0.03879310344827591,5,5
1770321627241,0.8483137875397887,0.22587697572631282,1.0,0.5537957539336344,0.0,0.0,1,0.06807783362236323,0.5252100840336135,0.03125,0.09731670786924666,0.0,5.793110664429373E-23,0.03878733838609005,3,5
1770321627714,0.8456310534157274,0.5890150893739515,0.37624098424052893,0.553898785529795,0.0,0.0,1,0.0673196874353359,0.0,0.03125,0.09758019446533728,0.0,4.634488531543499E-23,0.038781575037147076,5,5
1770321628179,0.8468891992526665,0.22587697572631282,0.37910342617114284,0.5540029367571669,0.0,0.0,1,0.0663732257304491,0.0,0.03125,0.09784390168378629,0.0,3.707590825234799E-23,0.03877581340068337,5,5
1770321628645,0.8481473450896055,0.28571428571428575,0.0,0.5564848420017132,0.0,0.0,1,0.06776804633932841,0.0,0.03125,0.09784390168378629,0.0,2.9660726601878394E-23,0.03877005347593587,5,5
1770321629114,0.8481473450896055,0.31943828249996997,0.3897000725681176,0.5565767685811884,0.0,0.0,1,0.06983569938975402,0.0,0.03125,0.0981078260783496,0.0,2.3728581281502718E-23,0.038764295262141646,5,5
1770321629606,0.8481473450896055,0.7354021529276429,1.0,0.5487970873877123,0.0,0.0,1,0.07052417156649916,0.2540650406504065,0.03125,0.09863631248135718,0.0,1.8982865025202174E-23,0.03875853875853874,5,5
1770321630055,0.8481473450896055,0.7142857142857143,0.3797975794752812,0.5489349737307077,0.0,0.0,1,0.06934476306683714,0.0,0.03125,0.09890086746775562,0.0,1.518629202016174E-23,0.03875278396436521,5,5
1770321630522,0.8541634125470002,0.7693092581620721,0.0645376298704301,0.5510287027050353,0.0,0.0,1,0.06856164337564773,0.0,0.03125,0.09863631248135715,0.0,1.2149033616129393E-23,0.03874703087885989,5,5
1770321630989,0.8573303034301505,0.0,0.06543969139794509,0.5531204853964004,0.0,0.0,1,0.0671642661214367,0.0,0.03125,0.09837196417689088,0.0,9.719226892903515E-24,0.038889713522339275,5,5
1770321631446,0.861921782600423,0.14285714285714288,1.0,0.5350257845234255,0.0,0.0,1,0.06784925652603666,0.5470459518599562,0.03125,0.09916562558613216,0.0,7.775381514322813E-24,0.03888394182249921,3,5
1770321631911,0.861437625841334,0.6776309271789385,0.36437726294892286,0.5352372324738378,0.0,0.0,1,0.06692532040569302,0.0,0.03125,0.09943058326055117,0.0,6.22030521145825E-24,0.03887817183558395,5,5
1770321632366,0.8581042925080006,0.40406101782088427,0.0,0.5377364303797477,0.0,0.0,1,0.06633125362143856,0.0,0.03125,0.09943058326055117,0.0,4.9762441691666006E-24,0.03887240356083088,5,5
1770321632819,0.8626957716782732,0.36421567954234174,0.3746757208852151,0.5379360267229016,0.0,0.0,1,0.06565724117819893,0.0,0.03125,0.099695736889077,0.0,3.980995335333281E-24,0.038866636997478166,5,5
1770321633285,0.8572872508485456,0.20203050891044214,0.37753816312687566,0.5381362935857525,0.0,0.0,1,0.06732449001940784,0.0,0.03125,0.09996108284375677,0.0,3.184796268266625E-24,0.03886087214476419,5,5
1770321633768,0.8566797042208785,0.614451804788759,1.0,0.5311244869846644,0.0,0.0,1,0.06589948951053592,0.2587991718426501,0.03125,0.10075823799461682,0.0,2.5478370146133003E-24,0.0388551090019279,5,5
1770321634227,0.8566797042208785,0.5150787536377127,0.06441014958995483,0.5332340288224212,0.0,0.0,1,0.06506092390006996,0.0,0.03125,0.10049233708958882,0.0,2.0382696116906404E-24,0.03884934756820879,5,5
1770321634686,0.851271183391151,0.10101525445522107,0.0,0.5357346550620496,0.0,0.0,1,0.0646421189677305,0.0,0.03125,0.10049233708958882,0.0,1.6306156893525124E-24,0.03884358784284658,5,5
1770321635146,0.8481042925080008,0.7693092581620721,0.383438430022595,0.535950933028139,0.0,0.0,1,0.06766461238294806,0.0,0.03125,0.10075823799461682,0.0,1.3044925514820099E-24,0.03883782982508155,5,5
1770321635628,0.8477016676410238,0.40406101782088427,0.0,0.5384496025468758,0.0,0.0,1,0.06885607239034147,0.0,0.03125,0.10075823799461682,0.0,1.043594041185608E-24,0.03883207351415441,5,5
1770321636085,0.8416856001836293,0.20203050891044214,1.0,0.5306572260610168,0.0,0.0,1,0.06794251057361768,0.2735229759299781,0.03125,0.10102431645352677,0.0,8.348752329484864E-25,0.038826318909306434,5,5
1770321636544,0.8431101884707515,0.5150787536377127,0.0,0.5331595711441627,0.0,0.0,1,0.06663299050442956,0.0,0.03125,0.10102431645352677,0.0,6.679001863587891E-25,0.038820566009779234,5,5
1770321637036,0.8439272301302065,0.5150787536377127,0.0681926170120884,0.5352645738151306,0.0,0.0,1,0.06599363717368317,0.0,0.03125,0.10075823799461679,0.0,5.343201490870314E-25,0.03881481481481486,5,5
1770321637484,0.8431101884707515,0.5150787536377127,0.0,0.5377637516253295,0.0,0.0,1,0.06512936859309022,0.0,0.03125,0.10075823799461679,0.0,4.274561192696251E-25,0.0388090653236558,5,5
1770321637939,0.8454215583839395,0.40406101782088427,1.0,0.5199048142866355,0.0,0.0,1,0.06448884646000289,0.5494505494505494,0.03125,0.1012905687080771,0.0,3.419648954157001E-25,0.038803317535545,3,5
1770321638391,0.8454215583839395,0.7354021529276429,0.3693501085709446,0.5202020144164895,0.0,0.0,1,0.0651226538331668,0.0,0.03125,0.10155699097393878,0.0,2.735719163325601E-25,0.038797571449726065,5,5
1770321638845,0.8459057151430284,0.7142857142857143,0.0,0.5227099654603355,0.0,0.0,1,0.06508166374385328,0.0,0.03125,0.10155699097393878,0.0,2.188575330660481E-25,0.03879182706544271,5,5
1770321639317,0.8427388242598781,0.6060915267313265,0.06733143466645151,0.5248254466890485,0.0,0.0,1,0.06417339531407332,0.0,0.03125,0.10129056870807712,0.0,1.750860264528385E-25,0.03878608438193931,5,5
1770321639779,0.8448140117562724,0.7142857142857143,0.0,0.5273311894565259,0.0,0.0,1,0.06368359594828393,0.0,0.03125,0.10129056870807712,0.0,1.4006882116227082E-25,0.03878034339846059,5,5
1770321640237,0.8467227568024834,0.0,1.0,0.5201491852303792,0.0,0.0,1,0.06367899367185559,0.2729257641921397,0.03125,0.10182357944068941,0.0,1.1205505692981667E-25,0.03892259878644366,5,5
1770321640694,0.8456310534157274,0.6060915267313265,0.3817949066417552,0.5204485718460801,0.0,0.0,1,0.06332077763771485,0.0,0.03125,0.10209033027180858,0.0,8.964404554385334E-26,0.03891683930156853,5,5
1770321641147,0.841039574245455,0.7693092581620721,1.0,0.5032649613533355,0.0,0.0,1,0.062796807293296,0.5518763796909492,0.03125,0.10262430355056623,0.0,7.171523643508267E-26,0.03891108152093503,3,5
1770321641642,0.8402225325859999,0.7354021529276429,0.3529242871572998,0.5036445758015423,0.0,0.0,1,0.06277732658753407,0.0,0.03125,0.10289151819465711,0.0,5.737218914806614E-26,0.038905325443787,5,5
1770321642095,0.8393357509599341,0.931314629314664,0.0646539618535822,0.5057716076264316,0.0,0.0,1,0.06232689594591914,0.0,0.03125,0.1026243035505662,0.0,4.5897751318452913E-26,0.03889957106936848,5,5
1770321642552,0.8374967458803337,0.0,0.06555749472206214,0.5078984135531064,0.0,0.0,1,0.06168684365671304,0.0,0.03125,0.10235723960467522,0.0,3.671820105476233E-26,0.03904170363797688,5,5
1770321643000,0.8354215583839395,0.931314629314664,1.0,0.49063677244674436,0.0,0.0,1,0.06151592971923804,0.5580357142857143,0.03125,0.10422971304257503,0.0,2.9374560843809865E-26,0.03903593079994083,3,5
1770321643471,0.830013037554212,0.8689660757568886,0.0,0.49314868969596626,0.0,0.0,1,0.06203848096726053,0.0,0.03125,0.10422971304257503,0.0,2.3499648675047894E-26,0.03903015966883505,5,5
1770321643929,0.8320882250506063,0.7142857142857143,0.3443102201875095,0.4935803218145118,0.0,0.0,1,0.06246485209701446,0.0,0.03125,0.10449774820336619,0.0,1.8799718940038317E-26,0.039024390243902474,5,5
1770321644427,0.8320882250506063,0.22587697572631282,0.0,0.49609263167652445,0.0,0.0,1,0.06345984209268718,0.0,0.03125,0.10449774820336619,0.0,1.5039775152030654E-26,0.03901862252438659,5,5
1770321644886,0.8312711833911511,0.5890150893739515,0.06632609171837797,0.49821578366167846,0.0,0.0,1,0.06642905835754373,0.0,0.03125,0.10422971304257506,0.0,1.2031820121624524E-26,0.03901285650953157,5,5
1770321645343,0.8320882250506062,0.7071067811865476,1.0,0.48916058896786097,0.0,0.0,1,0.06548282751155987,0.2735229759299781,0.03125,0.10476590592814902,0.0,9.625456097299619E-27,0.03900709219858156,5,5
1770321645825,0.8266797042208787,0.8571428571428571,0.0,0.4916722437096335,0.0,0.0,1,0.06543705442416194,0.0,0.03125,0.10476590592814902,0.0,7.700364877839696E-27,0.03900132959078151,5,5
1770321646289,0.8320882250506063,0.5050762722761054,0.0663261210243258,0.4937967651293449,0.0,0.0,1,0.06502212315205157,0.0,0.03125,0.10449774820336616,0.0,6.1602919022717565E-27,0.03899556868537668,5,5
1770321646817,0.8306636367634841,0.4164965639175215,0.0,0.496309096964057,0.0,0.0,1,0.064972625989467,0.0,0.03125,0.10449774820336616,0.0,4.9282335218174055E-27,0.03898980948161279,5,5
1770321647320,0.8333196835025396,0.4164965639175215,0.0,0.4988216151841958,0.0,0.0,1,0.06407878677099951,0.0,0.03125,0.10449774820336616,0.0,3.942586817453925E-27,0.038984051978736,5,5
1770321647777,0.8320882250506063,0.40406101782088427,1.0,0.49181707125094276,0.0,0.0,1,0.062857833449483,0.2735229759299781,0.03125,0.104765905928149,0.0,3.15406945396314E-27,0.03897829617599291,5,5
1770321648233,0.8294054909265449,0.931314629314664,0.3616139467746793,0.492257361205022,0.0,0.0,1,0.06323839635760314,0.0,0.03125,0.10503418209351291,0.0,2.523255563170512E-27,0.03897254207263068,5,5
1770321648687,0.8294054909265449,0.7142857142857143,0.0,0.4947695161179105,0.0,0.0,1,0.06839752000349204,0.0,0.03125,0.10503418209351291,0.0,2.0186044505364096E-27,0.038966789667896684,5,5
1770321649148,0.8354215583839395,0.40406101782088427,0.0,0.49728193515190966,0.0,0.0,1,0.06695489233299243,0.0,0.03125,0.10503418209351291,0.0,1.6148835604291277E-27,0.038961038961038974,5,5
1770321649607,0.8387548917172728,0.36421567954234174,0.07178933143961076,0.4994009023292972,0.0,0.0,1,0.068064892769818,0.0,0.03125,0.10476590592814897,0.0,1.2919068483433023E-27,0.03895528995130593,5,5
1770321650111,0.8414109384563283,0.42857142857142855,1.0,0.4927767764331417,0.0,0.0,1,0.06829791301811611,0.24801587301587302,0.03125,0.10530257255002881,0.0,1.0335254786746419E-27,0.038949542637946255,5,5
1770321650559,0.8426690842932675,0.31943828249996997,0.0,0.4952889963430744,0.0,0.0,1,0.06722352137372782,0.0,0.03125,0.10530257255002881,0.0,8.268203829397135E-28,0.03894379702020945,5,5
1770321651041,0.8412444960061453,0.6468132241526726,0.0,0.4978014541460123,0.0,0.0,1,0.06714843712827745,0.0,0.03125,0.10530257255002881,0.0,6.614563063517709E-28,0.038938053097345104,5,5
1770321651503,0.8445778293394784,0.5439837932759934,0.07405064395485184,0.4999183616144924,0.0,0.0,1,0.06598458848666588,0.0,0.03125,0.10503418209351294,0.0,5.291650450814168E-28,0.03893231086860349,5,5
1770321651954,0.8440936725803896,0.5439837932759934,0.0,0.5024309254880936,0.0,0.0,1,0.06899574580588805,0.0,0.03125,0.10503418209351294,0.0,4.233320360651335E-28,0.03892657033323499,5,5
1770321652408,0.850593896796873,0.5150787536377127,1.0,0.4863498589177553,0.0,0.0,1,0.06806826989713315,0.5506607929515418,0.03125,0.1058396796088177,0.0,3.386656288521068E-28,0.03892083149049097,3,5
1770321652890,0.8497768551374182,0.14285714285714288,0.07113491013130806,0.4884709730839163,0.0,0.0,1,0.06973322741945032,0.0,0.03125,0.10557107312226705,0.0,2.7093250308168545E-28,0.03891509433962259,5,5
1770321653387,0.8512014434245401,0.6468132241526726,0.3773479836356454,0.48892954495598084,0.0,0.0,1,0.06861344149935554,0.0,0.03125,0.10583967960881772,0.0,2.1674600246534836E-28,0.03890935887988212,5,5
1770321653879,0.8442985943410799,0.5050762722761054,0.0,0.4914411545721015,0.0,0.0,1,0.06993401438674245,0.0,0.03125,0.10583967960881772,0.0,1.733968019722787E-28,0.0389036251105217,5,5
1770321654350,0.8377983701245962,0.7071067811865476,0.387909561700066,0.49188954655904266,0.0,0.0,1,0.06885547979473276,0.0,0.03125,0.10610838778231235,0.0,1.3871744157782298E-28,0.03889789303079416,5,5
1770321654801,0.8351423233855407,0.7071067811865476,1.0,0.48581140608888057,0.0,0.0,1,0.06720016875409383,0.2771618625277162,0.03125,0.10691507976191209,0.0,1.1097395326225839E-28,0.038892162639952876,5,5
1770321655272,0.8416425476020244,0.4164965639175215,0.0,0.4883223027337868,0.0,0.0,1,0.069596348813356,0.0,0.03125,0.10691507976191209,0.0,8.877916260980671E-29,0.03888643393725144,5,5
1770321655739,0.8410350009743571,0.6776309271789385,1.0,0.4735736890819447,0.0,0.0,1,0.0682482993382606,0.5353319057815845,0.03125,0.10826119807035432,0.0,7.102333008784537E-29,0.03888070692194401,3,5
1770321656196,0.8399432975876012,0.931314629314664,0.35544858447306926,0.47410517214440023,0.0,0.0,1,0.0681643250271664,0.0,0.03125,0.10853062692491038,0.0,5.68186640702763E-29,0.038874981593285285,5,5
1770321656655,0.8411747560395345,0.10101525445522107,0.35830297086999635,0.4746363786577626,0.0,0.0,1,0.06733076881992694,0.0,0.03125,0.10880011377119476,0.0,4.5454931256221044E-29,0.03886925795053009,5,5
1770321657114,0.8420615376656003,0.7284313590846835,0.07327928227813693,0.47674454182636844,0.0,0.0,1,0.06743779359492194,0.0,0.03125,0.10853062692491038,0.0,3.636394500497684E-29,0.038863535992933906,5,5
1770321657574,0.8412444960061453,0.6468132241526726,0.3679397208163523,0.4772660946552129,0.0,0.0,1,0.06632531035785504,0.0,0.03125,0.10880011377119476,0.0,2.909115600398147E-29,0.038857815719752775,5,5
1770321658035,0.8401527926193892,0.6468132241526726,1.0,0.4710867518476148,0.0,0.0,1,0.06531219310545198,0.27114967462039047,0.03125,0.10933924336973713,0.0,2.327292480318518E-29,0.038852097130242846,5,5
1770321658496,0.836985901736239,0.6776309271789385,0.0,0.4735916398296315,0.0,0.0,1,0.06618489972497303,0.0,0.03125,0.10933924336973713,0.0,1.8618339842548145E-29,0.03884638022366094,5,5
1770321658962,0.8369859017362389,0.4164965639175215,1.0,0.45903059682229724,0.0,0.0,1,0.0648145959132497,0.5364806866952789,0.03125,0.11041799827846356,0.0,1.4894671874038516E-29,0.03884066499926442,3,5
1770321659438,0.8315773809065113,0.4164965639175215,0.0,0.4615273174680118,0.0,0.0,1,0.06369651904812995,0.0,0.03125,0.11041799827846356,0.0,1.1915737499230814E-29,0.03883495145631066,5,5
1770321659890,0.8349107142398448,0.5150787536377127,0.3446916718919698,0.46211403275176105,0.0,0.0,1,0.06342778131344079,0.0,0.03125,0.11068776333412951,0.0,9.532589999384652E-30,0.03882923959405793,5,5
1770321660339,0.8284104900233611,0.22587697572631282,0.3475350447043275,0.4627004299801293,0.0,0.0,1,0.0650920127032278,0.0,0.03125,0.11095754958175197,0.0,7.626071999507722E-30,0.0388235294117647,5,5
1770321660801,0.827593448363906,0.10101525445522107,0.35038178290270955,0.46328651295869294,0.0,0.0,1,0.06489887393457777,0.0,0.03125,0.11122735230750637,0.0,6.100857599606178E-30,0.038817820908689904,5,5
1770321661262,0.8309267816972394,0.5890150893739515,1.0,0.45738056776572805,0.0,0.0,1,0.0640515932451677,0.27114967462039047,0.03125,0.11176698821265099,0.0,4.8806860796849426E-30,0.03881211408409291,5,5
1770321661728,0.8340936725803897,0.0,0.07343828714730899,0.4594737750996287,0.0,0.0,1,0.06430007727242237,0.0,0.03125,0.11149716677246296,0.0,3.904548863747954E-30,0.03895340291048066,5,5
1770321662189,0.8351853759671456,0.8144110179279557,1.0,0.4450644167981973,0.0,0.0,1,0.0637883383625857,0.5422993492407809,0.03125,0.11230663283803727,0.0,3.1236390909983634E-30,0.03894767783656672,3,5
1770321662647,0.8351853759671456,0.7693092581620721,0.322209495195882,0.44571493924736405,0.0,0.0,1,0.0679136850399592,0.0,0.03125,0.11257644637070147,0.0,2.498911272798691E-30,0.03894195444526083,5,5
1770321663125,0.8325293292280901,0.40406101782088427,0.0,0.44819923973300063,0.0,0.0,1,0.06881567571632866,0.0,0.03125,0.11257644637070147,0.0,1.9991290182389527E-30,0.03893623273582136,5,5
1770321663579,0.8304541417316957,0.5050762722761054,0.3316037218523199,0.44884189515548906,0.0,0.0,1,0.06760169035180477,0.0,0.03125,0.11284624757367352,0.0,1.5993032145911623E-30,0.038930512707507026,5,5
1770321664046,0.8293624383449398,0.7142857142857143,0.0,0.45132943294491584,0.0,0.0,1,0.06668743501172443,0.0,0.03125,0.11284624757367352,0.0,1.27944257167293E-30,0.038924794359576964,5,5
1770321664492,0.8239539175152123,0.10101525445522107,1.0,0.4460495637586831,0.0,0.0,1,0.06675524481990001,0.2802690582959641,0.03125,0.11365552820017984,0.0,1.023554057338344E-30,0.03891907769129099,5,5
1770321664952,0.8260291050116066,0.6776309271789385,0.0,0.44853422006290633,0.0,0.0,1,0.06555592430229082,0.0,0.03125,0.11365552820017984,0.0,8.188432458706752E-31,0.03891336270190893,5,5
1770321665413,0.8191262559281461,0.7284313590846835,0.07512997074579875,0.4506154494898097,0.0,0.0,1,0.06480895482583526,0.0,0.03125,0.11338579341341377,0.0,6.550745966965402E-31,0.03890764939069158,5,5
1770321665886,0.8191262559281461,0.7142857142857143,0.34484677065872255,0.45125563474066316,0.0,0.0,1,0.06410040937576336,0.0,0.03125,0.11365552820017984,0.0,5.2405967735723225E-31,0.03890193775689954,5,5
1770321666338,0.8191262559281461,0.5050762722761054,0.0,0.45374553681448704,0.0,0.0,1,0.06572535301037635,0.0,0.03125,0.11365552820017984,0.0,4.192477418857858E-31,0.038896227799794514,5,5
1770321666834,0.8149107142398446,0.8689660757568886,1.0,0.44803296693988326,0.0,0.0,1,0.06706144755098666,0.25201612903225806,0.03125,0.11419489669904015,0.0,3.3539819350862866E-31,0.03889051951863809,5,5
1770321667307,0.8164050424935776,0.7142857142857143,0.3440243827612524,0.44868609058002284,0.0,0.0,1,0.06675987863155039,0.0,0.03125,0.11446452041472104,0.0,2.6831855480690295E-31,0.038884812912692635,5,5
1770321667769,0.8118135633233051,0.36421567954234174,0.0,0.4511734716820538,0.0,0.0,1,0.06609866115230731,0.0,0.03125,0.11446452041472104,0.0,2.146548438455224E-31,0.03887910798122063,5,5
1770321668236,0.8072220841530328,0.5890150893739515,0.07975408280071297,0.45324987487622365,0.0,0.0,1,0.06625195822760466,0.0,0.03125,0.11419489669904016,0.0,1.7172387507641792E-31,0.03887340472348544,5,5
1770321668693,0.8018135633233052,0.0,0.08084388212908791,0.4553280341248466,0.0,0.0,1,0.06497651839104894,0.0,0.03125,0.11392523095741196,0.0,1.3737910006113435E-31,0.03901437371663241,5,5
1770321669153,0.8093624383449399,0.7354021529276429,1.0,0.4393180763646473,0.0,0.0,1,0.06405876600132278,0.5434782608695652,0.03125,0.11500362160603798,0.0,1.0990328004890748E-31,0.0390086522950579,3,5
1770321669618,0.810454141731696,0.42857142857142855,0.33390542244636084,0.4400018512973689,0.0,1.0,1,0.06437615534245555,0.0,0.03125,0.11527308894043513,0.0,8.792262403912599E-32,0.0390029325513197,5,5
1770321670083,0.8095673601056302,0.20203050891044214,0.3367330600559623,0.4406853370190117,0.0,0.0,1,0.06461667679657573,0.0,0.03125,0.11554249396659709,0.0,7.033809923130079E-32,0.03899721448467963,5,5
1770321670557,0.8095673601056302,0.0,0.3395652771958632,0.4413685354155983,0.0,0.0,1,0.06395891371727816,0.0,0.03125,0.11581183155419873,0.0,5.627047938504064E-32,0.03913808267370278,5,5
1770321671016,0.8049758809353578,0.7142857142857143,1.0,0.4276784032703911,0.0,0.0,1,0.06399461563187372,0.5446623093681917,0.03125,0.11661938802746813,0.0,4.5016383508032515E-32,0.03913234647515751,3,5
1770321671480,0.8034815526816249,0.10101525445522107,0.0,0.43014018745937854,0.0,0.0,1,0.06412343684302398,0.0,0.03125,0.11661938802746813,0.0,3.6013106806426014E-32,0.03912661195779599,5,5
1770321671939,0.8057929225948129,0.5150787536377127,0.3226236944720524,0.4308591242444659,0.0,0.0,1,0.06412772300889723,0.0,0.03125,0.11688840408508226,0.0,2.8810485445140815E-32,0.03912087912087914,5,5
1770321672398,0.8091262559281461,0.45175395145262565,0.0,0.4333253549453875,0.0,0.0,1,0.06386180050655758,0.0,0.03125,0.11688840408508226,0.0,2.3048388356112653E-32,0.03911514796366833,5,5
1770321672852,0.8099432975876013,0.8571428571428571,0.0,0.43579489307814445,0.0,0.0,1,0.06433992592678874,0.0,0.03125,0.11688840408508226,0.0,1.8438710684890122E-32,0.039109418485425484,5,5
1770321673299,0.80889464678245,0.10101525445522107,1.0,0.4308361202789287,0.0,0.0,1,0.06336112109029332,0.2796420581655481,0.03125,0.11769487048933196,0.0,1.47509685479121E-32,0.03910369068541297,5,5
1770321673755,0.8034861259527225,0.8689660757568886,0.0,0.4333023195350854,0.0,0.0,1,0.06309465103089366,0.0,0.03125,0.11769487048933196,0.0,1.180077483832968E-32,0.039097964562893495,5,5
1770321674215,0.8023944225659666,0.5050762722761054,0.08041012168193087,0.43535475000499124,0.0,0.0,1,0.06251411665291397,0.0,0.03125,0.11742615059848252,0.0,9.440619870663745E-33,0.039092240117130306,5,5
1770321674671,0.7990610892326334,0.30304576336566325,0.0,0.4378269178403167,0.0,0.0,1,0.06233697042220345,0.0,0.03125,0.11742615059848252,0.0,7.552495896530996E-33,0.039086517347386884,5,5
1770321675129,0.7918135633233054,0.7693092581620721,0.3493050010899855,0.4385300168161562,0.0,0.0,1,0.061868343320599095,0.0,0.03125,0.11769487048933194,0.0,6.041996717224797E-33,0.039080796252927374,5,5
1770321675591,0.7918135633233052,0.6060915267313265,1.0,0.4335435576396755,0.0,0.0,1,0.06157302453026929,0.27056277056277056,0.03125,0.11850035282736245,0.0,4.8335973737798376E-33,0.03907507683301625,5,5
1770321676045,0.7993624383449399,0.28571428571428575,0.0,0.43601338246099347,0.0,0.0,1,0.06228121402499147,0.0,0.03125,0.11850035282736245,0.0,3.86687789902387E-33,0.03906935908691833,5,5
1770321676522,0.8047709591746676,0.31943828249996997,0.0,0.4384863859118459,0.0,0.0,1,0.06223930447022736,0.0,0.03125,0.11850035282736245,0.0,3.0935023192190965E-33,0.039063643013899085,5,5
1770321676980,0.811271183391151,0.42857142857142855,0.0,0.44096244899824644,0.0,0.0,1,0.06200150872542605,0.0,0.03125,0.11850035282736245,0.0,2.4748018553752772E-33,0.0390579286132241,5,5
1770321677436,0.8172872508485456,0.30304576336566325,0.36328676858701814,0.44166360723409126,0.0,0.0,1,0.06379090188186613,0.0,0.03125,0.11876860328727185,0.0,1.979841484300222E-33,0.03905221588415975,5,5
1770321677896,0.8097383758269109,0.22587697572631282,1.0,0.4349047082473092,0.0,0.0,1,0.06314050739658175,0.2717391304347826,0.03125,0.11984024251886961,0.0,1.5838731874401775E-33,0.039046504825972495,5,5
1770321678351,0.808205568262671,0.6060915267313265,0.0,0.4373763000185332,0.0,0.0,1,0.06261097545796655,0.0,0.03125,0.11984024251886961,0.0,1.267098549952142E-33,0.03904079543792949,5,5
1770321678814,0.8013027191792105,0.7071067811865476,0.08921379591310212,0.43941623671486596,0.0,0.0,1,0.061869141824336255,0.0,0.03125,0.11957254800586353,0.0,1.0136788399617138E-33,0.0390350877192982,5,5
1770321679270,0.7979693858458771,0.5050762722761054,0.09041551759124722,0.44145839229655504,0.0,0.0,1,0.06229317434948329,0.0,0.03125,0.11930470631732129,0.0,8.10943071969371E-34,0.03902938166934655,5,5
1770321679729,0.8025608650161496,0.40406101782088427,0.09163119464896977,0.44350269431943823,0.0,0.0,1,0.061348449970514043,0.0,0.03125,0.11903672292716265,0.0,6.487544575754969E-34,0.039023677287342906,5,5
1770321680183,0.8025608650161496,0.5150787536377127,1.0,0.4380305988331019,0.0,0.0,1,0.0668316848784713,0.2753303964757709,0.03125,0.11957254800586352,0.0,5.190035660603976E-34,0.03901797457255585,5,5
1770321680645,0.7965447975587548,0.7354021529276429,0.36602435088011287,0.4387469123178193,0.0,0.0,1,0.06661240454364067,0.0,0.03125,0.11984024251886961,0.0,4.152028528483181E-34,0.03901227352425485,5,5
1770321681104,0.7947057924791545,1.0,0.09190358018434185,0.44078717189950606,0.0,0.0,1,0.06563995214647508,0.0,0.03125,0.11957254800586352,0.0,3.321622822786545E-34,0.03900657414170927,5,5
1770321681564,0.7938887508196993,0.10101525445522107,1.0,0.4284774837538994,0.0,1.0,1,0.06500789742136878,0.5434782608695652,0.03125,0.12117631433873494,0.0,2.657298258229236E-34,0.03900087642418926,3,5
1770321682012,0.7960291050116065,0.5050762722761054,0.0,0.43094040405303224,0.0,0.0,1,0.06443210556118784,0.0,0.03125,0.12117631433873494,0.0,2.125838606583389E-34,0.03899518037096539,5,5
1770321682463,0.7918135633233053,0.5890150893739515,0.09030435289983682,0.43296964892970646,0.0,0.0,1,0.06373839795915291,0.0,0.03125,0.12090943857367323,0.0,1.7006708852667113E-34,0.03898948598130836,5,5
1770321682944,0.7896732091313982,0.7071067811865476,0.0,0.4354387174511411,0.0,0.0,1,0.06321091924000427,0.0,0.03125,0.12090943857367323,0.0,1.3605367082133692E-34,0.03898379325448975,5,5
1770321683404,0.7950817299611257,0.6776309271789385,0.0,0.43791099218490137,0.0,0.0,1,0.06239706374229995,0.0,0.03125,0.12090943857367323,0.0,1.0884293665706953E-34,0.03897810218978104,5,5
1770321683855,0.7996732091313982,0.31943828249996997,1.0,0.4321180049756778,0.0,0.0,1,0.062043004884117514,0.2771618625277162,0.03125,0.12117631433873494,0.0,8.707434932565563E-35,0.03897241278645458,5,5
1770321684315,0.8010977974185203,0.30304576336566325,0.0,0.434585939092103,0.0,0.0,1,0.06130731504692478,0.0,0.03125,0.12117631433873494,0.0,6.965947946052451E-35,0.038966725043782846,5,5
1770321684777,0.799297271649427,0.5890150893739515,0.0,0.43705712030638844,0.0,0.0,1,0.06087717407295884,0.0,0.03125,0.12117631433873494,0.0,5.572758356841961E-35,0.038961038961038974,5,5
1770321685230,0.799297271649427,0.5890150893739515,1.0,0.42492882628996115,0.0,0.0,1,0.0608976911917111,0.5518763796909492,0.03125,0.12277358140388103,0.0,4.4582066854735693E-35,0.03895535453749632,3,5
1770321685695,0.800830079213667,0.40406101782088427,0.0,0.4273866022547044,0.0,0.0,1,0.061412705942492395,0.0,0.03125,0.12277358140388103,0.0,3.5665653483788554E-35,0.03894967177242892,5,5
1770321686144,0.7976049651574515,0.7142857142857143,0.35463916338737544,0.42815194901706427,0.0,0.0,1,0.06172798900679809,0.0,0.03125,0.1230390750192303,0.0,2.8532522787030843E-35,0.038943990665110895,5,5
1770321686601,0.7944380742743012,0.7142857142857143,0.0,0.43061440790802147,0.0,0.0,1,0.06190484453649257,0.0,0.03125,0.1230390750192303,0.0,2.2826018229624675E-35,0.038938311214816945,5,5
1770321687083,0.7952551159337564,0.7142857142857143,1.0,0.4162359321347131,0.0,0.0,1,0.06261796202939374,0.5186721991701245,0.03125,0.12436312333040384,0.0,1.8260814583699742E-35,0.03893263342082243,3,5
1770321687549,0.7952551159337564,0.7693092581620721,0.0,0.41868003454756875,0.0,0.0,1,0.06612317952592996,0.0,0.03125,0.12436312333040384,0.0,1.4608651666959794E-35,0.0389269572824027,5,5
1770321688000,0.7955228341386097,0.7071067811865476,0.09182232287638023,0.4206826306130551,0.0,0.0,1,0.06540879020999121,0.0,0.03125,0.12409878895761518,0.0,1.1686921333567836E-35,0.03892128279883378,5,5
1770321688457,0.8030717091602444,0.5439837932759934,0.0,0.4231339176790196,0.0,0.0,1,0.06527720173916239,0.0,0.03125,0.12409878895761518,0.0,9.34953706685427E-36,0.03891560996939225,5,5
1770321688916,0.8049107142398447,0.5439837932759934,0.35188182664282297,0.42391850524412855,0.0,0.0,1,0.06439392017359034,0.0,0.03125,0.12436312333040386,0.0,7.479629653483416E-36,0.03890993879335469,5,5
1770321689383,0.8091262559281461,0.5050762722761054,1.0,0.41883736257186865,0.0,0.0,1,0.0639611996947761,0.26766595289079226,0.03125,0.12489103829746247,0.0,5.9837037227867334E-36,0.03890426926999857,5,5
1770321689839,0.8072872508485458,0.5050762722761054,0.09415811827446414,0.4208365171119042,0.0,0.0,1,0.06342324968281898,0.0,0.03125,0.12462720839820253,0.0,4.786962978229387E-36,0.03889860139860135,5,5
1770321690291,0.8018787300188183,0.7142857142857143,1.0,0.406433388786815,0.0,0.0,1,0.06302268101146909,0.5530973451327433,0.03125,0.12568093806768418,0.0,3.8295703825835095E-36,0.03889293517844139,3,5
1770321690758,0.8039539175152124,0.5050762722761054,0.0886158601473001,0.40841906593499366,0.0,0.0,1,0.06326335646874269,0.0,0.03125,0.12541790904236855,0.0,3.0636563060668076E-36,0.03888727060879693,5,5
1770321691227,0.8039539175152124,0.7284313590846835,0.3247422810012326,0.4092453157810185,0.0,0.0,1,0.06264418106065762,0.0,0.03125,0.12568093806768418,0.0,2.4509250448534463E-36,0.038881607688947106,5,5
1770321691679,0.8025293292280902,0.10101525445522107,0.32755285814416546,0.41007158378723313,0.0,0.0,1,0.062131407379033006,0.0,0.03125,0.12594368828418606,0.0,1.960740035882757E-36,0.03887594641817127,5,5
1770321692148,0.8037874750650293,0.6060915267313265,0.0,0.41250506715514895,0.0,0.0,1,0.06142357569600266,0.0,0.03125,0.12594368828418606,0.0,1.5685920287062057E-36,0.038870286795749,5,5
1770321692597,0.8004541417316958,0.6388765649999399,1.0,0.40648991452407446,0.0,0.0,1,0.06160594733422306,0.27839643652561247,0.03125,0.126991781683379,0.0,1.2548736229649646E-36,0.038864628820960645,5,5
1770321693061,0.801271183391151,0.7142857142857143,0.09234139196838179,0.40846691192634266,0.0,0.0,1,0.06133829659662118,0.0,0.03125,0.1267302064356331,0.0,1.0038988983719717E-36,0.038858972493086896,5,5
1770321693521,0.8004541417316958,0.0,0.09357931034709684,0.4104471337207301,0.0,0.0,1,0.06079408818154031,0.0,0.03125,0.1264683284504244,0.0,8.031191186975775E-37,0.03899883585564612,5,5
1770321693987,0.8031101884707513,0.5714285714285715,1.0,0.39891533958062647,0.0,0.0,1,0.060459938232384866,0.5364806866952789,0.03125,0.12777463065993536,0.0,6.42495294958062E-37,0.0389931616470246,3,5
1770321694451,0.8103577143800793,0.28571428571428575,0.0,0.40132765732231357,0.0,0.0,1,0.06061938702480874,0.0,0.03125,0.12777463065993536,0.0,5.139962359664496E-37,0.038987489089322036,5,5
1770321694923,0.8092660109933234,0.5150787536377127,0.31758043147459175,0.402183687101552,0.0,0.0,1,0.06007757687058902,0.0,0.03125,0.12803493453176212,0.0,4.111969887731597E-37,0.03898181818181823,5,5
1770321695387,0.807190823496929,0.30304576336566325,0.32037531103314504,0.4030398409454032,0.0,0.0,1,0.06057713662652605,0.0,0.03125,0.1282949053696817,0.0,3.2895759101852774E-37,0.038976148923792864,5,5
1770321695913,0.8071908234969292,0.31943828249996997,0.0,0.4054602759735303,0.0,0.0,1,0.06086814767976822,0.0,0.03125,0.1282949053696817,0.0,2.631660728148222E-37,0.03897048131452663,5,5
1770321696376,0.8084489693338683,0.7284313590846835,1.0,0.40273059875085754,0.0,0.0,1,0.06168392502106224,0.26997840172786175,0.03125,0.1288138234935853,0.0,2.105328582518578E-37,0.03896481535330043,5,5
1770321696845,0.807024381046746,0.5439837932759934,0.32441652012402183,0.4035910080864565,0.0,0.0,1,0.06224782882627403,0.0,0.03125,0.12907275851490183,0.0,1.6842628660148623E-37,0.03895915103939529,5,5
1770321697318,0.8088249068158394,0.5890150893739515,0.09706723312916979,0.4055516074091816,0.0,0.0,1,0.06306653007146686,0.0,0.03125,0.1288138234935853,0.0,1.34741029281189E-37,0.038953488372093004,5,5
1770321697781,0.8028088393584448,0.5050762722761054,0.33321610942023666,0.4064065543839239,0.0,0.0,1,0.06373221288287374,0.0,0.03125,0.12907275851490183,0.0,1.077928234249512E-37,0.03894782735067581,5,5
1770321698248,0.8031101884707514,0.8144110179279557,0.09969486964070867,0.40836927761398123,0.0,0.0,1,0.0629816871577907,0.0,0.03125,0.1288138234935853,0.0,8.623425873996097E-38,0.03894216797442607,5,5
1770321698704,0.7999432975876013,0.40406101782088427,1.0,0.4035955302797464,0.0,0.0,1,0.062741051027286,0.2741228070175438,0.03125,0.12933133597342988,0.0,6.898740699196878E-38,0.03893651024262679,5,5
1770321699169,0.7972872508485458,0.6776309271789385,0.3318783754731583,0.4044578490760565,0.0,0.0,1,0.0622773352464189,0.0,0.03125,0.1295895496983007,0.0,5.518992559357502E-38,0.03893085415456132,5,5
1770321699640,0.7957544432843058,0.0,1.0,0.39172093185608564,0.0,0.0,1,0.06240773848852832,0.5307855626326964,0.03125,0.1311308462124573,0.0,4.415194047486002E-38,0.03907044299201157,3,5
1770321700093,0.7984104900233613,0.8689660757568886,0.0,0.39411826947951933,0.0,0.0,1,0.06313714120688002,0.0,0.03125,0.1311308462124573,0.0,3.532155237988802E-38,0.039064769096717966,5,5
1770321700554,0.7970941210133567,0.8689660757568886,1.0,0.3818070475960943,0.0,0.0,1,0.06297134882046507,0.5422993492407809,0.03125,0.13265747722655824,0.0,2.825724190391042E-38,0.039059096849136,3,5
1770321701006,0.7994054909265448,0.7354021529276429,0.0,0.3841820325494111,0.0,0.0,1,0.06481030049655516,0.0,0.03125,0.13265747722655824,0.0,2.2605793523128337E-38,0.03905342624854824,5,5
1770321701466,0.7967227568024835,0.7142857142857143,0.2934621353501223,0.3851003207546774,0.0,0.0,1,0.06462803609376785,0.0,0.03125,0.13291039437127006,0.0,1.808463481850267E-38,0.03904775729423715,5,5
1770321701928,0.7967227568024835,0.28571428571428575,0.2961888896030724,0.38601902023679296,0.0,0.0,1,0.06603147856335799,0.0,0.03125,0.13316285992641744,0.0,1.4467707854802139E-38,0.039042089985486195,5,5
1770321702377,0.7973303034301505,0.5890150893739515,0.0,0.3884037440146083,0.0,0.0,1,0.06547583658802554,0.0,0.03125,0.13316285992641744,0.0,1.1574166283841711E-38,0.03903642432157883,5,5
1770321702836,0.8018135633233052,0.6468132241526726,1.0,0.37732684802929267,0.0,0.0,1,0.06509626286219636,0.5446623093681917,0.03125,0.13416807868784822,0.0,9.25933302707337E-39,0.039030760301799194,3,5
1770321703295,0.800555417486366,0.0,0.09280369781437184,0.37922567766830667,0.0,0.0,1,0.06569790692877918,0.0,0.03125,0.13391748330013462,0.0,7.407466421658696E-39,0.039170172638908984,5,5
1770321703752,0.8019800057734885,0.45175395145262565,1.0,0.36800705776184667,0.0,0.0,1,0.06860889782053124,0.5470459518599562,0.03125,0.13466781239617154,0.0,5.925973137326957E-39,0.03916449086161877,3,5
1770321704213,0.8019800057734885,0.30304576336566325,0.08872596691617428,0.36989019393622896,0.0,0.0,1,0.06787861957944298,0.0,0.03125,0.13441819052753987,0.0,4.7407785098615665E-39,0.039158810732414784,5,5
1770321704662,0.8032381516104276,0.45175395145262565,0.0,0.37223568617614944,0.0,0.0,1,0.06748718684734147,0.0,0.03125,0.13441819052753987,0.0,3.792622807889254E-39,0.039153132250580036,5,5
1770321705140,0.8044962974473665,0.36421567954234174,0.2786523005333649,0.37318217581800567,0.0,0.0,1,0.06797891722046029,0.0,0.03125,0.13466781239617157,0.0,3.0340982463114034E-39,0.03914745541539799,5,5
1770321705595,0.8065714849437609,0.7693092581620721,0.09310200899319919,0.37507228390658615,0.0,0.0,1,0.0672169053754406,0.0,0.03125,0.13441819052753987,0.0,2.427278597049123E-39,0.039141780226152556,5,5
1770321706073,0.8044311307518538,0.10101525445522107,1.0,0.3704240062553802,0.0,0.0,1,0.06653370353550248,0.2615062761506276,0.03125,0.13466781239617154,0.0,1.9418228776392985E-39,0.03913610668212786,5,5
1770321706530,0.805479781557005,0.8144110179279557,0.27864369042006226,0.3713743679498225,0.0,0.0,1,0.06838059172842968,0.0,0.03125,0.13491693786091352,0.0,1.553458302111439E-39,0.03913043478260869,5,5
1770321706987,0.8054797815570048,0.7693092581620721,0.0,0.37372368948680756,0.0,0.0,1,0.06848311678882818,0.0,0.03125,0.13491693786091352,0.0,1.2427666416891512E-39,0.039124764526880185,5,5
1770321707451,0.8119800057734885,0.614451804788759,0.28702510850148405,0.3746718754270481,0.0,0.0,1,0.0681705497260731,0.0,0.03125,0.1351655604794307,0.0,9.94213313351321E-40,0.0391190959142278,5,5
1770321707909,0.8104471982092484,0.10101525445522107,0.2897296984992638,0.3756206584986558,0.0,0.0,1,0.06745871264230614,0.0,0.03125,0.13541367380017164,0.0,7.953706506810567E-40,0.039113428943937434,5,5
1770321708367,0.8158557190389759,0.7889543583705186,1.0,0.3709705282822219,0.0,0.0,1,0.06669433748197989,0.2729257641921397,0.03125,0.13566127136265982,0.0,6.362965205448454E-40,0.03910776361529544,5,5
1770321708821,0.8169474224257319,0.7142857142857143,0.2842273944185633,0.37192724217232265,0.0,0.0,1,0.06814662630573655,0.0,0.03125,0.13590834669778734,0.0,5.090372164358764E-40,0.03910209992758873,5,5
1770321709271,0.8234476466422154,0.6468132241526726,0.0973665624593408,0.37380694098796136,0.0,0.0,1,0.06700149708380158,0.0,0.03125,0.13566127136265982,0.0,4.072297731487011E-40,0.03909643788010431,5,5
1770321709727,0.8242646883016705,0.20203050891044214,0.09866179890252465,0.37569081339841015,0.0,0.0,1,0.06574544657650662,0.0,0.03125,0.13541367380017166,0.0,3.2578381851896086E-40,0.039090777472129745,5,5
1770321710195,0.8215819541776092,0.931314629314664,0.29751885804295075,0.3766401005191919,0.0,0.0,1,0.06542531557338539,0.0,0.03125,0.1356612713626598,0.0,2.606270548151687E-40,0.03908511870295306,5,5
1770321710659,0.8183568401213935,1.0,1.0,0.37244585715680917,0.0,0.0,1,0.0651912363227432,0.2693965517241379,0.03125,0.13615489332811115,0.0,2.0850164385213496E-40,0.03907946157186282,5,5
1770321711121,0.8137653609511211,0.7142857142857143,0.0,0.3747979155509368,0.0,0.0,1,0.06721438400283239,0.0,0.03125,0.13615489332811115,0.0,1.6680131508170799E-40,0.03907380607814759,5,5
1770321711582,0.8137653609511211,0.5050762722761054,0.2980883673450154,0.3757536377713749,0.0,0.0,1,0.06824566662763165,0.0,0.03125,0.13640090476815137,0.0,1.334410520653664E-40,0.03906815222109683,5,5
1770321712061,0.81185661590491,0.20203050891044214,0.30083001412849236,0.3767099768274023,0.0,0.0,1,0.06789424510399554,0.0,0.03125,0.13664637452469233,0.0,1.0675284165229312E-40,0.0390625,5,5
1770321712518,0.8137653609511211,0.31943828249996997,0.3035800777190431,0.37766692711086086,0.0,0.0,1,0.06707958015410152,0.0,0.03125,0.13689129609708556,0.0,8.54022733218345E-41,0.03905684941414722,5,5
1770321713014,0.8164480950751825,0.6060915267313265,1.0,0.37395830302562855,0.0,0.0,1,0.066487344073207,0.25201612903225806,0.03125,0.13762270659783596,0.0,6.832181865746761E-41,0.03905120046282906,5,5
1770321713480,0.8164480950751825,0.6388765649999399,0.29849345046301023,0.37492579035377166,0.0,0.0,1,0.06611403398803545,0.0,0.03125,0.13786537028924128,0.0,5.465745492597409E-41,0.0390455531453362,5,5
1770321713937,0.8164480950751825,0.6388765649999399,0.10641804668815939,0.37679491748283883,0.0,0.0,1,0.06542069777171484,0.0,0.03125,0.13762270659783596,0.0,4.3725963940779277E-41,0.03903990746096009,5,5
1770321714396,0.8117239836482881,0.7142857142857143,0.3066961196387913,0.3777590002580035,0.0,0.0,1,0.06569192863108905,0.0,0.03125,0.13786537028924126,0.0,3.4980771152623423E-41,0.0390342634089923,5,5
1770321714860,0.8052237594318046,0.10101525445522107,0.30946316993605955,0.37872371444738573,0.0,0.0,1,0.06550248831321726,0.0,0.03125,0.13810745319253975,0.0,2.798461692209874E-41,0.03902862098872506,5,5
1770321715318,0.8052237594318046,0.5050762722761054,1.0,0.37640938879429103,0.0,0.0,1,0.06759215519262093,0.2729257641921397,0.03125,0.13858985047457645,0.0,2.2387693537678993E-41,0.03902298019945083,5,5
1770321715790,0.8057079161908934,0.8689660757568886,0.0,0.37877136993241045,0.0,0.0,1,0.06818441421171834,0.0,0.03125,0.13858985047457645,0.0,1.7910154830143196E-41,0.039017341040462394,5,5
1770321716241,0.8137653609511211,0.5890150893739515,0.0,0.38113911364440484,0.0,0.0,1,0.06785101459359241,0.0,0.03125,0.13858985047457645,0.0,1.4328123864114557E-41,0.03901170351105332,5,5
1770321716711,0.8169904750073367,0.36421567954234174,0.3200301901579238,0.3821050623121479,0.0,0.0,1,0.06666959001643359,0.0,0.03125,0.13883015176040098,0.0,1.1462499091291646E-41,0.03900606761051717,5,5
1770321717183,0.8151899492382433,0.7142857142857143,0.11638375069479763,0.38397484739115806,0.0,0.0,1,0.06607954614500355,0.0,0.03125,0.13858985047457648,0.0,9.169999273033316E-42,0.03900043333814818,5,5
1770321717639,0.8151899492382433,0.6776309271789385,1.0,0.3802191050356208,0.0,0.0,1,0.0651849985476666,0.2741228070175438,0.03125,0.13930892685438612,0.0,7.335999418426654E-42,0.038994800693240905,5,5
1770321718093,0.811723983648288,0.6776309271789385,0.11636326370388295,0.38208318025707094,0.0,0.0,1,0.06434207824007404,0.0,0.03125,0.1390698460729361,0.0,5.868799534741323E-42,0.03898916967509025,5,5
1770321718551,0.8039073904218001,0.931314629314664,1.0,0.37102992675796825,0.0,0.0,1,0.06485761351465627,0.5458515283842794,0.03125,0.14073015969810307,0.0,4.6950396277930586E-42,0.03898354028299167,3,5
1770321719010,0.8084988695920725,0.20203050891044214,0.29879593533315063,0.37202440221842725,0.0,0.0,1,0.06513198424806109,0.0,0.03125,0.14096476185392887,0.0,3.756031702234447E-42,0.03897791251624083,5,5
1770321719465,0.8064574922892396,0.20203050891044214,0.301539783403169,0.3730196770067313,0.0,0.0,1,0.06574906850157501,0.0,0.03125,0.14119869790217726,0.0,3.0048253617875575E-42,0.03897228637413397,5,5
1770321719928,0.8072745339486945,0.8689660757568886,1.0,0.3631709173758713,0.0,0.0,1,0.06479850561402761,0.5399568034557235,0.03125,0.1423581561611034,0.0,2.4038602894300462E-42,0.038966661855967644,3,5
1770321720385,0.8088317544924388,0.7693092581620721,0.28285854230882007,0.3641857785172425,0.0,0.0,1,0.06400642765427252,0.0,0.03125,0.1425879573378853,0.0,1.923088231544037E-42,0.038961038961038974,5,5
1770321720844,0.8042402753221664,0.614451804788759,0.0,0.36651613863025123,0.0,0.0,1,0.06533463136475151,0.0,0.03125,0.1425879573378853,0.0,1.5384705852352296E-42,0.03895541768864519,5,5
1770321721300,0.812297720082394,0.14285714285714288,0.0,0.36885275969393183,0.0,0.0,1,0.06422052597787342,0.0,0.03125,0.1425879573378853,0.0,1.2307764681881837E-42,0.03894979803808429,5,5
1770321721786,0.8068891992526664,0.7889543583705186,0.11605186998478148,0.37067769661978633,0.0,0.0,1,0.06439834115795293,0.0,0.03125,0.1423581561611034,0.0,9.846211745505471E-43,0.038944180008654294,5,5
1770321722246,0.8068891992526664,0.5150787536377127,1.0,0.367187813554676,0.0,0.0,1,0.06419272745196977,0.2717391304347826,0.03125,0.143045416561759,0.0,7.876969396404377E-43,0.038938563599653864,5,5
1770321722700,0.8081473450896056,0.5150787536377127,0.11626904095953407,0.3690069581365377,0.0,0.0,1,0.0639085044622378,0.0,0.03125,0.14281704633150694,0.0,6.301575517123502E-43,0.03893294881038212,5,5
1770321723150,0.8012444960061452,0.8144110179279557,0.30013881832571193,0.37002021227360105,0.0,0.0,1,0.06358770665931321,0.0,0.03125,0.14304541656175904,0.0,5.041260413698802E-43,0.038927335640138394,5,5
1770321723609,0.7998199077190229,0.7071067811865476,0.0,0.37236604136023227,0.0,0.0,1,0.06570637505172394,0.0,0.03125,0.14304541656175904,0.0,4.0330083309590414E-43,0.03892172408822259,5,5
1770321724055,0.8076365009455109,0.5050762722761054,0.0,0.3747178963950999,0.0,0.0,1,0.06604357488163767,0.0,0.03125,0.14304541656175904,0.0,3.2264066647672332E-43,0.03891611415393481,5,5
1770321724515,0.8103192350695723,0.22587697572631282,1.0,0.37066481285739794,0.0,0.0,1,0.06790016905410531,0.2717391304347826,0.03125,0.14349997441954956,0.0,2.5811253318137867E-43,0.03891050583657585,5,5
1770321724974,0.8127273074663327,0.6388765649999399,0.12196051054513135,0.37248438718591736,0.0,0.0,1,0.06674118437399695,0.0,0.03125,0.1432730614500065,0.0,2.0649002654510295E-43,0.0389048991354467,5,5
1770321725425,0.8127273074663327,0.7889543583705186,0.3116184397889152,0.3734979570610443,0.0,0.0,1,0.06616273369656606,0.0,0.03125,0.14349997441954956,0.0,1.6519202123608236E-43,0.03889929404984871,5,5
1770321725917,0.8127273074663327,0.7889543583705186,0.12525230170029758,0.37532075354807554,0.0,0.0,1,0.06552008732869835,0.0,0.03125,0.1432730614500065,0.0,1.321536169888659E-43,0.03889369057908387,5,5
1770321726369,0.8127273074663327,0.45175395145262565,1.0,0.3644393241600601,0.0,0.0,1,0.06456560245502847,0.5530973451327433,0.03125,0.1439515783075783,0.0,1.0572289359109272E-43,0.038888088722454306,3,5
1770321726829,0.8118135633233051,0.5050762722761054,0.11874487108513188,0.3662475170193368,0.0,0.0,1,0.06373094865865504,0.0,0.03125,0.14372614889598648,0.0,8.457831487287418E-44,0.03888248847926268,5,5
1770321727281,0.8118135633233052,0.931314629314664,0.30044335307542497,0.36727082799789046,0.0,0.0,1,0.06468972114011204,0.0,0.03125,0.14395157830757832,0.0,6.766265189829935E-44,0.0388768898488121,5,5
1770321727747,0.8103889750361831,0.6776309271789385,0.12198528708706166,0.36908256711311394,0.0,0.0,1,0.06560038886080592,0.0,0.03125,0.14372614889598648,0.0,5.413012151863948E-44,0.03887129283040602,5,5
1770321728211,0.8049804542064555,0.4164965639175215,0.0,0.37142595640474796,0.0,0.0,1,0.06474079527673285,0.0,0.03125,0.14372614889598648,0.0,4.330409721491159E-44,0.03886569742334822,5,5
1770321728673,0.8079378500578177,0.42857142857142855,1.0,0.36743168088838485,0.0,0.0,1,0.06638419327766798,0.27056277056277056,0.03125,0.14417625608561507,0.0,3.4643277771929273E-44,0.03886010362694303,5,5
1770321729153,0.8087548917172727,0.6388765649999399,0.12362363926323429,0.3692417284567435,0.0,0.0,1,0.06526221487835417,0.0,0.03125,0.14395157830757832,0.0,2.771462221754342E-44,0.03885451144049501,5,5
1770321729645,0.8041634125470003,0.20203050891044214,0.0,0.37158553308921954,0.0,0.0,1,0.06426280037011231,0.0,0.03125,0.14395157830757832,0.0,2.2171697774034737E-44,0.03884892086330938,5,5
1770321730099,0.8018520426338125,0.7693092581620721,0.3174661975781893,0.37260571866989767,0.0,0.0,1,0.06495962480696105,0.0,0.03125,0.14417625608561507,0.0,1.773735821922779E-44,0.03884333189469136,5,5
1770321730556,0.8010350009743573,0.40406101782088427,0.0,0.3749581829732892,0.0,0.0,1,0.06770243274363891,0.0,0.03125,0.14417625608561507,0.0,1.4189886575382234E-44,0.03883774453394706,5,5
1770321731012,0.8018520426338125,0.7354021529276429,1.0,0.3696072626100724,0.0,0.0,1,0.0695357166124369,0.2741228070175438,0.03125,0.14484571398446552,0.0,1.1351909260305788E-44,0.0388321587803826,5,5
1770321731472,0.7997768551374181,0.7889543583705186,0.0,0.37195201922315213,0.0,0.0,1,0.06834945254582436,0.0,0.03125,0.14484571398446552,0.0,9.081527408244631E-45,0.03882657463330452,5,5
1770321731942,0.7962073393872909,0.931314629314664,1.0,0.359947400069771,0.0,0.0,1,0.0674506512511897,0.5319148936170213,0.03125,0.14572740382746596,0.0,7.265221926595705E-45,0.03882099209202017,3,5
1770321732402,0.7986154117840513,0.7889543583705186,0.12213310635452798,0.36173472632902254,0.0,0.0,1,0.06630159186935748,0.0,0.03125,0.14550817107610717,0.0,5.812177541276565E-45,0.03881541115583664,5,5
1770321732858,0.7932068909543237,0.36421567954234174,0.0,0.3640583826630584,0.0,0.0,1,0.06549925998352335,0.0,0.03125,0.14550817107610717,0.0,4.649742033021252E-45,0.03880983182406206,5,5
1770321733324,0.7967764067044509,0.20203050891044214,0.0,0.36638839703810416,0.0,0.0,1,0.06536875991068365,0.0,0.03125,0.14550817107610717,0.0,3.719793626417002E-45,0.03880425409600463,5,5
1770321733786,0.7967764067044509,0.0,0.0,0.3687246774298246,0.0,0.0,1,0.0646775953836941,0.0,0.03125,0.14550817107610717,0.0,2.9758349011336013E-45,0.038942376778272725,5,5
1770321734249,0.7994324534435064,0.5150787536377127,1.0,0.35846067769325013,0.0,0.0,1,0.06458077845211613,0.5399568034557235,0.03125,0.14702568759209794,0.0,2.380667920906881E-45,0.03893678160919545,3,5
1770321734726,0.796099120110173,0.14285714285714288,0.0,0.36077519047522627,0.0,0.0,1,0.06422113592592373,0.0,0.03125,0.14702568759209794,0.0,1.904534336725505E-45,0.03893118804769424,5,5
1770321735210,0.7984104900233611,0.42857142857142855,0.0,0.3630961894455932,0.0,0.0,1,0.06457926540918543,0.0,0.03125,0.14702568759209794,0.0,1.523627469380404E-45,0.038925596093076664,5,5
1770321735662,0.8004856775197553,0.5150787536377127,0.13024801785088438,0.364876160714625,0.0,0.0,1,0.06369663779165056,0.0,0.03125,0.14681137674834654,0.0,1.2189019755043233E-45,0.038920005744650266,5,5
1770321736143,0.8040551932698825,0.7284313590846835,0.30717310080458593,0.3659272284965653,0.0,0.0,1,0.06330859545587125,0.0,0.03125,0.14702568759209794,0.0,9.751215804034588E-46,0.038914417001723156,5,5
1770321736603,0.808646672440155,0.7142857142857143,1.0,0.36206820096400244,0.0,0.0,1,0.06574019330414521,0.2717391304347826,0.03125,0.1474517735954335,0.0,7.80097264322767E-46,0.03890882986360378,5,5
1770321737054,0.8107218599365492,0.5150787536377127,0.0,0.3643927763448008,0.0,0.0,1,0.06489919973563851,0.0,0.03125,0.1474517735954335,0.0,6.240778114582136E-46,0.038903244329600906,5,5
1770321737524,0.8080391258124882,0.28571428571428575,0.0,0.36672369661254833,0.0,0.0,1,0.06455354601913191,0.0,0.03125,0.1474517735954335,0.0,4.992622491665709E-46,0.03889766039902398,5,5
1770321737986,0.8080391258124882,0.7693092581620721,0.3133132788432699,0.36777909159808486,0.0,0.0,1,0.06418163603028335,0.0,0.03125,0.14766353580755115,0.0,3.9940979933325676E-46,0.038892078071182556,5,5
1770321738438,0.8126306049827605,0.7142857142857143,0.1384801846622347,0.36955878045577395,0.0,0.0,1,0.06798205318473773,0.0,0.03125,0.1474517735954335,0.0,3.195278394666054E-46,0.03888649734538674,5,5
1770321738913,0.8172220841530329,0.36421567954234174,1.0,0.36621431270082355,0.0,0.0,1,0.06725259539815025,0.2631578947368421,0.03125,0.14808446635455083,0.0,2.5562227157328433E-46,0.03888091822094697,5,5
1770321739376,0.8186466724401551,0.5890150893739515,0.13840994999446377,0.3679883145216534,0.0,0.0,1,0.06600972898058462,0.0,0.03125,0.14787443554386764,0.0,2.0449781725862745E-46,0.03887534069717402,5,5
1770321739840,0.8240551932698826,0.4164965639175215,0.0,0.37032883390118765,0.0,0.0,1,0.0648061861672211,0.0,0.03125,0.14787443554386764,0.0,1.6359825380690197E-46,0.03886976477337922,5,5
1770321740311,0.8300712607272772,0.4164965639175215,0.0,0.3726754616739855,0.0,0.0,1,0.06435599431085817,0.0,0.03125,0.14787443554386764,0.0,1.3087860304552159E-46,0.038864190448874236,5,5
1770321740767,0.8334045940606105,0.30304576336566325,0.14589589532068406,0.37445843759413056,0.0,0.0,1,0.06631077094997609,0.0,0.03125,0.14766353580755115,0.0,1.0470288243641727E-46,0.038858617722971056,5,5
1770321741271,0.8334045940606105,0.7142857142857143,1.0,0.36977668721036355,0.0,1.0,1,0.06664296341370113,0.24801587301587302,0.03125,0.1485018954514082,0.0,8.376230594913382E-47,0.03885304659498212,5,5
1770321741743,0.8353133391068216,0.28571428571428575,0.32366740993861254,0.3708393710665746,0.0,0.0,1,0.06577459007639586,0.0,0.03125,0.14870928089081828,0.0,6.700984475930706E-47,0.038847477064220204,5,5
1770321742201,0.8326306049827604,0.5150787536377127,0.0,0.37318731652364956,0.0,0.0,1,0.06516405847194028,0.0,0.03125,0.14870928089081828,0.0,5.360787580744566E-47,0.03884190912999852,5,5
1770321742657,0.8326306049827604,0.10101525445522107,0.0,0.37554125449984666,0.0,0.0,1,0.06435283340751692,0.0,0.03125,0.14870928089081828,0.0,4.2886300645956527E-47,0.03883634279163084,5,5
1770321743116,0.8311362767290273,0.5050762722761054,0.15269205630760285,0.37731904523756626,0.0,0.0,1,0.07063611626238442,0.0,0.03125,0.1485018954514082,0.0,3.4309040516765223E-47,0.03883077804843105,5,5
1770321743574,0.8311362767290273,0.8144110179279557,1.0,0.3720428955239013,0.0,0.0,1,0.0694751604999852,0.2729257641921397,0.03125,0.14912136151995795,0.0,2.744723241341218E-47,0.03882521489971347,5,5
1770321744044,0.8371523441864221,0.22587697572631282,0.0,0.3743939265097522,0.0,0.0,1,0.06860715636144693,0.0,0.03125,0.14912136151995795,0.0,2.1957785930729745E-47,0.03881965334479298,5,5
1770321744498,0.8394637140996102,0.5150787536377127,0.15309877005480374,0.3761665958905971,0.0,0.0,1,0.06757152984447222,0.0,0.03125,0.14891577171185622,0.0,1.7566228744583798E-47,0.038814093382984804,5,5
1770321744962,0.8375549690533991,0.5714285714285715,0.0,0.37852797752970646,0.0,0.0,1,0.06652337869721758,0.0,0.03125,0.14891577171185622,0.0,1.405298299566704E-47,0.038808535013604484,5,5
1770321745426,0.8382009949915734,0.40406101782088427,0.15811282622087675,0.3803064613764749,0.0,0.0,1,0.06574757589332199,0.0,0.03125,0.14870928089081828,0.0,1.1242386396533633E-47,0.0388029782359679,5,5
1770321745892,0.8454485209009013,0.20203050891044214,1.0,0.37686075636591837,0.0,0.0,1,0.06821730186760527,0.26824034334763946,0.03125,0.14932604393280036,0.0,8.993909117226907E-48,0.0387974230493916,5,5
1770321746360,0.8439541926471684,0.8689660757568886,0.3452802352089583,0.3779250550986324,0.0,0.0,1,0.0668548082927236,0.0,0.03125,0.1495298125806989,0.0,7.195127293781525E-48,0.03879186945319213,5,5
1770321746872,0.8454485209009013,0.7071067811865476,0.0,0.3802907461494304,0.0,0.0,1,0.06659677578459627,0.0,0.03125,0.1495298125806989,0.0,5.756101835025221E-48,0.0387863174466867,5,5
1770321747333,0.8473572659471124,0.8689660757568886,0.0,0.382662136390783,0.0,0.0,1,0.06703629691438272,0.0,0.03125,0.1495298125806989,0.0,4.604881468020177E-48,0.038780767029192864,5,5
1770321747794,0.8519487451173847,0.20203050891044214,0.0,0.3850391262476495,0.0,0.0,1,0.06595405466508891,0.0,0.03125,0.1495298125806989,0.0,3.683905174416142E-48,0.038775218200028605,5,5
1770321748260,0.8506905992804457,0.36421567954234174,1.0,0.37976030809278566,0.0,0.0,1,0.06467347923809075,0.26824034334763946,0.03125,0.1495298125806989,0.0,2.9471241395329134E-48,0.03876967095851214,5,5
1770321748760,0.8521151875675678,0.614451804788759,0.0,0.3821304302247567,0.0,0.0,1,0.06757010096139242,0.0,0.03125,0.1495298125806989,0.0,2.357699311626331E-48,0.03876412530396223,5,5
1770321749234,0.8533733334045069,0.6776309271789385,0.16587391408251953,0.38390576379096375,0.0,0.0,1,0.07028938755360589,0.0,0.03125,0.14932604393280038,0.0,1.886159449301065E-48,0.038758581235697975,5,5
1770321749684,0.8533733334045069,0.8144110179279557,0.0,0.38628564485497585,0.0,0.0,1,0.06948666864605015,0.0,0.03125,0.14932604393280038,0.0,1.508927559440852E-48,0.038753038753038704,5,5
1770321750155,0.8525562917450518,0.6388765649999399,0.0,0.3886709718428205,0.0,0.0,1,0.06839249295686398,0.0,0.03125,0.14932604393280038,0.0,1.2071420475526817E-48,0.038747497855304514,5,5
1770321750609,0.846540224287657,0.7142857142857143,1.0,0.3839281420601935,0.0,0.0,1,0.07137007664810964,0.2753303964757709,0.03125,0.1495298125806989,0.0,9.657136380421455E-49,0.03874195854181561,5,5
1770321751060,0.8429707085375298,0.6060915267313265,0.36800362428754124,0.38498718834197426,0.0,0.0,1,0.06978039794197467,0.0,0.03125,0.14973266110700617,0.0,7.725709104337165E-49,0.03873642081189255,5,5
1770321751517,0.8421536668780747,0.7889543583705186,0.17090219177123822,0.3867626103875427,0.0,0.0,1,0.06796317051517063,0.0,0.03125,0.1495298125806989,0.0,6.180567283469732E-49,0.03873088466485641,5,5
1770321751982,0.8442288543744689,0.30304576336566325,0.17291795328449505,0.38854138287504547,0.0,0.0,1,0.06799696783807917,0.0,0.03125,0.14932604393280036,0.0,4.944453826775786E-49,0.03872535010002853,5,5
1770321752465,0.8477983701245961,0.7071067811865476,0.38340902563541535,0.38959303342908297,0.0,0.0,1,0.06850860588269034,0.0,0.03125,0.1495298125806989,0.0,3.955563061420629E-49,0.038719817116731,5,5
1770321752938,0.8532068909543237,0.45175395145262565,1.0,0.3860525947777512,0.0,0.0,1,0.06776828988208977,0.2642706131078224,0.03125,0.15013557243584041,0.0,3.164450449136503E-49,0.0387142857142857,5,5
1770321753432,0.8505241568302624,0.5890150893739515,0.17387465825345133,0.3878245892470454,0.0,0.0,1,0.07336554341472044,0.0,0.03125,0.14993458316851144,0.0,2.5315603593092025E-49,0.03870875589201539,5,5
1770321753902,0.848448969333868,0.5439837932759934,1.0,0.3786051359887119,0.0,0.0,1,0.0717622578482035,0.5319148936170213,0.03125,0.15053472734206114,0.0,2.025248287447362E-49,0.038703227649243055,3,5
1770321754373,0.8481042925080006,0.7354021529276429,0.35096533397999113,0.37968004797334826,0.0,0.0,1,0.0700751920043805,0.0,0.03125,0.1507328803949976,0.0,1.6201986299578896E-49,0.038697700985292016,5,5
1770321754838,0.850787026632062,0.8689660757568886,0.0,0.38204997753300357,0.0,0.0,1,0.06919593790764146,0.0,0.03125,0.1507328803949976,0.0,1.2961589039663117E-49,0.038692175899486037,5,5
1770321755315,0.847217510881935,0.20203050891044214,0.17053811193393242,0.38381278452869333,0.0,0.0,1,0.06805538255019178,0.0,0.03125,0.15053472734206114,0.0,1.0369271231730494E-49,0.03868665239114921,5,5
1770321755799,0.8484756567188741,0.7071067811865476,0.0,0.38619245029394383,0.0,0.0,1,0.0694823903230628,0.0,0.03125,0.15053472734206114,0.0,8.295416985384395E-50,0.03868113045960608,5,5
1770321756279,0.8497338025558131,0.7354021529276429,1.0,0.38143484890362794,0.0,0.0,1,0.07027056587748375,0.2604166666666667,0.03125,0.15132156676169387,0.0,6.636333588307517E-50,0.038675610104181524,5,5
1770321756739,0.8504811042486575,0.5050762722761054,0.0,0.383808954585811,0.0,0.0,1,0.06891558210304508,0.0,0.03125,0.15132156676169387,0.0,5.309066870646014E-50,0.03867009132420096,5,5
1770321757234,0.8540506199987847,0.614451804788759,0.17524029349828127,0.385566752929821,0.0,0.0,1,0.07050402485749119,0.0,0.03125,0.15112630635085636,0.0,4.2472534965168116E-50,0.038664574118989825,5,5
1770321757701,0.8513678858747233,0.31943828249996997,0.0,0.38795044663391137,0.0,0.0,1,0.06935791870564693,0.0,0.03125,0.15112630635085636,0.0,3.3978027972134494E-50,0.03865905848787443,5,5
1770321758157,0.8524595892614795,0.7071067811865476,0.3790322598852416,0.3890218006121462,0.0,0.0,1,0.06787275608914313,0.0,0.03125,0.15132156676169387,0.0,2.7182422377707595E-50,0.0386535444301811,5,5
1770321758620,0.8513678858747233,0.20203050891044214,1.0,0.384252269920012,0.0,0.0,1,0.06828397170854361,0.26997840172786175,0.03125,0.15209277966441456,0.0,2.1745937902166077E-50,0.038648031945236694,5,5
1770321759077,0.8459593650449958,0.22587697572631282,0.3649271445545345,0.3853382874469566,0.0,0.0,1,0.06713123020941437,0.0,0.03125,0.15228309481671157,0.0,1.7396750321732862E-50,0.038642521032368427,5,5
1770321759528,0.8390565159615354,0.5439837932759934,0.0,0.38772145992137425,0.0,0.0,1,0.06704031298284421,0.0,0.03125,0.15228309481671157,0.0,1.3917400257386292E-50,0.038637011690903944,5,5
1770321759986,0.835142323385541,0.0,0.0,0.3901100169107443,0.0,0.0,1,0.06807580436624812,0.0,0.03125,0.15228309481671157,0.0,1.1133920205909034E-50,0.038774055595153234,5,5
1770321760451,0.8332335783393299,0.8144110179279557,1.0,0.38090554748565775,0.0,0.0,1,0.06683340175861914,0.5376344086021505,0.03125,0.15340361453165474,0.0,8.907136164727228E-51,0.03876852907639683,3,5
1770321760910,0.8324862766464854,0.7693092581620721,0.35155528843477396,0.38200977252907886,0.0,0.0,1,0.06622430129294617,0.0,0.03125,0.15358674936404607,0.0,7.125708931781782E-51,0.0387630041328203,5,5
1770321761395,0.8321849275341786,0.7071067811865476,0.0,0.38438523276535136,0.0,0.0,1,0.06682367553543667,0.0,0.03125,0.15358674936404607,0.0,5.700567145425426E-51,0.03875748076375041,5,5
1770321761878,0.8321849275341788,0.5439837932759934,0.18411378909228757,0.3861178201589297,0.0,0.0,1,0.06593551932378436,0.0,0.03125,0.15340361453165474,0.0,4.5604537163403405E-51,0.03875195896851402,5,5
1770321762355,0.8321849275341788,0.5439837932759934,0.0,0.38850276640354586,0.0,0.0,1,0.06577415441246198,0.0,0.03125,0.15340361453165474,0.0,3.6483629730722726E-51,0.038746438746438794,5,5
1770321762830,0.8261688600767843,0.7142857142857143,1.0,0.37877163284661913,0.0,1.0,1,0.06498910977243189,0.5263157894736842,0.03125,0.15430873025415504,0.0,2.918690378457818E-51,0.03874092009685226,3,5
1770321763297,0.8246745318230511,0.30304576336566325,0.0,0.38113937578097923,0.0,0.0,1,0.06458032443665412,0.0,0.03125,0.15430873025415504,0.0,2.3349523027662547E-51,0.03873540301908285,5,5
1770321763754,0.8278414227062013,0.10101525445522107,0.0,0.383512782356064,0.0,0.0,1,0.0638420656998733,0.0,0.03125,0.15430873025415504,0.0,1.8679618422130038E-51,0.038729887512459094,5,5
1770321764221,0.8278414227062015,0.31943828249996997,0.18574859465734886,0.38523618009894023,0.0,0.0,1,0.0638910312054759,0.0,0.03125,0.15412983068837421,0.0,1.494369473770403E-51,0.038724373576309756,5,5
1770321764678,0.826040896937108,0.6060915267313265,0.0,0.38761911910796853,0.0,0.0,1,0.0649085852669101,0.0,0.03125,0.15412983068837421,0.0,1.1954955790163225E-51,0.03871886120996437,5,5
1770321765140,0.8320569643945026,0.14285714285714288,1.0,0.3835996357984487,0.0,0.0,1,0.06426601842904592,0.27056277056277056,0.03125,0.1544865561967977,0.0,9.56396463213058E-52,0.03871335041275259,5,5
1770321765603,0.8274654852242301,0.31943828249996997,0.18671035333785552,0.38532092013197966,0.0,0.0,1,0.06460517215292418,0.0,0.03125,0.15430873025415504,0.0,7.651171705704465E-52,0.0387078411840045,5,5
1770321766086,0.8268579385965631,0.30304576336566325,0.18885215684634798,0.3870454132933264,0.0,0.0,1,0.06389807799908988,0.0,0.03125,0.15412983068837424,0.0,6.120937364563572E-52,0.038702333523050636,5,5
1770321766566,0.8274654852242301,0.8144110179279557,0.3695240688909835,0.3881522348485922,0.0,0.0,1,0.06388772212186511,0.0,0.03125,0.154308730254155,0.0,4.896749891650858E-52,0.03869682742922176,5,5
1770321767030,0.8274654852242301,0.7284313590846835,0.1934584447266135,0.38987831135602785,0.0,0.0,1,0.0641434538443165,0.0,0.03125,0.15412983068837421,0.0,3.917399913320686E-52,0.03869132290184918,5,5
1770321767476,0.8214494177668356,0.10101525445522107,1.0,0.3851691454951631,0.0,0.0,1,0.0633160418579741,0.2802690582959641,0.03125,0.15430873025415504,0.0,3.1339199306565493E-52,0.03868581994026454,5,5
1770321767957,0.8214494177668356,0.6388765649999399,0.0,0.38755193111447267,0.0,0.0,1,0.06271926887359143,0.0,0.03125,0.15430873025415504,0.0,2.5071359445252394E-52,0.03868031854379972,5,5
1770321768432,0.8167253063399412,0.931314629314664,0.0,0.389940108508417,0.0,0.0,1,0.06199905840777169,0.0,0.03125,0.15430873025415504,0.0,2.0057087556201915E-52,0.03867481871178724,5,5
1770321768914,0.8113167855102137,0.40406101782088427,0.1965146399767949,0.3916671017885604,0.0,0.0,1,0.06768221159811887,0.0,0.03125,0.15412983068837424,0.0,1.6045670044961533E-52,0.03866932044355986,5,5
1770321769361,0.8102250821234578,0.10101525445522107,0.1987294959229047,0.3933971288595913,0.0,0.0,1,0.06678288420072936,0.0,0.03125,0.1539498633991081,0.0,1.2836536035969227E-52,0.038663823738450565,5,5
1770321769817,0.8125364520366458,0.40406101782088427,1.0,0.3835574115351701,0.0,0.0,1,0.06564809611666136,0.5482456140350876,0.03125,0.15483896373220715,0.0,1.0269228828775383E-52,0.0386583285957931,3,5
1770321770277,0.8151853759671459,0.614451804788759,0.35681756026165123,0.3846763898747474,0.0,0.0,1,0.06487920844038905,0.0,0.03125,0.15501353364503165,0.0,8.215383063020306E-53,0.038652835014921116,5,5
1770321770740,0.8116158602170189,0.7889543583705186,0.19060038673957144,0.38639178525027607,0.0,0.0,1,0.06491652695201747,0.0,0.03125,0.15483896373220715,0.0,6.572306450416245E-53,0.03864734299516903,5,5
1770321771233,0.8103577143800798,0.7142857142857143,0.3655707793905012,0.3875080169928511,0.0,0.0,1,0.06507111807385448,0.0,0.03125,0.15501353364503168,0.0,5.257845160332997E-53,0.0386418525358716,5,5
1770321771699,0.8157662352098073,0.28571428571428575,0.0,0.3898960959081735,0.0,0.0,1,0.06544488065792163,0.0,0.03125,0.15501353364503168,0.0,4.206276128266398E-53,0.03863636363636369,5,5
1770321772152,0.8131101884707518,0.5150787536377127,1.0,0.38653802849498536,0.0,0.0,1,0.06487716144473031,0.2759381898454746,0.03125,0.15553063840432385,0.0,3.3650209026131187E-53,0.03863087629598072,5,5
1770321772603,0.8107988185575637,0.7693092581620721,0.3636529701700338,0.387662911573128,0.0,0.0,1,0.064361847216016,0.0,0.03125,0.15570078582377136,0.0,2.6920167220904952E-53,0.038625390514058555,5,5
1770321773062,0.8076319276744135,1.0,0.1981556654162982,0.389371107635143,0.0,0.0,1,0.06446189280473275,0.0,0.03125,0.15553063840432385,0.0,2.153613377672396E-53,0.03861990628993328,5,5
1770321773531,0.8141321518908969,0.7142857142857143,0.0,0.3917633241661012,0.0,0.0,1,0.06443639322706374,0.0,0.03125,0.15553063840432385,0.0,1.722890702137917E-53,0.03861442362294154,5,5
1770321773987,0.8122931468112966,0.6060915267313265,0.3800091757173179,0.3928828245330695,0.0,0.0,1,0.06472943859932537,0.0,0.03125,0.15570078582377136,0.0,1.3783125617103338E-53,0.0386089425124202,5,5
1770321774455,0.8110350009743574,0.931314629314664,1.0,0.38181157088105494,0.0,0.0,1,0.06368209124725252,0.5341880341880342,0.03125,0.1562044857845913,0.0,1.102650049368267E-53,0.03860346295770645,3,5
1770321774915,0.8037874750650296,0.10101525445522107,0.19060948131701133,0.3835099608263629,0.0,0.0,1,0.06317653275516279,0.0,0.03125,0.15603771517350173,0.0,8.821200394946136E-54,0.038597984958138265,5,5
1770321775383,0.8071208083983628,0.14285714285714288,0.1927808066416011,0.3852115345381561,0.0,0.0,1,0.06342821453957011,0.0,0.03125,0.15586981330455832,0.0,7.05696031595691E-54,0.0385925085130534,5,5
1770321775846,0.8044380742743015,0.30304576336566325,0.0,0.387594416717201,0.0,0.0,1,0.06482254225765129,0.0,0.03125,0.15586981330455832,0.0,5.645568252765528E-54,0.03858703362179028,5,5
1770321776311,0.8058626625614237,0.20203050891044214,0.0,0.38998268884538334,0.0,0.0,1,0.06405404436294163,0.0,0.03125,0.15586981330455832,0.0,4.516454602212423E-54,0.03858156028368798,5,5
1770321776784,0.8039539175152126,0.30304576336566325,1.0,0.38529368973824096,0.0,0.0,1,0.06371196230629536,0.2642706131078224,0.03125,0.15603771517350173,0.0,3.6131636817699385E-54,0.03857608849808536,5,5
1770321777244,0.8048676616582403,0.0,0.19582097997206283,0.38699624389541737,0.0,0.0,1,0.06316973155671277,0.0,0.03125,0.15586981330455832,0.0,2.8905309454159507E-54,0.038712422007941005,5,5
1770321777708,0.8009534690822456,0.0,1.0,0.3774580356074313,0.0,0.0,1,0.06242227335395264,0.5387931034482758,0.03125,0.1566979540266113,0.0,2.3124247563327606E-54,0.03884871685807456,3,5
1770321778173,0.8009534690822456,0.30304576336566325,0.18614888382957517,0.3791471230094639,0.0,0.0,1,0.06210954950319952,0.0,0.03125,0.15653461078742864,0.0,1.8499398050662085E-54,0.03884320952650977,5,5
1770321778621,0.8048676616582403,0.10101525445522107,1.0,0.36920681818934137,0.0,0.0,1,0.0645775585387067,0.5580357142857143,0.03125,0.1571810403838966,0.0,1.4799518440529668E-54,0.038837703756201325,3,5
1770321779079,0.8015343283249068,0.14285714285714288,0.1762371148462938,0.37088331912686345,0.0,0.0,1,0.06365868631325623,0.0,0.03125,0.157021174314238,0.0,1.1839614752423735E-54,0.03883219954648531,5,5
1770321779539,0.8033733334045071,0.22587697572631282,0.17829655225194216,0.37256330532508575,0.0,0.0,1,0.0630788604549941,0.0,0.03125,0.15686014370360477,0.0,9.471691801938989E-55,0.038826696896698265,5,5
1770321780004,0.800415937553145,0.10101525445522107,0.1803725392798057,0.3742467391433383,0.0,0.0,1,0.06247647445564383,0.0,0.03125,0.1566979540266113,0.0,7.577353441551191E-55,0.03882119580617738,5,5
1770321780459,0.800415937553145,0.6776309271789385,0.0,0.3766033431327009,0.0,0.0,1,0.06168067157492165,0.0,0.03125,0.1566979540266113,0.0,6.0618827532409534E-55,0.03881569627425985,5,5
1770321780925,0.7977598908140895,0.36421567954234174,1.0,0.372135061959842,0.0,0.0,1,0.061944944622100484,0.26824034334763946,0.03125,0.15686014370360477,0.0,4.849506202592763E-55,0.038810198300283316,5,5
1770321781416,0.7905123649047615,0.7693092581620721,0.3222144881317134,0.3732890458611175,0.0,0.0,1,0.0637044614618454,0.0,0.03125,0.157021174314238,0.0,3.87960496207421E-55,0.03880470188358587,5,5
1770321781881,0.7826957716782735,1.0,0.1828157141943741,0.37497086750065073,0.0,0.0,1,0.06364478402709778,0.0,0.03125,0.15686014370360477,0.0,3.1036839696593683E-55,0.038799207023506144,5,5
1770321782337,0.7821267043611133,0.7071067811865476,1.0,0.3651717392738282,0.0,0.0,1,0.06287664021423178,0.5482456140350876,0.03125,0.15749725715197688,0.0,2.4829471757274948E-55,0.03879371371938267,3,5
1770321782804,0.7740692596008856,0.7071067811865476,0.17337664709299375,0.3668405500406811,0.0,0.0,1,0.06236303671127788,0.0,0.03125,0.15733973646791655,0.0,1.986357740581996E-55,0.03878822197055498,5,5
1770321783261,0.7691262559281462,0.0,1.0,0.35536058008546756,0.0,0.0,1,0.0616466355825969,0.5470459518599562,0.03125,0.15749725715197688,0.0,1.5890861924655969E-55,0.038924274593064356,3,5
1770321783715,0.7615773809065117,1.0,0.2822399964661066,0.35653077352280316,0.0,0.0,1,0.06258232655175998,0.0,0.03125,0.15765359705249152,0.0,1.2712689539724776E-55,0.03891876592131338,5,5
1770321784174,0.7615773809065117,0.7693092581620721,1.0,0.34795724398492694,0.0,0.0,1,0.06240630776288765,0.5446623093681917,0.03125,0.15841739857689588,0.0,1.0170151631779822E-55,0.03891325880854679,3,5
1770321784627,0.7610688111679187,0.8144110179279557,0.0,0.35024096114537906,0.0,0.0,1,0.06250349596073566,0.0,0.03125,0.15841739857689588,0.0,8.1361213054238575E-56,0.038907753254103006,5,5
1770321785090,0.7583860770438573,0.40406101782088427,0.15893931059258823,0.35188205795367644,0.0,0.0,1,0.06258088196455139,0.0,0.03125,0.15826704224492089,0.0,6.508897044339086E-56,0.038902249257320665,5,5
1770321785547,0.7637945978735848,0.5050762722761054,0.0,0.35417754240772376,0.0,0.0,1,0.062325142460287156,0.0,0.03125,0.15826704224492089,0.0,5.207117635471269E-56,0.03889674681753885,5,5
1770321786027,0.765219186160707,0.6388765649999399,0.0,0.3564797649928919,0.0,0.0,1,0.06160986971930075,0.0,0.03125,0.15826704224492089,0.0,4.165694108377016E-56,0.038891245934096985,5,5
1770321786481,0.7576703111390725,0.20203050891044214,1.0,0.35364879426714085,0.0,0.0,1,0.06108809000081181,0.2753303964757709,0.03125,0.15871446882969914,0.0,3.332555286701613E-56,0.038885746606334815,5,5
1770321786941,0.7576703111390725,0.30304576336566325,0.0,0.35594947414728895,0.0,0.0,1,0.0606497664007266,0.0,0.03125,0.15871446882969914,0.0,2.6660442293612904E-56,0.038880248833592534,5,5
1770321787399,0.7589284569760116,0.42857142857142855,0.0,0.3582568252262528,0.0,0.0,1,0.06153583785915308,0.0,0.03125,0.15871446882969914,0.0,2.1328353834890325E-56,0.03887475261521067,5,5
1770321787858,0.7661759828853395,0.45175395145262565,0.0,0.36057075952746576,0.0,0.0,1,0.06174206008216799,0.0,0.03125,0.15871446882969914,0.0,1.706268306791226E-56,0.03886925795053009,5,5
1770321788323,0.7641007953889454,0.31943828249996997,0.29625671420563593,0.36175605063078925,0.0,0.0,1,0.0623492987686091,0.0,0.03125,0.15886117246918396,0.0,1.365014645432981E-56,0.03886376483889198,5,5
1770321788789,0.7644021445012521,0.7889543583705186,1.0,0.35754544543344735,0.0,0.0,1,0.06175051775829495,0.26824034334763946,0.03125,0.15900664831990957,0.0,1.0920117163463848E-56,0.03885827327963831,5,5
1770321789244,0.7614447486498899,0.0,0.17346842069857532,0.35918600905767795,0.0,0.0,1,0.06181015739426733,0.0,0.03125,0.15886117246918394,0.0,8.736093730771079E-57,0.03899406612037304,5,5
1770321789713,0.7697210856559624,0.5150787536377127,1.0,0.34864419414832726,0.0,0.0,1,0.06103078354632292,0.5330490405117271,0.03125,0.15915089132689303,0.0,6.988874984616864E-57,0.038988557705890714,3,5
1770321790163,0.7651296064856901,0.22587697572631282,0.0,0.3509299930737082,0.0,0.0,1,0.06148656854755861,0.0,0.03125,0.15915089132689303,0.0,5.591099987693491E-57,0.03898305084745768,5,5
1770321790614,0.7591135390282954,0.6388765649999399,0.1661674882580008,0.3525615652656951,0.0,0.0,1,0.06111853054920753,0.0,0.03125,0.15900664831990954,0.0,4.472879990154793E-57,0.03897754554441468,5,5
1770321791084,0.7578553931913563,0.5050762722761054,0.16814351443197123,0.3541969944717964,0.0,0.0,1,0.060925763487306536,0.0,0.03125,0.15886117246918394,0.0,3.5783039921238346E-57,0.03897204179610281,5,5
1770321791547,0.7568265820946116,0.6060915267313265,0.17013623521347757,0.3558362476738753,0.0,0.0,1,0.06017589871361735,0.0,0.03125,0.1587144688296991,0.0,2.862643193699068E-57,0.03896653960186358,5,5
1770321791999,0.7651029191006842,0.5439837932759934,1.0,0.3510589077715577,0.0,0.0,1,0.060470269002138546,0.27654867256637167,0.03125,0.1587144688296991,0.0,2.2901145549592544E-57,0.038961038961038974,5,5
1770321792458,0.7663610649376232,0.30304576336566325,0.27957407482986113,0.3522465459865101,0.0,1.0,1,0.060286342672809655,0.0,0.03125,0.1588611724691839,0.0,1.8320916439674037E-57,0.03895553987297107,5,5
1770321792914,0.7732639140210837,0.10101525445522107,0.28225091126807933,0.3534360604077869,0.0,0.0,1,0.06122831307215306,0.0,0.03125,0.15900664831990957,0.0,1.465673315173923E-57,0.0389500423370025,5,5
1770321793392,0.776729879611039,0.6060915267313265,0.0,0.35573611766424656,0.0,0.0,1,0.06244744763850446,0.0,0.03125,0.15900664831990957,0.0,1.1725386521391384E-57,0.03894454635247635,5,5
1770321793852,0.7730450217752387,0.5050762722761054,0.17444184798669388,0.35737487484073344,0.0,0.0,1,0.06741194960822426,0.0,0.03125,0.1588611724691839,0.0,9.380309217113108E-58,0.03893905191873592,5,5
1770321794323,0.7776365009455113,0.6388765649999399,1.0,0.3545585504483307,0.0,0.0,1,0.06647129647799126,0.2653927813163482,0.03125,0.15929389647010514,0.0,7.504247373690488E-58,0.038933559035124854,5,5
1770321794800,0.7851853759671459,0.28571428571428575,0.0,0.35686188064713925,0.0,0.0,1,0.06540827411138671,0.0,0.03125,0.15929389647010514,0.0,6.00339789895239E-58,0.038928067700987334,5,5
1770321795254,0.7897768551374184,0.10101525445522107,0.0,0.35917184735904756,0.0,0.0,1,0.06537935816046414,0.0,0.03125,0.15929389647010514,0.0,4.802718319161912E-58,0.03892257791566778,5,5
1770321795702,0.7858913904290569,0.6468132241526726,0.18162570254294236,0.3608097435753525,0.0,0.0,1,0.0647106540288647,0.0,0.03125,0.15915089132689303,0.0,3.84217465532953E-58,0.03891708967851104,5,5
1770321796159,0.7772293028074364,0.0,1.0,0.35022297952512565,0.0,0.0,1,0.0643863669470733,0.5470459518599562,0.03125,0.1594356587648447,0.0,3.073739724263624E-58,0.03905258705766246,3,5
1770321796617,0.7772293028074364,0.5050762722761054,0.0,0.3525135270624761,0.0,0.0,1,0.06425474568838788,0.0,0.03125,0.1594356587648447,0.0,2.4589917794108993E-58,0.039047082041161585,5,5
1770321797075,0.778143046950464,0.7354021529276429,1.0,0.3411491897430443,0.0,0.0,1,0.06425763712802254,0.5458515283842794,0.03125,0.15985343924894488,0.0,1.9671934235287197E-58,0.03904157857646229,3,5
1770321797545,0.7789600886099192,0.30304576336566325,0.25954952774554474,0.34235345559230007,0.0,0.0,1,0.0644762603531408,0.0,0.03125,0.15999018102233933,0.0,1.5737547388229757E-58,0.03903607666290865,5,5
1770321798115,0.7828742811859137,0.45175395145262565,0.16285498803966725,0.3439626338615108,0.0,0.0,1,0.0649250107526096,0.0,0.03125,0.1598534392489449,0.0,1.2590037910583806E-58,0.039030576299844966,5,5
1770321798590,0.7807990936895195,0.45175395145262565,0.2665953100002365,0.34516708582308103,0.0,0.0,1,0.064541355234086,0.0,0.03125,0.15999018102233933,0.0,1.0072030328467046E-58,0.03902507748661599,5,5
1770321799049,0.7807990936895195,0.5890150893739515,1.0,0.3338309412442209,0.0,0.0,1,0.0672490541202779,0.5446623093681917,0.03125,0.15999018102233928,0.0,8.057624262773637E-59,0.039019580222566574,3,5
1770321799518,0.7762076145192471,0.8144110179279557,0.1534330720034276,0.33542878203175797,0.0,0.0,1,0.06649091231578597,0.0,0.03125,0.1598534392489449,0.0,6.44609941021891E-59,0.039014084507042246,5,5
1770321799981,0.77770194277298,0.614451804788759,0.25124903960368106,0.336632179254018,0.0,0.0,1,0.06695345104956157,0.0,0.03125,0.15999018102233933,0.0,5.156879528175129E-59,0.03900859033938886,5,5
1770321800450,0.7744768287167644,0.6060915267313265,0.0,0.33888019701668615,0.0,0.0,1,0.06876281553384368,0.0,0.03125,0.15999018102233933,0.0,4.1255036225401035E-59,0.039003097718952384,5,5
1770321800912,0.7767881986299524,0.4164965639175215,0.16087051297070903,0.3404849311153042,0.0,0.0,1,0.06745027398478488,0.0,0.03125,0.15985343924894485,0.0,3.300402898032083E-59,0.03899760664507956,5,5
1770321801385,0.7741054645058911,0.10101525445522107,1.0,0.3372517281552074,0.0,0.0,1,0.06906529414616147,0.2642706131078224,0.03125,0.16012565556664607,0.0,2.6403223184256666E-59,0.03899211711711714,5,5
1770321801865,0.7758647030440511,0.8144110179279557,0.2563804301593997,0.3384594801113205,0.0,0.0,1,0.06939929455724025,0.0,0.03125,0.16025985811688792,0.0,2.1122578547405335E-59,0.03898662913441242,5,5
1770321802336,0.7791980363773844,0.7284313590846835,0.0,0.3407134329682127,0.0,0.0,1,0.0682673239964432,0.0,0.03125,0.16025985811688792,0.0,1.6898062837924268E-59,0.03898114269631292,5,5
1770321802802,0.7752838438013897,0.7284313590846835,0.26421336502154047,0.3419237304290754,0.0,0.0,1,0.06772878191343984,0.0,0.03125,0.16039278394598297,0.0,1.3518450270339414E-59,0.03897565780216683,5,5
1770321803265,0.7755515620062431,0.0,1.0,0.33227160132923017,0.0,0.0,1,0.06669390411074357,0.5399568034557235,0.03125,0.16103809952408216,0.0,1.0814760216271533E-59,0.03911086100168826,3,5
1770321803722,0.7690513377897596,0.931314629314664,0.15869404327765232,0.33385134489541507,0.0,0.0,1,0.06595371430702954,0.0,0.03125,0.16091162685562277,0.0,8.651808173017227E-60,0.03910535940357296,5,5
1770321804184,0.7726208535398866,0.40406101782088427,1.0,0.3248292138086046,0.0,0.0,1,0.06567799959299361,0.5411255411255411,0.03125,0.16128712760540914,0.0,6.921446538413781E-60,0.03909985935302396,3,5
1770321804642,0.7746960410362809,0.30304576336566325,0.0,0.3270372693865375,0.0,1.0,1,0.06774511738689053,0.0,0.03125,0.16128712760540914,0.0,5.537157230731026E-60,0.03909436084938822,5,5
1770321805089,0.776771228532675,0.28571428571428575,0.23668588727535303,0.32825968742053624,0.0,0.0,1,0.06696079321287822,0.0,0.03125,0.16140967415519314,0.0,4.429725784584821E-60,0.03908886389201349,5,5
1770321805552,0.7746960410362809,0.10101525445522107,0.2391591884814053,0.3294846051912226,0.0,1.0,1,0.06631061365080695,0.0,0.03125,0.16153090320384636,0.0,3.5437806276678567E-60,0.039083368480247405,5,5
1770321806035,0.7789115827245822,0.5050762722761054,0.15937538430995396,0.3310524506825462,0.0,0.0,1,0.0673960751125026,0.0,0.03125,0.16140967415519314,0.0,2.8350245021342855E-60,0.03907787461343826,5,5
1770321806495,0.7815676294636377,0.4164965639175215,1.0,0.32798634083568684,0.0,0.0,1,0.06918514064245931,0.2717391304347826,0.03125,0.16165081042260213,0.0,2.2680196017074285E-60,0.03907238229093468,5,5
1770321806957,0.7811650045966607,0.14285714285714288,0.1588110674097198,0.32955004215115524,0.0,0.0,1,0.06824173228282025,0.0,0.03125,0.16153090320384636,0.0,1.814415681365943E-60,0.03906689151208542,5,5
1770321807418,0.7841224004480231,0.7889543583705186,0.24368693985424322,0.3307774737456011,0.0,0.0,1,0.06726155810333984,0.0,0.03125,0.1616508104226021,0.0,1.4515325450927545E-60,0.03906140227624,5,5
1770321807870,0.7864337703612111,0.7071067811865476,0.0,0.33300602021612347,0.0,0.0,1,0.06614134109859042,0.0,0.03125,0.1616508104226021,0.0,1.1612260360742037E-60,0.03905591458274793,5,5
1770321808333,0.7818422911909384,0.7142857142857143,0.16651564582272815,0.33457677840769146,0.0,0.0,1,0.06512918580793389,0.0,0.03125,0.16153090320384636,0.0,9.28980828859363E-61,0.039050428430959405,5,5
1770321808780,0.7829339945776945,0.5439837932759934,1.0,0.33114149030069245,0.0,0.0,1,0.06517381477471473,0.2796420581655481,0.03125,0.1620025584395491,0.0,7.431846630874905E-61,0.03904494382022472,5,5
1770321809227,0.787525473747967,0.45175395145262565,0.16629167523604566,0.33270369045289866,0.0,0.0,1,0.06746537136179535,0.0,0.03125,0.1618866422642664,0.0,5.9454773046999246E-61,0.03903946074989473,5,5
1770321809685,0.7902082078720283,0.14285714285714288,1.0,0.3231105039950045,0.0,0.0,1,0.06710573285306741,0.5458515283842794,0.03125,0.1621171358903398,0.0,4.75638184375994E-61,0.03903397921932039,3,5
1770321810161,0.7881330203756343,0.36421567954234174,0.23257046761414862,0.32434466671954426,0.0,0.0,1,0.06815112649944444,0.0,0.03125,0.1622303704997511,0.0,3.8051054750079526E-61,0.03902849922785345,5,5
1770321810618,0.7917025361257612,0.31943828249996997,0.0,0.32655102117741347,0.0,0.0,1,0.06830168661675232,0.0,0.03125,0.1622303704997511,0.0,3.0440843800063622E-61,0.03902302077484554,5,5
1770321811086,0.7912183793666724,0.5150787536377127,0.16296445974977847,0.32810274582870824,0.0,0.0,1,0.07336243460116001,0.0,0.03125,0.1621171358903398,0.0,2.43526750400509E-61,0.03901754385964917,5,5
1770321811548,0.7912183793666724,0.7354021529276429,0.24386989835548664,0.32933947274690306,0.0,0.0,1,0.07255737556211896,0.0,0.03125,0.1622303704997511,0.0,1.948214003204072E-61,0.039012068481616646,5,5
1770321812017,0.7923100827534285,0.6388765649999399,1.0,0.32632225031337697,0.0,0.0,1,0.07083560649960853,0.26652452025586354,0.03125,0.16245279494396564,0.0,1.5585712025632578E-61,0.03900659464010103,5,5
1770321812470,0.7923100827534285,0.31943828249996997,0.16482577944383073,0.3278696846161705,0.0,0.0,1,0.06933758725206518,0.0,0.03125,0.16234225819424777,0.0,1.2468569620506063E-61,0.03900112233445563,5,5
1770321812945,0.7917025361257612,0.8689660757568886,0.24419331615118417,0.3291102745330678,0.0,0.0,1,0.06930837850911228,0.0,0.03125,0.16245279494396564,0.0,9.974855696404852E-62,0.03899565156403417,5,5
1770321813408,0.7927942395125172,0.5439837932759934,0.16935434290141932,0.33066166705371836,0.0,0.0,1,0.07022024634088746,0.0,0.03125,0.16234225819424777,0.0,7.979884557123882E-62,0.03899018232819074,5,5
1770321813868,0.7938859428992731,0.10101525445522107,0.17135721434962994,0.3322171998741035,0.0,0.0,1,0.06887605020893604,0.0,0.03125,0.16223037049975111,0.0,6.383907645699106E-62,0.038984714626279615,5,5
1770321814322,0.7878698754418785,0.614451804788759,1.0,0.32819091109004606,0.0,0.0,1,0.06797628444387349,0.2753303964757709,0.03125,0.16256197676302775,0.0,5.107126116559285E-62,0.03897924845765566,5,5
1770321814819,0.7846163086499855,0.931314629314664,0.16967822270744665,0.3297390230644536,0.0,0.0,1,0.06678293169458084,0.0,0.03125,0.16245279494396564,0.0,4.085700893247428E-62,0.038973783821673935,5,5
1770321815291,0.7906323761073801,0.7693092581620721,1.0,0.3222385000466932,0.0,0.0,1,0.06748022256701239,0.5296610169491526,0.03125,0.16298507657218375,0.0,3.268560714597943E-62,0.038968320717689964,3,5
1770321815763,0.7912399227350472,0.8144110179279557,0.0,0.3244374066009429,0.0,0.0,1,0.0698643253664172,0.0,0.03125,0.16298507657218375,0.0,2.6148485716783543E-62,0.03896285914505959,5,5
1770321816227,0.7966484435647747,0.6468132241526726,0.0,0.3266440865116517,0.0,0.0,1,0.07090255570904382,0.0,0.03125,0.16298507657218375,0.0,2.0918788573426836E-62,0.038957399103139,5,5
1770321816699,0.7993311776888363,0.22587697572631282,0.0,0.3288584690356752,0.0,0.0,1,0.07309458929495465,0.0,0.03125,0.16298507657218375,0.0,1.673503085874147E-62,0.03895194059128482,5,5
1770321817206,0.7993311776888363,0.7071067811865476,0.17464652246419593,0.3303995095295005,0.0,0.0,1,0.0736565963905342,0.0,0.03125,0.16288135344387286,0.0,1.3388024686993175E-62,0.038946483608854,5,5
1770321817696,0.7993311776888363,0.7889543583705186,1.0,0.3271154901140945,0.0,0.0,1,0.07200442267492742,0.25510204081632654,0.03125,0.16328798600504052,0.0,1.071041974959454E-62,0.03894102815520384,5,5
1770321818156,0.7966484435647749,0.7889543583705186,0.17440864634132072,0.3286481281775694,0.0,0.0,1,0.07067512165974668,0.0,0.03125,0.16318839654519227,0.0,8.568335799675633E-63,0.03893557422969185,5,5
1770321818641,0.7945080893728678,0.8689660757568886,1.0,0.31964305993816383,0.0,0.0,1,0.07485653687014739,0.5154639175257733,0.03125,0.16367245634512245,0.0,6.854668639740506E-63,0.03893012183167621,3,5
1770321819129,0.7966484435647749,0.7354021529276429,0.0,0.3218326653207907,0.0,0.0,1,0.07364742359593722,0.0,0.03125,0.16367245634512245,0.0,5.483734911792405E-63,0.03892467096051522,5,5
1770321819622,0.7992944637290008,0.7071067811865476,0.23355737364911883,0.3230955055353279,0.0,0.0,1,0.07437092813795991,0.0,0.03125,0.16376508452761573,0.0,4.386987929433924E-63,0.03891922161556771,5,5
1770321820103,0.7992944637290008,0.22587697572631282,0.23601290400254754,0.3243611707707427,0.0,0.0,1,0.07351121130181,0.0,0.03125,0.16385631010421156,0.0,3.5095903435471393E-63,0.03891377379619265,5,5
1770321820583,0.8032086563049955,0.0,0.23848241565189063,0.3256296477378318,0.0,0.0,1,0.07428841197373001,0.0,0.03125,0.16394612973633307,0.0,2.8076722748377117E-63,0.03904828551434569,5,5
1770321821036,0.8005626361407696,0.7889543583705186,1.0,0.31769686848812484,0.0,0.0,1,0.07286978279963875,0.5518763796909492,0.03125,0.16429128374650345,0.0,2.2461378198701694E-63,0.03904282115869018,3,5
1770321821498,0.8019872244278918,0.10101525445522107,0.0,0.31987941007285003,0.0,1.0,1,0.07115903351272995,0.0,0.03125,0.16429128374650345,0.0,1.7969102558961355E-63,0.03903735833216737,5,5
1770321821974,0.8019872244278918,0.614451804788759,0.17292271230250167,0.32137990850230763,0.0,0.0,1,0.07115239253777218,0.0,0.03125,0.1642071203069958,0.0,1.4375282047169085E-63,0.039031897034135454,5,5
1770321822438,0.8032453702648308,0.7693092581620721,0.0,0.3235757527807011,0.0,0.0,1,0.07023705789448219,0.0,0.03125,0.1642071203069958,0.0,1.1500225637735268E-63,0.03902643726395305,5,5
1770321822906,0.7986538910945583,0.7142857142857143,0.17851291516513443,0.325083511370347,0.0,0.0,1,0.06920206645251542,0.0,0.03125,0.16412153805488658,0.0,9.200180510188216E-64,0.03902097902097901,5,5
1770321823361,0.7986538910945583,0.40406101782088427,1.0,0.32150316212397506,0.0,0.0,1,0.0675134905897248,0.2747252747252747,0.03125,0.1642071203069958,0.0,7.360144408150573E-64,0.039015522304572836,5,5
1770321823833,0.8012999112587842,0.10101525445522107,0.1762365289788154,0.32300798885782955,0.0,0.0,1,0.06626118926961701,0.0,0.03125,0.16412153805488658,0.0,5.888115526520459E-64,0.03901006711409394,5,5
1770321824313,0.8043683343076904,0.4164965639175215,0.0,0.32520962606453896,0.0,0.0,1,0.06540652815211159,0.0,0.03125,0.16412153805488658,0.0,4.7104924212163676E-64,0.0390046134489026,5,5
1770321824766,0.809776855137418,0.10101525445522107,0.0,0.3274190119769009,0.0,0.0,1,0.06521142462157549,0.0,0.03125,0.16412153805488658,0.0,3.7683939369730944E-64,0.03899916130835901,5,5
1770321825252,0.807868110091207,0.7693092581620721,0.24838835992006655,0.3286953955951271,0.0,0.0,1,0.0657099281405582,0.0,0.03125,0.1642071203069958,0.0,3.0147151495784755E-64,0.03899371069182389,5,5
1770321825731,0.8064435218040847,0.614451804788759,1.0,0.3243692920981443,0.0,0.0,1,0.0670205938117259,0.2609603340292276,0.03125,0.1642071203069958,0.0,2.4117721196627804E-64,0.038988261598658425,5,5
1770321826188,0.8064435218040847,0.10101525445522107,0.0,0.326575731855639,0.0,0.0,1,0.06887442954589594,0.0,0.03125,0.1642071203069958,0.0,1.9294176957302244E-64,0.03898281402822412,5,5
1770321826660,0.8093113379804298,0.40406101782088427,0.24743135311783807,0.3278536142266884,0.0,0.0,1,0.06952803609395533,0.0,0.03125,0.16429128374650342,0.0,1.5435341565841795E-64,0.038977367979882604,5,5
1770321827123,0.8053971454044352,0.30304576336566325,0.24996265990442806,0.3291342945247291,0.0,0.0,1,0.07036625230619875,0.0,0.03125,0.16437402527921835,0.0,1.2348273252673437E-64,0.03897192345299627,5,5
1770321827574,0.8047895987767681,0.7354021529276429,0.19155019476269147,0.3306454316269213,0.0,0.0,1,0.06917742707523127,0.0,0.03125,0.16429128374650345,0.0,9.87861860213875E-65,0.03896648044692741,5,5
1770321828047,0.8060210572287014,0.30304576336566325,1.0,0.3269898510324613,0.0,0.0,1,0.06889976024636953,0.2642706131078224,0.03125,0.16437402527921835,0.0,7.902894881711E-65,0.038961038961038974,5,5
1770321828510,0.8071756529054687,0.7889543583705186,0.2487481595045583,0.3282720198326704,0.0,0.0,1,0.06897114162453223,0.0,0.03125,0.1644553418605913,0.0,6.3223159053688004E-65,0.03895559899469425,5,5
1770321828969,0.8131917203628635,0.14285714285714288,0.25128625196476956,0.32955699952972045,0.0,0.0,1,0.06869113516242528,0.0,0.03125,0.1645352304959614,0.0,5.057852724295041E-65,0.03895016054725675,5,5
1770321829224,0.7964865743856896,0.4328490999655627,1.0,0.32480101268878786,0.0,0.09090909090909094,1,0.07333435336782186,0.0,0.03125,0.1648404474437612,0.0,4.046282179436033E-65,0.03889043769166434,5,5
1770321829481,0.7759825779181945,0.5329253516496666,1.0,0.3200426821462869,0.0,0.0,1,0.06275598907512765,0.0,0.03125,0.16461368824079836,0.0,3.2370257435488267E-65,0.03910925539318022,5,5
1770321829736,0.7692507445560149,0.43192454292529875,1.0,0.3074957114277346,0.0,0.0,0,0.06916545861724385,0.9803921568627451,0.03125,0.16505422749080845,0.0,2.5896205948390617E-65,0.0393274041133963,4,5
1770321829991,0.7728955152671876,0.6068797828968371,1.0,0.3038782482425855,0.0,0.09090909090909094,1,0.06799576426775306,0.0,0.03125,0.1647662995328361,0.0,2.0716964758712494E-65,0.03926737893714449,5,5
1770321830247,0.7774272810456789,0.5631838549396344,1.0,0.29319063396666944,0.0,0.0,0,0.07498858541881742,0.9765625,0.03125,0.1648404474437612,0.0,1.6573571806969996E-65,0.039207536713771085,4,5
1770321830502,0.7767666552615772,0.35978656155300537,0.7055211246362757,0.2921647070649955,0.0,0.0,0,0.06581554217787197,0.0,0.03125,0.1649844140873643,0.0,1.3258857445575998E-65,0.03928620832756946,5,5
1770321830757,0.7662144621958463,0.5950314965890067,1.0,0.2873012530905415,0.0,0.09090909090909094,1,0.06820188208333475,0.0,0.03125,0.16531895522338072,0.0,1.06070859564608E-65,0.0392265193370166,5,5
1770321831013,0.7722205030784115,0.5896232902204842,1.0,0.2790026244180975,0.0,0.0,0,0.07072240218064799,0.9765625,0.03125,0.16567220616908976,0.0,8.48566876516864E-66,0.03916701144669699,4,5
1770321831269,0.7644016354464217,0.46021544470342013,1.0,0.276093116407352,0.0,0.0,1,0.06397061239489764,0.0,0.03125,0.16572593793542,0.0,6.788535012134912E-66,0.039245386945744976,5,5
1770321831523,0.7639826453828459,0.6087097459949941,1.0,0.26687990197052747,0.0,0.0,0,0.0673966790420574,0.984251968503937,0.03125,0.16601728574738114,0.0,5.43082800970793E-66,0.039186030523855386,4,5
1770321831779,0.7796149859583328,0.3693425319097886,0.9650936995138436,0.26414000533795745,0.0,0.0,0,0.06673440970906527,0.0,0.03125,0.16606065297531172,0.0,4.344662407766344E-66,0.03912685337726529,5,5
1770321832034,0.7964773319976459,0.4586975540585477,1.0,0.2601331723427262,0.0,0.0,1,0.06255838438341128,0.0,0.03125,0.16610253262119656,0.0,3.4757299262130755E-66,0.03906785469499652,5,5
1770321832290,0.7970510684317517,0.418322698515974,0.9236903087261431,0.2574829440551611,0.0,0.0,0,0.060865214213286174,0.0,0.03125,0.16614292311605394,0.0,2.7805839409704603E-66,0.03900903367095543,5,5
1770321832545,0.7783838026383554,0.3779020246682834,0.9381068352739727,0.2547189731497279,0.0,0.0,1,0.06154812427476668,0.0,0.03125,0.16632248727824908,0.0,2.2244671527763683E-66,0.03922372557058906,5,5
1770321832801,0.7752284285487506,0.5219589167067057,0.7621187367185714,0.25281101880052,0.0,0.0,1,0.06912304263054529,0.0,0.03125,0.16632248727824908,0.0,1.7795737222210948E-66,0.0393013100436681,5,5
1770321833056,0.7962386000433948,0.5501759315053453,0.7407341987132133,0.25099236369037026,0.0,0.09090909090909094,0,0.06527497404247615,0.0,0.03125,0.1662551448327005,0.0,1.423658977776876E-66,0.03937866194304396,5,5
1770321833311,0.7871908234969293,0.5503187702645558,1.0,0.23985345478309528,0.0,0.0,1,0.06368287161536273,0.9803921568627451,0.03125,0.1663539130154877,0.0,1.1389271822215008E-66,0.03931972789115645,3,5
1770321833567,0.8020640872030579,0.5327091762365569,0.6880705711560471,0.2380919779144573,0.0,0.0,1,0.06555158084317027,0.0,0.03125,0.1663539130154877,0.0,9.111417457772007E-67,0.03926096997690531,5,5
1770321833823,0.8172605634635398,0.38695951438215254,1.0,0.23449821895354778,0.0,0.09090909090909094,1,0.06365841107701493,0.0,0.03125,0.1664391942880946,0.0,7.289133966217606E-67,0.03947368421052633,5,5
1770321834078,0.8437177350984185,0.4374450848592607,0.5418699852185453,0.23345396114055025,0.0,0.09090909090909094,1,0.06548374886801596,0.0,0.03125,0.1663539130154877,0.0,5.831307172974085E-67,0.03941487200325067,5,5
1770321834334,0.8471208083983625,0.506609251049441,0.7671744460294719,0.2312056343680264,0.0,0.0,0,0.06714934426266303,0.0,0.03125,0.16632248727824905,0.0,4.6650457383792687E-67,0.03935623478496075,5,5
1770321834589,0.8464702091890908,0.6293291955552496,0.44063336889255783,0.23067811324396661,0.0,0.18181818181818177,1,0.06413051734818809,0.0,0.03125,0.16632248727824905,0.0,3.732036590703415E-67,0.03929777177582716,5,5
1770321834844,0.8509965216638502,0.5218855393786536,0.441212827207596,0.23015300701140645,0.0,0.0,1,0.06776757189832103,0.0,0.03125,0.16632248727824905,0.0,2.9856292725627325E-67,0.03923948220064721,5,5
1770321835100,0.8470125891212448,0.4427283848572393,0.8715450606065712,0.22734494436912542,0.0,0.0,0,0.0649695664160503,0.0,0.03125,0.16632248727824905,0.0,2.3885034180501863E-67,0.03918136528881111,5,5
1770321835355,0.8606205841818789,0.548840630261613,1.0,0.2233486313555262,0.0,0.0,1,0.06390968898329881,0.49019607843137253,0.03125,0.1664391942880946,0.0,1.9108027344401492E-67,0.039123420274267295,5,5
1770321835611,0.8619754325023904,0.6062507294274277,0.5118542475168266,0.22237870807983554,0.0,0.0,0,0.0623715723710979,0.0,0.03125,0.1663539130154877,0.0,1.5286421875521193E-67,0.03906564639548937,5,5
1770321835866,0.851018635777758,0.5684564627503058,0.42169475953645985,0.22189086781079684,0.0,0.09090909090909094,1,0.06254424552663025,0.0,0.03125,0.1663539130154877,0.0,1.2229137500416955E-67,0.03900804289544235,5,5
1770321836122,0.8551423233855406,0.5115560815860848,1.0,0.21420304766888332,0.0,0.0,0,0.06359200123154893,0.9765625,0.03125,0.16648854131000368,0.0,9.783310000333564E-68,0.03895060902155001,4,5
1770321836377,0.838959813477963,0.40214481231149934,0.7870755126026415,0.21162292985728529,0.0,0.09090909090909094,0,0.06401973841750233,0.0,0.03125,0.16648854131000368,0.0,7.826648000266852E-68,0.039160652232023474,5,5
1770321836632,0.815920885734489,0.5501545400805269,1.0,0.20384650863070058,0.0,0.0,1,0.0663196221092321,0.9803921568627451,0.03125,0.16656918527180886,0.0,6.261318400213482E-68,0.039236620846123005,4,5
1770321836888,0.8271279312069179,0.48543038511119824,0.4633252891294428,0.2029149294321595,0.0,0.0,0,0.06502426079722687,0.0,0.03125,0.16658558132002815,0.0,5.009054720170786E-68,0.03917910447761197,5,5
1770321837143,0.8294393011201058,0.513186361757026,0.5503967849384532,0.20149861150365747,0.0,0.0,1,0.06792124334609982,0.0,0.03125,0.16658558132002815,0.0,4.007243776136629E-68,0.03912175648702598,5,5
1770321837398,0.8053075657294181,0.4998273189613712,0.8219759657121108,0.19855019577133007,0.0,0.09090909090909094,1,0.06654124388021573,0.0,0.03125,0.16664494174993638,0.0,3.205795020909303E-68,0.03919744884400744,5,5
1770321837653,0.8115331282186008,0.4776023158966019,0.5341078229372201,0.1971886206140962,0.0,0.0,0,0.06116726314220116,0.0,0.03125,0.16662572349937993,0.0,2.5646360167274426E-68,0.03914024147538808,5,5
1770321837910,0.8287735313193734,0.45129478553617297,0.5257956617610309,0.19586938455952982,0.0,0.09090909090909094,1,0.05973756567962359,0.0,0.03125,0.16656918527180886,0.0,2.051708813381954E-68,0.03908320084790673,5,5
1770321838165,0.8307404995386497,0.4699052537903501,0.5422044813083119,0.19445467640545672,0.0,0.0,1,0.06578107039617034,0.0,0.03125,0.1666449417499364,0.0,1.6413670507055633E-68,0.03902632623362878,5,5
1770321838420,0.8413480461663168,0.514976945658845,0.5253451886821614,0.1931290419015764,0.0,0.0,1,0.0631877400480582,0.0,0.03125,0.16662572349937993,0.0,1.3130936405644507E-68,0.0389696169088507,5,5
1770321838676,0.8404971943133004,0.4416942548972664,0.9525973161836793,0.18939478984228533,0.0,0.0,1,0.06402107527074026,0.48828125,0.03125,0.16665228674321012,0.0,1.0504749124515607E-68,0.03891307215406936,5,5
1770321838931,0.8489598134779628,0.5068446401434202,0.5959513070054039,0.18762359782741292,0.0,0.0,0,0.06220307588243647,0.0,0.03125,0.1666581219271722,0.0,8.403799299612486E-69,0.038856691253951525,5,5
1770321839186,0.8461303807662768,0.3509787545488426,0.6719442511845711,0.18541232225877036,0.0,0.0,1,0.06133661360120841,0.0,0.03125,0.16665812192717222,0.0,6.723039439689989E-69,0.038800473497303645,5,5
1770321839442,0.8310780535559621,0.5266606786779995,0.5825080557821108,0.18368677202217906,0.0,0.0,1,0.060107529224800144,0.0,0.03125,0.16666244708193137,0.0,5.378431551751991E-69,0.03874441817704233,5,5
1770321839697,0.8574967458803335,0.4575278643180098,0.49632015945622593,0.1824363784131761,0.0,0.0,0,0.06360200509368312,0.0,0.03125,0.16666656670876437,0.0,4.302745241401593E-69,0.03868852459016392,5,5
1770321839953,0.8570125891212448,0.3934996716325045,0.4112166556536816,0.181660093581936,0.0,0.0,1,0.06589357208048055,0.0,0.03125,0.16665812192717222,0.0,3.4421961931212744E-69,0.03863279203771608,5,5
1770321840208,0.8556531675296355,0.4053576725678614,0.4942355529058514,0.18042404203295803,0.0,0.0,0,0.07099893456239882,0.0,0.03125,0.1666663610255807,0.0,2.75375695449702E-69,0.03870799006146197,5,5
1770321840464,0.8749374016248503,0.456712582186827,0.4896925165298455,0.17921086005310347,0.0,0.0,1,0.06387503419350803,0.0,0.03125,0.16665812192717222,0.0,2.203005563597616E-69,0.03878297205536696,5,5
1770321840719,0.8824165366798745,0.46122920991887884,0.8840816706943369,0.175782938743806,0.0,0.0,1,0.06494264441968425,0.49019607843137253,0.03125,0.16666656670876434,0.0,1.7624044508780929E-69,0.038727343851871154,5,5
1770321840975,0.8811583908429353,0.4196404880605497,0.3189183731123441,0.17548190420854343,0.0,0.09090909090909094,0,0.06249599201173918,0.0,0.03125,0.16666244708193137,0.0,1.4099235607024744E-69,0.03867187500000002,5,5
1770321841230,0.8718089900522075,0.5743028206703951,0.40006186389633797,0.17473914344659902,0.0,0.09090909090909094,1,0.06963383693122671,0.0,0.03125,0.16666526204449125,0.0,1.1279388485619796E-69,0.03861656481601872,5,5
1770321841485,0.8583137875397887,0.49634912131526904,0.5545276997584021,0.17314366635229256,0.0,0.09090909090909094,0,0.0642507512434405,0.0,0.03125,0.16665228674321012,0.0,9.023510788495837E-70,0.038691249026227004,5,5
1770321841740,0.8561303807662768,0.43702147529485647,0.6299067021558138,0.17112031468302033,0.0,0.0,1,0.06392194142692557,0.0,0.03125,0.16666244708193137,0.0,7.21880863079667E-70,0.03876572021262803,5,5
1770321841996,0.8453133391068217,0.48227241651524727,1.0,0.16619538046895296,0.0,0.09090909090909094,1,0.0628557507281206,0.9765625,0.03125,0.16666141870477144,0.0,5.7750469046373364E-70,0.03883997928534433,3,5
1770321842251,0.8259639383160938,0.491159309064923,0.4498397315377904,0.16509555834144657,0.0,0.0,0,0.060869517908841896,0.0,0.03125,0.16666141870477144,0.0,4.6200375237098694E-70,0.03891402714932124,4,5
1770321842506,0.8310932241474226,0.4398190796845176,0.6668299413026887,0.1627776136692801,0.0,0.09090909090909094,1,0.061999796749024325,0.0,0.03125,0.16666244708193137,0.0,3.696030018967896E-70,0.038858765814614005,5,5
1770321842762,0.8269859017362391,0.48392952546797807,0.29620898852047467,0.1625143911435822,0.0,0.0,1,0.06287575189889597,0.0,0.03125,0.16666656670876437,0.0,2.956824015174317E-70,0.03893257702720121,5,5
1770321843018,0.816168860076784,0.6060136962343565,0.6589864814527835,0.16023831622482257,0.0,0.0,1,0.06184835065657495,0.0,0.03125,0.16666526204449125,0.0,2.3654592121394536E-70,0.03900617919670446,5,5
1770321843273,0.8124211099509725,0.47691182374726454,0.3646414132427186,0.15958530075965535,0.0,0.09090909090909094,1,0.06231604960856222,0.0,0.03125,0.1666665667087644,0.0,1.892367369711563E-70,0.03895102198225997,5,5
1770321843528,0.7899909234403042,0.514769235088497,0.5075588875031105,0.15814427039355955,0.0,0.0,0,0.06283640684848804,0.0,0.03125,0.16666526204449125,0.0,1.5138938957692505E-70,0.038896020539152754,5,5
1770321843784,0.8142018918575075,0.41537201032987775,0.5697801976828162,0.15635163996854237,0.0,0.0,1,0.06102902859472197,0.0,0.03125,0.16662572349937993,0.0,1.2111151166154005E-70,0.0388411742084348,5,5
1770321844039,0.8044962974473666,0.5199026470443946,0.708564084156691,0.1537728196298587,0.0,0.09090909090909094,1,0.06941118174695862,0.49019607843137253,0.03125,0.16664494174993638,0.0,9.688920932923205E-71,0.03891449052739371,5,5
1770321844295,0.8273303034301506,0.38270183098498906,0.48225946962234356,0.1524298066990375,0.0,0.0,0,0.06307964419250184,0.0,0.03125,0.16658558132002815,0.0,7.751136746338565E-71,0.038859772465805964,5,5
1770321844550,0.8441972227405613,0.41041451463065853,0.47476116837955457,0.15112421229134917,0.0,0.18181818181818177,1,0.06087858162424648,0.0,0.03125,0.16648854131000368,0.0,6.200909397070852E-71,0.03893285677814651,5,5
1770321844805,0.8485187093004788,0.50788904809923,0.41966901409016366,0.15011956547196692,0.0,0.09090909090909094,0,0.06255471713015176,0.0,0.03125,0.16653187381189297,0.0,4.960727517656682E-71,0.0388782664117272,5,5
1770321845062,0.8491064162197394,0.5062090184981608,1.0,0.14508837875262182,0.0,0.0,1,0.0612361147540767,0.9727626459143969,0.03125,0.16655128254443385,0.0,3.9685820141253454E-71,0.038823828920570236,4,5
1770321845316,0.8611047409409678,0.4928413185540527,0.260363209365588,0.1449061072341945,0.0,0.0,1,0.06466834272309148,0.0,0.03125,0.16651095980473443,0.0,3.1748656113002765E-71,0.03876954366340413,5,5
1770321845571,0.8600130375542118,0.41387256058500843,0.5775540961422175,0.14297623029435322,0.0,0.0,0,0.06935251131254974,0.0,0.03125,0.16638384016985877,0.0,2.5398924890402213E-71,0.03871541000253875,5,5
1770321845827,0.8322279801157835,0.5121028251670093,1.0,0.13749880315303611,0.0,0.0,1,0.06432212984427649,0.9765625,0.03125,0.16641226761687827,0.0,2.031913991232177E-71,0.03866142730384081,4,5
1770321846083,0.8530404485041407,0.58224222249839,0.43584978787418394,0.13627104004071047,0.0,0.0,0,0.06577168473107838,0.0,0.03125,0.1664391942880946,0.0,1.6255311929857418E-71,0.038607594936708844,5,5
1770321846339,0.8621436403032452,0.523188461918854,0.3643011280176187,0.13544067653572558,0.0,0.0,1,0.06553867471221062,0.0,0.03125,0.1663838401698588,0.0,1.3004249543885935E-71,0.03855391227404881,5,5
1770321846593,0.8531271244128834,0.4873580633374268,0.36918569619631814,0.1345854949718091,0.0,0.0,1,0.07286821228081838,0.0,0.03125,0.1663838401698588,0.0,1.0403399635108748E-71,0.038500378692249426,5,5
1770321846848,0.8462940152960337,0.5901642580660812,0.48873729969761315,0.13306905507754022,0.0,0.18181818181818177,0,0.06648583620062473,0.0,0.03125,0.1663838401698588,0.0,8.322719708086999E-72,0.03844699357115844,5,5
1770321847104,0.8345824026105763,0.41850047842681426,0.9635633495945791,0.1288839171291248,0.0,0.09090909090909094,0,0.06316868954808666,0.9765625,0.03125,0.16653187381189297,0.0,6.658175766469599E-72,0.038519637462235634,4,5
1770321847360,0.8099863501692061,0.6083940042927986,0.5202223898269052,0.1271313648689114,0.0,0.0,1,0.059533128192208976,0.0,0.03125,0.16651095980473446,0.0,5.32654061317568E-72,0.038466373350094285,5,5
1770321847615,0.8175397984619386,0.5764408733416544,0.4008789498475668,0.12603498186884188,0.0,0.0,1,0.07009024589215061,0.0,0.03125,0.16648854131000368,0.0,4.261232490540544E-72,0.03841325633944259,5,5
1770321847870,0.8217455887073661,0.5440145375893971,0.4067407412275231,0.12490518472350272,0.0,0.0,1,0.07230383487950266,0.0,0.03125,0.16655128254443385,0.0,3.4089859924324355E-72,0.03848564623291961,5,5
1770321848126,0.8346813794996505,0.5705209200941626,0.34245988400485655,0.124129519817272,0.0,0.0,0,0.06903558169381145,0.0,0.03125,0.16655128254443388,0.0,2.727188793945949E-72,0.038432648973460215,5,5
1770321848382,0.8433463708875453,0.4786922066149453,0.27969768557021824,0.12370106012506688,0.0,0.0,1,0.062995478376867,0.0,0.03125,0.16648854131000368,0.0,2.181751035156759E-72,0.03837979747468434,5,5
1770321848637,0.8250725834189302,0.4877329412137871,0.8996534104330259,0.11985502644107827,0.0,0.09090909090909094,0,0.0812627144694022,0.9803921568627451,0.03125,0.16656918527180886,0.0,1.7454008281254074E-72,0.038451935081148525,4,5
1770321848892,0.8129483192916661,0.4956625144298672,0.2702521411697106,0.11944416347984867,0.0,0.09090909090909094,0,0.08919085748910087,0.0,0.03125,0.16651095980473446,0.0,1.396320662500326E-72,0.038523874828575,5,5
1770321849148,0.8181743076065676,0.5780826716351833,0.8615393170442496,0.11577406349389283,0.0,0.09090909090909094,1,0.06826164580313551,0.9765625,0.03125,0.16651095980473446,0.0,1.1170565300002608E-72,0.038471115537848655,4,5
1770321849403,0.8295288807951232,0.4881891412787711,0.42933687552532857,0.11445536695441921,0.0,0.09090909090909094,0,0.0740690814004369,0.0,0.03125,0.16658558132002818,0.0,8.936452240002086E-73,0.038418500559492696,5,5
1770321849659,0.8345778293394785,0.5650932987470351,0.37112074506088305,0.1134530576272439,0.0,0.0,1,0.06848818788852977,0.0,0.03125,0.16662572349937993,0.0,7.149161792001669E-73,0.038366029302210114,5,5
1770321849914,0.8475934483639062,0.43765366672798584,0.21217540827809764,0.11331829284936312,0.0,0.18181818181818177,1,0.0681804349813918,0.0,0.03125,0.1666449417499364,0.0,5.719329433601336E-73,0.038313701177929316,5,5
1770321850170,0.8423513699843619,0.4119491179370803,0.36533160613241655,0.11236046085863478,0.0,0.09090909090909094,0,0.061522414970957125,0.0,0.03125,0.1666138509661658,0.0,4.575463546881069E-73,0.03838533927686971,5,5
1770321850425,0.8516496704105797,0.535746794339903,0.2141151581794215,0.11221925756087338,0.0,0.0,1,0.06442256467658827,0.0,0.03125,0.16665228674321012,0.0,3.6603708375048554E-73,0.038333127241251375,5,5
1770321850680,0.8500515168647189,0.476397303926412,0.36893433185581576,0.11125485682040806,0.0,0.0,0,0.061889846087240526,0.0,0.03125,0.16665812192717222,0.0,2.9282966700038845E-73,0.038281057051123724,5,5
1770321850936,0.8572872508485458,0.6253215823932875,0.41699724794660015,0.11003269975147238,0.0,0.0,1,0.06714151193641234,0.0,0.03125,0.1666449417499364,0.0,2.3426373360031076E-73,0.038229128129239065,5,5
1770321851191,0.8632766309209345,0.6275784317636878,0.46614810687253033,0.1085439185831758,0.0,0.0,1,0.06535643569273109,0.49019607843137253,0.03125,0.16665228674321012,0.0,1.8741098688024863E-73,0.03817733990147787,5,5
1770321851446,0.8666099642542676,0.6460001787757547,0.5101161752528112,0.1068123719551986,0.0,0.09090909090909094,0,0.06606415579202625,0.0,0.03125,0.16665228674321012,0.0,1.4992878950419892E-73,0.03812569179682701,5,5
1770321851702,0.8716425476020243,0.4491860932475743,0.4050160185167913,0.10563160582975244,0.0,0.0,1,0.06394625351136742,0.0,0.03125,0.16666656670876437,0.0,1.1994303160335914E-73,0.03807418324735934,5,5
1770321851957,0.8869113133665744,0.390681144866677,0.30065084434343714,0.1050019700938976,0.0,0.0,1,0.06789595211445026,0.0,0.03125,0.16665228674321012,0.0,9.595442528268733E-74,0.03802281368821292,5,5
1770321852214,0.8654215583839393,0.45831849522568746,0.3504581259985735,0.10411274418496,0.0,0.0,1,0.06356891963061428,0.0,0.03125,0.1666449417499364,0.0,7.676354022614986E-74,0.03797158255756983,5,5
1770321852468,0.8616856001836289,0.47070018811613623,0.4960204478781286,0.10245635329940037,0.0,0.0,1,0.06275928009620702,0.0,0.03125,0.1666449417499364,0.0,6.14108321809199E-74,0.03792048929663605,5,5
1770321852724,0.8617438233566943,0.586024221686665,0.38920975160415244,0.10135284743337765,0.0,0.0,0,0.06713184134631604,0.0,0.03125,0.1666004700717167,0.0,4.912866574473592E-74,0.03786953334962129,5,5
1770321852978,0.8700712607272773,0.46781349363571845,0.2440957049475312,0.10100583454486652,0.0,0.0,1,0.06804768568788756,0.0,0.03125,0.16658558132002815,0.0,3.930293259578874E-74,0.0378187141637184,5,5
1770321853235,0.8870510684317517,0.5225670358044796,0.394990485720298,0.09987995314159206,0.0,0.0,1,0.06499337918370132,0.48638132295719844,0.03125,0.16663608722411916,0.0,3.144234607663099E-74,0.037768031189083784,5,5
1770321853490,0.879083203346541,0.3510050400986019,0.3408492153768709,0.09903246704553473,0.0,0.09090909090909094,0,0.06360331913864517,0.0,0.03125,0.1666449417499364,0.0,2.5153876861304793E-74,0.03808249178732204,5,5
1770321853745,0.8642601150305729,0.3798096093860918,0.851285363905199,0.09552372523423043,0.0,0.18181818181818177,0,0.06263503364060717,0.9803921568627451,0.03125,0.1666581219271722,0.0,2.0123101489043835E-74,0.038153098420413145,4,5
1770321854001,0.8755182608675118,0.29927592563669214,0.14108567845750497,0.09567086763043467,0.0,0.0,0,0.07088724514222847,0.0,0.03125,0.16666656670876437,0.0,1.6098481191235068E-74,0.0381021720664968,5,5
1770321854256,0.8808685585241738,0.5781324403800873,0.23531186153996902,0.09534288855114596,0.0,0.0,1,0.07226371228104346,0.0,0.03125,0.1666663610255807,0.0,1.2878784952988055E-74,0.0380513814832768,5,5
1770321854512,0.8781427718185076,0.5150144368501361,0.42101633863511445,0.09407003825179168,0.0,0.09090909090909094,1,0.06462468011318893,0.0,0.03125,0.16666464500269212,0.0,1.0303027962390446E-74,0.03812174754931619,5,5
1770321854767,0.8943252817260855,0.44329398187621305,0.23362830599897946,0.0937482941237294,0.0,0.0,0,0.062077198795914584,0.0,0.03125,0.1666663610255807,0.0,8.242422369912357E-75,0.03807106598984766,5,5
1770321855022,0.8963037667389075,0.4992368400873847,0.2338896361801013,0.09343013553833933,0.0,0.0,1,0.06060608172161094,0.0,0.03125,0.16666244708193137,0.0,6.593937895929886E-75,0.03802051901025949,5,5
1770321855277,0.8825293292280901,0.5226280569738447,0.3260776766583891,0.09265344918938186,0.0,0.0,0,0.060996517121293344,0.0,0.03125,0.1666449417499364,0.0,5.275150316743909E-75,0.037970106075217,5,5
1770321855533,0.8843252817260858,0.5773705387618416,0.2333209592601247,0.09234190978774105,0.0,0.09090909090909094,1,0.06449496292870513,0.0,0.03125,0.16663608722411916,0.0,4.2201202533951273E-75,0.037919826652221045,5,5
1770321855788,0.8866366516392739,0.49389715679596924,0.42048171986376526,0.09110282884928492,0.0,0.0,1,0.06864537048026484,0.49019607843137253,0.03125,0.1666581219271722,0.0,3.376096202716102E-75,0.03786968021158932,5,5
1770321856044,0.8926527190966682,0.41256019718346176,0.2786341513077705,0.0905643998084676,0.0,0.0,0,0.06666176181809408,0.0,0.03125,0.16666636102558072,0.0,2.7008769621728817E-75,0.03781966622643773,5,5
1770321856299,0.8831368758557573,0.40378526423325195,0.3688259951832987,0.08958336581070481,0.0,0.09090909090909094,1,0.06287340982309833,0.0,0.03125,0.16666526204449125,0.0,2.1607015697383056E-75,0.03788968824940053,5,5
1770321856554,0.8791959958947568,0.4938487941424296,0.4112580042459102,0.08839131976228774,0.0,0.0,1,0.061642068950362866,0.0,0.03125,0.16666656670876437,0.0,1.7285612557906446E-75,0.03783977966710572,5,5
1770321856811,0.880454141731696,0.4827343880352405,0.36228192138409304,0.08743600383762418,0.0,0.0,1,0.06719292250284657,0.0,0.03125,0.16666464500269212,0.0,1.3828490046325158E-75,0.03790959100693614,5,5
1770321857066,0.8653785058023346,0.48694341235555516,0.3145178231543347,0.08671311323937077,0.0,0.0,1,0.0667543485790304,0.0,0.03125,0.16665043582709352,0.0,1.1062792037060127E-75,0.03785978741191931,5,5
1770321857321,0.8737177350984183,0.4175761310906781,0.1338457116723245,0.08686743001521363,0.0,0.0,0,0.07068870384519535,0.0,0.03125,0.1666226393366308,0.0,8.850233629648102E-76,0.03781011450381677,5,5
1770321857577,0.8647663859035692,0.4921927124417276,0.18267291797806814,0.08679422142768502,0.0,0.09090909090909094,1,0.06252490729866346,0.0,0.03125,0.1666226393366308,0.0,7.080186903718482E-76,0.03776057176891001,5,5
1770321857833,0.8600515168647188,0.3685741573745381,0.4494632104069874,0.0854485838070739,0.0,0.0,1,0.06424858825507189,0.48828125,0.03125,0.16656445847885765,0.0,5.664149522974786E-76,0.03771115869616937,5,5
1770321858088,0.859126255928146,0.4273932204271899,0.31661385863893254,0.08473287013380745,0.0,0.2727272727272727,0,0.06242948741348233,0.0,0.03125,0.16658126495626246,0.0,4.531319618379829E-76,0.03766187477723659,5,5
1770321858342,0.8696371000722405,0.4589431835736253,0.3621273654196068,0.08380129010596794,0.0,0.0,1,0.05972395619646842,0.0,0.03125,0.1666334140480267,0.0,3.625055694703864E-76,0.03761271950640721,5,5
1770321858598,0.8915458451184515,0.3660586783377471,0.18145146633705597,0.08372348604327715,0.0,0.0,0,0.06443401258484581,0.0,0.03125,0.16666141870477147,0.0,2.900044555763091E-76,0.037563692380613856,5,5
1770321858854,0.9176853024444245,0.47046627024492077,0.2255683332896823,0.08344454339425533,0.0,0.0,1,0.0618891806815653,0.0,0.03125,0.16666656670876437,0.0,2.3200356446104727E-76,0.03751479289940829,5,5
1770321859109,0.9139539175152124,0.43453461032187246,0.27034495735278724,0.08296119373027616,0.0,0.0,1,0.06602728899477076,0.0,0.03125,0.16666464500269212,0.0,1.8560285156883782E-76,0.03746602056494508,5,5
1770321859364,0.9124862766464851,0.5151590089065547,0.22596146325978736,0.08268659818491925,0.0,0.0,0,0.06487209179720074,0.0,0.03125,0.1666663610255807,0.0,1.4848228125507026E-76,0.03741737488196417,5,5
1770321859620,0.9095940474906359,0.6299600455934554,0.1363822873616937,0.08282811165922291,0.0,0.0,1,0.06629054131563215,0.0,0.03125,0.16666464500269212,0.0,1.1878582500405622E-76,0.037368855357774344,5,5
1770321859875,0.9212281308095459,0.44209010010778205,0.49586458622870844,0.08132832042064383,0.0,0.0,0,0.0660613166770076,0.49019607843137253,0.03125,0.16665043582709352,0.0,9.502866000324498E-77,0.03743819166470452,5,5
1770321860131,0.9112711833911509,0.5488098536752203,0.2701056897234535,0.08085459379827815,0.0,0.18181818181818177,1,0.06650952943109602,0.0,0.03125,0.16666141870477144,0.0,7.602292800259599E-77,0.03738977072310401,5,5
1770321860387,0.9012711833911509,0.4377010825355329,0.22448031373283542,0.08059082380463474,0.0,0.0,1,0.06435433360028059,0.0,0.03125,0.16665668225340724,0.0,6.0818342402076795E-77,0.03734147487083139,5,5
1770321860642,0.8904541417316957,0.520511282935583,0.13626433161893364,0.08072828043545549,0.0,0.0,0,0.07996395198929677,0.0,0.03125,0.16666141870477147,0.0,4.865467392166144E-77,0.03729330362378325,5,5
1770321860897,0.8774967458803337,0.2933862569060026,0.22638554411250375,0.08046970643218557,0.0,0.0,1,0.06684550873597656,0.0,0.03125,0.16664267966121488,0.0,3.8923739137329154E-77,0.037479503396580016,5,5
1770321861153,0.8771208083983627,0.43578532885411364,0.36430883950325077,0.07960097484375746,0.0,0.0,1,0.06265806515630483,0.0,0.03125,0.16665668225340724,0.0,3.1138991309863325E-77,0.0374312785121067,5,5
1770321861408,0.8582440475731782,0.5888595943001452,0.22342837366639937,0.0793560024060222,0.0,0.0,1,0.07187175362974906,0.0,0.03125,0.166610355932946,0.0,2.491119304789066E-77,0.03738317757009346,5,5
1770321861663,0.8461955474617899,0.519397309604628,0.6624733437813569,0.07716746945082684,0.0,0.0,1,0.07503928446760817,0.9803921568627451,0.03125,0.1665263267098702,0.0,1.992895443831253E-77,0.03733520009333802,4,5
1770321861918,0.849087776617639,0.6387280662487613,0.2223025944676548,0.07691070114635921,0.0,0.0,0,0.0673298235105026,0.0,0.03125,0.16654614550026017,0.0,1.5943163550650025E-77,0.03728734560708458,5,5
1770321862175,0.8534430733711175,0.4649496993821416,0.3124968640716523,0.07626229835932485,0.0,0.0,1,0.06496496404539082,0.0,0.03125,0.1665965642996744,0.0,1.2754530840520022E-77,0.03723961363900852,5,5
1770321862429,0.8725293292280899,0.4567508709360183,0.34860095814472974,0.07545659106136444,0.0,0.09090909090909094,1,0.0645386430341773,0.0,0.03125,0.16656445847885765,0.0,1.0203624672416018E-77,0.037192003719200395,5,5
1770321862685,0.8737223083695161,0.36944340975623696,0.17808977107325127,0.07539153053151283,0.0,0.09090909090909094,0,0.06288558773037754,0.0,0.03125,0.1665965642996744,0.0,8.162899737932815E-78,0.037144515380150844,5,5
1770321862940,0.8899699849726068,0.48608751064588024,0.21955268118962118,0.07515297513255999,0.0,0.0,1,0.06067532504119319,0.0,0.03125,0.16658126495626246,0.0,6.530319790346252E-78,0.03709714815673548,5,5
1770321863196,0.8928622141284561,0.5461463601911118,0.26510953595418263,0.07472321658447537,0.0,0.0,0,0.061592763427952876,0.0,0.03125,0.16658126495626244,0.0,5.224255832277002E-78,0.03716568252865582,5,5
1770321863451,0.8793624383449397,0.4009654947338342,0.3540166064502212,0.07391608621511772,0.0,0.0,1,0.060756965336124805,0.0,0.03125,0.166610355932946,0.0,4.1794046658216015E-78,0.03711840888066609,5,5
1770321863706,0.8991959958947565,0.4271384908137943,0.47975877587103716,0.07256998078404264,0.0,0.09090909090909094,1,0.0652616072936576,0.49019607843137253,0.03125,0.1666426796612149,0.0,3.3435237326572816E-78,0.03707125534126343,5,5
1770321863962,0.9150456209019681,0.5390839998040153,0.17480160616095147,0.07251256015471233,0.0,0.0,0,0.06141092804985905,0.0,0.03125,0.16666464500269212,0.0,2.6748189861258253E-78,0.03702422145328721,5,5
1770321864218,0.8982707349581839,0.5460786110073257,0.21755409048112476,0.0722804054833319,0.0,0.0,1,0.06347124227359385,0.0,0.03125,0.16666526204449125,0.0,2.1398551889006604E-78,0.03697730676189381,5,5
1770321864472,0.9076586150594187,0.4439179819031056,0.303307325710931,0.07169322310820889,0.0,0.18181818181818177,0,0.06252735377816046,0.0,0.03125,0.16665228674321012,0.0,1.7118841511205283E-78,0.03704555913483665,5,5
1770321864728,0.8961955474617896,0.49700876324366866,0.17436568423706283,0.07164366389162743,0.0,0.09090909090909094,1,0.06382098523048513,0.0,0.03125,0.16665228674321012,0.0,1.3695073208964227E-78,0.03699873606802251,5,5
1770321864984,0.8733801810811063,0.5280051947770572,0.26102208765269064,0.0712412551571039,0.0,0.0,1,0.060774933606887085,0.0,0.03125,0.16663608722411916,0.0,1.0956058567171382E-78,0.03695203121413815,5,5
1770321865239,0.8674536932987289,0.60214636433993,0.21638647130040597,0.07102476781705239,0.0,0.0,0,0.06055746456488203,0.0,0.03125,0.1666004700717167,0.0,8.764846853737106E-79,0.03690544412607455,5,5
1770321865494,0.8674536932987287,0.4429445632396518,0.17116708509105202,0.07099639280824432,0.0,0.0,1,0.05964456965556622,0.0,0.03125,0.16653187381189297,0.0,7.011877482989685E-79,0.03685897435897434,5,5
1770321865750,0.8711047409409678,0.4700152452596026,0.6078295233434212,0.06919297747615244,0.0,0.0,1,0.06229999479138563,0.48828125,0.03125,0.16653187381189297,0.0,5.609501986391748E-79,0.03692694638161653,5,5
1770321866006,0.8624211099509723,0.4411456040785081,0.17265089652566287,0.06914687402859723,0.0,0.0,1,0.061972417341673636,0.0,0.03125,0.16653187381189297,0.0,4.487601589113399E-79,0.0369947476592829,5,5
1770321866261,0.8616425476020243,0.5817921964975139,0.1291314528244741,0.06928014191170245,0.0,0.0,1,0.06531115772349944,0.0,0.03125,0.16651095980473446,0.0,3.590081271290719E-79,0.036948340745809105,5,5
1770321866516,0.8683789542353019,0.47602183397399406,0.7366611908339487,0.066973030837754,0.0,0.0,0,0.06853936802502227,0.9803921568627451,0.03125,0.16666526204449125,0.0,2.872065017032575E-79,0.036902050113895246,4,5
1770321866772,0.8602610118965069,0.386065405793332,0.2934495902578209,0.0664312469595597,0.0,0.0,1,0.0646445575920048,0.0,0.03125,0.16665668225340724,0.0,2.2976520136260603E-79,0.03696962802866566,5,5
1770321867027,0.858475656718874,0.4966994670944725,0.6536565778107976,0.06443925140049582,0.0,0.0,1,0.06927438547581309,0.9803921568627451,0.03125,0.1665965642996744,0.0,1.8381216109008483E-79,0.03703703703703709,3,5
1770321867282,0.8511317034579298,0.4341755618903977,0.16096289686527976,0.06440797251804545,0.0,0.0,0,0.07125363856669492,0.0,0.03125,0.16656445847885765,0.0,1.4704972887206786E-79,0.03710427777147396,4,5
1770321867538,0.8402761824879675,0.4966261169556628,0.2844840214954037,0.06389115177454213,0.0,0.18181818181818177,1,0.06693033141096158,0.0,0.03125,0.16654614550026017,0.0,1.176397830976543E-79,0.037058023572076104,5,5
1770321867793,0.844840974273234,0.3914673826069109,0.288221469995219,0.06336069037014083,0.0,0.0,0,0.0678651279248414,0.0,0.03125,0.16659656429967437,0.0,9.411182647812345E-80,0.037125070741369504,5,5
1770321868049,0.8502761824879672,0.5241794308898293,0.32169515143831073,0.06269929079458254,0.0,0.0,1,0.06345621969824966,0.0,0.03125,0.16656445847885765,0.0,7.528946118249876E-80,0.03707890572009953,5,5
1770321868304,0.8590565159615351,0.36346378984404343,0.3256601766836374,0.06202191269202784,0.0,0.0,1,0.0635451425473582,0.0,0.03125,0.1666226393366308,0.0,6.023156894599901E-80,0.03725866546234613,5,5
1770321868559,0.8638841775486014,0.5267934427931557,0.5466101466267731,0.06047596636070512,0.0,0.0,0,0.06971927698375432,0.9803921568627451,0.03125,0.1665263267098702,0.0,4.818525515679921E-80,0.03721244925575107,4,5
1770321868815,0.8773839533321178,0.4126701044809442,0.2371963464717191,0.06012937573578548,0.0,0.09090909090909094,1,0.06869882909898825,0.0,0.03125,0.16656445847885765,0.0,3.854820412543937E-80,0.03716634756166237,5,5
1770321869070,0.8882707349581836,0.5285284316136332,0.2722177794580117,0.05964941862170295,0.0,0.0,0,0.06487188075565255,0.0,0.03125,0.16654614550026017,0.0,3.0838563300351497E-80,0.03712035995500562,5,5
1770321869326,0.9068030940894566,0.4024870013431613,0.12106754523475154,0.059752339725495936,0.0,0.09090909090909094,1,0.06824243502235841,0.0,0.03125,0.1665965642996744,0.0,2.46708506402812E-80,0.037074486012807495,5,5
1770321869582,0.8951423233855407,0.34172786303251595,0.23652639415231308,0.0594197466599002,0.0,0.09090909090909094,1,0.06515138963958084,0.0,0.03125,0.16659656429967437,0.0,1.973668051222496E-80,0.037253141831238734,5,5
1770321869837,0.879733802555813,0.3779547777004497,0.31422323706275795,0.058793927963218494,0.0,0.18181818181818177,0,0.06013381522777385,0.0,0.03125,0.1665965642996744,0.0,1.578934440977997E-80,0.03731928723523481,5,5
1770321870092,0.8569428491546339,0.3327217618325389,0.27284365826724316,0.05832467128116551,0.0,0.0,1,0.06563755929974918,0.0,0.03125,0.16658126495626244,0.0,1.2631475527823976E-80,0.03727333781061115,5,5
1770321870348,0.8511362767290274,0.5774897377999411,0.2740521845750286,0.05785206778694229,0.0,0.0,1,0.06260140953390152,0.0,0.03125,0.16659656429967437,0.0,1.0105180422259182E-80,0.0372275013974287,5,5
1770321870603,0.8473572659471125,0.454471906444932,0.34770947908791705,0.057104074128290126,0.0,0.0,1,0.06371594261681686,0.49019607843137253,0.03125,0.16658126495626246,0.0,8.084144337807345E-81,0.03718177757927643,5,5
1770321870858,0.8557231826282024,0.44582136813301987,0.3095393477828074,0.05649710438056534,0.0,0.09090909090909094,1,0.062244443495359264,0.0,0.03125,0.166610355932946,0.0,6.467315470245876E-81,0.03713616594178659,5,5
1770321871114,0.8672175108819351,0.549301794389695,0.1893974938791962,0.056336110925074644,0.0,0.0,0,0.06419541400647624,0.0,0.03125,0.16656445847885762,0.0,5.173852376196702E-81,0.037090666072622014,5,5
1770321871369,0.8559057151430283,0.5433898788611274,0.343613595561092,0.05560924734903437,0.0,0.0,1,0.06246605593641245,0.0,0.03125,0.16654614550026017,0.0,4.1390819009573613E-81,0.03704527756146403,5,5
1770321871625,0.8413865254768242,0.47105373175678733,0.2699238152306976,0.05515207622134394,0.0,0.09090909090909094,1,0.06377844554324882,0.0,0.03125,0.16659656429967437,0.0,3.311265520765889E-81,0.03700000000000003,5,5
1770321871880,0.8489213341674559,0.5494415350392942,0.6672868784785384,0.053230572722072045,0.0,0.09090909090909094,0,0.06603149438367721,0.9803921568627451,0.03125,0.16656445847885762,0.0,2.649012416612711E-81,0.036954832981911045,4,5
1770321872135,0.8540307802903783,0.4653672342490034,0.1491439562051839,0.05319648793173525,0.0,0.0,1,0.0629643060219176,0.0,0.03125,0.16659656429967437,0.0,2.119209933290169E-81,0.036909776102859726,5,5
1770321872391,0.8689936236715239,0.5249592063551086,0.4678865941497094,0.052004069077604825,0.0,0.0,0,0.06404572291214881,0.9765625,0.03125,0.16650500285362987,0.0,1.6953679466321354E-81,0.03686482896047827,4,5
1770321872646,0.8749758809353574,0.5037926606655759,0.21680626551951848,0.05171858888494064,0.0,0.09090909090909094,1,0.06361290571843983,0.0,0.03125,0.16650500285362987,0.0,1.3562943573057085E-81,0.036819991154356524,5,5
1770321872902,0.8651423233855406,0.519223872016296,0.2539103320322487,0.05130158842877479,0.0,0.0,1,0.06319420620464114,0.0,0.03125,0.16652632670987016,0.0,1.0850354858445669E-81,0.036775262286029786,5,5
1770321873157,0.8601651552904231,0.38693495812677287,0.28745476377961093,0.0507653488084307,0.0,0.0,0,0.06332351918247395,0.0,0.03125,0.16652632670987016,0.0,8.680283886756536E-82,0.03673064195896758,5,5
1770321873413,0.8593624383449399,0.4467320394764065,0.3197178811088837,0.050113744592466286,0.0,0.0,1,0.06474117183860574,0.0,0.03125,0.16650500285362987,0.0,6.944227109405229E-82,0.03668612977856123,5,5
1770321873669,0.8656602903381907,0.5256732768822713,0.14523216272619438,0.050081330518107064,0.0,0.0,0,0.06162632372016011,0.0,0.03125,0.16654614550026017,0.0,5.555381687524184E-82,0.03664172535211263,5,5
1770321873924,0.8755182608675117,0.5235569625431682,0.14382649286556548,0.05005752047624402,0.0,0.0,1,0.0604954192145044,0.0,0.03125,0.16654614550026017,0.0,4.4443053500193474E-82,0.03659742828882295,5,5
1770321874179,0.8678681100912069,0.5114075864642471,0.14487676596378368,0.05003373361746463,0.0,0.09090909090909094,1,0.06812899100456314,0.0,0.03125,0.16654614550026017,0.0,3.555444280015478E-82,0.03655323819978051,5,5
1770321874435,0.8811047409409677,0.4664938039285771,0.42581911942540357,0.04903574578886739,0.0,0.0,0,0.06255017239619445,0.48828125,0.03125,0.16645784320969975,0.0,2.8443554240123826E-82,0.0365091546979498,5,5
1770321874690,0.8904541417316957,0.37177613426970574,0.14018632005558831,0.049023793024298566,0.0,0.0,1,0.06352286901133254,0.0,0.03125,0.16640467366436515,0.0,2.275484339209906E-82,0.03646517739816035,5,5
1770321874945,0.8893193857633349,0.441754630846794,0.2528511390672067,0.04862860069602529,0.0,0.0,1,0.06322742036295154,0.0,0.03125,0.16643200919602077,0.0,1.820387471367925E-82,0.036421305917095026,5,5
1770321875200,0.8918356774372133,0.5548190217791413,0.24553486054533594,0.048259649962470244,0.0,0.0,1,0.06212520623116373,0.0,0.03125,0.166345502213718,0.0,1.4563099770943402E-82,0.03637753987327941,5,5
1770321875456,0.8903413491834804,0.4787474354870735,1.0,60.42059279328026,1.0,0.0,1,0.07122695972899143,0.0,0.046875,7.431416177910615E-4,0.38631974880164144,0.0772639497603283,0.036442989634479006,5,5
1770321875938,0.8903413491834804,0.10101525445522107,1.0,36.61155115976932,0.0,0.0,0,0.06989832864934205,0.5186721991701245,0.046875,7.640693707675035E-4,0.0,0.06181115980826264,0.03643901374645431,3,5
1770321876433,0.8924165366798744,0.5050762722761054,3.533765410179019E-5,26.99735379793257,0.0,0.0,1,0.06893072097625254,0.0,0.046875,7.624684190595182E-4,0.0,0.04944892784661012,0.03643503872586451,5,5
1770321876970,0.8944917241762688,0.8689660757568886,4.1833755311726295E-5,21.42690617065517,0.0,0.0,1,0.06766736766527899,0.0,0.046875,7.606424382591088E-4,0.0,0.0395591422772881,0.03643106457242584,5,5
1770321877433,0.8924165366798744,0.40406101782088427,0.0,17.792457345497546,0.0,0.0,1,0.06696974982352169,0.0,0.046875,7.606424382591088E-4,0.0,0.03164731382183048,0.03642709128585453,5,5
1770321877912,0.8936746825168136,0.31943828249996997,0.24666786894201198,15.169656596007247,0.0,0.0,1,0.06672231455234069,0.0,0.046875,7.640693707675302E-4,0.0,0.025317851057464386,0.03642311886586691,5,5
1770321878371,0.8936746825168136,0.45175395145262565,1.0,13.000869821812413,0.0,0.0,1,0.06646082647280786,0.27233115468409586,0.046875,7.714547262138956E-4,0.0,0.02025428084597151,0.036419147312179656,5,5
1770321878837,0.8924165366798744,1.0,4.3599496663887216E-5,11.607820046210122,0.0,0.0,1,0.06571596171379553,0.0,0.046875,7.695960998891466E-4,0.0,0.016203424676777208,0.03641517662450933,5,5
1770321879299,0.8924165366798744,0.7071067811865476,1.0,9.987913150117604,0.0,0.0,1,0.0652768312812846,0.5411255411255411,0.046875,7.914694580846121E-4,0.0,0.012962739741421767,0.036411206802572815,3,5
1770321879782,0.8944917241762688,0.931314629314664,4.2458362215910165E-5,9.16423145621906,0.0,0.0,1,0.06455373993024041,0.0,0.046875,7.895438142942008E-4,0.0,0.010370191793137414,0.03640723784608679,5,5
1770321880259,0.8944917241762688,0.14285714285714288,0.0,8.472515614154828,0.0,0.0,1,0.06419230662628246,0.0,0.046875,7.895438142942008E-4,0.0,0.008296153434509932,0.036403269754768375,5,5
1770321880719,0.8953087658357239,0.7284313590846835,0.23578756631037728,7.847113678329873,0.0,0.0,1,0.06442637983265444,0.0,0.046875,7.930990668410698E-4,0.0,0.006636922747607946,0.03639930252833479,5,5
1770321881192,0.8944917241762688,0.5050762722761054,3.6993376409419153E-5,7.344239586599257,0.0,0.0,1,0.0665243444254654,0.0,0.046875,7.914694580846121E-4,0.0,0.005309538198086357,0.036395336166503256,5,5
1770321881657,0.8953087658357239,0.40406101782088427,1.0,6.7467265005825094,0.0,0.0,1,0.06859834791435585,0.26881720430107525,0.046875,8.008874370743517E-4,0.0,0.004247630558469086,0.03639137066899112,5,5
1770321882118,0.8965669116726631,0.31943828249996997,3.667809610639035E-5,6.380076067290957,0.0,0.0,1,0.0675150981055511,0.0,0.046875,7.992578397885544E-4,0.0,0.0033981044467752686,0.036387406035515824,5,5
1770321882574,0.8953087658357239,0.5439837932759934,0.0,6.054347535213499,0.0,0.0,1,0.06652714837054366,0.0,0.046875,7.992578397885544E-4,0.0,0.002718483557420215,0.03638344226579515,5,5
1770321883039,0.896125807495179,0.36421567954234174,4.7053597226315445E-5,5.763057142670957,0.0,0.0,1,0.06622004374906182,0.0,0.046875,7.972977986189505E-4,0.0,0.002174786845936172,0.036379479359546885,5,5
1770321883488,0.8907172866654515,0.30304576336566325,4.7773759693330255E-5,5.50103454322127,0.0,1.0,1,0.06533017994204549,0.0,0.046875,7.953464129451803E-4,0.0,0.0017398294767489377,0.036375517316488803,5,5
1770321883967,0.8907172866654515,0.40406101782088427,1.0,5.140518215902076,0.0,0.0,1,0.06456747027526956,0.2609603340292276,0.046875,8.028561685375247E-4,0.0,0.0013918635813991503,0.03637155613633891,5,5
1770321884427,0.8907172866654515,0.7693092581620721,3.858890678878401E-5,4.936132938286505,0.0,0.0,1,0.0660083787403085,0.0,0.046875,8.012265741532385E-4,0.0,0.0011134908651193203,0.036367595818815324,5,5
1770321884883,0.8853087658357239,0.5050762722761054,0.0,4.749198166705976,0.0,0.0,1,0.0651361613621502,0.0,0.046875,8.012265741532385E-4,0.0,8.907926920954563E-4,0.036363636363636376,5,5
1770321885351,0.8886420991690572,0.31943828249996997,4.9753703938567304E-5,4.577571585589103,0.0,0.0,1,0.06408097712717117,0.0,0.046875,7.992578397885542E-4,0.0,7.126341536763651E-4,0.036359677770520404,5,5
1770321885822,0.8940506199987848,0.30304576336566325,0.0,4.419462147815517,0.0,0.0,1,0.06385023280281883,0.0,0.046875,7.992578397885542E-4,0.0,5.701073229410921E-4,0.03635572003918586,5,5
1770321886276,0.8994591408285123,0.40406101782088427,1.0,4.17199390986233,0.0,0.0,1,0.06813839731795762,0.2753303964757709,0.046875,8.068198626070848E-4,0.0,4.560858583528737E-4,0.03635176316935129,5,5
1770321886740,0.9027924741618456,0.5439837932759934,0.0,4.043727118476106,0.0,0.0,1,0.0668570123036821,0.0,0.046875,8.068198626070848E-4,0.0,3.64868686682299E-4,0.03634780716073571,5,5
1770321887208,0.9015343283249064,0.28571428571428575,4.137429277210574E-5,3.9242797385239556,0.0,0.0,1,0.06621486617025782,0.0,0.046875,8.051902740669507E-4,0.0,2.918949493458392E-4,0.036343852013057676,5,5
1770321887657,0.8961258074951789,0.30304576336566325,0.2717261900457499,3.7944490944525815,0.0,0.0,1,0.06700726143667503,0.0,0.046875,8.088149014156158E-4,0.0,2.3351595947667138E-4,0.0363398977260363,5,5
1770321888120,0.8907172866654512,0.40406101782088427,4.263188365543795E-5,3.69129490368046,0.0,0.0,1,0.06707216875842685,0.0,0.046875,8.071853158182334E-4,0.0,1.868127675813371E-4,0.0363359442993908,5,5
1770321888579,0.8886420991690572,0.7071067811865476,1.0,3.508722724026159,0.0,0.0,1,0.06817680783908067,0.27233115468409586,0.046875,8.168838984063788E-4,0.0,1.4945021406506968E-4,0.036331991732840185,5,5
1770321889052,0.8899002450059964,0.7693092581620721,0.0,3.422852827461548,0.0,0.0,1,0.06665350601374743,0.0,0.046875,8.168838984063788E-4,0.0,1.1956017125205575E-4,0.036328040026104014,5,5
1770321889527,0.8878250575096021,0.7354021529276429,4.297645800765866E-5,3.3418813948468666,0.0,0.0,1,0.06604293319248837,0.0,0.046875,8.152543247194019E-4,0.0,9.564813700164461E-5,0.03632408917890162,5,5
1770321889997,0.8893193857633349,0.7142857142857143,0.0,3.265409371343592,0.0,0.0,1,0.06555430941526136,0.0,0.046875,8.152543247194019E-4,0.0,7.65185096013157E-5,0.03632013919095256,5,5
1770321890458,0.8926527190966682,0.4164965639175215,5.738943248649612E-5,3.1930701217237933,0.0,0.0,1,0.06478188465450958,0.0,0.046875,8.132236688685681E-4,0.0,6.121480768105256E-5,0.03631619006197673,5,5
1770321890943,0.8926527190966684,0.5050762722761054,1.0,3.0495827046610584,0.0,0.0,1,0.06437811083361492,0.2577319587628866,0.046875,8.230300173758378E-4,0.0,4.897184614484205E-5,0.0363122417916939,5,5
1770321891417,0.8926527190966684,0.22587697572631282,0.28407647550769255,2.9738421389057432,0.0,0.0,1,0.06408112612916218,0.0,0.046875,8.26733720607602E-4,0.0,3.917747691587364E-5,0.03630829437982386,5,5
1770321891888,0.8920451724690012,0.7284313590846835,0.0,2.9162793802634055,0.0,0.0,1,0.06427536888367737,0.0,0.046875,8.26733720607602E-4,0.0,3.134198153269891E-5,0.036304347826086936,5,5
1770321892386,0.8920451724690012,0.5150787536377127,4.570767286497373E-5,2.8614439145152324,0.0,0.0,1,0.06341617688966977,0.0,0.046875,8.250969082739634E-4,0.0,2.507358522615913E-5,0.036300402130203246,5,5
1770321892854,0.890787026632062,0.5050762722761054,6.072216194316916E-5,2.8091503391034927,0.0,0.0,1,0.06320431172034349,0.0,0.046875,8.230300173758378E-4,0.0,2.0058868180927306E-5,0.036296457291893014,5,5
1770321893315,0.8887118391356676,0.6388765649999399,1.0,2.69278898100506,0.0,0.0,1,0.06292377132653655,0.27114967462039047,0.046875,8.329894930504763E-4,0.0,1.6047094544741845E-5,0.036292513310876906,5,5
1770321893782,0.892045172469001,0.4164965639175215,0.29423659747216424,2.6350782265141977,0.0,0.0,1,0.06300152174891956,0.0,0.046875,8.367373358724483E-4,0.0,1.2837675635793476E-5,0.03628857018687526,5,5
1770321894238,0.8925293292280898,0.22587697572631282,0.0,2.5926857798814615,0.0,0.0,1,0.06251152766138808,0.0,0.046875,8.367373358724483E-4,0.0,1.0270140508634782E-5,0.03628462791960896,5,5
1770321894695,0.8925293292280898,0.7284313590846835,6.288437883772688E-5,2.5520372349474756,0.0,0.0,1,0.0632605620513721,0.0,0.046875,8.346335785392793E-4,0.0,8.216112406907827E-6,0.036280686508798565,5,5
1770321895156,0.8952120633521512,0.614451804788759,1.0,2.3931337656593596,0.0,0.0,1,0.06351137281413077,0.5422993492407809,0.046875,8.533782123116758E-4,0.0,6.5728899255262615E-6,0.0362767459541653,3,5
1770321895620,0.893787475065029,0.20203050891044214,4.464080588850833E-5,2.3602504819954864,0.0,0.0,1,0.0651521407210884,0.0,0.046875,8.517268382055012E-4,0.0,5.25831194042101E-6,0.03627280625543006,5,5
1770321896095,0.893787475065029,0.5150787536377127,0.0,2.328576010544069,0.0,0.0,1,0.0647212596661618,0.0,0.046875,8.517268382055012E-4,0.0,4.206649552336808E-6,0.036268867412314054,5,5
1770321896558,0.893787475065029,0.5714285714285715,4.624902203470763E-5,2.2980429829916473,0.0,0.0,1,0.06397460024511398,0.0,0.046875,8.500827782791607E-4,0.0,3.3653196418694465E-6,0.03626492942453852,5,5
1770321897023,0.8952120633521512,0.36421567954234174,0.30053699769514514,2.2575128119366195,0.0,0.0,1,0.06424991872351281,0.0,0.046875,8.539062882042609E-4,0.0,2.6922557134955573E-6,0.036260992291825,5,5
1770321897491,0.8918787300188179,0.28571428571428575,1.0,2.1755059273649247,0.0,0.0,1,0.06335328296887877,0.2670940170940171,0.046875,8.64372341035082E-4,0.0,2.153804570796446E-6,0.03625705601389495,5,5
1770321897947,0.8945614641428793,0.5439837932759934,0.0,2.1502298436760694,0.0,0.0,1,0.06270439071396829,0.0,0.046875,8.64372341035082E-4,0.0,1.7230436566371568E-6,0.036253120590470034,5,5
1770321898418,0.8945614641428793,0.931314629314664,4.7180983626938186E-5,2.125776869341537,0.0,0.0,1,0.06288608636247178,0.0,0.046875,8.627209834781223E-4,0.0,1.3784349253097256E-6,0.03624918602127203,5,5
1770321898891,0.8891529433131516,0.10101525445522107,4.79030956461022E-5,2.102110171513377,0.0,0.0,1,0.0649708032478155,0.0,0.046875,8.610769400233716E-4,0.0,1.1027479402477805E-6,0.036245252306022824,5,5
1770321899353,0.8891529433131516,0.7693092581620721,1.0,1.9795718256893489,0.0,0.0,1,0.06442031954576075,0.5411255411255411,0.046875,8.778897131374626E-4,0.0,8.821983521982245E-7,0.03624131944444442,3,5
1770321899815,0.8891529433131516,0.28571428571428575,6.465788840960153E-5,1.960366434592281,0.0,0.0,1,0.06413726698823333,0.0,0.046875,8.756118840085903E-4,0.0,7.057586817585796E-7,0.03623738743625904,5,5
1770321900302,0.8891529433131516,0.36421567954234174,6.564746376382373E-5,1.941716677296155,0.0,0.0,1,0.0637218980838006,0.0,0.046875,8.733440860037934E-4,0.0,5.646069454068638E-7,0.036233456281189014,5,5
1770321900803,0.891228130809546,0.28571428571428575,6.665218302456593E-5,1.9235996870632106,0.0,0.0,1,0.06346370472383975,0.0,0.046875,8.710862757768967E-4,0.0,4.51685556325491E-7,0.036229525978956456,5,5
1770321901340,0.8966366516392735,0.42857142857142855,0.3024453470570175,1.8966502264726997,0.0,0.0,1,0.0641031127235073,0.0,0.046875,8.750027760602965E-4,0.0,3.6134844506039283E-7,0.03622559652928414,5,5
1770321901838,0.8987118391356679,0.14285714285714288,1.0,1.8341307050266813,0.0,0.0,1,0.06435385443106142,0.25100401606425704,0.046875,8.858003695710008E-4,0.0,2.8907875604831426E-7,0.03622166793189463,5,5
1770321902317,0.9007870266320622,0.30304576336566325,6.762976578853182E-5,1.8189561771653706,0.0,0.0,1,0.06298347796653377,0.0,0.046875,8.83502354408848E-4,0.0,2.312630048386514E-7,0.03621774018651047,5,5
1770321902770,0.8988782815858511,0.7889543583705186,4.7949964247649017E-5,1.8041793212840442,0.0,0.0,1,0.062170894417922756,0.0,0.046875,8.818362966180338E-4,0.0,1.8501040387092115E-7,0.03621381329285478,5,5
1770321903236,0.9009534690822453,0.5050762722761054,0.3069002986488154,1.7810000553712049,0.0,0.0,1,0.06179221997351421,0.0,0.046875,8.858003695710275E-4,0.0,1.4800832309673692E-7,0.03620988725065044,5,5
1770321903701,0.897620135748912,0.31943828249996997,4.9372471906627525E-5,1.7671968581660606,0.0,0.0,1,0.06125854319461242,0.0,0.046875,8.84134315281963E-4,0.0,1.1840665847738954E-7,0.03620596205962057,5,5
1770321904161,0.8949374016248505,0.22587697572631282,1.0,1.7110853907273738,0.0,0.0,1,0.06176136932961831,0.2717391304347826,0.046875,8.934284541923218E-4,0.0,9.472532678191164E-8,0.03620203771948838,5,5
1770321904634,0.8949374016248505,0.10101525445522107,4.836236970887701E-5,1.6990027022617682,0.0,0.0,1,0.06217408738463687,0.0,0.046875,8.917697920858981E-4,0.0,7.578026142552932E-8,0.03619811422997721,5,5
1770321905106,0.8961955474617896,0.5890150893739515,0.31106924787940426,1.6789178809136638,0.0,0.0,1,0.06471368804075339,0.0,0.046875,8.957777268017203E-4,0.0,6.062420914042346E-8,0.03619419159081061,5,5
1770321905566,0.8995288807951229,0.28571428571428575,1.0,1.579570894640343,0.0,0.0,1,0.06435627816476679,0.5434782608695652,0.046875,9.22414200395918E-4,0.0,4.8499367312338765E-8,0.03619026980171203,3,5
1770321906032,0.9007870266320621,0.8144110179279557,0.0,1.5704689111398058,0.0,0.0,1,0.06442491997237271,0.0,0.046875,9.22414200395918E-4,0.0,3.8799493849871014E-8,0.03618634886240524,5,5
1770321906489,0.9041203599653953,0.22587697572631282,0.0,1.5615606901235972,0.0,0.0,1,0.06363714589954052,0.0,0.046875,9.22414200395918E-4,0.0,3.103959507989681E-8,0.03618242877261402,5,5
1770321906957,0.8987118391356678,0.45175395145262565,0.29569268718608305,1.5451981840850353,0.0,0.0,1,0.06569463522997457,0.0,0.046875,9.248693560246498E-4,0.0,2.483167606391745E-8,0.036178509532062364,5,5
1770321907414,0.8953785058023345,0.45175395145262565,0.2983792611607662,1.5292559517273896,0.0,0.0,1,0.06534584015960418,0.0,0.046875,9.29023678462876E-4,0.0,1.9865340851133962E-8,0.03617459114047439,5,5
1770321907874,0.8987118391356679,0.4164965639175215,1.0,1.4550952361021803,0.0,0.0,1,0.0656425763399634,0.5434782608695652,0.046875,9.499923750905649E-4,0.0,1.589227268090717E-8,0.0361706735975742,3,5
1770321908383,0.8987118391356679,0.5890150893739515,7.178124673841156E-5,1.4485013389025152,0.0,0.0,1,0.06893405677114778,0.0,0.046875,9.474491586024634E-4,0.0,1.2713818144725736E-8,0.03616675690308613,5,5
1770321908914,0.9001364274227901,0.6468132241526726,4.6502560607315896E-5,1.4420326414779299,0.0,0.0,1,0.07162087517864178,0.0,0.046875,9.457458106047812E-4,0.0,1.0171054515780589E-8,0.03616284105673451,5,5
1770321909373,0.8995288807951229,0.14285714285714288,0.2904126745549966,1.428612357102059,0.0,1.0,1,0.07330857192417255,0.0,0.046875,9.482890310869207E-4,0.0,8.136843612624472E-9,0.036158926058244,5,5
1770321909845,0.899528880795123,0.45175395145262565,0.0,1.4225152784165846,0.0,0.0,1,0.071422272701536,0.0,0.046875,9.482890310869207E-4,0.0,6.5094748900995776E-9,0.036155011907339274,5,5
1770321910303,0.899528880795123,0.28571428571428575,1.0,1.3819602442410008,0.0,0.0,1,0.074568247125484,0.2729257641921397,0.046875,9.576895662917046E-4,0.0,5.207579912079662E-9,0.03615109860374499,5,5
1770321910764,0.8989213341674559,0.5050762722761054,4.723152929015169E-5,1.376700685896247,0.0,0.0,1,0.0733211587735265,0.0,0.046875,9.559862343831695E-4,0.0,4.1660639296637295E-9,0.03614718614718615,5,5
1770321911217,0.8957544432843056,0.36421567954234174,0.2949382955810512,1.3647717827005075,0.0,0.0,1,0.07304931211114521,0.0,0.046875,9.585746453257849E-4,0.0,3.332851143730984E-9,0.03614327453738775,5,5
1770321911699,0.8957544432843056,0.7693092581620721,1.0,1.2942049376687197,0.0,0.0,1,0.07602383121176287,0.5186721991701245,0.046875,9.804302341963605E-4,0.0,2.6662809149847874E-9,0.036139363774074895,3,5
1770321912297,0.8936792557879114,0.6060915267313265,0.0,1.29040849001977,0.0,0.0,1,0.0755360966265686,0.0,0.046875,9.804302341963605E-4,0.0,2.13302473198783E-9,0.03613545385697281,5,5
1770321912758,0.8955880008341226,0.6060915267313265,7.57440192456759E-5,1.2866701669459135,0.0,0.0,1,0.07308461903528662,0.0,0.046875,9.77760846933515E-4,0.0,1.706419785590264E-9,0.036131544785807046,5,5
1770321913224,0.889087776617639,0.7889543583705186,1.0,1.2271059693100241,0.0,0.0,1,0.07153407019691405,0.5364806866952789,0.046875,9.984139696124132E-4,0.0,1.3651358284722114E-9,0.03612763656030282,3,5
1770321913689,0.8922546675007894,0.6060915267313265,0.26399990077090374,1.2182810787863976,0.0,0.0,1,0.07122926720419256,0.0,0.046875,0.0010028929057377934,0.0,1.0921086627777692E-9,0.036123729180186026,5,5
1770321914150,0.8935128133377285,0.614451804788759,4.420859601804924E-5,1.215626601899884,0.0,0.0,1,0.06993177325950148,0.0,0.046875,0.0010011668187347492,0.0,8.736869302222153E-10,0.03611982264518221,5,5
1770321914631,0.8947709591746675,0.31943828249996997,0.0,1.2130110254443107,0.0,0.0,1,0.06865644034201852,0.0,0.046875,0.0010011668187347492,0.0,6.989495441777723E-10,0.03611591695501726,5,5
1770321915097,0.8938841775486017,0.20203050891044214,0.2775886318360751,1.204455074533844,0.0,0.0,1,0.06949145900488256,0.0,0.046875,0.0010039317984612236,0.0,5.591596353422179E-10,0.03611201210941728,5,5
1770321915572,0.8884756567188742,0.6468132241526726,1.0,1.172603006658242,0.0,0.0,1,0.0690264339288743,0.2631578947368421,0.046875,0.0010168401387899188,0.0,4.473277082737744E-10,0.03610810810810816,5,5
1770321916072,0.8830671358891466,0.20203050891044214,7.834582970138596E-5,1.1705808836662384,0.0,0.0,1,0.06801446585216035,0.0,0.046875,0.0010140261152430908,0.0,3.5786216661901954E-10,0.03610420495081612,5,5
1770321916576,0.8803844017650853,0.7071067811865476,0.0,1.1685874948783639,0.0,0.0,1,0.069460703048656,0.0,0.046875,0.0010140261152430908,0.0,2.8628973329521566E-10,0.0361003026372676,5,5
1770321917050,0.8795673601056301,0.10101525445522107,8.116823612796494E-5,1.1666190697506913,0.0,0.0,1,0.07047438337397939,0.0,0.046875,0.0010112244330870298,0.0,2.2903178663617253E-10,0.03609640116718904,5,5
1770321917509,0.8809919483927525,0.614451804788759,4.780689101631084E-5,1.1646775425286349,0.0,0.0,1,0.07145602929903351,0.0,0.046875,0.0010094983594321142,0.0,1.8322542930893804E-10,0.03609250054030688,5,5
1770321917970,0.8818787300188181,0.6388765649999399,1.0,1.1343167352486607,0.0,0.0,1,0.07098224934851814,0.27114967462039047,0.046875,0.0010225054233016606,0.0,1.4658034344715044E-10,0.0360886007563479,5,5
1770321918439,0.880620584181879,0.40406101782088427,8.294988394701129E-5,1.1327935762646222,0.0,0.0,1,0.06917475139782633,0.0,0.046875,0.0010196665569831064,0.0,1.1726427475772036E-10,0.03608470181503887,5,5
1770321918908,0.8785453966854849,0.20203050891044214,1.0,1.0765907904122507,0.0,0.0,1,0.06749952414237965,0.5330490405117271,0.046875,0.0010432781611168565,0.0,9.38114198061763E-11,0.03608080371610678,3,5
1770321919371,0.8785453966854849,0.6060915267313265,0.0,1.0757668503327662,0.0,0.0,1,0.06997244863878775,0.0,0.046875,0.0010432781611168565,0.0,7.504913584494105E-11,0.03607690645927841,5,5
1770321919829,0.8839539175152125,0.45175395145262565,8.171893597982348E-5,1.0749508023598044,0.0,0.0,1,0.06881945006122746,0.0,0.046875,0.0010403634798063792,0.0,6.003930867595284E-11,0.036073010044281206,5,5
1770321920281,0.8825293292280902,0.36421567954234174,8.296959832490293E-5,1.074144140237504,0.0,0.0,1,0.06739941866618485,0.0,0.046875,0.0010374615721905815,0.0,4.803144694076227E-11,0.03606911447084238,5,5
1770321920740,0.8825293292280902,0.5150787536377127,8.423939921669634E-5,1.0733467431238735,0.0,0.0,1,0.06669329956821043,0.0,0.046875,0.0010345723834319464,0.0,3.842515755260982E-11,0.03606521973868915,5,5
1770321921226,0.8825293292280902,0.20203050891044214,1.0,1.0462976536747124,0.0,0.0,1,0.06550314339968827,0.257201646090535,0.046875,0.001047954811892165,0.0,3.074012604208786E-11,0.036061325847549175,5,5
1770321921695,0.8885453966854848,0.45175395145262565,4.70420758086055E-5,1.0458125989382452,0.0,0.0,1,0.06507779236054892,0.0,0.046875,0.0010462056711892187,0.0,2.4592100833670287E-11,0.0360574327971499,5,5
1770321922159,0.8885453966854848,0.45175395145262565,0.2850625715433526,1.0401638145810137,0.0,0.0,1,0.06501863942907748,0.0,0.046875,0.001050895201227876,0.0,1.967368066693623E-11,0.036053540587219324,5,5
1770321922615,0.8853785058023347,0.6060915267313265,4.84589364864437E-5,1.0397453501838008,0.0,0.0,1,0.06513800303938506,0.0,0.046875,0.0010491460653211636,0.0,1.5738944533548985E-11,0.03604964921748521,5,5
1770321923074,0.8818089900522075,0.7071067811865476,0.0,1.039332262257895,0.0,0.0,1,0.066512822221778,0.0,0.046875,0.0010491460653211636,0.0,1.2591155626839189E-11,0.036045758687675344,5,5
1770321923536,0.877217510881935,0.5890150893739515,1.0,1.013475010113811,0.0,0.0,1,0.06634736937059432,0.27056277056277056,0.046875,0.0010597942299123374,0.0,1.0072924501471351E-11,0.036041868997518045,5,5
1770321923988,0.877825057509602,0.0,0.0,1.0133384610178608,0.0,0.0,1,0.06504226978580806,0.0,0.046875,0.0010597942299123374,0.0,8.058339601177082E-12,0.03614587829089344,5,5
1770321924440,0.877825057509602,0.10101525445522107,1.0,0.959386892442394,0.0,0.0,1,0.0638001980905272,0.5530973451327433,0.046875,0.0010924992787796812,0.0,6.4466716809416656E-12,0.03614197863847235,3,5
1770321924912,0.877008015850147,0.5714285714285715,0.0,0.9597766860304019,0.0,0.0,1,0.06428302643910973,0.0,0.046875,0.0010924992787796812,0.0,5.157337344753333E-12,0.03613807982740025,5,5
1770321925367,0.8801749067332971,0.6468132241526726,0.27374391758095146,0.9554102785872791,0.0,0.0,1,0.06552890022625543,0.0,0.046875,0.001097392651376582,0.0,4.1258698758026665E-12,0.0361341818574048,5,5
1770321925831,0.8801749067332971,0.45175395145262565,4.7477281492687144E-5,0.9558356736774928,0.0,0.0,1,0.06701857398377276,0.0,0.046875,0.001095612283854042,0.0,3.300695900642133E-12,0.036130284728214,5,5
1770321926305,0.8736746825168137,0.30304576336566325,4.8203928106034706E-5,0.9562571925332671,0.0,0.0,1,0.06722211365277812,0.0,0.046875,0.0010938397915479527,0.0,2.6405567205137067E-12,0.036126388439555734,5,5
1770321926787,0.8736746825168137,0.22587697572631282,1.0,0.9332222399719364,0.0,0.0,1,0.06641310276041643,0.25933609958506226,0.046875,0.001103261155341389,0.0,2.1124453764109655E-12,0.036122492991158106,5,5
1770321927245,0.8790832033465412,0.20203050891044214,0.0,0.9338458397942844,0.0,0.0,1,0.06606294952706684,0.0,0.046875,0.001103261155341389,0.0,1.6899563011287724E-12,0.036118598382749334,5,5
1770321927708,0.877825057509602,0.5050762722761054,9.346120672754996E-5,0.934462511575593,0.0,0.0,1,0.06872661643953172,0.0,0.046875,0.0011001069195751448,0.0,1.3519650409030181E-12,0.03611470461405775,5,5
1770321928170,0.8786420991690572,0.6468132241526726,4.9299616470008244E-5,0.9350745520378726,0.0,0.0,1,0.06846858586553059,0.0,0.046875,0.0010983422786185028,0.0,1.0815720327224146E-12,0.036110811684811894,5,5
1770321928635,0.87507258341893,0.22587697572631282,5.00541523179508E-5,0.9356812667820519,0.0,0.0,1,0.06710238836806341,0.0,0.046875,0.0010965854445123438,0.0,8.652576261779317E-13,0.03610691959474022,5,5
1770321929104,0.8796640625892025,0.7284313590846835,1.0,0.8909282571462568,0.0,0.0,1,0.06595057440488701,0.5330490405117271,0.046875,0.0011224797299128437,0.0,6.922061009423454E-13,0.036103028343571486,3,5
1770321929579,0.8796640625892025,0.36421567954234174,0.2765334817364391,0.8874833762717056,0.0,0.0,1,0.0652132527983831,0.0,0.046875,0.001127504687103947,0.0,5.537648807538764E-13,0.036099137931034475,5,5
1770321930063,0.8809222084261416,0.36421567954234174,0.2791983481777638,0.8840821644479674,0.0,0.0,1,0.0646158223670571,0.0,0.046875,0.0011325517911057778,0.0,4.430119046031011E-13,0.03609524835685807,5,5
1770321930529,0.8809222084261416,0.5890150893739515,0.0,0.8851081612293842,0.0,0.0,1,0.06548579071792235,0.0,0.046875,0.0011325517911057778,0.0,3.544095236824809E-13,0.03609135962077137,5,5
1770321930987,0.8749061409687469,0.22587697572631282,9.850324688832524E-5,0.8861247518519427,0.0,0.0,1,0.06508465201310712,0.0,0.046875,0.0011292850013213868,0.0,2.8352761894598475E-13,0.036087471722503484,5,5
1770321931455,0.8818089900522074,0.614451804788759,1.0,0.8610865222239117,0.0,0.0,1,0.0640747304734996,0.2670940170940171,0.046875,0.0011493473439478246,0.0,2.268220951567878E-13,0.03608358466178374,5,5
1770321931954,0.8818089900522075,0.7889543583705186,9.810914724113943E-5,0.862282865736871,0.0,0.0,1,0.06435240996481197,0.0,0.046875,0.0011460228182939068,0.0,1.8145767612543025E-13,0.03607969843834136,5,5
1770321932468,0.879126255928146,0.7142857142857143,0.2865411664072905,0.8591932265524014,0.0,0.0,1,0.06399313499022594,0.0,0.046875,0.0011493473439478249,0.0,1.451661409003442E-13,0.0360758130519061,5,5
1770321932948,0.8791262559281459,0.30304576336566325,0.0,0.8604047332856158,0.0,0.0,1,0.06463321271290762,0.0,0.046875,0.0011493473439478249,0.0,1.1613291272027538E-13,0.03607192850220742,5,5
1770321933404,0.8772175108819349,0.5050762722761054,1.0312345016226441E-4,0.8616060120506688,0.0,0.0,1,0.06387747800370391,0.0,0.046875,0.0011460228182938802,0.0,9.290633017622031E-14,0.03606804478897507,5,5
1770321933856,0.8826260317116624,0.45175395145262565,1.0,0.8416266007135625,0.0,0.0,1,0.06555814126032487,0.27654867256637167,0.046875,0.001151151461914773,0.0,7.432506414097626E-14,0.03606416191193884,5,5
1770321934317,0.8799699849726069,0.5714285714285715,0.0,0.8429616263080038,0.0,0.0,1,0.06660831480652242,0.0,0.046875,0.001151151461914773,0.0,5.946005131278102E-14,0.036060279870828826,5,5
1770321934793,0.8787118391356677,0.7071067811865476,1.03742638844937E-4,0.8442860267031334,0.0,0.0,1,0.06599230734803807,0.0,0.046875,0.0011478269419125432,0.0,4.7568041050224816E-14,0.03605639866537513,5,5
1770321935269,0.8806205841818789,0.931314629314664,5.2836127770442495E-5,0.8456020203369106,0.0,0.0,1,0.06676261492672272,0.0,0.046875,0.0011460228182938802,0.0,3.8054432840179857E-14,0.036052518295307756,5,5
1770321935743,0.8832766309209343,0.6388765649999399,0.3089848883362852,0.8427129421316404,0.0,0.0,1,0.066237353920245,0.0,0.046875,0.0011511514619147727,0.0,3.0443546272143885E-14,0.03604863876035724,5,5
1770321936208,0.8772605634635398,0.7071067811865476,1.0,0.8233271953648403,0.0,0.0,1,0.06547108332573112,0.26881720430107525,0.046875,0.0011645960903074854,0.0,2.435483701771511E-14,0.03604476006025392,5,5
1770321936726,0.8767764067044508,0.20203050891044214,5.250634973164784E-5,0.8247836548043043,0.0,0.0,1,0.06491260802177277,0.0,0.046875,0.0011627919952140323,0.0,1.9483869614172088E-14,0.03604088219472834,5,5
1770321937215,0.8801097400377841,0.5050762722761054,0.0,0.8262313457975229,0.0,0.0,1,0.06393254425502186,0.0,0.046875,0.0011627919952140323,0.0,1.5587095691337672E-14,0.03603700516351116,5,5
1770321937673,0.88120144342454,0.42857142857142855,0.0,0.827669574700167,0.0,0.0,1,0.06286488126924834,0.0,0.046875,0.0011627919952140323,0.0,1.2469676553070139E-14,0.03603312896633326,5,5
1770321938132,0.8785187093004787,0.30304576336566325,5.550807904952706E-5,0.8290976530766148,0.0,0.0,1,0.06287980370785651,0.0,0.046875,0.0011609958784184612,0.0,9.975741242456111E-15,0.036029253602925415,5,5
1770321938589,0.8785187093004787,0.7142857142857143,1.0,0.7902438572746884,0.0,0.0,1,0.06369118946689321,0.5470459518599562,0.046875,0.0011852096499727874,0.0,7.980592993964889E-15,0.036025379073018615,3,5
1770321939060,0.8808300792136669,0.0,0.0,0.791904925173416,0.0,0.0,1,0.06307222973257501,0.0,0.046875,0.0011852096499727874,0.0,6.384474395171912E-15,0.03612903225806452,5,5
1770321939535,0.8795719333767277,0.36421567954234174,1.0,0.7513171311680279,0.0,0.0,1,0.062223303985955075,0.5263157894736842,0.046875,0.0012154130923261231,0.0,5.10757951613753E-15,0.03612514783356624,3,5
1770321940004,0.8795719333767277,0.8144110179279557,1.0473936797579937E-4,0.7531887715630939,0.0,0.0,1,0.06194545709260141,0.0,0.046875,0.0012118318244749952,0.0,4.0860636129100236E-15,0.03612126424424855,5,5
1770321940457,0.8787548917172726,0.6060915267313265,1.063422953588254E-4,0.7550509145226981,0.0,0.0,1,0.06223414636838133,0.0,0.046875,0.001208266183027306,0.0,3.268850890328019E-15,0.036117381489842004,5,5
1770321940925,0.8733463708875451,0.8144110179279557,5.0743426390748405E-5,0.7569042841699728,0.0,0.0,1,0.0638893360051033,0.0,0.046875,0.001206438009628993,0.0,2.6150807122624154E-15,0.03611349957007737,5,5
1770321941392,0.8725293292280899,0.30304576336566325,0.0,0.758748768634231,0.0,0.0,1,0.06402873083494257,0.0,0.046875,0.001206438009628993,0.0,2.0920645698099325E-15,0.036109618484685635,5,5
1770321941857,0.8737874750650291,0.7071067811865476,1.0,0.7419041864738343,0.0,0.0,1,0.06585536633329682,0.26881720430107525,0.046875,0.0012226227753535032,0.0,1.6736516558479462E-15,0.0361057382333978,5,5
1770321942316,0.8702179593149021,0.931314629314664,5.106186771347787E-5,0.7438233142430996,0.0,0.0,1,0.06635540372400921,0.0,0.046875,0.0012207946268416635,0.0,1.338921324678357E-15,0.036101858815944965,5,5
1770321942770,0.8687236310611691,0.7071067811865476,0.0,0.7457337088692388,0.0,0.0,1,0.06684189964053142,0.0,0.046875,0.0012207946268416635,0.0,1.0711370597426856E-15,0.03609798023205846,5,5
1770321943227,0.8720569643945024,0.30304576336566325,1.1541812756052461E-4,0.7476332735054048,0.0,0.0,1,0.07100347933442448,0.0,0.046875,0.0012171818987626389,0.0,8.569096477941485E-16,0.03609410248146949,5,5
1770321943692,0.8694009176554469,0.7693092581620721,5.3980894661150415E-5,0.7495241723361219,0.0,0.0,1,0.07105605986116854,0.0,0.046875,0.0012153618267820563,0.0,6.855277182353189E-16,0.03609022556390973,5,5
1770321944150,0.8654867250794522,0.7071067811865476,1.0,0.7185076926548173,0.0,0.0,1,0.06985202078055049,0.5458515283842794,0.046875,0.0012372326231376515,0.0,5.484221745882552E-16,0.03608634947911071,3,5
1770321944608,0.8608952459091799,0.7142857142857143,0.0,0.7205359446669763,0.0,0.0,1,0.06988842414564908,0.0,0.046875,0.0012372326231376515,0.0,4.3873773967060415E-16,0.03608247422680411,5,5
1770321945097,0.862153391746119,0.6776309271789385,0.294789830457339,0.7189704529472717,0.0,0.0,1,0.06870501072741925,0.0,0.046875,0.0012427614009317427,0.0,3.5099019173648335E-16,0.03607859980672179,5,5
1770321945571,0.8648094384851743,0.30304576336566325,5.295320488296326E-5,0.7209960325142178,0.0,0.0,1,0.06832242897900834,0.0,0.046875,0.001240925166311358,0.0,2.807921533891867E-16,0.03607472621859564,5,5
1770321946035,0.8639923968257194,0.6388765649999399,0.3035556212917788,0.7194262453882807,0.0,0.0,1,0.0695427972549453,0.0,0.046875,0.0012464701075515718,0.0,2.246337227113494E-16,0.03607085346215777,5,5
1770321946502,0.8639923968257192,0.6060915267313265,1.0,0.7037234754755078,0.0,0.0,1,0.06830706042620978,0.26766595289079226,0.046875,0.0012576939403193062,0.0,1.7970697816907952E-16,0.036066981537140386,5,5
1770321946959,0.8606590634923859,0.5150787536377127,1.1898565661831824E-4,0.7058132372035046,0.0,0.0,1,0.0692171639349523,0.0,0.046875,0.0012539363076013595,0.0,1.4376558253526363E-16,0.0360631104432757,5,5
1770321947426,0.8606590634923859,0.7889543583705186,0.30186280131404647,0.7043832429414485,0.0,0.0,1,0.07221805292456221,0.0,0.046875,0.0012595383020276407,0.0,1.1501246602821091E-16,0.03605924018029616,5,5
1770321947884,0.8541588392759024,0.4164965639175215,0.3046697912683095,0.70296556466481,0.0,0.0,1,0.07113036443311181,0.0,0.046875,0.0012633123765862927,0.0,9.200997282256873E-17,0.0360553707479343,5,5
1770321948366,0.8541588392759022,0.31943828249996997,5.499317998352928E-5,0.7050592118566296,0.0,0.0,1,0.06989437756911934,0.0,0.046875,0.0012614680215055432,0.0,7.3607978258055E-17,0.03605150214592279,5,5
1770321948839,0.8495673601056298,0.7354021529276429,1.0,0.6897676556279426,0.0,0.0,1,0.06967508681435286,0.2642706131078224,0.046875,0.0012747339960148328,0.0,5.8886382606444E-17,0.036047634373994164,5,5
1770321949302,0.8449758809353574,0.7354021529276429,5.415091340213162E-5,0.6919135854914487,0.0,0.0,1,0.07335516354720424,0.0,0.046875,0.0012728896610041153,0.0,4.7109106085155204E-17,0.036043767431881535,5,5
1770321949759,0.8485453966854846,0.45175395145262565,1.0,0.6603517825875689,0.0,0.0,1,0.07456995801455732,0.5470459518599562,0.046875,0.0012959581116869766,0.0,3.7687284868124167E-17,0.03603990131931778,3,5
1770321950215,0.8498035425224237,0.22587697572631282,0.0,0.6626022982967669,0.0,0.0,1,0.07272792921034218,0.0,0.046875,0.0012959581116869766,0.0,3.014982789449934E-17,0.036036036036036,5,5
1770321950674,0.8552120633521513,0.28571428571428575,0.0,0.6648454704403425,0.0,0.0,1,0.07313854195375835,0.0,0.046875,0.0012959581116869766,0.0,2.4119862315599472E-17,0.03603217158176941,5,5
1770321951150,0.8578947974762127,0.0,0.0,0.6670812221706532,0.0,0.0,1,0.07397747172887766,0.0,0.046875,0.0012959581116869766,0.0,1.929588985247958E-17,0.036135535063263946,5,5
1770321951632,0.862486276646485,0.14285714285714288,1.0,0.6431794732172225,0.0,0.0,1,0.07347607729731566,0.5186721991701245,0.046875,0.0013234984964936418,0.0,1.5436711881983664E-17,0.036131660769808116,3,5
1770321952090,0.8598035425224237,0.31943828249996997,1.218426753080629E-4,0.6454813055600765,0.0,0.0,1,0.07219581230233847,0.0,0.046875,0.001319486642568815,0.0,1.2349369505586932E-17,0.03612778730703259,5,5
1770321952555,0.8598035425224237,0.931314629314664,5.206920537186931E-5,0.6477772172753998,0.0,0.0,1,0.07292659812073558,0.0,0.046875,0.0013176177044098248,0.0,9.879495604469546E-18,0.036123914674670354,5,5
1770321953036,0.861878730018818,0.7284313590846835,1.2623180917927069E-4,0.6500655158077582,0.0,0.0,1,0.07115823353283178,0.0,0.046875,0.0013136233037502963,0.0,7.903596483575638E-18,0.036120042872454405,5,5
1770321953491,0.8543298549971833,0.40406101782088427,0.0,0.6523483062925465,0.0,0.0,1,0.07096094415543737,0.0,0.046875,0.0013136233037502963,0.0,6.322877186860511E-18,0.036116171900117844,5,5
1770321953970,0.8574967458803334,0.20203050891044214,1.0,0.6385294840162677,0.0,0.0,1,0.07082658273819357,0.2609603340292276,0.046875,0.0013275278853779738,0.0,5.058301749488409E-18,0.03611230175739388,5,5
1770321954554,0.8574967458803334,0.7693092581620721,0.2942729581618421,0.6376641070906307,0.0,0.0,1,0.0695895273616123,0.0,0.046875,0.0013334520963738286,0.0,4.0466413995907274E-18,0.03610843244401585,5,5
1770321955046,0.8530134859871787,0.8689660757568886,0.0,0.6399829940003622,0.0,0.0,1,0.06915974068985212,0.0,0.046875,0.0013334520963738286,0.0,3.237313119672582E-18,0.03610456395971717,5,5
1770321955501,0.8484220068169064,0.40406101782088427,1.0,0.6172118450275244,0.0,0.0,1,0.0686554431373311,0.5494505494505494,0.046875,0.001355839349155213,0.0,2.5898504957380656E-18,0.036100696304231406,3,5
1770321956028,0.8496801526538456,0.5050762722761054,1.2730906209762038E-4,0.619582162788182,0.0,0.0,1,0.0683927211284539,0.0,0.046875,0.0013517031825590344,0.0,2.0718803965904526E-18,0.0360968294772922,5,5
1770321956486,0.8502876992815126,0.5050762722761054,0.28932875501534217,0.6188596024375473,0.0,0.0,1,0.0675488090858373,0.0,0.046875,0.0013577332243828704,0.0,1.6575043172723621E-18,0.036092963478633444,5,5
1770321956945,0.844271631824118,0.7071067811865476,5.382819017629874E-5,0.6212267843804001,0.0,0.0,1,0.06738476546446992,0.0,0.046875,0.001355839349155213,0.0,1.3260034538178897E-18,0.0360890983079889,5,5
1770321957406,0.8377714076076344,0.0,5.465203128253166E-5,0.6235882058633926,0.0,0.0,1,0.06725619992434632,0.0,0.046875,0.0013539538420082042,0.0,1.0608027630543117E-18,0.036192311810686384,5,5
1770321957869,0.8396801526538457,0.5439837932759934,1.0,0.5955347527484178,0.0,0.0,1,0.06788011898121529,0.5399568034557235,0.046875,0.0013871965059161556,0.0,8.486422104434494E-19,0.03618843683083517,3,5
1770321958328,0.845088673483573,0.8689660757568886,0.27853318810983385,0.5949832044521874,0.0,0.0,1,0.07057856846231955,0.0,0.046875,0.0013933815813825256,0.0,6.789137683547596E-19,0.036184562680655175,5,5
1770321958795,0.8456962201112402,0.8689660757568886,1.3140425713480662E-4,0.5974014061623375,0.0,0.0,1,0.06914379486415077,0.0,0.046875,0.00138909873180733,0.0,5.431310146838077E-19,0.03618068935988006,5,5
1770321959270,0.8489213341674557,0.20203050891044214,1.0,0.5706690777087111,0.0,0.0,1,0.0680963430235435,0.5263157894736842,0.046875,0.0014233036808295636,0.0,4.345048117470462E-19,0.03617681686824359,3,5
1770321959747,0.8543298549971833,0.5050762722761054,0.0,0.5731296996293005,0.0,0.0,1,0.06729409033239797,0.0,0.046875,0.0014233036808295636,0.0,3.4760384939763697E-19,0.03617294520547942,5,5
1770321960213,0.8603459224545779,0.6388765649999399,1.2953112571293751E-4,0.5755853379693348,0.0,0.0,1,0.06613703908601608,0.0,0.046875,0.0014189075024549592,0.0,2.7808307951810957E-19,0.03616907437132155,5,5
1770321960687,0.8570125891212447,0.31943828249996997,1.3151339902165736E-4,0.5780372493117354,0.0,0.0,1,0.06763297221094072,0.0,0.046875,0.0014145304160928524,0.0,2.2246646361448765E-19,0.03616520436550397,5,5
1770321961150,0.8578296307806998,0.20203050891044214,1.3352600257935017E-4,0.5804853186922304,0.0,0.0,1,0.06709719571377969,0.0,0.046875,0.0014101723408041866,0.0,1.7797317089159014E-19,0.03616133518776077,5,5
1770321961635,0.8554215583839392,0.10101525445522107,1.0,0.5685904960792312,0.0,0.0,1,0.06610916900791128,0.2577319587628866,0.046875,0.0014296466269981681,0.0,1.4237853671327213E-19,0.03615746683782628,5,5
1770321962094,0.8546045167244841,0.40406101782088427,1.3383528577773504E-4,0.5710527111599848,0.0,0.0,1,0.0664181322493008,0.0,0.046875,0.0014252312835589835,0.0,1.1390282937061772E-19,0.036153599315434826,5,5
1770321962549,0.85252932922809,0.5714285714285715,5.3051584180614836E-5,0.5735122448694696,0.0,0.0,1,0.0656613820156762,0.0,0.046875,0.0014233036808295636,0.0,9.112226349649417E-20,0.03614973262032084,5,5
1770321963019,0.8539539175152122,0.7354021529276429,0.28789565124463,0.5731072432804026,0.0,0.0,1,0.06508399047036488,0.0,0.046875,0.0014296466269981681,0.0,7.289781079719534E-20,0.03614586675221898,5,5
1770321963483,0.8548676616582397,0.7142857142857143,5.4646324217748045E-5,0.5755637498127741,0.0,0.0,1,0.06413329996536153,0.0,0.046875,0.001427719032488415,0.0,5.831824863775628E-20,0.036142001710864013,5,5
1770321963946,0.8548676616582397,0.931314629314664,1.0,0.5637970632837719,0.0,0.0,1,0.06399239296640535,0.26997840172786175,0.046875,0.001447501370361191,0.0,4.665459891020503E-20,0.0361381374959906,5,5
1770321964404,0.8536095158213005,0.7284313590846835,5.38991214141272E-5,0.5662666100523219,0.0,0.0,1,0.06379954429005097,0.0,0.046875,0.0014455738091171339,0.0,3.732367912816403E-20,0.03613427410733372,5,5
1770321964865,0.8551423233855406,0.14285714285714288,5.4724048052991084E-5,0.5687328699332431,0.0,0.0,1,0.06800941985994945,0.0,0.046875,0.0014436547620756302,0.0,2.9858943302531224E-20,0.03613041154462859,5,5
1770321965330,0.8530019691936335,0.40406101782088427,0.0,0.5711962504501279,0.0,0.0,1,0.06749693392408218,0.0,0.046875,0.0014436547620756302,0.0,2.3887154642024982E-20,0.0361265498076101,5,5
1770321965797,0.8530019691936335,0.20203050891044214,0.0,0.5736561081820167,0.0,0.0,1,0.068487858951581,0.0,0.046875,0.0014436547620756302,0.0,1.9109723713619988E-20,0.036122688896013666,5,5
1770321966262,0.8572175108819349,0.8689660757568886,1.0,0.5591469624075256,0.0,0.0,1,0.06761407677216666,0.26881720430107525,0.046875,0.001470261090171338,0.0,1.528777897089599E-20,0.03611882880957473,5,5
1770321966740,0.8518089900522073,0.10101525445522107,0.2966713617992751,0.5588323976226329,0.0,0.0,1,0.06655805910644269,0.0,0.046875,0.0014768087713490062,0.0,1.2230223176716792E-20,0.03611496954802862,5,5
1770321967211,0.8538841775486017,0.31943828249996997,0.2994085394598968,0.5585197753880647,0.0,0.0,1,0.06841253889019545,0.0,0.046875,0.0014833851129732768,0.0,9.784178541373435E-21,0.036111111111111094,5,5
1770321967688,0.847383953332118,0.4164965639175215,5.740422354409579E-5,0.5609959363263457,0.0,0.0,1,0.06980135136967326,0.0,0.046875,0.0014814404721719583,0.0,7.827342833098748E-21,0.03610725349855781,5,5
1770321968143,0.8459593650449958,0.7142857142857143,0.30828231948041873,0.5606699873414245,0.0,0.0,1,0.0684951774560449,0.0,0.046875,0.0014880369799087655,0.0,6.261874266478999E-21,0.03610339671010465,5,5
1770321968614,0.8413678858747234,0.6468132241526726,1.0,0.5492854204424674,0.0,0.0,1,0.07330007676373651,0.2653927813163482,0.046875,0.0014993548214438583,0.0,5.009499413183199E-21,0.0360995407454876,5,5
1770321969085,0.8380345525413901,0.7354021529276429,0.30030240284181714,0.5490305587225518,0.0,0.0,1,0.07192144120931468,0.0,0.046875,0.0015060296137327299,0.0,4.0075995305465595E-21,0.03609568560444254,5,5
1770321969551,0.8403459224545782,0.8144110179279557,1.5819155069596901E-4,0.551516312168498,0.0,0.0,1,0.07100408599948745,0.0,0.046875,0.001501316724481339,0.0,3.2060796244372477E-21,0.03609183128670579,5,5
1770321970011,0.8475934483639062,0.10101525445522107,0.0,0.554000914725828,0.0,0.0,1,0.07011777765586731,0.0,0.046875,0.001501316724481339,0.0,2.5648636995497983E-21,0.03608797779201367,5,5
1770321970471,0.8488515942008452,0.5890150893739515,0.3154666810842697,0.5537177692787926,0.0,0.0,1,0.06853648239563492,0.0,0.046875,0.001508000208602245,0.0,2.0518909596398387E-21,0.036084125120102506,5,5
1770321970925,0.8475934483639063,0.22587697572631282,1.0,0.539818235024265,0.0,0.0,1,0.06899807004618363,0.2753303964757709,0.046875,0.0015358415048033127,0.0,1.641512767711871E-21,0.03608027327070884,5,5
1770321971414,0.8467764067044512,0.5890150893739515,1.6255175178661634E-4,0.5423124296683991,0.0,0.0,1,0.06785412202943554,0.0,0.046875,0.0015310251698571814,0.0,1.3132102141694969E-21,0.03607642224356922,5,5
1770321971874,0.8467764067044512,0.20203050891044214,1.6503924395015897E-4,0.5448045044975146,0.0,0.0,1,0.06687927665500729,0.0,0.046875,0.0015262297051762707,0.0,1.0505681713355976E-21,0.036072572038420514,5,5
1770321972326,0.8398735576209907,0.8689660757568886,6.160157930031526E-5,0.547295242417586,0.0,0.0,1,0.06682374369627457,0.0,0.046875,0.0015242416224349506,0.0,8.404545370684782E-22,0.0360687226549995,5,5
1770321972798,0.8391262559281463,0.0,6.254438234681173E-5,0.5497836138616113,0.0,0.0,1,0.06655775166097358,0.0,0.046875,0.0015222623163197544,0.0,6.723636296547825E-22,0.03617157490396927,5,5
1770321973267,0.8463737818374741,0.45175395145262565,1.0,0.5254208841920128,0.0,0.0,1,0.06768621223924465,0.5330490405117271,0.046875,0.001555317323927279,0.0,5.378909037238261E-22,0.03616771577936628,3,5
1770321973738,0.8463737818374741,0.22587697572631282,1.6387988434620412E-4,0.5279248869311112,0.0,0.0,1,0.0665943156841095,0.0,0.046875,0.0015504166186683513,0.0,4.303127229790609E-22,0.036163857478131,5,5
1770321974211,0.8403577143800796,0.36421567954234174,1.663876961481673E-4,0.5304274849455654,0.0,0.0,1,0.06585793688130104,0.0,0.046875,0.0015455371401025691,0.0,3.4425017838324874E-22,0.03615999999999997,5,5
1770321974682,0.8382825268836853,0.931314629314664,6.087208234887196E-5,0.5329294636292468,0.0,0.0,1,0.06507903173490283,0.0,0.046875,0.0015435490947516464,0.0,2.7540014270659902E-22,0.036156143344709846,5,5
1770321975144,0.8395406727206245,0.7889543583705186,1.7238128400447788E-4,0.5354288697518594,0.0,0.0,1,0.06410830830269106,0.0,0.046875,0.0015386907438127975,0.0,2.203201141652792E-22,0.036152287511997394,5,5
1770321975622,0.839195995894757,0.5050762722761054,1.0,0.524689550426796,0.0,0.0,1,0.06386472842062595,0.2615062761506276,0.046875,0.0015602393458988234,0.0,1.7625609133222339E-22,0.03614843250159949,5,5
1770321976090,0.8365132617706956,0.5050762722761054,6.109396564908517E-5,0.5271948565599808,0.0,0.0,1,0.06323329819887154,0.0,0.046875,0.001558251329052846,0.0,1.410048730657787E-22,0.03614457831325302,5,5
1770321976571,0.8333463708875454,0.8689660757568886,1.7563092899984702E-4,0.5296978648468251,0.0,0.0,1,0.06287194597732385,0.0,0.046875,0.001553329297535153,0.0,1.1280389845262298E-22,0.03614072494669507,5,5
1770321977036,0.8297768551374183,0.0,1.0,0.5088526181322902,0.0,1.0,1,0.06198665808687604,0.5376344086021505,0.046875,0.0015821392067646455,0.0,9.02431187620984E-23,0.03624347084532564,3,5
1770321977501,0.8251853759671458,0.10101525445522107,1.6857043957567677E-4,0.5113627540248165,0.0,0.0,1,0.06177932295922435,0.0,0.046875,0.0015771310201418537,0.0,7.219449500967872E-23,0.036239607759539494,5,5
1770321977964,0.826443521804085,0.6776309271789385,1.0,0.4888852997612741,0.0,0.0,1,0.06314177752412475,0.5399568034557235,0.046875,0.001621831371522201,0.0,5.775559600774298E-23,0.036235745497175786,3,5
1770321978427,0.8246045167244845,0.7284313590846835,1.6304372637625312E-4,0.49139549219700523,0.0,0.0,1,0.06244711228183769,0.0,0.046875,0.0016166688486456361,0.0,4.6204476806194383E-23,0.036231884057971064,5,5
1770321978886,0.8254215583839396,0.931314629314664,5.673249537360338E-5,0.49390704434993277,0.0,0.0,1,0.0625990848761324,0.0,0.046875,0.0016146543722727474,0.0,3.696358144495551E-23,0.036228023441662205,5,5
1770321979353,0.8287548917172729,0.5439837932759934,0.29279029609874824,0.49395144830727145,0.0,0.0,1,0.0627736475565971,0.0,0.046875,0.0016218313715222013,0.0,2.957086515596441E-23,0.03622416364798631,5,5
1770321979819,0.8233463708875453,0.14285714285714288,0.29551481574850025,0.4939956464095792,0.0,0.0,1,0.06503360503107987,0.0,0.046875,0.0016290397058154773,0.0,2.365669212477153E-23,0.03622030467668047,5,5
1770321980317,0.8191308291992438,0.6060915267313265,1.0,0.48428302411693686,0.0,0.0,1,0.06445172418363691,0.25100401606425704,0.046875,0.0016467623501137184,0.0,1.8925353699817224E-23,0.036216446527481905,5,5
1770321980799,0.8159639383160939,0.8689660757568886,5.7570447025917327E-5,0.48679301916419054,0.0,0.0,1,0.06353278865916395,0.0,0.046875,0.001644730027462037,0.0,1.514028295985378E-23,0.03621258920012782,5,5
1770321981260,0.8178029433956943,0.5439837932759934,1.7400891153370314E-4,0.48930273047386186,0.0,0.0,1,0.06303962470335285,0.0,0.046875,0.0016394772403917172,0.0,1.2112226367883024E-23,0.03620873269435565,5,5
1770321981726,0.818104292508001,0.20203050891044214,0.0,0.49181441206970095,0.0,0.0,1,0.06563795281542756,0.0,0.046875,0.0016394772403917172,0.0,9.68978109430642E-24,0.03620487700990305,5,5
1770321982197,0.8166797042208785,0.6060915267313265,6.0861466747254127E-5,0.494326021469911,0.0,0.0,1,0.06517961613657283,0.0,0.046875,0.0016374538755950137,0.0,7.751824875445136E-24,0.036201022146507666,5,5
1770321982671,0.8181042925080008,0.7142857142857143,1.0,0.48460729097947486,0.0,0.0,1,0.06444093935930274,0.26371308016877637,0.046875,0.0016626579128061444,0.0,6.201459900356109E-24,0.03619716810390716,5,5
1770321983136,0.8246045167244844,0.5050762722761054,1.8113282879700157E-4,0.48711641388708415,0.0,0.0,1,0.06399184774214345,0.0,0.046875,0.0016573364230914288,0.0,4.9611679202848874E-24,0.03619331488183952,5,5
1770321983605,0.8311047409409679,0.28571428571428575,6.146676063735945E-5,0.48962714915483746,0.0,0.0,1,0.06388850007009307,0.0,0.046875,0.0016553041215491128,0.0,3.96893433622791E-24,0.03618946248004262,5,5
1770321984083,0.832362886777907,0.22587697572631282,0.0,0.49213889123493654,0.0,0.0,1,0.06310554419284646,0.0,0.046875,0.0016553041215491128,0.0,3.175147468982328E-24,0.03618561089825456,5,5
1770321984546,0.8263468193205125,0.45175395145262565,1.914872337773918E-4,0.49464956946491234,0.0,0.0,1,0.062614997877742,0.0,0.046875,0.001650005622358759,0.0,2.5401179751858627E-24,0.03618176013621366,5,5
1770321985019,0.8277714076076347,0.30304576336566325,1.0,0.48492106709730803,0.0,0.0,1,0.06173229115762048,0.2642706131078224,0.046875,0.0016680025008780795,0.0,2.0320943801486902E-24,0.036177910193658236,5,5
1770321985478,0.8269543659481795,0.20203050891044214,1.9020940489182132E-4,0.48743026996967004,0.0,1.0,1,0.061262668667741674,0.0,0.046875,0.0016626579128061446,0.0,1.6256755041189523E-24,0.03617406107032661,5,5
1770321985944,0.8269543659481795,0.5150787536377127,6.422412555761895E-5,0.489941077274555,0.0,0.0,1,0.060447412847168334,0.0,0.046875,0.001660625621892655,0.0,1.3005404032951619E-24,0.036170212765957444,5,5
1770321986425,0.8242716318241181,0.5050762722761054,0.32791565685135815,0.4900046219826905,0.0,0.0,1,0.06190542374496126,0.0,0.046875,0.0016680025008780795,0.0,1.0404323226361296E-24,0.03616636528028938,5,5
1770321986889,0.8288631109943906,0.14285714285714288,0.3307325266395649,0.49006787324251183,0.0,0.0,1,0.06252002393316357,0.0,0.046875,0.001675411561525284,0.0,8.323458581089038E-25,0.03616251861306108,5,5
1770321987365,0.8285617618820837,0.8571428571428571,1.0,0.48285235255073544,0.0,0.0,1,0.062158576986171735,0.26260504201680673,0.046875,0.0016882673895837312,0.0,6.65876686487123E-25,0.036158672764011524,5,5
1770321987853,0.8267612361129903,0.0,0.0,0.48536239149725957,0.0,0.0,1,0.06405114458010651,0.0,0.046875,0.0016882673895837312,0.0,5.327013491896985E-25,0.03626116546150571,5,5
1770321988317,0.8202610118965069,0.20203050891044214,1.0,0.46646136860273063,0.0,0.0,1,0.06319723016903132,0.5387931034482758,0.046875,0.0017198217796560906,0.0,4.2616107935175875E-25,0.03625730994152043,3,5
1770321988784,0.8215191577334461,0.6468132241526726,0.0,0.468963468661715,0.0,0.0,1,0.06290633865653565,0.0,0.046875,0.0017198217796560906,0.0,3.4092886348140704E-25,0.036253455241335275,5,5
1770321989251,0.8215191577334461,0.7693092581620721,6.35525067682619E-5,0.4714666552646538,0.0,0.0,1,0.062438781478444734,0.0,0.046875,0.0017177533240620884,0.0,2.7274309078512564E-25,0.03624960136068889,5,5
1770321989730,0.8293357509599341,0.4164965639175215,0.0,0.47397175278315246,0.0,0.0,1,0.061696267891155884,0.0,0.046875,0.0017177533240620884,0.0,2.1819447262810053E-25,0.0362457482993197,5,5
1770321990194,0.828728204332267,0.22587697572631282,6.584200423450733E-5,0.47647768376154803,0.0,1.0,1,0.06122670526905849,0.0,0.046875,0.0017156939932335435,0.0,1.7455557810248044E-25,0.036241896056966705,5,5
1770321990659,0.8278414227062011,0.5439837932759934,1.0,0.46718857348331816,0.0,0.0,1,0.06271655679674462,0.26881720430107525,0.046875,0.0017288911802687743,0.0,1.3964446248198436E-25,0.03623804463336877,5,5
1770321991163,0.8353902977278358,0.5150787536377127,0.0,0.46969114030004283,0.0,0.0,1,0.06277226649145021,0.0,0.046875,0.0017288911802687743,0.0,1.1171556998558749E-25,0.03623419402826478,5,5
1770321991622,0.8387236310611691,0.40406101782088427,2.0671645570763874E-4,0.47219375102515704,0.0,0.0,1,0.06257002168227599,0.0,0.046875,0.0017233102057956477,0.0,8.937245598846999E-26,0.03623034424139393,5,5
1770321992090,0.8327075636037743,0.42857142857142855,6.739113966308507E-5,0.4746987663002266,0.0,0.0,1,0.06296246270070316,0.0,0.046875,0.0017212508862610037,0.0,7.149796479077599E-26,0.03622649527249544,5,5
1770321992559,0.8287933710277798,0.8144110179279557,2.1416255196196355E-4,0.47720404222858653,0.0,0.0,1,0.06359043694895765,0.0,0.046875,0.0017156939932335437,0.0,5.71983718326208E-26,0.03622264712130874,5,5
1770321993039,0.8348094384851744,0.5439837932759934,1.0,0.46557373822176323,0.0,0.0,1,0.06435567120789279,0.2604166666666667,0.046875,0.0017478480773916857,0.0,4.575869746609664E-26,0.03621879978757303,5,5
1770321993517,0.8335512926482352,0.22587697572631282,0.0,0.4680752540267983,0.0,0.0,1,0.064082264726056,0.0,0.046875,0.0017478480773916857,0.0,3.6606957972877314E-26,0.03621495327102808,5,5
1770321993979,0.8358626625614233,0.30304576336566325,0.0,0.4705783755645244,0.0,0.0,1,0.06367466911249374,0.0,0.046875,0.0017478480773916857,0.0,2.9285566378301854E-26,0.03621110757141344,5,5
1770321994451,0.8337223083695161,0.5714285714285715,0.0,0.4730829778458504,0.0,0.0,1,0.0662875578485355,0.0,0.046875,0.0017478480773916857,0.0,2.3428453102641485E-26,0.036207262688468855,5,5
1770321994915,0.8277062409121215,0.7071067811865476,7.125187575974069E-5,0.47558845659521937,0.0,0.0,1,0.06781638354068341,0.0,0.046875,0.0017457796790650267,0.0,1.874276248211319E-26,0.036203418621934436,5,5
1770321995389,0.8303889750361829,0.7284313590846835,1.0,0.46632082423079557,0.0,0.0,1,0.06773268349175354,0.26371308016877637,0.046875,0.0017592293923036084,0.0,1.499420998569055E-26,0.03619957537154994,5,5
1770321995903,0.8316471208731221,0.20203050891044214,2.2311951554088367E-4,0.468821324812021,0.0,0.0,1,0.06667675243954,0.0,0.046875,0.0017535264322161633,0.0,1.1995367988552441E-26,0.03619573293705547,5,5
1770321996370,0.8305554174863662,0.8571428571428571,7.129475780394962E-5,0.47132442613490855,0.0,0.0,1,0.0659561589070491,0.0,0.046875,0.0017514580455041825,0.0,9.596294390841953E-27,0.03619189131819145,5,5
1770321996875,0.8318135633233052,0.6468132241526726,1.0,0.450779623876169,0.0,0.0,1,0.064661455009712,0.49504950495049505,0.046875,0.0017960471713264882,0.0,7.677035512673563E-27,0.03618805051469809,3,5
1770321997339,0.8318135633233052,0.31943828249996997,0.0,0.4532690686688209,0.0,0.0,1,0.0639060648598405,0.0,0.046875,0.0017960471713264882,0.0,6.1416284101388504E-27,0.03618421052631582,5,5
1770321997815,0.8318135633233052,0.36421567954234174,0.0,0.4557608529192176,0.0,0.0,1,0.06316986747979685,0.0,0.046875,0.0017960471713264882,0.0,4.9133027281110806E-27,0.03618037135278518,5,5
1770321998284,0.8273303034301506,0.6468132241526726,0.0,0.45825485390781123,0.0,0.0,1,0.06531349957179641,0.0,0.046875,0.0017960471713264882,0.0,3.930642182488865E-27,0.03617653299384682,5,5
1770321998753,0.821921782600423,0.6060915267313265,7.044418940339101E-5,0.46075048203895014,0.0,0.0,1,0.06456836981940886,0.0,0.046875,0.0017939697037091622,0.0,3.1445137459910918E-27,0.03617269544924151,5,5
1770321999241,0.8245778293394785,0.22587697572631282,1.0,0.4518389133287563,0.0,0.0,1,0.06756045989756174,0.25614754098360654,0.046875,0.001811680530612048,0.0,2.5156109967928737E-27,0.03616885871871023,5,5
1770321999700,0.8299863501692061,0.22587697572631282,0.33727997110504854,0.4520695203455173,0.0,0.0,1,0.06830179079231283,0.0,0.046875,0.0018176353202908745,0.0,2.0124887974342992E-27,0.03616502280199385,5,5
1770322000171,0.8285617618820839,0.45175395145262565,0.340044624812035,0.45229966707604696,0.0,0.0,1,0.06804987845613421,0.0,0.046875,0.0018256932865153097,0.0,1.6099910379474395E-27,0.036161187698833475,5,5
1770322000645,0.8363783551085718,0.20203050891044214,0.0,0.45479055511427263,0.0,0.0,1,0.06646424582460123,0.0,0.046875,0.0018256932865153097,0.0,1.2879928303579518E-27,0.036157353408970416,5,5
1770322001109,0.8318950952154172,0.7693092581620721,0.0,0.45728370771759597,0.0,1.0,1,0.06704353853817349,0.0,0.046875,0.0018256932865153097,0.0,1.0303942642863614E-27,0.03615351993214588,5,5
1770322001578,0.8306636367634839,0.7071067811865476,1.0,0.44845500807977123,0.0,0.0,1,0.06586273766542372,0.26652452025586354,0.046875,0.0018458772079440284,0.0,8.243154114290892E-28,0.036149687268101305,5,5
1770322002046,0.8338887508196996,0.36421567954234174,2.396974640020196E-4,0.45094059953194143,0.0,0.0,1,0.06445015496161291,0.0,0.046875,0.0018398187104925992,0.0,6.594523291432714E-28,0.03614585541657833,5,5
1770322002509,0.8353133391068218,0.22587697572631282,2.4336511795410625E-4,0.45342864249845793,0.0,0.0,1,0.06331243935236439,0.0,0.046875,0.0018337863097326978,0.0,5.275618633146172E-28,0.036142024377318505,5,5
1770322002974,0.838646672440155,0.5439837932759934,0.3571133075885565,0.45365333241193834,0.0,0.0,1,0.06278350436933848,0.0,0.046875,0.0018419145385295567,0.0,4.220494906516937E-28,0.036138194150063585,5,5
1770322003447,0.8407218599365494,0.6388765649999399,2.5033069624122385E-4,0.45614390049894704,0.0,0.0,1,0.06246103551127763,0.0,0.046875,0.0018358821503430046,0.0,3.37639592521355E-28,0.036134364734555446,5,5
1770322003914,0.8434045940606106,0.22587697572631282,1.0,0.447340683551428,0.0,0.0,1,0.061671720161057125,0.26766595289079226,0.046875,0.0018500781220980862,0.0,2.7011167401708405E-28,0.036130536130536184,5,5
1770322004379,0.8488131148903383,0.6388765649999399,7.340044634945533E-5,0.4498262289662765,0.0,0.0,1,0.06365472542080741,0.0,0.046875,0.0018479730233487844,0.0,2.1608933921366725E-28,0.03612670833774767,5,5
1770322004851,0.8507218599365493,0.7889543583705186,0.0,0.4523147446467844,0.0,0.0,1,0.06298535278254197,0.0,0.046875,0.0018479730233487844,0.0,1.728714713709338E-28,0.036122881355932224,5,5
1770322005326,0.8519800057734884,0.5714285714285715,0.0,0.45480564669159557,0.0,0.0,1,0.06330320622042648,0.0,0.046875,0.0018479730233487844,0.0,1.3829717709674705E-28,0.03611905518483216,5,5
1770322005794,0.8525875524011556,0.10101525445522107,7.759663335476633E-5,0.4572983449513851,0.0,0.0,1,0.06329559901608957,0.0,0.046875,0.0018458772079440278,0.0,1.1063774167739765E-28,0.0361152298241898,5,5
1770322006269,0.8490180366510283,0.28571428571428575,1.0,0.44846891187557514,0.0,0.0,1,0.06319991255743762,0.2631578947368421,0.046875,0.0018642103806224364,0.0,8.851019334191812E-29,0.03611140527374779,5,5
1770322006758,0.8436095158213008,0.6468132241526726,2.600025556384385E-4,0.4509544937052532,0.0,0.0,1,0.06300278389801825,0.0,0.046875,0.0018580729325476024,0.0,7.08081546735345E-29,0.03610758153324867,5,5
1770322007224,0.84486766165824,0.5150787536377127,0.3738276289408018,0.4511891574878246,0.0,0.0,1,0.06486083724328097,0.0,0.046875,0.0018663061577754068,0.0,5.664652373882761E-29,0.0361037586024352,5,5
1770322007695,0.8461258074951791,0.7142857142857143,0.0,0.4536789955468038,0.0,0.0,1,0.06788529415171177,0.0,0.046875,0.0018663061577754068,0.0,4.531721899106209E-29,0.03609993648105014,5,5
1770322008161,0.8440506199987847,0.7693092581620721,0.38431849173789046,0.4539027143557268,0.0,0.0,1,0.06820847356450489,0.0,0.046875,0.0018745751789085443,0.0,3.6253775192849675E-29,0.03609611516883671,5,5
1770322008636,0.8440506199987847,0.8689660757568886,1.0,0.4451558203860187,0.0,0.0,1,0.06908657662506996,0.2631578947368421,0.046875,0.001901612962957645,0.0,2.9003020154279743E-29,0.03609229466553765,5,5
1770322009106,0.8386420991690572,0.931314629314664,0.3710870115898466,0.44541336266744075,0.0,0.0,1,0.07109825900141167,0.0,0.046875,0.0019100349539300796,0.0,2.3202416123423797E-29,0.0360884749708964,5,5
1770322009569,0.8394591408285124,0.10101525445522107,0.3739490815767471,0.44566991588768795,0.0,0.0,1,0.072200647990212,0.0,0.046875,0.0019184935369870152,0.0,1.856193289873904E-29,0.03608465608465605,5,5
1770322010033,0.8394591408285124,0.10101525445522107,0.37681149017344207,0.44592548263449455,0.0,0.0,1,0.07160993353552475,0.0,0.046875,0.00192698886692472,0.0,1.4849546318991232E-29,0.036080838006560145,5,5
1770322010490,0.8463619899119728,0.4164965639175215,1.0,0.4265912196690115,0.0,0.0,1,0.07538059496585163,0.5470459518599562,0.046875,0.001969999494919768,0.0,1.1879637055192987E-29,0.036077020736352106,3,5
1770322010986,0.8449374016248506,0.31943828249996997,0.34307342092435084,0.4269174051295385,0.0,0.0,1,0.07464753991821604,0.0,0.046875,0.0019787178071487077,0.0,9.50370964415439E-30,0.03607320427377547,5,5
1770322011465,0.8449374016248506,0.5890150893739515,2.645187664095785E-4,0.42937647302811743,0.0,0.0,1,0.07241838890000277,0.0,0.046875,0.0019721704842558373,0.0,7.602967715323512E-30,0.036069388618574116,5,5
1770322011932,0.8426260317116625,0.8144110179279557,7.607836707446415E-5,0.431840196223123,0.0,0.0,1,0.07095976105890674,0.0,0.046875,0.001969999494919741,0.0,6.08237417225881E-30,0.0360655737704918,5,5
1770322012417,0.8447663859035697,0.20203050891044214,7.72427124579195E-5,0.4343072968148126,0.0,0.0,1,0.06976308643593948,0.0,0.046875,0.0019678380739814203,0.0,4.8658993378070485E-30,0.03606175972927239,5,5
1770322012887,0.8420836517795084,0.0,1.0,0.42601822143288337,0.0,0.0,1,0.06968466315072391,0.26595744680851063,0.046875,0.0019875650258172795,0.0,3.892719470245639E-30,0.036163688273236794,5,5
1770322013348,0.8466751309497808,0.45175395145262565,0.35276104364970967,0.42634643565220665,0.0,0.0,1,0.06907619047754426,0.0,0.046875,0.0019963588762037057,0.0,3.1141755761965114E-30,0.03615986466483401,5,5
1770322013801,0.8474921726092359,0.30304576336566325,1.0,0.40793795593158716,0.0,0.0,1,0.06836007523101777,0.5518763796909492,0.046875,0.0020411101701980476,0.0,2.4913404609572093E-30,0.03615604186489063,3,5
1770322014257,0.8462340267722968,0.4164965639175215,2.5806709846203476E-4,0.4103659634583983,0.0,0.0,1,0.06801217664335911,0.0,0.046875,0.0020343042192943884,0.0,1.9930723687657677E-30,0.03615221987315009,5,5
1770322014740,0.8441588392759027,0.6776309271789385,7.13053342526859E-5,0.4127995294123682,0.0,0.0,1,0.0669832599636731,0.0,0.046875,0.0020321237513723236,0.0,1.5944578950126144E-30,0.036148398689356265,5,5
1770322015213,0.8426260317116625,0.6060915267313265,0.0,0.4152378063020215,0.0,0.0,1,0.06735088266726329,0.0,0.046875,0.0020321237513723236,0.0,1.2755663160100916E-30,0.03614457831325302,5,5
1770322015690,0.839400917655447,0.0,0.0,0.41768024096140266,0.0,0.0,1,0.06717346844335868,0.0,0.046875,0.0020321237513723236,0.0,1.0204530528080734E-30,0.03624643347775547,5,5
1770322016151,0.8427342509887803,0.30304576336566325,1.0,0.40167969833026373,0.0,0.0,1,0.06672094194878357,0.5422993492407809,0.046875,0.002077772567349795,0.0,8.163624422464588E-31,0.03624260355029585,3,5
1770322016633,0.8427342509887803,0.31943828249996997,0.0,0.404097494227466,0.0,0.0,1,0.06591679669752232,0.0,0.046875,0.002077772567349795,0.0,6.530899537971671E-31,0.036238774432118315,5,5
1770322017113,0.8346768062285526,0.5050762722761054,0.0,0.4065199553611651,0.0,0.0,1,0.06654177045081427,0.0,0.046875,0.002077772567349795,0.0,5.224719630377337E-31,0.036234946122966405,5,5
1770322017575,0.8274292803192246,0.7071067811865476,7.280434690552774E-5,0.40894653273723064,0.0,0.0,1,0.06551203353230006,0.0,0.046875,0.0020755825394541674,0.0,4.17977570430187E-31,0.03623111862258366,5,5
1770322018037,0.8274292803192246,0.7889543583705186,2.799112818777397E-4,0.4113763281781314,0.0,0.0,1,0.06427820639074827,0.0,0.046875,0.002068628638346225,0.0,3.343820563441496E-31,0.036227291930713945,5,5
1770322018501,0.8292682853988249,0.10101525445522107,1.0,0.40361316580761436,0.0,0.0,1,0.06462777080446151,0.2693965517241379,0.046875,0.002077772567349795,0.0,2.6750564507531973E-31,0.03622346604710103,5,5
1770322018960,0.8274292803192246,0.20203050891044214,2.7469396651381197E-4,0.4060330564155225,0.0,0.0,1,0.06384323489300914,0.0,0.046875,0.002070818681605786,0.0,2.140045160602558E-31,0.03621964097148889,5,5
1770322019427,0.8286607387711579,0.5050762722761054,0.3417377685500295,0.40642725818693204,0.0,0.0,1,0.06441104965842373,0.0,0.046875,0.002079972287829509,0.0,1.7120361284820464E-31,0.03621581670362162,5,5
1770322019889,0.8280147128329838,0.5050762722761054,2.8264356805222154E-4,0.40885244639607565,0.0,0.0,1,0.06344292174323612,0.0,0.046875,0.0020730184175213433,0.0,1.3696289027856373E-31,0.0362119932432432,5,5
1770322020344,0.8280147128329838,0.5890150893739515,1.0,0.38931538858899944,0.0,0.0,1,0.06326333818116693,0.5494505494505494,0.046875,0.002114746198347922,0.0,1.09570312222851E-31,0.036208170590098177,3,5
1770322020806,0.8256066404362232,0.5890150893739515,2.640745872166345E-4,0.3917058647521022,0.0,0.0,1,0.0627712945223395,0.0,0.046875,0.00210767177213185,0.0,8.76562497782808E-32,0.03620434874393075,5,5
1770322021273,0.8251468966566385,0.7071067811865476,1.0,0.3749212065654724,0.0,0.0,1,0.06233288876919733,0.5353319057815845,0.046875,0.002169614785387522,0.0,7.012499982262465E-32,0.03620052770448545,3,5
1770322021735,0.8220784736077323,0.0,0.0,0.377279499261395,0.0,0.0,1,0.06407051432911288,0.0,0.046875,0.002169614785387522,0.0,5.609999985809972E-32,0.03630223723089909,5,5
1770322022190,0.8233366194446715,0.40406101782088427,1.0,0.36116177798754723,0.0,0.0,1,0.0733968851062624,0.5494505494505494,0.046875,0.0022260598486808125,0.0,4.4879999886479775E-32,0.03629840666877704,3,5
1770322022655,0.8272220841530329,0.5050762722761054,0.0,0.3634838503435116,0.0,0.0,1,0.08487414048530778,0.0,0.046875,0.0022260598486808125,0.0,3.590399990918382E-32,0.03629457691496096,5,5
1770322023112,0.8278296307807,0.7354021529276429,6.353899435079512E-5,0.36581189363882227,0.0,0.0,1,0.08206571896123832,0.0,0.046875,0.0022237913916347625,0.0,2.872319992734706E-32,0.03629074796919507,5,5
1770322023584,0.8278296307807,0.931314629314664,2.5684600940201695E-4,0.368145001154354,0.0,0.0,1,0.07900342095035506,0.0,0.046875,0.0022162787112744594,0.0,2.2978559941877648E-32,0.036286919831223674,5,5
1770322024043,0.8307870266320623,0.40406101782088427,2.6077596545560943E-4,0.370484298244873,0.0,0.0,1,0.07728273409964254,0.0,0.046875,0.002208798192780642,0.0,1.8382847953502118E-32,0.03628309250079109,5,5
1770322024513,0.8307870266320623,0.6776309271789385,1.0,0.36183248904081705,0.0,0.0,1,0.07527275730926013,0.26595744680851063,0.046875,0.002243460651902388,0.0,1.4706278362801695E-32,0.03627926597764186,5,5
1770322024971,0.8238841775486017,0.614451804788759,6.487370781543563E-5,0.3641560056531949,0.0,0.0,1,0.07466974444972703,0.0,0.046875,0.002241182196998153,0.0,1.1765022690241357E-32,0.03627544026152063,5,5
1770322025437,0.8251156360005351,0.7354021529276429,2.635591310697571E-4,0.36648464297737376,0.0,0.0,1,0.07281438228739065,0.0,0.046875,0.0022336048075826767,0.0,9.412018152193087E-33,0.03627161535217205,5,5
1770322025899,0.8166386921219011,0.20203050891044214,0.0,0.3688211802974749,0.0,0.0,1,0.07451538474542331,0.0,0.046875,0.0022336048075826767,0.0,7.52961452175447E-33,0.0362677912493411,5,5
1770322026367,0.8101384679054177,0.8689660757568886,0.30289841974120735,0.3693169915208608,0.0,1.0,1,0.07573742273887535,0.0,0.046875,0.002243460651902362,0.0,6.0236916174035766E-33,0.036263967952772536,5,5
1770322026909,0.8147299470756901,0.6388765649999399,1.0,0.36249853929441256,0.0,0.0,1,0.07524670651582555,0.23062730627306272,0.046875,0.002258713228057631,0.0,4.8189532939228615E-33,0.03626014546221146,5,5
1770322027381,0.8216327961591506,0.614451804788759,0.0,0.36482429801385546,0.0,0.0,1,0.07504222742820138,0.0,0.046875,0.002258713228057631,0.0,3.855162635138289E-33,0.036256323777403066,5,5
1770322027838,0.8216327961591506,0.40406101782088427,6.854459187645579E-5,0.36715597140702527,0.0,0.0,1,0.07390214083444906,0.0,0.046875,0.0022564348085705507,0.0,3.084130108110632E-33,0.036252502898092565,5,5
1770322028305,0.8243155302832119,0.5050762722761054,2.8127829834653485E-4,0.36949262009650524,0.0,0.0,1,0.07219908702879758,0.0,0.046875,0.0022487921520930915,0.0,2.4673040864885055E-33,0.03624868282402527,5,5
1770322028771,0.8258896250783853,0.5714285714285715,0.3135697353623621,0.3699868630024432,0.0,0.0,1,0.07104214887110848,0.0,0.046875,0.002258713228057604,0.0,1.9738432691908045E-33,0.03624486355494683,5,5
1770322029247,0.8279648125747796,0.5150787536377127,1.0,0.3631557680042141,0.0,0.0,1,0.06972409364634596,0.26260504201680673,0.046875,0.0022841271588083995,0.0,1.5790746153526437E-33,0.036241045090602664,5,5
1770322029714,0.8312981459081128,0.7284313590846835,6.981746068911321E-5,0.36548291251683723,0.0,0.0,1,0.06907928931521756,0.0,0.046875,0.002281838717170686,0.0,1.263259692282115E-33,0.03623722743073843,5,5
1770322030184,0.8279648125747795,0.5439837932759934,0.0,0.3678167711995897,0.0,0.0,1,0.06833390587638315,0.0,0.046875,0.002281838717170686,0.0,1.010607753825692E-33,0.0362334105751001,5,5
1770322030634,0.8279648125747795,0.7693092581620721,0.0,0.3701568390549952,0.0,0.0,1,0.06828463406147596,0.0,0.046875,0.002281838717170686,0.0,8.084862030605536E-34,0.03622959452343344,5,5
1770322031107,0.8325562917450519,0.614451804788759,7.380881959436511E-5,0.3725026030324821,0.0,0.0,1,0.06734694770066135,0.0,0.046875,0.0022795603514309433,0.0,6.4678896244844295E-34,0.03622577927548443,5,5
1770322031565,0.831061963491319,0.7889543583705186,1.0,0.3656144000845143,0.0,0.0,1,0.06618888937788814,0.2729257641921397,0.046875,0.0022974217286561567,0.0,5.174311699587544E-34,0.036221964830999265,5,5
1770322032025,0.831061963491319,0.20203050891044214,2.991907417971084E-4,0.3679469038859821,0.0,0.0,1,0.06497439018641607,0.0,0.046875,0.0022896135289420545,0.0,4.139449359670035E-34,0.03621815118972416,5,5
1770322032513,0.8356534426615914,0.7142857142857143,0.3252068904146782,0.3684448262039167,0.0,0.0,1,0.0661746938938313,0.0,0.046875,0.0022997101338741634,0.0,3.311559487736028E-34,0.03621433835140542,5,5
1770322032977,0.8402449218318638,0.20203050891044214,0.3280184141459044,0.3689415934822535,0.0,0.0,1,0.06536714775608814,0.0,0.046875,0.002309850348397176,0.0,2.6492475901888226E-34,0.03621052631578947,5,5
1770322033442,0.8425562917450519,0.45175395145262565,3.1217479468110816E-4,0.3712828829333242,0.0,0.0,1,0.06586660542147572,0.0,0.046875,0.0023020086585323852,0.0,2.119398072151058E-34,0.03620671508262285,5,5
1770322033905,0.8425562917450519,0.6776309271789385,1.0,0.3662457766532925,0.0,0.0,1,0.06723411526571066,0.26997840172786175,0.046875,0.0023177257045208437,0.0,1.6955184577208467E-34,0.03620290465165232,5,5
1770322034366,0.8435851028417966,0.931314629314664,3.117746541007829E-4,0.36857994919602444,0.0,0.0,1,0.06587130078410613,0.0,0.046875,0.002309850348397176,0.0,1.3564147661766774E-34,0.03619909502262442,5,5
1770322034841,0.8483092142686909,0.7693092581620721,0.3354355745068056,0.36907640998194363,0.0,0.0,1,0.06544242599494504,0.0,0.046875,0.0023200343554114207,0.0,1.0851318129413419E-34,0.036195286195286225,5,5
1770322035324,0.8483092142686909,0.7354021529276429,3.208378325563245E-4,0.3714180423249999,0.0,0.0,1,0.06492845955511707,0.0,0.046875,0.0023121590178829857,0.0,8.681054503530735E-35,0.036191478169384506,5,5
1770322035789,0.8483092142686909,0.6468132241526726,0.0,0.37376747550567796,0.0,0.0,1,0.06504937503594443,0.0,0.046875,0.0023121590178829857,0.0,6.944843602824588E-35,0.03618767094466657,5,5
1770322036240,0.8518787300188181,0.614451804788759,1.0,0.3668531251326605,0.0,0.0,1,0.06740999494587671,0.2771618625277162,0.046875,0.002338205410336756,0.0,5.555874882259671E-35,0.036183864520879405,5,5
1770322036735,0.8483092142686909,0.4164965639175215,7.866938242585323E-5,0.36919021851502254,0.0,0.0,1,0.06702271224701262,0.0,0.046875,0.002335886589826967,0.0,4.444699905807737E-35,0.03618005889777032,5,5
1770322037211,0.8503844017650852,0.30304576336566325,7.987337789333331E-5,0.37153346442500473,0.0,0.0,1,0.06805568086153858,0.0,0.046875,0.002333577976387211,0.0,3.55575992464619E-35,0.03617625407508673,5,5
1770322037684,0.84956736010563,0.20203050891044214,8.109579792495119E-5,0.3738827684140789,0.0,0.0,1,0.06824772089124721,0.0,0.046875,0.002331279525937417,0.0,2.844607939716952E-35,0.03617245005257619,5,5
1770322038150,0.8456531675296356,0.10101525445522107,8.233692438185424E-5,0.3762380349313792,0.0,0.0,1,0.06738703395796698,0.0,0.046875,0.0023289911945829525,0.0,2.2756863517735618E-35,0.03616864682998633,5,5
1770322038653,0.8443950216926964,0.8571428571428571,1.0,0.36016780303482077,0.0,0.0,1,0.07056098970143135,0.4970178926441352,0.046875,0.002381957464552146,0.0,1.8205490814188496E-35,0.0361648444070648,3,5
1770322039110,0.8443950216926964,0.22587697572631282,0.0,0.3624871105197722,0.0,0.0,1,0.06983607110663215,0.0,0.046875,0.002381957464552146,0.0,1.4564392651350796E-35,0.03616104278355936,5,5
1770322039579,0.8516425476020243,0.6776309271789385,3.3472479456235943E-4,0.36481105757801013,0.0,0.0,1,0.06847071335325523,0.0,0.046875,0.0023738076888787352,0.0,1.1651514121080638E-35,0.03615724195921799,5,5
1770322040045,0.8443950216926964,0.6060915267313265,3.3984582270303967E-4,0.36714132579723124,0.0,0.0,1,0.06729991161164342,0.0,0.046875,0.0023656927156984397,0.0,9.32121129686451E-36,0.03615344193378878,5,5
1770322040520,0.8464702091890907,0.6776309271789385,0.3529059795406545,0.3676412062501644,0.0,0.0,1,0.06628099295036291,0.0,0.046875,0.0023761162071536676,0.0,7.456969037491609E-36,0.0361496427070197,5,5
1770322040989,0.8417460977621963,0.7284313590846835,1.0,0.36086209291754334,0.0,0.0,1,0.06629061646294535,0.26652452025586354,0.046875,0.0024029891287969617,0.0,5.965575229993287E-36,0.03614584427865919,5,5
1770322041465,0.8452120633521516,0.5050762722761054,3.410718883945582E-4,0.36318154352074,0.0,0.0,1,0.0673749442238421,0.0,0.046875,0.0023947693529050985,0.0,4.77246018399463E-36,0.03614204664845555,5,5
1770322041973,0.8478681100912071,0.6388765649999399,0.34892099852463043,0.36369048436554424,0.0,0.0,1,0.06882140595695908,0.0,0.046875,0.002405318045873472,0.0,3.8179681471957045E-36,0.03613824981615721,5,5
1770322042440,0.8478681100912071,0.6776309271789385,3.5089121248054643E-4,0.3660176955539241,0.0,0.0,1,0.06717245829009763,0.0,0.046875,0.0023970982896439983,0.0,3.054374517756564E-36,0.03613445378151259,5,5
1770322042915,0.8491262559281462,0.7142857142857143,0.35897682827382477,0.36651977820826676,0.0,0.0,1,0.06826217299377224,0.0,0.046875,0.002405318045873472,0.0,2.4434996142052512E-36,0.036130658544270555,5,5
1770322043374,0.850620584181879,0.36421567954234174,1.0,0.35976677951677827,0.0,0.0,1,0.06777152743532525,0.27233115468409586,0.046875,0.0024385509130657526,0.0,1.954799691364201E-36,0.03612686410417976,5,5
1770322043837,0.8471546185919238,0.5050762722761054,0.0,0.3620849658825905,0.0,0.0,1,0.06974649476411893,0.0,0.046875,0.0024385509130657526,0.0,1.563839753091361E-36,0.03612307046098917,5,5
1770322044316,0.8458964727549846,0.8144110179279557,0.3545984145540076,0.36259639910985847,0.0,0.0,1,0.06826913398220738,0.0,0.046875,0.0024492874382104025,0.0,1.2510718024730889E-36,0.036119277614447665,5,5
1770322044776,0.837620135748912,0.8144110179279557,0.0,0.3649224258816854,0.0,0.0,1,0.0676983741592253,0.0,0.046875,0.0024492874382104025,0.0,1.0008574419784711E-36,0.03611548556430444,5,5
1770322045241,0.840487951925257,0.5050762722761054,1.0,0.3511235495498572,0.0,0.0,1,0.06639493325853135,0.5376344086021505,0.046875,0.002505141547542286,0.0,8.006859535827769E-37,0.036111694310308584,3,5
1770322045715,0.8425631394216514,0.45175395145262565,0.0,0.3534167859709369,0.0,0.0,1,0.06559908152782254,0.0,0.046875,0.002505141547542286,0.0,6.405487628662216E-37,0.03610790385220952,5,5
1770322046193,0.837620135748912,0.5050762722761054,0.0,0.3557167891193138,0.0,0.0,1,0.06493262082163227,0.0,0.046875,0.002505141547542286,0.0,5.124390102929773E-37,0.03610411418975645,5,5
1770322046648,0.837620135748912,1.0,0.3479479777537217,0.35624201606488276,0.0,0.0,1,0.06443986251200125,0.0,0.046875,0.002516163994043614,0.0,4.099512082343818E-37,0.036100325322699134,5,5
1770322047113,0.839528880795123,0.8689660757568886,3.7160585943742585E-4,0.35854833311142575,0.0,0.0,1,0.06685466964776814,0.0,0.046875,0.00250751168685993,0.0,3.2796096658750546E-37,0.036096537250786986,5,5
1770322047570,0.839528880795123,0.28571428571428575,1.0,0.3519686897157343,0.0,0.0,1,0.06747397215929865,0.2735229759299781,0.046875,0.002535960404658228,0.0,2.6236877327000437E-37,0.03609274997376977,5,5
1770322048044,0.8478052178011957,0.20203050891044214,3.680084301107678E-4,0.35426255929182787,0.0,0.0,1,0.06673481682891816,0.0,0.046875,0.002527233902917422,0.0,2.098950186160035E-37,0.03608896349139745,5,5
1770322048500,0.849644222880796,0.28571428571428575,3.7363841923802394E-4,0.3565631556037318,0.0,0.0,1,0.065246938720947,0.0,0.046875,0.002518544585775353,0.0,1.6791601489280281E-37,0.03608517780341969,5,5
1770322048972,0.849644222880796,0.5439837932759934,8.576197399782947E-5,0.3588718453913157,0.0,0.0,1,0.06436259663992408,0.0,0.046875,0.0025161639940436404,0.0,1.3433281191424226E-37,0.036081392909586785,5,5
1770322049433,0.8529775562141293,0.20203050891044214,0.0,0.3611875182433845,0.0,0.0,1,0.06568704150980799,0.0,0.046875,0.0025161639940436404,0.0,1.0746624953139382E-37,0.03607760880964861,5,5
1770322049897,0.8490633636381346,0.5890150893739515,1.0,0.35454652796483027,0.0,0.0,1,0.06441182862244206,0.2693965517241379,0.046875,0.002527233902917422,0.0,8.597299962511506E-38,0.036073825503355694,5,5
1770322050454,0.8454938478880074,1.0,8.56765744636743E-5,0.3568494032907653,0.0,0.0,1,0.06390217198987304,0.0,0.046875,0.002524853332564222,0.0,6.877839970009206E-38,0.03607004299045824,5,5
1770322050934,0.841278306199706,1.0,3.886534948514027E-4,0.3591574474331745,0.0,0.0,1,0.06281580908668398,0.0,0.046875,0.0025161639940436404,0.0,5.502271976007364E-38,0.03606626127070667,5,5
1770322051391,0.8379449728663728,0.7142857142857143,1.0,0.34387264341154,0.0,0.0,1,0.06362415966931657,0.5470459518599562,0.046875,0.0025671571288480802,0.0,4.4018175808058915E-38,0.03606248034385151,3,5
1770322051851,0.8306974469570448,0.6060915267313265,8.147004211010501E-5,0.34614337174690135,0.0,0.0,1,0.06458580477474565,0.0,0.046875,0.0025647555624648626,0.0,3.5214540646447137E-38,0.036058700209643635,5,5
1770322052325,0.8224211099509723,0.7071067811865476,0.0,0.34842154710237955,0.0,0.0,1,0.06387308106249394,0.0,0.046875,0.0025647555624648626,0.0,2.817163251715771E-38,0.03605492086783357,5,5
1770322052783,0.8224211099509725,0.6060915267313265,3.8091340190722205E-4,0.35070479193089854,0.0,0.0,1,0.06326448084488236,0.0,0.046875,0.0025559166026001786,0.0,2.2537306013726167E-38,0.0360511423181723,5,5
1770322053242,0.825077156690028,0.30304576336566325,3.867407167548081E-4,0.3529948960094421,0.0,0.0,1,0.06330310565417763,0.0,0.046875,0.002547115290943749,0.0,1.8029844810980935E-38,0.0360473645604108,5,5
1770322053710,0.8204856775197555,0.30304576336566325,1.0,0.34826774385953996,0.0,0.0,1,0.06318890880270268,0.2670940170940171,0.046875,0.0025583181909664293,0.0,1.442387584878475E-38,0.03604358759430004,5,5
1770322054207,0.8144696100623607,0.7889543583705186,8.583051351975536E-5,0.3505519858763512,0.0,0.0,1,0.06432104439573139,0.0,0.046875,0.002555916602600205,0.0,1.15391006790278E-38,0.03603981141959145,5,5
1770322054718,0.8099863501692062,0.8689660757568886,1.0,0.33566455501744347,0.0,0.0,1,0.06635850718927634,0.4892367906066536,0.046875,0.0026234021748801654,0.0,9.231280543222241E-39,0.036036036036036,3,5
1770322055191,0.8126690842932673,0.5890150893739515,0.3281386651220227,0.33622781371285493,0.0,0.0,1,0.06508138224636299,0.0,0.046875,0.0026349316969025262,0.0,7.385024434577793E-39,0.03603226144338534,5,5
1770322055688,0.82094542129934,0.14285714285714288,0.3309559612359396,0.33679012881882237,0.0,0.0,1,0.0643478845729054,0.0,0.046875,0.0026465107855279586,0.0,5.908019547662234E-39,0.03602848764139088,5,5
1770322056176,0.8190366762531289,0.5150787536377127,8.193558151262326E-5,0.33903825323972947,0.0,0.0,1,0.06598204109597072,0.0,0.046875,0.0026440774336657655,0.0,4.7264156381297875E-39,0.036024714629804166,5,5
1770322056665,0.8151224836771342,0.20203050891044214,8.318955895069854E-5,0.3412936623604477,0.0,0.0,1,0.06658310657247425,0.0,0.046875,0.002641654782916077,0.0,3.7811325105038306E-39,0.036020942408376944,5,5
1770322057183,0.8184558170104674,0.931314629314664,1.0,0.3367640823528262,0.0,0.0,1,0.06535457501455126,0.2413127413127413,0.046875,0.002662486285112287,0.0,3.024906008403064E-39,0.03601717097686108,5,5
1770322057649,0.8130472961807399,0.8689660757568886,8.260360696269416E-5,0.33901212381856327,0.0,0.0,1,0.06447412508812249,0.0,0.046875,0.002660063680740775,0.0,2.4199248067224516E-39,0.03601340033500833,5,5
1770322058118,0.8151224836771342,0.614451804788759,3.9397497895382003E-4,0.34126593505343583,0.0,0.0,1,0.06401562954501605,0.0,0.046875,0.002650839614997213,0.0,1.9359398453779613E-39,0.03600963048257089,5,5
1770322058598,0.8136281554234014,0.5150787536377127,8.557871740878704E-5,0.34352846193407827,0.0,0.0,1,0.06559479945554675,0.0,0.046875,0.0026484276422328768,0.0,1.5487518763023692E-39,0.036005861419300844,5,5
1770322059056,0.8208756813327293,0.28571428571428575,8.688844451261098E-5,0.3457981153450038,0.0,0.0,1,0.06512845186408182,0.0,0.046875,0.002646026278357802,0.0,1.2390015010418955E-39,0.03600209314495029,5,5
1770322059515,0.8244451970828565,0.45175395145262565,1.0,0.33949771475343105,0.0,0.0,1,0.06410439086610001,0.27233115468409586,0.046875,0.00268797290316415,0.0,9.912012008335164E-40,0.035998325659271635,5,5
1770322059976,0.8276120879660067,0.614451804788759,8.554762392670881E-5,0.34175460168054017,0.0,0.0,1,0.06309777418708255,0.0,0.046875,0.0026855610235874136,0.0,7.929609606668132E-40,0.03599455896201742,5,5
1770322060444,0.8288702338029458,0.14285714285714288,8.685687520133687E-5,0.3440186780924874,0.0,0.0,1,0.06293280054671761,0.0,0.046875,0.0026831597524673667,0.0,6.343687685334506E-40,0.03599079305293995,5,5
1770322060928,0.8228541663455512,0.14285714285714288,8.818616139948302E-5,0.34628986353998353,0.0,0.0,1,0.06212378058828923,0.0,0.046875,0.0026807690440381385,0.0,5.074950148267605E-40,0.03598702793179198,5,5
1770322061384,0.8220371246860961,0.7284313590846835,4.3344224869339647E-4,0.3485664921559053,0.0,0.0,1,0.06175809832730146,0.0,0.046875,0.002671426232689603,0.0,4.059960118614084E-40,0.035983263598326376,5,5
1770322061843,0.8247198588101574,0.6388765649999399,1.0,0.34220564874300785,0.0,0.0,1,0.06200538401246132,0.27233115468409586,0.046875,0.0027090374518733496,0.0,3.247968094891267E-40,0.035979500052295776,5,5
1770322062312,0.8247198588101573,0.7889543583705186,4.3042879777434225E-4,0.3444695578056641,0.0,0.0,1,0.061223568573666155,0.0,0.046875,0.002699574488752239,0.0,2.598374475913014E-40,0.03597573729345327,5,5
1770322062799,0.829203118703312,0.8689660757568886,8.937296084260345E-5,0.3467421482207254,0.0,0.0,1,0.06773404777890825,0.0,0.046875,0.002697194344031987,0.0,2.0786995807304113E-40,0.03597197532155183,5,5
1770322063287,0.8231870512459174,0.7693092581620721,4.459309309423578E-4,0.3490201411848988,0.0,0.0,1,0.0668533194139085,0.0,0.046875,0.002687771573136878,0.0,1.6629596645843292E-40,0.035968214136344656,5,5
1770322063813,0.8187037913527627,0.5050762722761054,0.0,0.35130707710740333,0.0,0.0,1,0.06673960390742063,0.0,0.046875,0.002687771573136878,0.0,1.3303677316674634E-40,0.035964453737584945,5,5
1770322064318,0.818244047573178,0.7071067811865476,1.0,0.34661046466788203,0.0,0.0,1,0.0657115900783617,0.24752475247524752,0.046875,0.00270903745187335,0.0,1.0642941853339708E-40,0.035960694125026116,5,5
1770322064809,0.8173303034301506,0.7071067811865476,0.0,0.34889007349093765,0.0,0.0,1,0.06545232746567461,0.0,0.046875,0.00270903745187335,0.0,8.514353482671766E-41,0.0359569352984217,5,5
1770322065272,0.811921782600423,0.8689660757568886,1.0,0.33241723163671905,0.0,1.0,1,0.06569573016900021,0.5399568034557235,0.046875,0.002793412022283972,0.0,6.811482786137413E-41,0.035953177257525115,3,5
1770322065741,0.8146045167244843,0.5050762722761054,8.4880366233674E-5,0.3346509017348254,0.0,0.0,1,0.06513975147511179,0.0,0.046875,0.002791000408072772,0.0,5.449186228909931E-41,0.035949420002090116,5,5
1770322066200,0.8174723329008294,0.6468132241526726,4.364457751781216E-4,0.3368903707343721,0.0,0.0,1,0.06406861537707788,0.0,0.046875,0.0027812097442598584,0.0,4.359348983127945E-41,0.03594566353187045,5,5
1770322066670,0.822880853730557,0.14285714285714288,4.4312213911339133E-4,0.33913719070009685,0.0,0.0,1,0.06398742670547355,0.0,0.046875,0.0027714606408210875,0.0,3.4874791865023563E-41,0.03594190784661999,5,5
1770322067126,0.8263468193205122,0.614451804788759,0.3707972178821034,0.3396946155131284,0.0,0.0,1,0.0644249709622425,0.0,0.046875,0.0027836213831585847,0.0,2.789983349201885E-41,0.035938152946092816,5,5
1770322067590,0.826346819320512,0.5439837932759934,1.0,0.3351918404289473,0.0,0.0,1,0.06445595831823336,0.2693965517241379,0.046875,0.002805666635230506,0.0,2.2319866793615082E-41,0.03593439883004279,5,5
1770322068055,0.826346819320512,0.5439837932759934,4.4696749855150064E-4,0.3374330815342038,0.0,0.0,1,0.06358249133640279,0.0,0.046875,0.0027958342896732204,0.0,1.7855893434892068E-41,0.035930645498224334,5,5
1770322068507,0.8308300792136669,0.10101525445522107,0.0,0.3396837109586721,0.0,0.0,1,0.06319314050988455,0.0,0.046875,0.0027958342896732204,0.0,1.4284714747913654E-41,0.03592689295039164,5,5
1770322068979,0.8350456209019682,0.6388765649999399,0.0,0.34194160456785627,0.0,0.0,1,0.06335369419374234,0.0,0.046875,0.0027958342896732204,0.0,1.1427771798330925E-41,0.035923141186299135,5,5
1770322069437,0.8404541417316957,0.10101525445522107,0.0,0.34420668300486984,0.0,0.0,1,0.06575045457243907,0.0,0.046875,0.0027958342896732204,0.0,9.14221743866474E-42,0.03591939020570112,5,5
1770322069912,0.8385453966854847,0.20203050891044214,1.0,0.3379382604643279,0.0,0.0,1,0.064781357589054,0.2631578947368421,0.046875,0.002825457207740359,0.0,7.313773950931793E-42,0.035915640008352456,5,5
1770322070381,0.8370510684317518,0.20203050891044214,9.208284010988792E-5,0.3401901185812246,0.0,0.0,1,0.06447114524599447,0.0,0.046875,0.002823035015452992,0.0,5.851019160745435E-42,0.03591189059400768,5,5
1770322070861,0.8402761824879674,0.28571428571428575,9.349209620529375E-5,0.34244922119135507,0.0,0.0,1,0.06528108418061088,0.0,0.046875,0.002820623475995216,0.0,4.680815328596348E-42,0.03590814196242176,5,5
1770322071315,0.8436095158213006,0.14285714285714288,0.0,0.3447159006706595,0.0,0.0,1,0.06488990473811726,0.0,0.046875,0.002820623475995216,0.0,3.744652262877079E-42,0.035904394113349336,5,5
1770322071770,0.837593448363906,0.6388765649999399,4.979687532722739E-4,0.34698753420553397,0.0,0.0,1,0.0641958209424924,0.0,0.046875,0.0028107071018493635,0.0,2.9957218103016634E-42,0.03590064704654561,5,5
1770322072233,0.8399048182770941,0.5150787536377127,1.0,0.34236351215595934,0.0,0.0,1,0.06397733066913941,0.26997840172786175,0.046875,0.0028329936131922303,0.0,2.3965774482413307E-42,0.03589690076176566,5,5
1770322072695,0.837593448363906,0.6060915267313265,9.620209168994608E-5,0.3446295076713748,0.0,0.0,1,0.06513677813117666,0.0,0.046875,0.0028305820988842496,0.0,1.9172619585930646E-42,0.035893155258764575,5,5
1770322073154,0.8415076409399007,0.45175395145262565,1.0,0.3300121702870356,0.0,0.0,1,0.06550319079761076,0.5446623093681917,0.046875,0.0028960642122281897,0.0,1.5338095668744517E-42,0.03588941053729788,3,5
1770322073622,0.8427657867768399,0.14285714285714288,0.0,0.3322381226741131,0.0,0.0,1,0.06462902540067676,0.0,0.046875,0.0028960642122281897,0.0,1.2270476534995615E-42,0.03588566659712078,5,5
1770322074087,0.8427657867768399,0.20203050891044214,0.0,0.334471593832565,0.0,0.0,1,0.06446928648559115,0.0,0.046875,0.0028960642122281897,0.0,9.816381227996493E-43,0.035881923437988905,5,5
1770322074556,0.8473572659471122,0.31943828249996997,4.868276752618272E-4,0.3367103657686931,0.0,0.0,1,0.06464749141731778,0.0,0.046875,0.0028858484758232574,0.0,7.853104982397195E-43,0.0358781810596579,5,5
1770322075020,0.8505241568302625,0.30304576336566325,0.0,0.3389586405890759,0.0,0.0,1,0.06419231033816981,0.0,0.046875,0.0028858484758232574,0.0,6.2824839859177564E-43,0.0358744394618834,5,5
1770322075489,0.8432766309209345,0.7693092581620721,1.0,0.33280362377504696,0.0,1.0,1,0.06372702034429353,0.26652452025586354,0.046875,0.0029190589595803553,0.0,5.025987188734205E-43,0.03587069864442127,5,5
1770322075964,0.8466099642542678,0.4164965639175215,0.0,0.3350389890572863,0.0,0.0,1,0.06528878135146464,0.0,0.046875,0.0029190589595803553,0.0,4.020789750987364E-43,0.03586695860702738,5,5
1770322076424,0.8520184850839952,0.22587697572631282,0.0,0.337281778634037,0.0,0.0,1,0.06427160195452325,0.0,0.046875,0.0029190589595803553,0.0,3.2166318007898916E-43,0.03586321934945791,5,5
1770322076898,0.8507603392470562,0.31943828249996997,5.104851341530377E-4,0.3395297333173938,0.0,0.0,1,0.06514584081281494,0.0,0.046875,0.0029087561126454847,0.0,2.5733054406319133E-43,0.03585948087146873,5,5
1770322077365,0.8540936725803896,0.5439837932759934,0.0,0.34178713288319895,0.0,0.0,1,0.06554100642681279,0.0,0.046875,0.0029087561126454847,0.0,2.058644352505531E-43,0.03585574317281637,5,5
1770322077821,0.8501794800043949,0.8689660757568886,1.0,0.33725169275798783,0.0,0.0,1,0.06557848853340288,0.2741228070175438,0.046875,0.002939796343873738,0.0,1.6469154820044247E-43,0.03585200625325691,5,5
1770322078274,0.8489213341674557,0.7142857142857143,5.199692068583104E-4,0.3394995277289779,0.0,0.0,1,0.06597776955539063,0.0,0.046875,0.00292940564334476,0.0,1.3175323856035399E-43,0.035848270112546876,5,5
1770322078731,0.8531368758557571,0.7284313590846835,0.0,0.3417568303284719,0.0,0.0,1,0.06559743023547715,0.0,0.046875,0.00292940564334476,0.0,1.054025908482832E-43,0.0358445347504428,5,5
1770322079191,0.8591529433131518,0.30304576336566325,0.0,0.3440213242805749,0.0,0.0,1,0.0649294224603693,0.0,0.046875,0.00292940564334476,0.0,8.432207267862656E-44,0.035840800166701436,5,5
1770322079667,0.8564702091890903,0.4164965639175215,5.496898258455432E-4,0.3462906922139588,0.0,0.0,1,0.06442913722563523,0.0,0.046875,0.0029190589595803553,0.0,6.745765814290126E-44,0.035837066361079306,5,5
1770322080137,0.8564702091890903,0.20203050891044214,1.0,0.33997816140585047,0.0,1.0,1,0.06399320636372258,0.26595744680851063,0.046875,0.002952674564394635,0.0,5.396612651432101E-44,0.035833333333333384,5,5
1770322080592,0.8489213341674556,0.7693092581620721,1.0103142879623909E-4,0.3422365800995618,0.0,0.0,1,0.06556240702945819,0.0,0.046875,0.0029502312417995368,0.0,4.3172901211456806E-44,0.03582960108322053,5,5
1770322081058,0.8435128133377281,0.10101525445522107,1.0257761732194411E-4,0.34450217119013565,0.0,0.0,1,0.06861600068256626,0.0,0.046875,0.0029477986630625217,0.0,3.453832096916545E-44,0.03582586961049783,5,5
1770322081529,0.8461688600767836,0.36421567954234174,0.0,0.34677527253308543,0.0,0.0,1,0.06777203135291661,0.0,0.046875,0.0029477986630625217,0.0,2.763065677533236E-44,0.035822138914922474,5,5
1770322081990,0.8453518184173285,0.36421567954234174,5.744448359124556E-4,0.3490531081919069,0.0,0.0,1,0.06673691318718528,0.0,0.046875,0.002937363738423849,0.0,2.2104525420265887E-44,0.03581840899625155,5,5
1770322082459,0.8466099642542677,0.5439837932759934,1.0,0.3409783739110586,0.0,0.0,1,0.06597801535063369,0.26652452025586354,0.046875,0.0029948596586485982,0.0,1.768362033621271E-44,0.03581467985424258,5,5
1770322082919,0.8445347767578734,0.40406101782088427,1.0299924651408034E-4,0.34323998082695734,0.0,0.0,1,0.0657153490194219,0.0,0.046875,0.002992416444655258,0.0,1.4146896268970168E-44,0.035810951488652876,5,5
1770322083372,0.8424595892614793,0.20203050891044214,0.0,0.3455091436357481,0.0,0.0,1,0.06574763133600485,0.0,0.046875,0.002992416444655258,0.0,1.1317517015176135E-44,0.03580722389924018,5,5
1770322083831,0.8454169851128415,0.30304576336566325,1.0,0.33085497565306393,0.0,0.0,1,0.06537553947705145,0.5446623093681917,0.046875,0.003072881340278173,0.0,9.054013612140909E-45,0.035803497085761915,3,5
1770322084309,0.8412014434245402,0.7354021529276429,9.635621657584378E-5,0.3330833780417462,0.0,0.0,1,0.06616880424572569,0.0,0.046875,0.0030704275322766513,0.0,7.243210889712728E-45,0.035799771047975826,5,5
1770322084773,0.839061089232633,0.7071067811865476,0.0,0.335319677629976,0.0,0.0,1,0.06601271884066975,0.0,0.046875,0.0030704275322766513,0.0,5.794568711770183E-45,0.035796045785639996,5,5
1770322085240,0.839061089232633,0.7071067811865476,1.0,0.3211291644592193,0.0,0.0,1,0.06495597395948909,0.5353319057815845,0.046875,0.0031507237407267913,0.0,4.6356549694161466E-45,0.035792321298512175,3,5
1770322085696,0.8357277558992997,0.40406101782088427,0.0,0.323324114568423,0.0,0.0,1,0.06407400351379375,0.0,0.046875,0.0031507237407267913,0.0,3.7085239755329175E-45,0.035788597586350446,5,5
1770322086179,0.8330450217752384,0.28571428571428575,9.202319788069356E-5,0.3255264744646661,0.0,0.0,1,0.06394988234659407,0.0,0.046875,0.0031482701350522614,0.0,2.966819180426334E-45,0.03578487464891289,5,5
1770322086675,0.8330450217752384,0.28571428571428575,1.0,0.3117828936926057,0.0,0.0,1,0.06393728676956821,0.5040322580645161,0.046875,0.0032450206805615515,0.0,2.3734553443410676E-45,0.03578115248595792,3,5
1770322087227,0.8353563916884262,0.31943828249996997,1.0,0.2986549837472133,0.0,1.0,0,0.0651815766165584,0.45289855072463764,0.046875,0.0033209228412880744,0.0,1.8987642754728542E-45,0.03577743109724385,2,5
1770322087729,0.8288561674719428,0.5150787536377127,7.827859061804502E-5,0.3007640026388682,0.0,0.0,0,0.06476145406380675,0.0,0.046875,0.0033184370212694576,0.0,1.5190114203782833E-45,0.035773710482529086,3,5
1770322088183,0.8303889750361828,0.5439837932759934,4.91860939709166E-4,0.3028795382672635,0.0,0.0,1,0.06464491813816166,0.0,0.046875,0.0033064882567816274,0.0,1.2152091363026267E-45,0.03576999064157227,5,5
1770322088654,0.8364050424935775,0.7142857142857143,0.32387219569947234,0.303488095019828,0.0,0.0,1,0.06461093093857201,0.0,0.046875,0.0033209228412880475,0.0,9.721673090421015E-46,0.035766271574131814,5,5
1770322089122,0.8299048182770941,0.5439837932759934,8.221680407684324E-5,0.3056163688575094,0.0,0.0,1,0.06407994264360695,0.0,0.046875,0.0033184370212694576,0.0,7.777338472336812E-46,0.03576255327996669,5,5
1770322089581,0.8299048182770941,0.7142857142857143,1.0,0.3001639468892452,0.0,0.0,1,0.06344629015442586,0.27233115468409586,0.046875,0.0033449722073751343,0.0,6.22187077786945E-46,0.03575883575883576,5,5
1770322090047,0.8223559432554592,0.5050762722761054,0.0,0.30227940414556764,0.0,0.0,1,0.06306143883473508,0.0,0.046875,0.0033449722073751343,0.0,4.97749662229556E-46,0.03575511901049788,5,5
1770322090500,0.8219533183884823,0.7071067811865476,5.128238762919872E-4,0.30440093000898033,0.0,0.0,1,0.061846466954290996,0.0,0.046875,0.003332922138970124,0.0,3.981997297836448E-46,0.03575140303471214,5,5
1770322090969,0.8261688600767838,0.22587697572631282,5.206677970688575E-4,0.30653080869421634,0.0,0.0,1,0.06135458891019356,0.0,0.046875,0.0033209228412880475,0.0,3.185597838269159E-46,0.03574768783123761,5,5
1770322091419,0.8222546675007891,0.22587697572631282,5.28631610625849E-4,0.3086689816062744,0.0,0.0,1,0.06115722703033801,0.0,0.046875,0.0033089741085079055,0.0,2.548478270615327E-46,0.035743973399833706,5,5
1770322091894,0.8261688600767838,0.5050762722761054,1.0,0.29420766711020196,0.0,0.0,1,0.061537685805984566,0.5263157894736842,0.046875,0.00338895211481473,0.0,2.0387826164922616E-46,0.03574025974025974,3,5
1770322092351,0.825684703317695,0.7071067811865476,7.986329815149495E-5,0.2962985448941197,0.0,0.0,1,0.06583081491460088,0.0,0.046875,0.0033864333929173127,0.0,1.6310260931938093E-46,0.03573654685227512,5,5
1770322092823,0.825684703317695,0.7693092581620721,0.0,0.2983983755208243,0.0,0.0,1,0.06464174658804457,0.0,0.046875,0.0033864333929173127,0.0,1.3048208745550476E-46,0.035732834735639374,5,5
1770322093271,0.8250386773795207,0.20203050891044214,5.172185821584956E-4,0.30050437188238055,0.0,0.0,1,0.0638796663111389,0.0,0.046875,0.0033742298348965753,0.0,1.043856699644038E-46,0.03572912339011214,5,5
1770322093732,0.8217053440461874,0.7142857142857143,0.33208483858973203,0.30111538659464415,0.0,0.0,1,0.06721360948948338,0.0,0.046875,0.00338895211481473,0.0,8.350853597152305E-47,0.03572541281545327,5,5
1770322094189,0.8193939741329994,0.6388765649999399,1.0,0.29575844599132334,0.0,0.0,1,0.06724667401309889,0.2735229759299781,0.046875,0.003425873138694341,0.0,6.680682877721844E-47,0.035721703011422634,5,5
1770322094659,0.8193939741329994,0.7354021529276429,0.3225902485308924,0.29637395400987054,0.0,0.0,1,0.06636041511150749,0.0,0.046875,0.0034408140359426884,0.0,5.344546302177475E-47,0.03571799397778008,5,5
1770322095120,0.8158244583828722,0.5439837932759934,1.0,0.2853601729523294,0.0,0.0,1,0.06565904235806312,0.5422993492407809,0.046875,0.0035189304843353444,0.0,4.2756370417419806E-47,0.0357142857142857,3,5
1770322095598,0.8178996458792666,0.45175395145262565,0.0,0.2874141458075482,0.0,0.0,1,0.06485480926484165,0.0,0.046875,0.0035189304843353444,0.0,3.4205096333935846E-47,0.035710578220699674,5,5
1770322096053,0.8214691616293938,0.931314629314664,0.3062793498236483,0.28803645889467727,0.0,0.0,1,0.06472229280674717,0.0,0.046875,0.0035342650641694163,0.0,2.736407706714868E-47,0.0357068714967822,5,5
1770322096514,0.8199748333756609,1.0,0.0,0.29010187530546566,0.0,0.0,1,0.065664142373917,0.0,0.046875,0.0035342650641694163,0.0,2.1891261653718947E-47,0.03570316554229369,5,5
1770322096976,0.8202761824879675,0.5050762722761054,8.17598494988384E-5,0.29217564960941056,0.0,0.0,1,0.06528134107914706,0.0,0.046875,0.0035317132259796253,0.0,1.7513009322975158E-47,0.03569946035699456,5,5
1770322097440,0.8202761824879675,0.20203050891044214,1.0,0.287003337185925,0.0,0.0,1,0.06909304504680516,0.2693965517241379,0.046875,0.0035703860449289595,0.0,1.4010407458380128E-47,0.035695755940645446,5,5
1770322097889,0.8202761824879675,1.0,5.287036250684073E-4,0.2890619173380823,0.0,0.0,1,0.08499161410011188,0.0,0.046875,0.0035574407871465344,0.0,1.1208325966704102E-47,0.03569205229300687,5,5
1770322098357,0.8160606407996661,0.8689660757568886,8.167308195021405E-5,0.2911313086585494,0.0,0.0,1,0.08223768876747346,0.0,0.046875,0.0035549002303769507,0.0,8.966660773363282E-48,0.03568834941383958,5,5
1770322098824,0.8202761824879673,0.10101525445522107,1.0,0.2789318320635712,0.0,0.0,1,0.08055997441158026,0.5353319057815845,0.046875,0.0036492122088853467,0.0,7.173328618690625E-48,0.03568464730290455,3,5
1770322099298,0.8217705107417003,0.5890150893739515,5.176491553101012E-4,0.2809552857247631,0.0,0.0,1,0.0878024959956794,0.0,0.046875,0.0036359359460013192,0.0,5.738662894952501E-48,0.03568094595996263,5,5
1770322099762,0.8263619899119726,0.31943828249996997,0.0,0.282990107882294,0.0,0.0,1,0.08491687224981848,0.0,0.046875,0.0036359359460013192,0.0,4.590930315962001E-48,0.0356772453847749,5,5
1770322100246,0.8218787300188182,0.5439837932759934,7.917983527045719E-5,0.28503346169193106,0.0,0.0,1,0.08331354992664201,0.0,0.046875,0.0036333956043024325,0.0,3.672744252769601E-48,0.03567354557710256,5,5
1770322100721,0.8218787300188182,0.7889543583705186,5.472363225271147E-4,0.28708354689323123,0.0,0.0,1,0.08376908612874331,0.0,0.046875,0.0036201750313066693,0.0,2.938195402215681E-48,0.035669846536706795,5,5
1770322101191,0.8242868024155786,0.6776309271789385,1.0,0.2820160974762076,0.0,0.0,1,0.08149628912520329,0.26595744680851063,0.046875,0.0036625444233445137,0.0,2.350556321772545E-48,0.03566614826334891,5,5
1770322101653,0.8239854533032718,0.40406101782088427,7.951021410315075E-5,0.2840552050006118,0.0,0.0,1,0.07926140930353094,0.0,0.046875,0.0036600041546709897,0.0,1.8804450574180362E-48,0.03566245075679042,5,5
1770322102108,0.8167379273939438,1.0,5.550562730525058E-4,0.28610104814878806,0.0,0.0,1,0.07648483098910919,0.0,0.046875,0.003646671903614875,0.0,1.504356045934429E-48,0.03565875401679275,5,5
1770322102564,0.8113294065642165,0.931314629314664,8.237365014758713E-5,0.2881578373345029,0.0,0.0,1,0.0749476138711241,0.0,0.046875,0.0036441427596090306,0.0,1.2034848367475432E-48,0.03565505804311775,5,5
1770322103019,0.8155449482525178,0.5150787536377127,0.3273491761927339,0.2887797273229106,0.0,0.0,1,0.07352883039762925,0.0,0.046875,0.0036600041546710153,0.0,9.627878693980346E-49,0.035651362835526945,5,5
1770322103487,0.8197604899408191,0.5890150893739515,1.0,0.283677360833014,0.0,0.0,1,0.07225819953867106,0.2670940170940171,0.046875,0.003700338885360097,0.0,7.702302955184276E-49,0.03564766839378242,5,5
1770322103945,0.8155449482525177,0.8144110179279557,5.701246418904961E-4,0.2857215321883838,0.0,0.0,1,0.07061318700668923,0.0,0.046875,0.0036868374179824808,0.0,6.161842364147421E-49,0.0356439747176458,5,5
1770322104416,0.8163619899119728,0.7284313590846835,1.0,0.27376162698258244,0.0,0.0,1,0.07112656402328398,0.5307855626326964,0.046875,0.0037737949068515323,0.0,4.929473891317937E-49,0.03564028180687939,3,5
1770322104882,0.8163619899119728,0.4164965639175215,0.2962738095586566,0.27439215044439313,0.0,0.0,1,0.07253012660751872,0.0,0.046875,0.003790203328429834,0.0,3.94357911305435E-49,0.035636589661245166,5,5
1770322105338,0.8190180366510283,0.8689660757568886,5.519477504390457E-4,0.27639518694220705,0.0,0.0,1,0.0713752775507859,0.0,0.046875,0.0037763573410374155,0.0,3.1548632904434803E-49,0.03563289828050553,5,5
1770322105799,0.8190180366510283,0.7071067811865476,7.948547478976908E-5,0.2784094111894252,0.0,0.0,1,0.07192985503112959,0.0,0.046875,0.0037737949068515323,0.0,2.5238906323547843E-49,0.03562920766442257,5,5
1770322106251,0.8177598908140892,0.6776309271789385,5.718251266326937E-4,0.2804304381704943,0.0,0.0,1,0.07052239828951562,0.0,0.046875,0.0037600068998389588,0.0,2.0191125058838276E-49,0.03562551781275891,5,5
1770322106718,0.8138456982380947,0.6468132241526726,1.0,0.27687902929724856,0.0,0.0,1,0.06930339144875323,0.26766595289079226,0.046875,0.003801545211599852,0.0,1.6152900047070621E-49,0.03562182872527697,5,5
1770322107192,0.8117705107417004,0.10101525445522107,8.032083197807011E-5,0.2788954220124109,0.0,0.0,1,0.06852904151225636,0.0,0.046875,0.0037989941107130143,0.0,1.2922320037656498E-49,0.035618140401739495,5,5
1770322107646,0.8111629641140331,0.30304576336566325,0.0,0.28092115365823794,0.0,0.0,1,0.06709160255892281,0.0,0.046875,0.0037989941107130143,0.0,1.0337856030125198E-49,0.03561445284190912,5,5
1770322108120,0.8090226099221262,0.40406101782088427,8.321438343525461E-5,0.282955464507329,0.0,0.0,1,0.06695326989693264,0.0,0.046875,0.00379645421745807,0.0,8.270284824100159E-50,0.03561076604554869,5,5
1770322108612,0.805689276588793,0.7693092581620721,0.0,0.2849990307225898,0.0,0.0,1,0.06586535539931537,0.0,0.046875,0.00379645421745807,0.0,6.616227859280127E-50,0.03560708001242108,5,5
1770322109073,0.805689276588793,0.40406101782088427,1.0,0.27997459893912097,0.0,0.0,1,0.07226379508477154,0.27114967462039047,0.046875,0.003841058935438392,0.0,5.292982287424102E-50,0.03560339474228935,5,5
1770322109532,0.8044311307518538,0.7142857142857143,0.0,0.2820051035415368,0.0,0.0,1,0.07080304761069514,0.0,0.046875,0.003841058935438392,0.0,4.2343858299392815E-50,0.035599710234916704,5,5
1770322109993,0.8029368024981209,0.10101525445522107,0.0,0.2840445249037626,0.0,0.0,1,0.06981363418317832,0.0,0.046875,0.003841058935438392,0.0,3.3875086639514256E-50,0.03559602649006621,5,5
1770322110458,0.8029368024981209,0.0,0.0,0.2860928182138486,0.0,0.0,1,0.06868930637740053,0.0,0.046875,0.003841058935438392,0.0,2.7100069311611404E-50,0.03569580962234864,5,5
1770322110915,0.8104856775197555,0.931314629314664,1.0,0.27275337083298934,0.0,0.0,1,0.06807911219512028,0.5470459518599562,0.046875,0.0039489792630389145,0.0,2.1680055449289125E-50,0.035692116697703336,3,5
1770322111384,0.8119800057734884,0.6388765649999399,6.026250185587428E-4,0.2747488375307568,0.0,0.0,1,0.06721492612001151,0.0,0.046875,0.0039344794672728604,0.0,1.73440443594313E-50,0.03568842453708487,5,5
1770322111843,0.8107218599365492,0.7071067811865476,0.3151493780057529,0.27537905527176043,0.0,0.0,1,0.06929570995967019,0.0,0.046875,0.003951563877984974,0.0,1.3875235487545042E-50,0.03568473314025655,5,5
1770322112312,0.8118135633233051,0.7142857142857143,6.203926972560267E-4,0.2773863948769623,0.0,0.0,1,0.06826297298686085,0.0,0.046875,0.003937064123107479,0.0,1.1100188390036034E-50,0.03568104250698112,5,5
1770322112785,0.8151468966566384,0.45175395145262565,0.0,0.2794054124653862,0.0,0.0,1,0.06971104654612553,0.0,0.046875,0.003937064123107479,0.0,8.880150712028827E-51,0.035677352637021764,5,5
1770322113253,0.8137223083695162,0.45175395145262565,1.0,0.2744950377582042,0.0,0.0,1,0.07114941663930141,0.2670940170940171,0.046875,0.003983342223108747,0.0,7.104120569623062E-51,0.035673663530141675,5,5
1770322113715,0.8091308291992438,0.5050762722761054,0.0,0.276501062737326,0.0,0.0,1,0.07565340253613993,0.0,0.046875,0.003983342223108747,0.0,5.683296455698449E-51,0.035669975186104264,5,5
1770322114189,0.8013142359727559,0.7693092581620721,1.0,0.26495436555016094,0.0,0.0,1,0.07349233260308,0.5274261603375527,0.046875,0.004090033826854012,0.0,4.5466371645587597E-51,0.03566628760467283,3,5
1770322114655,0.8052284285487505,0.7354021529276429,0.2969254375508807,0.26558832586809594,0.0,0.0,1,0.07199050484982905,0.0,0.046875,0.004107772020879975,0.0,3.637309731647008E-51,0.0356626007856109,5,5
1770322115118,0.8006369493784782,0.0,0.2996634207481939,0.2662221265633556,0.0,0.0,1,0.07033325551968062,0.0,0.046875,0.0041255850499117355,0.0,2.9098477853176064E-51,0.03576227390180875,5,5
1770322115573,0.7973036160451449,0.5150787536377127,1.0,0.25513097250342026,0.0,0.0,1,0.0691627236280709,0.5494505494505494,0.046875,0.004238955890162547,0.0,2.3278782282540853E-51,0.035758577924762336,3,5
1770322116038,0.7979111626728119,0.7142857142857143,0.27714083339450607,0.2557667394935429,0.0,0.0,1,0.0707646107102439,0.0,0.046875,0.00425731958646647,0.0,1.8623025826032684E-51,0.035754882711584224,5,5
1770322116532,0.8051586885821399,0.6060915267313265,0.0,0.25768450947007443,0.0,0.0,1,0.07234458803872312,0.0,0.046875,0.00425731958646647,0.0,1.489842066082615E-51,0.0357511882620376,5,5
1770322117023,0.8083838026383554,0.614451804788759,6.123309320943995E-4,0.2596088885037249,0.0,0.0,1,0.07314571180116375,0.0,0.046875,0.0042416205592843235,0.0,1.191873652866092E-51,0.035747494575885885,5,5
1770322117513,0.8143998700957502,0.4164965639175215,0.0,0.26154534300934984,0.0,0.0,1,0.07367180094709685,0.0,0.046875,0.0042416205592843235,0.0,9.534989222928737E-52,0.03574380165289259,5,5
1770322117964,0.8143998700957502,0.5714285714285715,1.0,0.25699194324675934,0.0,0.0,1,0.07164727160254923,0.2771618625277162,0.046875,0.00427576063153066,0.0,7.62799137834299E-52,0.035740109492821026,5,5
1770322118438,0.8164750575921444,0.7284313590846835,7.867092275652725E-5,0.25891535308670205,0.0,0.0,1,0.07015270360161295,0.0,0.046875,0.004273084308632439,0.0,6.1023931026743925E-52,0.03573641809543482,5,5
1770322118920,0.8156580159326893,0.5890150893739515,0.2931139275376775,0.2595507328582105,0.0,0.0,1,0.07050548875041304,0.0,0.046875,0.004291591264620476,0.0,4.881914482139514E-52,0.035732727460497826,5,5
1770322119381,0.8198735576209906,0.45175395145262565,8.102723450402877E-5,0.2614865524728006,0.0,0.0,1,0.06999255158168671,0.0,0.046875,0.004288914988468585,0.0,3.905531585711612E-52,0.03572903758777368,5,5
1770322119851,0.8169161617696282,0.22587697572631282,8.226731130897837E-5,0.2634316742595323,0.0,0.0,1,0.0697422252609639,0.0,0.046875,0.004286250458297159,0.0,3.1244252685692895E-52,0.03572534847702635,5,5
1770322120313,0.8109000943122336,0.7071067811865476,1.0,0.2575586445162526,0.0,0.0,1,0.07081433369046365,0.27056277056277056,0.046875,0.004371743054042331,0.0,2.4995402148554317E-52,0.035721660128019805,5,5
1770322120779,0.8109000943122336,0.10101525445522107,0.29421057173251236,0.25819429236181896,0.0,0.0,1,0.07065080210891173,0.0,0.046875,0.004390662789359298,0.0,1.9996321718843453E-52,0.03571797254051823,5,5
1770322121248,0.8036525684029058,0.6060915267313265,6.63109034674302E-4,0.2601210295421046,0.0,0.0,1,0.06968586656140872,0.0,0.046875,0.004374430888823458,0.0,1.5997057375074762E-52,0.0357142857142857,5,5
1770322121714,0.8003192350695725,0.6468132241526726,0.0,0.2620599517652608,0.0,0.0,1,0.07060572237933753,0.0,0.046875,0.004374430888823458,0.0,1.2797645900059811E-52,0.03571059964908663,5,5
1770322122188,0.8003192350695725,0.45175395145262565,0.0,0.26400816946489725,0.0,0.0,1,0.06913134101455677,0.0,0.046875,0.004374430888823458,0.0,1.023811672004785E-52,0.0357069143446852,5,5
1770322122651,0.7927703600479378,0.7071067811865476,1.0,0.2594087373705345,0.0,0.0,1,0.06796788142337637,0.26997840172786175,0.046875,0.004426029866316119,0.0,8.190493376038279E-53,0.03570322980084617,5,5
1770322123136,0.7873618392182101,0.40406101782088427,0.0,0.26134422553638836,0.0,0.0,1,0.06697257568705607,0.0,0.046875,0.004426029866316119,0.0,6.552394700830624E-53,0.03569954601733394,5,5
1770322123602,0.7850504693050221,0.8144110179279557,1.0,0.2504697373175218,0.0,0.0,1,0.06862819696502194,0.5364806866952789,0.046875,0.004547967917509231,0.0,5.2419157606645E-53,0.03569586299391314,3,5
1770322124067,0.782975281808628,0.6060915267313265,7.93804234718962E-5,0.2523609083451546,0.0,0.0,1,0.06934692824315974,0.0,0.046875,0.00454524488917783,0.0,4.1935326085316E-53,0.03569218073034863,5,5
1770322124531,0.7871908234969293,0.8144110179279557,0.0,0.2542618651316988,0.0,0.0,1,0.07433942477603868,0.0,0.046875,0.00454524488917783,0.0,3.3548260868252807E-53,0.03568849922640538,5,5
1770322124993,0.7852820784507182,0.36421567954234174,6.909983540831333E-4,0.2561692755024074,0.0,0.0,1,0.07289853789623679,0.0,0.046875,0.004528392855994637,0.0,2.6838608694602246E-53,0.035684818481848235,5,5
1770322125452,0.7906905992804457,0.5150787536377127,0.30178249132232415,0.2568052066940689,0.0,0.0,1,0.07354518260985782,0.0,0.046875,0.004547967917509205,0.0,2.1470886955681798E-53,0.035681138496442166,5,5
1770322125914,0.7906905992804457,0.4164965639175215,1.0,0.25234955719192964,0.0,0.0,1,0.07228914050319343,0.27056277056277056,0.046875,0.004601681616831839,0.0,1.7176709564545439E-53,0.03567745926995258,5,5
1770322126388,0.7919487451173849,0.45175395145262565,6.976528552499097E-4,0.25424747587664787,0.0,0.0,1,0.0712106455394777,0.0,0.046875,0.004584617965849576,0.0,1.3741367651636351E-53,0.03567378080214456,5,5
1770322126858,0.7880345525413902,0.5890150893739515,8.430182261483434E-5,0.2561574187149583,0.0,0.0,1,0.07145211314615152,0.0,0.046875,0.004581883042382964,0.0,1.0993094121309081E-53,0.03567010309278351,5,5
1770322127320,0.7952820784507182,0.36421567954234174,0.30632311895958797,0.2567930408702198,0.0,0.0,1,0.07241716811658697,0.0,0.046875,0.004598946745339757,0.0,8.794475297047266E-54,0.035666426141634844,5,5
1770322127789,0.8006905992804457,0.36421567954234174,0.0,0.258715830301156,0.0,0.0,1,0.07064195722390756,0.0,0.046875,0.004598946745339757,0.0,7.035580237637813E-54,0.03566274994846419,5,5
1770322128249,0.8040239326137791,0.5050762722761054,1.0,0.25422203924413084,0.0,0.0,1,0.07143106043382089,0.2717391304347826,0.046875,0.004650565799296156,0.0,5.628464190110251E-54,0.03565907451303718,5,5
1770322128714,0.8059326776599902,0.8144110179279557,7.325783672706011E-4,0.2561291632298441,0.0,0.0,1,0.07054386916198699,0.0,0.046875,0.004633287840590981,0.0,4.5027713520882015E-54,0.03565539983511956,5,5
1770322129180,0.7994324534435068,0.10101525445522107,7.437802304670159E-4,0.2580456512046266,0.0,0.0,1,0.07612087743029758,0.0,0.046875,0.004616081583846137,0.0,3.6022170816705615E-54,0.03565172591447707,5,5
1770322129635,0.7975934483639063,0.8144110179279557,8.853427272728812E-5,0.25997417962006536,0.0,0.0,1,0.07586017813841774,0.0,0.046875,0.004613358761979644,0.0,2.8817736653364493E-54,0.03564805275087579,5,5
1770322130093,0.7897768551374181,1.0,7.705628904658462E-4,0.2619093075419729,0.0,0.0,1,0.07351626653048436,0.0,0.046875,0.004596223871500303,0.0,2.3054189322691595E-54,0.03564438034408157,5,5
1770322130564,0.7897768551374181,0.40406101782088427,1.0,0.25735232673683034,0.0,0.0,1,0.07269769722962653,0.2653927813163482,0.046875,0.004650565799296182,0.0,1.8443351458153277E-54,0.03564070869386071,5,5
1770322131029,0.7916158602170186,0.5714285714285715,0.0,0.25927784272014703,0.0,0.0,1,0.0726420434015489,0.0,0.046875,0.004650565799296182,0.0,1.4754681166522622E-54,0.0356370377999794,5,5
1770322131474,0.7931101884707514,0.45175395145262565,7.807944108075539E-4,0.26120958882141254,0.0,0.0,1,0.07085987463531859,0.0,0.046875,0.004633287840590981,0.0,1.1803744933218099E-54,0.03563336766220393,5,5
1770322131977,0.7966797042208786,0.8144110179279557,9.247546746487151E-5,0.263153374807106,0.0,0.0,1,0.06944847892468584,0.0,0.046875,0.004630565070937155,0.0,9.44299594657448E-55,0.035629698280300715,5,5
1770322132439,0.7987548917172729,0.5050762722761054,0.0,0.26510680021231026,0.0,0.0,1,0.06795183396196329,0.0,0.046875,0.004630565070937155,0.0,7.554396757259585E-55,0.03562602965403627,5,5
1770322132899,0.7952889261273176,0.45175395145262565,1.0,0.2604829628993935,0.0,0.0,1,0.06823153760784118,0.2717391304347826,0.046875,0.004667915744719599,0.0,6.043517405807668E-55,0.03562236178317724,5,5
1770322133367,0.7998804052975901,0.5150787536377127,0.3312780447444203,0.26111843515513183,0.0,0.0,1,0.06698204845928012,0.0,0.046875,0.0046880725706618534,0.0,4.834813924646135E-55,0.035618694667490236,5,5
1770322133833,0.8032137386309235,0.42857142857142855,8.130657162317915E-4,0.26305898498882446,0.0,0.0,1,0.06579270480328515,0.0,0.046875,0.004670650405906471,0.0,3.867851139716908E-55,0.035615028306742125,5,5
1770322134302,0.8065470719642568,0.4164965639175215,9.581611107128417E-5,0.26501159361020665,0.0,0.0,1,0.06796115692519415,0.0,0.046875,0.004667915744719599,0.0,3.0942809117735267E-55,0.03561136270069987,5,5
1770322134760,0.8061444470972798,0.6388765649999399,0.0,0.26697381486201643,0.0,0.0,1,0.06935240794555025,0.0,0.046875,0.004667915744719599,0.0,2.4754247294188213E-55,0.035607697849130426,5,5
1770322135222,0.8069614887567349,0.6468132241526726,1.0,0.2623190536166185,0.0,0.0,1,0.06991107754921312,0.27056277056277056,0.046875,0.004740775572174146,0.0,1.9803397835350573E-55,0.03560403375180077,5,5
1770322135691,0.8142090146660629,0.22587697572631282,0.0,0.26426850667746304,0.0,0.0,1,0.06840371006581732,0.0,0.046875,0.004740775572174146,0.0,1.584271826828046E-55,0.03560037040847819,5,5
1770322136161,0.813117311279307,0.31943828249996997,8.600480654189002E-4,0.2662239697036439,0.0,0.0,1,0.06737148289075616,0.0,0.046875,0.00472313486538713,0.0,1.2674174614624369E-55,0.035596707818930096,5,5
1770322136620,0.8146116395330398,0.20203050891044214,8.731968070288859E-4,0.2681886353883031,0.0,0.0,1,0.06618514598695624,0.0,0.046875,0.004705567294527332,0.0,1.0139339691699495E-55,0.035593045982923566,5,5
1770322137079,0.8193357509599343,0.7284313590846835,1.0187582493543444E-4,0.27016535823725424,0.0,0.0,1,0.06733214088612403,0.0,0.046875,0.004702832739952892,0.0,8.111471753359596E-56,0.03558938490022634,5,5
1770322137538,0.8180776051229951,0.28571428571428575,1.0,0.26544638794978975,0.0,0.0,1,0.06642977516783846,0.27233115468409586,0.046875,0.004773543216139006,0.0,6.489177402687677E-56,0.035585724570605826,5,5
1770322138013,0.8204856775197555,0.20203050891044214,9.927098658565382E-5,0.2674102875622723,0.0,0.0,1,0.06702612187883798,0.0,0.046875,0.004770820872944676,0.0,5.191341922150143E-56,0.035582064993829654,5,5
1770322138479,0.8190610892326334,0.8571428571428571,9.038786292164406E-4,0.269380439066561,0.0,0.0,1,0.06587085708827732,0.0,0.046875,0.00475303291470363,0.0,4.153073537720114E-56,0.03557840616966579,5,5
1770322138950,0.8190610892326334,0.20203050891044214,1.0,0.2581504555626554,0.0,0.0,1,0.0647815254794443,0.5307855626326964,0.046875,0.004866332817716961,0.0,3.3224588301760916E-56,0.03557474809788197,3,5
1770322139426,0.8154915734825062,0.8144110179279557,9.397268856163298E-5,0.2600794900758171,0.0,0.0,1,0.0641667084863641,0.0,0.046875,0.0048635987552184765,0.0,2.6579670641408733E-56,0.03557109077824616,5,5
1770322139900,0.8230404485041408,0.5150787536377127,0.0,0.26201821087768046,0.0,0.0,1,0.063683447890913,0.0,0.046875,0.0048635987552184765,0.0,2.126373651312699E-56,0.03556743421052633,5,5
1770322140355,0.8154915734825062,0.6388765649999399,8.907814048570735E-4,0.2639628915424402,0.0,0.0,1,0.062434733246786646,0.0,0.046875,0.0048454378623710445,0.0,1.7010989210501592E-56,0.03556377839449065,5,5
1770322140821,0.8147442717896618,0.30304576336566325,9.043994442383221E-4,0.26591681259535577,0.0,0.0,1,0.061740999514679575,0.0,0.046875,0.004827352157868475,0.0,1.3608791368401274E-56,0.035560123329907545,5,5
1770322141316,0.8132114642254218,0.0,1.0,0.25484006901370865,0.0,0.0,1,0.062024082823040096,0.5050505050505051,0.046875,0.004942479894013288,0.0,1.088703309472102E-56,0.035659233377864585,3,5
1770322141776,0.8059639383160937,0.8144110179279557,9.274480843842465E-5,0.2567529276402969,0.0,0.0,1,0.06396270171148476,0.0,0.046875,0.00493973401218614,0.0,8.709626475776816E-57,0.0356555692560625,5,5
1770322142240,0.8027970474329434,0.20203050891044214,1.0,0.2460830335739397,0.0,0.0,1,0.06366262287201235,0.5387931034482758,0.046875,0.005073895757506249,0.0,6.967701180621453E-57,0.03565190588718792,3,5
1770322142700,0.8048722349293378,0.7693092581620721,0.0,0.2479523830368735,0.0,0.0,1,0.06317600882317165,0.0,0.046875,0.005073895757506249,0.0,5.574160944497162E-57,0.035648243271008795,5,5
1770322143158,0.8035558659193334,0.36421567954234174,8.415198678077915E-4,0.24982789053317137,0.0,0.0,1,0.06271169665568743,0.0,0.046875,0.005054888040718544,0.0,4.4593287555977303E-57,0.03564458140729332,5,5
1770322143641,0.8067227568024835,0.31943828249996997,0.0,0.25171618938727514,0.0,0.0,1,0.06914080374578668,0.0,0.046875,0.005054888040718544,0.0,3.567463004478184E-57,0.03564092029580934,5,5
1770322144110,0.809378803541539,0.0,0.0,0.25361393552678646,0.0,0.0,1,0.06803041070663163,0.0,0.046875,0.005054888040718544,0.0,2.8539704035825475E-57,0.03573996097360588,5,5
1770322144570,0.8115191577334461,0.22587697572631282,1.0,0.2430794821698135,0.0,0.0,1,0.06847994253603261,0.5434782608695652,0.046875,0.005175649689775622,0.0,2.283176322866038E-57,0.03573629081947016,3,5
1770322145042,0.8142018918575075,0.5439837932759934,0.0,0.2449334277728849,0.0,0.0,1,0.06741184551019991,0.0,0.046875,0.005175649689775622,0.0,1.8265410582928306E-57,0.03573262141903688,5,5
1770322145507,0.8129437460205685,0.0,0.0,0.24679690283250733,0.0,0.0,1,0.066470575446681,0.0,0.046875,0.005175649689775622,0.0,1.4612328466342646E-57,0.035831622176591416,5,5
1770322146002,0.816168860076784,0.8144110179279557,1.0,0.23539203694596678,0.0,0.0,1,0.06652682886622381,0.5050505050505051,0.046875,0.005362329193827715,0.0,1.1689862773074118E-57,0.03582794374294218,3,5
1770322146473,0.8096686358603006,0.931314629314664,0.0,0.23720572509483664,0.0,0.0,1,0.06682735802898593,0.0,0.046875,0.005362329193827715,0.0,9.351890218459296E-58,0.035824266064463095,5,5
1770322146989,0.8104856775197558,0.7142857142857143,8.38495734961972E-5,0.23902867702311678,0.0,0.0,1,0.06659065830220195,0.0,0.046875,0.0053595235931104945,0.0,7.481512174767437E-58,0.03582058914092168,5,5
1770322147451,0.8104856775197558,0.8144110179279557,8.567580427367688E-4,0.24085810825756954,0.0,0.0,1,0.06593333929586692,0.0,0.046875,0.0053393838537936075,0.0,5.98520973981395E-58,0.035816912972085335,5,5
1770322147923,0.8138190108530889,0.4164965639175215,0.0,0.24270054377460545,0.0,0.0,1,0.06650234043430577,0.0,0.046875,0.0053393838537936075,0.0,4.78816779185116E-58,0.03581323755772192,5,5
1770322148385,0.8207218599365494,0.31943828249996997,1.0,0.23852463288995754,0.0,0.0,1,0.06544735159726475,0.27056277056277056,0.046875,0.005402858705302457,0.0,3.830534233480928E-58,0.03580956289759907,5,5
1770322148850,0.8210665367624169,0.31943828249996997,0.0,0.240354870003018,0.0,0.0,1,0.06605919312538058,0.0,0.046875,0.005402858705302457,0.0,3.0644273867847428E-58,0.035805888991484514,5,5
1770322149304,0.8264750575921445,0.5890150893739515,0.0,0.24219468401704336,0.0,0.0,1,0.06554020819832075,0.0,0.046875,0.005402858705302457,0.0,2.4515419094277945E-58,0.035802215839146445,5,5
1770322149765,0.823819010853089,0.6468132241526726,9.058518273427205E-4,0.24404052579666616,0.0,0.0,1,0.06507807982401934,0.0,0.046875,0.005382552147188337,0.0,1.9612335275422356E-58,0.035798543440352826,5,5
1770322150240,0.823819010853089,0.5050762722761054,0.3156397655304368,0.2446768223370916,0.0,0.0,1,0.06506755839729766,0.0,0.046875,0.0054056765299962135,0.0,1.5689868220337886E-58,0.03579487179487184,5,5
1770322150702,0.8277332034290836,0.7354021529276429,1.0,0.2404659466567415,0.0,1.0,1,0.06388287687332556,0.27056277056277056,0.046875,0.005490575083771617,0.0,1.255189457627031E-58,0.035791200902471565,5,5
1770322151158,0.8204856775197557,0.7693092581620721,9.176784820019084E-4,0.24230276296571615,0.0,0.0,1,0.06292780429867297,0.0,0.046875,0.005469930951351695,0.0,1.004151566101625E-58,0.035787530762920405,5,5
1770322151623,0.8204856775197557,0.7071067811865476,1.0,0.231117626159762,0.0,0.0,1,0.062271289903498714,0.5376344086021505,0.046875,0.0056673886758652195,0.0,8.033212528813E-59,0.03578386137598688,3,5
1770322152087,0.8204856775197557,0.5439837932759934,8.415146419758541E-5,0.23290807014640208,0.0,0.0,1,0.061925514671353286,0.0,0.046875,0.005664521722999707,0.0,6.4265700230504E-59,0.0357801927414394,5,5
1770322152567,0.8150771566900281,0.20203050891044214,8.543934967746556E-5,0.2347081513139963,0.0,0.0,1,0.06238516850985095,0.0,0.046875,0.005661667334110962,0.0,5.14125601844032E-59,0.03577652485904659,5,5
1770322153036,0.8096686358603006,0.10101525445522107,8.674694313879367E-5,0.23651785606187503,0.0,0.0,1,0.06305260620187685,0.0,0.046875,0.0056588254552643975,0.0,4.113004814752256E-59,0.0357728577285773,5,5
1770322153495,0.8075282816683935,0.931314629314664,9.366059865109572E-4,0.2383338523713815,0.0,1.0,1,0.06284518780579615,0.0,0.046875,0.005637489885254057,0.0,3.290403851801805E-59,0.03576919134980017,5,5
1770322153948,0.8064365782816376,0.20203050891044214,1.0,0.23424386519401644,0.0,0.0,1,0.06156073662835354,0.2759381898454746,0.046875,0.005704602543801788,0.0,2.6323230814414443E-59,0.03576552572248415,5,5
1770322154405,0.8043613907852433,0.7142857142857143,8.720989353957507E-5,0.23605109435305208,0.0,0.0,1,0.0639813782256269,0.0,0.046875,0.005701760804768686,0.0,2.1058584651531555E-59,0.03576186084639821,5,5
1770322154874,0.8030450217752387,0.8689660757568886,1.0,0.2262909821058555,0.0,0.0,1,0.0663246461256,0.5330490405117271,0.046875,0.005860539989355361,0.0,1.6846867721225244E-59,0.03575819672131153,3,5
1770322155335,0.8030450217752387,0.10101525445522107,0.0,0.22805546142154964,0.0,0.0,1,0.06522998359632634,0.0,0.046875,0.005860539989355361,0.0,1.3477494176980196E-59,0.03575453334699319,5,5
1770322155795,0.8030450217752387,0.10101525445522107,9.206073085168648E-4,0.2298259184855249,0.0,0.0,1,0.06427331814380771,0.0,0.046875,0.005838400513086489,0.0,1.0781995341584158E-59,0.03575087072321248,5,5
1770322156253,0.7984535426049664,0.40406101782088427,1.0,0.22033710002805065,0.0,0.0,1,0.06410380724377247,0.5458515283842794,0.046875,0.00600104642826358,0.0,8.625596273267327E-60,0.03574720884973881,3,5
1770322156721,0.7993403242310322,0.5890150893739515,7.910852124711236E-5,0.22206815195488763,0.0,0.0,1,0.06492262185126538,0.0,0.046875,0.005998167952821161,0.0,6.900477018613863E-60,0.035743547726341696,5,5
1770322157201,0.8004320276177881,0.22587697572631282,8.031923580831693E-5,0.22380890059534664,0.0,0.0,1,0.06514547515361305,0.0,0.046875,0.005995302090469159,0.0,5.520381614891091E-60,0.035739887352790545,5,5
1770322157691,0.798523282571577,0.10101525445522107,8.154847767843398E-5,0.22555933902511743,0.0,0.0,1,0.06602778810893437,0.0,0.046875,0.005992448787070214,0.0,4.4163052919128727E-60,0.03573622772885521,5,5
1770322158148,0.7996149859583329,0.10101525445522107,8.279653033702153E-5,0.22731945925861655,0.0,0.0,1,0.0677668862064555,0.0,0.046875,0.005989607988712682,0.0,3.533044233530298E-60,0.03573256885430531,5,5
1770322158608,0.7996149859583329,0.614451804788759,1.0,0.22233665917021625,0.0,0.0,1,0.06709170133049187,0.2717391304347826,0.046875,0.006110164418197144,0.0,2.8264353868242385E-60,0.03572891072891071,5,5
1770322159086,0.8025723818096953,0.614451804788759,8.128769712546049E-5,0.2240789076658699,0.0,0.0,1,0.0687904911771805,0.0,0.046875,0.006107311493506437,0.0,2.261148309459391E-60,0.035725253352441366,5,5
1770322159553,0.8006636367634842,0.40406101782088427,0.0,0.22583117261649788,0.0,0.0,1,0.06959783659688075,0.0,0.046875,0.006107311493506437,0.0,1.808918647567513E-60,0.03572159672466735,5,5
1770322160026,0.8033196835025397,0.6388765649999399,8.421607656901791E-5,0.22759279037898927,0.0,0.0,1,0.0690006557221618,0.0,0.046875,0.00610447107211306,0.0,1.4471349180540105E-60,0.03571794084535873,5,5
1770322160485,0.8018950952154174,0.14285714285714288,8.550495058104481E-5,0.22936407938321515,0.0,0.0,1,0.06835919359739204,0.0,0.046875,0.00610164310033816,0.0,1.1577079344432084E-60,0.0357142857142857,5,5
1770322160947,0.8018950952154174,0.22587697572631282,1.0,0.22545262803672533,0.0,0.0,1,0.06739359151011418,0.27056277056277056,0.046875,0.006195242608457756,0.0,9.261663475545668E-61,0.035710631331218656,5,5
1770322161409,0.7984291296254621,0.8689660757568886,0.0010112815094463516,0.22720855356581243,0.0,0.0,1,0.06659923677249178,0.0,0.046875,0.006171698864877454,0.0,7.409330780436534E-61,0.03570697769592801,5,5
1770322161878,0.7952622387423118,1.0,8.560682160129411E-5,0.22897774033469995,0.0,0.0,1,0.06699783605785185,0.0,0.046875,0.006168883517500939,0.0,5.927464624349227E-61,0.03570332480818417,5,5
1770322162335,0.8006707595720394,0.7354021529276429,0.0010476908182250491,0.2307529431543126,0.0,0.0,1,0.06836513918794088,0.0,0.046875,0.006145435855256048,0.0,4.741971699479382E-61,0.035699672667757754,5,5
1770322162787,0.7980147128329839,0.20203050891044214,0.0010637042543628706,0.23253776853713967,0.0,0.0,1,0.07049326313632791,0.0,0.046875,0.00612208398070972,0.0,3.793577359583506E-61,0.03569602127441951,5,5
1770322163271,0.8000899003293782,0.5150787536377127,1.0,0.22856547147436682,0.0,0.0,1,0.0701662002754837,0.2582644628099174,0.046875,0.006218882881493558,0.0,3.034861887666805E-61,0.035692370627940284,5,5
1770322163740,0.7954984211591056,0.45175395145262565,0.301731347940124,0.2291976735534433,0.0,0.0,1,0.07118457068029187,0.0,0.046875,0.006245447566989975,0.0,2.4278895101334443E-61,0.03568872072809082,5,5
1770322164210,0.798831754492439,0.45175395145262565,0.0,0.23097805027663104,0.0,0.0,1,0.06941772508561973,0.0,0.046875,0.006245447566989975,0.0,1.9423116081067555E-61,0.03568507157464218,5,5
1770322164676,0.796520384579251,0.5439837932759934,9.084243606089316E-5,0.2327677441824489,0.0,0.0,1,0.06830228256173453,0.0,0.046875,0.006242620056963548,0.0,1.5538492864854045E-61,0.035681423167365334,5,5
1770322165132,0.8011118637495234,0.28571428571428575,9.223270970698843E-5,0.2345670762984908,0.0,0.0,1,0.06724034131118672,0.0,0.046875,0.006239804940974469,0.0,1.2430794291883237E-61,0.03567777550603146,5,5
1770322165582,0.7950957962921288,0.22587697572631282,1.0,0.23055558648095642,0.0,0.0,1,0.06703868403914705,0.2777777777777778,0.046875,0.006335730485429001,0.0,9.944635433506591E-62,0.03567412859041197,5,5
1770322166053,0.7905043171218563,0.7071067811865476,0.3118328843540182,0.23118877978373756,0.0,0.0,1,0.06730449823038935,0.0,0.046875,0.006362772615455882,0.0,7.955708346805272E-62,0.03567048242027804,5,5
1770322166515,0.7970045413383399,0.42857142857142855,0.0011428930148621038,0.2329757688474976,0.0,0.0,1,0.06620075774389009,0.0,0.046875,0.006338545287923511,0.0,6.364566677444219E-62,0.035666836995401074,5,5
1770322166984,0.7940471454869776,0.30304576336566325,0.001160359324118415,0.2347723636971492,0.0,0.0,1,0.06821691766911546,0.0,0.046875,0.006314416747111684,0.0,5.091653341955375E-62,0.035663192315552816,5,5
1770322167440,0.7940471454869776,0.5714285714285715,9.531630573774277E-5,0.23658241231675298,0.0,0.0,1,0.06968393606414143,0.0,0.046875,0.0063116018657053425,0.0,4.0733226735643E-62,0.03565954838050478,5,5
1770322167911,0.7940471454869776,0.8144110179279557,1.0,0.23252822030663348,0.0,0.0,1,0.06899677237444495,0.2653927813163482,0.046875,0.00638709911046792,0.0,3.25865813885144E-62,0.03565590519002859,5,5
1770322168380,0.7907138121536444,0.5050762722761054,0.3218501236681825,0.2331622624873327,0.0,0.0,1,0.06980744499072004,0.0,0.046875,0.006414352110093705,0.0,2.6069265110811523E-62,0.03565226274389621,5,5
1770322168841,0.7972140363701279,0.4164965639175215,0.0,0.23496404727169268,0.0,0.0,1,0.06828315931888441,0.0,0.046875,0.006414352110093705,0.0,2.085541208864922E-62,0.03564862104187949,5,5
1770322169299,0.8006800019600832,0.5050762722761054,0.0012158065176070781,0.2367711666693817,0.0,0.0,1,0.06784937593273499,0.0,0.046875,0.00638992614590524,0.0,1.6684329670919378E-62,0.03564498008375039,5,5
1770322169763,0.7975131110769329,0.931314629314664,9.887472815931766E-5,0.23859181789209702,0.0,0.0,1,0.06726261134326773,0.0,0.046875,0.006387099110467894,0.0,1.3347463736735503E-62,0.035641339869281086,5,5
1770322170230,0.8035291785343276,0.614451804788759,1.0,0.23333362412166075,0.0,0.0,1,0.06685137248769084,0.26766595289079226,0.046875,0.006491070293631546,0.0,1.0677970989388403E-62,0.035637700398243655,5,5
1770322170687,0.8095452459917222,0.4164965639175215,0.0012221050047074812,0.23513200249688143,0.0,0.0,1,0.06584538019822556,0.0,0.046875,0.0064663434582260355,0.0,8.542376791510723E-63,0.0356340616704105,5,5
1770322171162,0.8095452459917221,0.36421567954234174,0.0012407798762177433,0.23693996928387454,0.0,0.0,1,0.06640914358170168,0.0,0.046875,0.006441717325710663,0.0,6.833901433208579E-63,0.0356304236855538,5,5
1770322171650,0.8125026418430843,0.7889543583705186,0.3414197788946037,0.237575577485919,0.0,0.0,1,0.06506418709133839,0.0,0.046875,0.006469195193433088,0.0,5.467121146566864E-63,0.0356267864434463,5,5
1770322172113,0.8079111626728119,0.10101525445522107,0.344258868027094,0.23821139608770417,0.0,0.0,1,0.06544464649035336,0.0,0.046875,0.006496786150894505,0.0,4.373696917253491E-63,0.0356231499438604,5,5
1770322172608,0.8079111626728119,0.6468132241526726,1.0,0.2341303892174449,0.0,0.0,1,0.06461166702430393,0.25252525252525254,0.046875,0.006599584094869636,0.0,3.498957533802793E-63,0.035619514186568724,5,5
1770322173081,0.8064865743856897,0.36421567954234174,0.0,0.23593735288027565,0.0,0.0,1,0.0642391053755525,0.0,0.046875,0.006599584094869636,0.0,2.7991660270422344E-63,0.03561587917134401,5,5
1770322173542,0.8087979442988777,0.8689660757568886,0.3407116389357573,0.2365727863432166,0.0,1.0,1,0.06325240045479039,0.0,0.046875,0.006627709074478418,0.0,2.2393328216337878E-63,0.03561224489795922,5,5
1770322174008,0.8033894234691502,0.40406101782088427,0.0,0.23839273228357724,0.0,0.0,1,0.06268136040894356,0.0,0.046875,0.006627709074478418,0.0,1.7914662573070302E-63,0.03560861136618709,5,5
1770322174485,0.8079809026394226,0.6388765649999399,0.0,0.2402222733834066,0.0,0.0,1,0.06377812838698216,0.0,0.046875,0.006627709074478418,0.0,1.4331730058456243E-63,0.035604978575800805,5,5
1770322174956,0.8139969700968174,0.42857142857142855,1.0,0.23492975102989572,0.0,0.0,1,0.06473943613178941,0.2653927813163482,0.046875,0.006761257332372332,0.0,1.1465384046764995E-63,0.03560134652657354,5,5
1770322175423,0.8119555927939843,0.6776309271789385,0.0013311116582663647,0.23673639996266085,0.0,0.0,1,0.0636863972697906,0.0,0.046875,0.006735502467547299,0.0,9.172307237411997E-64,0.03559771521827826,5,5
1770322175879,0.8119555927939843,0.30304576336566325,0.0013514492556761393,0.23855262227306784,0.0,0.0,1,0.0628494590560339,0.0,0.046875,0.006709852236580189,0.0,7.337845789929598E-64,0.03559408465068847,5,5
1770322176351,0.8109069419888331,0.0,0.0013720970169576066,0.2403784021497657,0.0,0.0,1,0.06227033830036452,0.0,0.046875,0.006684306240103961,0.0,5.8702766319436785E-64,0.03569243320416071,5,5
1770322176824,0.8143729075787883,0.20203050891044214,1.0,0.23043563214140161,0.0,0.0,1,0.06348742521591746,0.5285412262156448,0.046875,0.0068711971426547195,0.0,4.696221305554943E-64,0.035688793718772316,3,5
1770322177290,0.8108033918286613,0.5439837932759934,1.0009237176912139E-4,0.23222237551686034,0.0,0.0,1,0.06319050649377934,0.0,0.046875,0.006868257717027495,0.0,3.756977044443954E-64,0.03568515497553015,5,5
1770322177753,0.8108033918286613,0.40406101782088427,0.33371526811789265,0.2328567086112213,0.0,0.0,1,0.0640250899436518,0.0,0.046875,0.0068974810333339,0.0,3.0055816355551636E-64,0.035681516974207406,5,5
1770322178214,0.8128785793250557,0.31943828249996997,0.0013520610734974075,0.23465220225757152,0.0,0.0,1,0.0636191625473252,0.0,0.046875,0.0068711971426547195,0.0,2.404465308444131E-64,0.03567787971457692,5,5
1770322178694,0.8102296553945555,0.28571428571428575,0.0013727181643915908,0.2364572854134387,0.0,0.0,1,0.06330629229427069,0.0,0.046875,0.006845019902234838,0.0,1.923572246755305E-64,0.035674243196412214,5,5
1770322179164,0.8081544678981613,0.5050762722761054,1.0,0.2324022243040093,0.0,0.0,1,0.06290907258883126,0.26595744680851063,0.046875,0.00690043329672757,0.0,1.538857797404244E-64,0.035670607419486355,5,5
1770322179625,0.8101958452009943,0.0,0.0013535110447915912,0.23419528591813432,0.0,0.0,1,0.06346551938537366,0.0,0.046875,0.006874149497419499,0.0,1.2310862379233952E-64,0.03576887801895445,5,5
1770322180095,0.8070289543178439,0.20203050891044214,1.0,0.2245180860470587,0.0,0.0,1,0.06338662147563273,0.5319148936170213,0.046875,0.007039408956208792,0.0,9.848689903387162E-65,0.03576523334012638,3,5
1770322180588,0.8036956209845106,0.5714285714285715,0.0,0.22627278096860798,0.0,0.0,1,0.06290064067876922,0.0,0.046875,0.007039408956208792,0.0,7.87895192270973E-65,0.03576158940397356,5,5
1770322181055,0.8049537668214498,0.36421567954234174,0.0,0.2280371567991923,0.0,0.0,1,0.06439692968019044,0.0,0.046875,0.007039408956208792,0.0,6.303161538167785E-65,0.035757946210268954,5,5
1770322181521,0.8114539910379333,0.36421567954234174,0.32540494087014704,0.22866979827280137,0.0,0.0,1,0.06403465837857736,0.0,0.046875,0.007069331891808045,0.0,5.042529230534228E-65,0.035754303758785744,5,5
1770322181777,0.7949804542064556,0.6098105618955855,0.9739918458503316,0.22700605113031705,0.0,0.0,1,0.06367118600857503,0.0,0.046875,0.0070125859552671995,0.0,4.034023384427383E-65,0.0357142857142857,5,5
1770322182032,0.8053518184173288,0.5903484862259544,0.6478844953034211,0.22648392509171555,0.0,0.0,1,0.06293764513058331,0.0,0.046875,0.006932767504458002,0.0,3.227218707541907E-65,0.03567435715011691,5,5
1770322182287,0.8071709837885226,0.5455031122767275,1.0,0.22041886254680226,0.0,0.09090909090909094,0,0.06117313261477512,0.49019607843137253,0.046875,0.007063363346192665,0.0,2.5817749660335257E-65,0.03563451776649751,5,5
1770322182543,0.8232499435359286,0.5738560805549114,0.00403871565309954,0.22213614115275862,0.0,0.0,1,0.062315768699836835,0.0,0.046875,0.006974037629915874,0.0,2.0654199728268205E-65,0.03559476726498323,5,5
1770322182798,0.8228355267434506,0.4363205117246693,0.6195969291794302,0.22164424027502244,0.0,0.0,1,0.06425138093474714,0.0,0.046875,0.006941591504512966,0.0,1.6523359782614564E-65,0.03555510534846029,5,5
1770322183054,0.8173187866366054,0.5593058814830516,0.31276577153596985,0.22226242492645107,0.0,0.0,0,0.07112354848173842,0.0,0.046875,0.00690071539918326,0.0,1.3218687826091652E-65,0.035515531721137306,5,5
1770322183309,0.7972990427740468,0.5744120704974082,0.9252825935921063,0.22066866378285055,0.0,0.09090909090909094,1,0.06830125305551915,0.0,0.046875,0.006900715399183287,0.0,1.0574950260873322E-65,0.035577117444916095,5,5
1770322183565,0.7896804277858016,0.5805131749332301,0.31596838678074435,0.2212695695145293,0.0,0.0,0,0.06287617990877338,0.0,0.046875,0.006761346177621101,0.0,8.459960208698658E-66,0.0356385663806158,5,5
1770322183821,0.7930019691936337,0.47353076933784777,0.6206523339720519,0.22078168104726542,0.0,0.0,1,0.06708724030216964,0.0,0.046875,0.006729895464100335,0.0,6.767968166958927E-66,0.035599031867688535,5,5
1770322184075,0.7897116884419054,0.4734700540843137,1.0,0.21167580288198848,0.0,0.0,1,0.0676758212189464,0.984251968503937,0.046875,0.006828432682514736,0.0,5.414374533567142E-66,0.035660320338470886,4,5
1770322184331,0.7784988695920727,0.3260487294386803,0.28975136935910806,0.21227599979159278,0.0,0.0,0,0.06359150409462438,0.0,0.046875,0.006718861712398727,0.0,4.3314996268537135E-66,0.03572147313342722,5,5
1770322184586,0.7837223083695164,0.5157559526530712,1.0,0.20972337400489846,0.0,0.0,1,0.061338648795469214,0.0,0.046875,0.006721601992130571,0.0,3.465199701482971E-66,0.03568197808825002,5,5
1770322184842,0.7911629641140333,0.4082746390937413,1.0,0.20010396782100492,0.0,0.0,0,0.06286618266560073,0.9765625,0.046875,0.006904858159631446,0.0,2.7721597611863766E-66,0.03574297188755016,4,5
1770322185098,0.7986851517506622,0.5121535206326931,0.757732496499979,0.1987125351411139,0.0,0.09090909090909094,1,0.06459227832722399,0.0,0.046875,0.0069021184686109465,0.0,2.2177278089491015E-66,0.03570354026677369,5,5
1770322185353,0.8134861259527225,0.55450682026737,0.5039343150200651,0.19832316485812723,0.0,0.0,1,0.06318310075054623,0.0,0.046875,0.006899390793713183,0.0,1.7741822471592813E-66,0.03576437587657788,5,5
1770322185608,0.8368461466710617,0.5531064584615367,0.5048133019650384,0.19793191158436674,0.0,0.0,0,0.07295144334435774,0.0,0.046875,0.006875618549190999,0.0,1.419345797727425E-66,0.03582507755428799,5,5
1770322185863,0.8286222594606508,0.3801857505018518,1.0,0.18885281811032428,0.0,0.09090909090909094,1,0.11790340176885034,0.9803921568627451,0.046875,0.006907609918631648,0.0,1.1354766381819401E-66,0.03608556577369049,3,5
1770322186119,0.8205554174863661,0.4594796536955144,0.23468808632749427,0.18943814362021139,0.0,0.0,1,0.0838340183796869,0.0,0.046875,0.006841078414968975,0.0,9.083813105455521E-67,0.03614578132800794,5,5
1770322186374,0.832336199392901,0.5295305116581233,1.0,0.18628307199978295,0.0,0.0,1,0.06875348849989153,0.0,0.046875,0.006949999326528569,0.0,7.267050484364417E-67,0.03610612407739877,5,5
1770322186630,0.8377062409121215,0.4049675229676812,0.2339754154800192,0.18685161111477366,0.0,0.18181818181818177,1,0.13786388359146995,0.0,0.046875,0.0067913179398450315,0.0,5.8136403874915345E-67,0.03616618511507419,5,5
1770322186885,0.8470556417028494,0.3636388677260606,0.0037504278189684054,0.18836823822338525,0.0,0.09090909090909094,0,0.09197512224519679,0.0,0.046875,0.0066822637954419865,0.0,4.6509123099932276E-67,0.036126592356687914,5,5
1770322187141,0.8482463219786794,0.44942083690245366,0.23932707745801426,0.18894663651640262,0.0,0.0,1,0.06885998044612164,0.0,0.046875,0.006572272280138176,0.0,3.720729847994582E-67,0.036087086191470275,5,5
1770322187396,0.8380899677940289,0.6112801832194434,0.7047013195168081,0.18765004785908754,0.0,0.0,1,0.07542007840581569,0.0,0.046875,0.006544388763642683,0.0,2.9765838783956656E-67,0.03614697120158883,5,5
1770322187652,0.8190198020016998,0.5278474004257935,1.0,0.1781965214135039,0.0,0.0,0,0.06861684277199001,0.9765625,0.046875,0.006798815837275578,0.0,2.3812671027165325E-67,0.03610752901497871,4,5
1770322187907,0.7973328529676079,0.4570031310186767,0.4278595027556963,0.177880039683178,0.0,0.0,1,0.06476094038851798,0.0,0.046875,0.006767403581530433,0.0,1.905013682173226E-67,0.036068172810146626,5,5
1770322188163,0.8080147128329837,0.5836148832195491,0.2186857053657057,0.17844498783833684,0.0,0.0,0,0.06380134902716039,0.0,0.046875,0.006658556018346571,0.0,1.524010945738581E-67,0.03602890230624567,5,5
1770322188418,0.7965901245458614,0.47706951513897355,0.43302529324862205,0.1781279492654163,0.0,0.0,1,0.06401268361312865,0.0,0.046875,0.0066303266855870305,0.0,1.2192087565908648E-67,0.03598971722365041,5,5
1770322188672,0.7949107142398448,0.6429538783323218,1.0,0.1708517130916062,0.0,0.0,0,0.0645653025379451,0.984251968503937,0.046875,0.006736143107776968,0.0,9.753670052726919E-68,0.03595061728395066,4,5
1770322188928,0.8033801810811065,0.5457116984088008,0.40462929134483644,0.17055794942258262,0.0,0.0,0,0.06666115209465814,0.0,0.046875,0.006684313202257812,0.0,7.802936042181535E-68,0.036010260457774224,5,5
1770322189183,0.8087887019108341,0.41183951353121373,0.6026112738033683,0.16941885462823603,0.0,0.0,1,0.06582498623662081,0.0,0.046875,0.00666114409884756,0.0,6.242348833745228E-68,0.03597122302158273,5,5
1770322189439,0.7990610892326333,0.6116147835553292,0.7911625585281233,0.1674554944849263,0.0,0.0,0,0.06554274484195953,0.0,0.046875,0.006686901204989626,0.0,4.993879066996183E-68,0.03593227013191569,5,5
1770322189694,0.823985453303272,0.4313978892887511,0.20043985035300163,0.16801108639228535,0.0,0.0,1,0.06985163056746418,0.0,0.046875,0.006625206997528108,0.0,3.995103253596947E-68,0.03599173960074742,5,5
1770322189950,0.8292542190678222,0.5810160670019753,0.20406265199557494,0.16856171308015766,0.0,0.0,1,0.06387682763037068,0.0,0.046875,0.006518558992206431,0.0,3.196082602877558E-68,0.03595284872298621,5,5
1770322190206,0.8270243810467461,0.535113360438812,0.6022800400618724,0.1674391470543228,0.0,0.0,0,0.06433930688363901,0.0,0.046875,0.006493423337454395,0.0,2.5568660823020467E-68,0.035914041801589636,5,5
1770322190461,0.8365250536961967,0.4349510648561389,0.5967786739666583,0.16633173655355996,0.0,0.0,1,0.06999816356076523,0.0,0.046875,0.0065135280727993,0.0,2.0454928658416374E-68,0.03587531856498727,5,5
1770322190716,0.851078053555962,0.5146489291870683,1.0,0.16196849933775562,0.0,0.0,1,0.06897103458436918,0.49019607843137253,0.046875,0.006615101858498184,0.0,1.63639429267331E-68,0.03583667874277885,5,5
1770322190972,0.8510350009743572,0.4640626653644154,0.5691539626632955,0.16090360381120924,0.0,0.0,1,0.07044312440346046,0.0,0.046875,0.006617611484003964,0.0,1.3091154341386482E-68,0.035895931142409965,5,5
1770322191227,0.8514761051518411,0.5479021219732995,1.0,0.1535913193765717,0.0,0.18181818181818177,0,0.06682519281440528,0.9803921568627451,0.046875,0.006768099880160113,0.0,1.0472923473109185E-68,0.03585735222276498,4,5
1770322191483,0.8591529433131516,0.43448541332188534,0.004847798786758653,0.1548813328049193,0.0,0.0,0,0.06264553289683569,0.0,0.046875,0.006587054361150987,0.0,8.378338778487349E-69,0.03581885613898106,5,5
1770322191738,0.8622500942296913,0.594583711465925,0.18350707967181565,0.15540966208327078,0.0,0.09090909090909094,1,0.06795177964898391,0.0,0.046875,0.006483405317930665,0.0,6.70267102278988E-69,0.03578044262454905,5,5
1770322191993,0.8576319276744129,0.5371991219764023,0.5430586136326783,0.154392191722531,0.0,0.0,1,0.0684590017206272,0.0,0.046875,0.006435927976331396,0.0,5.362136818231904E-69,0.03574211141410211,5,5
1770322192249,0.8613411984897176,0.4299437418883856,0.18507066444920403,0.1549173432027413,0.0,0.0,0,0.062297925102637416,0.0,0.046875,0.006312783942928018,0.0,4.2897094545855233E-69,0.03580114797159262,5,5
1770322192505,0.8653518184173287,0.5721878163010892,0.3655139290914016,0.15468122540563803,0.0,0.0,1,0.07491239824345346,0.0,0.046875,0.006307817908206813,0.0,3.4317675636684186E-69,0.03576287657920307,5,5
1770322192760,0.8549061409687468,0.521633543609387,0.0028369105928481944,0.15598797208087736,0.0,0.0,0,0.06387975548447995,0.0,0.046875,0.006201293652593828,0.0,2.745414050934735E-69,0.03572468692359965,5,5
1770322193015,0.8602449218318635,0.43355192782645535,0.37456969626995046,0.15574581438062404,0.0,0.09090909090909094,1,0.06547328971126742,0.0,0.046875,0.0061725219170670805,0.0,2.196331240747788E-69,0.035686578743211794,5,5
1770322193271,0.8674536932987286,0.48300480805460416,0.9204780596624694,0.1531872413156888,0.0,0.09090909090909094,1,0.06864582455289958,0.48828125,0.046875,0.006146282169116141,0.0,1.7570649925982306E-69,0.03564855177758408,5,5
1770322193526,0.861712287568635,0.3684607759867043,0.3680263272078418,0.15294897265681498,0.0,0.0,0,0.06691849664447888,0.0,0.046875,0.006077755993031583,0.0,1.4056519940785846E-69,0.03561060576736985,5,5
1770322193782,0.8690295534445734,0.44687494097603553,0.18607584299995614,0.1534798427101522,0.0,0.0,1,0.06407812087990197,0.0,0.046875,0.006026156040001057,0.0,1.1245215952628678E-69,0.03566940550990816,5,5
1770322194037,0.8673303034301506,0.46406338477430525,0.37078036582092216,0.15325094519440555,0.0,0.0,0,0.06324955765005982,0.0,0.046875,0.006047128616185854,0.0,8.996172762102942E-70,0.0356315179606026,5,5
1770322194292,0.8755880008341225,0.5682384346234348,0.37123987303147893,0.15302504634452357,0.0,0.0,1,0.06387846142629104,0.0,0.046875,0.006087042845466368,0.0,7.196938209682354E-70,0.0355937108131571,5,5
1770322194548,0.8768461466710618,0.4799804457867221,0.18992815351007253,0.15355323464180157,0.0,0.0,1,0.06540760690891956,0.0,0.046875,0.006009700866716439,0.0,5.757550567745883E-70,0.03555598381190983,5,5
1770322194803,0.8719217826004231,0.41656532818826675,0.3777508127637966,0.15332114040227188,0.0,0.0,0,0.0637106872790271,0.0,0.046875,0.006002802664787082,0.0,4.6060404541967066E-70,0.03561459235730102,5,5
1770322195058,0.8795288807951231,0.4074465776190917,0.19364573933938775,0.15384555788495863,0.0,0.09090909090909094,1,0.06117282731593528,0.0,0.046875,0.005889740984552611,0.0,3.6848323633573657E-70,0.03557692307692306,5,5
1770322195313,0.8815343283249066,0.5594317978013861,1.0,0.15057057341691396,0.0,0.09090909090909094,1,0.06128640312912945,0.49019607843137253,0.046875,0.005908053568529516,0.0,2.9478658906858925E-70,0.035539333397368145,5,5
1770322195570,0.8838841775486016,0.44975455387261837,0.002041115613795386,0.15185224400748867,0.0,0.0,1,0.0646671575166404,0.0,0.046875,0.005830670587745346,0.0,2.358292712548714E-70,0.03550182306658989,5,5
1770322195824,0.8536792557879115,0.6212974872308799,1.0,0.14495463580915735,0.0,0.0,0,0.06390889820976803,0.984251968503937,0.046875,0.005901275310005602,0.0,1.8866341700389714E-70,0.03556024154126325,4,5
1770322196080,0.8568461466710616,0.4146560110471285,0.6920329795241442,0.14331377610280766,0.0,0.0,0,0.06466714499198165,0.0,0.046875,0.0059682466687291085,0.0,1.509307336031177E-70,0.03552278820375332,5,5
1770322196335,0.8388103069699118,0.41961178089846146,0.5157817379394821,0.14240001304929298,0.0,0.09090909090909094,1,0.06751246309253177,0.0,0.046875,0.005989277162119088,0.0,1.2074458688249417E-70,0.03558106169296982,5,5
1770322196592,0.8449061409687468,0.48860422540225085,0.34510075073927077,0.14219851458830418,0.0,0.0,1,0.06543335724944,0.0,0.046875,0.005963797458118134,0.0,9.659566950599535E-71,0.03563921268870629,5,5
1770322196847,0.8421436403032451,0.5490101727282813,0.17511051877643508,0.14270741460125844,0.0,0.0,0,0.06574811245143239,0.0,0.046875,0.005910961210218668,0.0,7.727653560479629E-71,0.035601794406795784,5,5
1770322197102,0.8383092142686908,0.5545239065377852,0.17764794667142564,0.14321537949038557,0.0,0.09090909090909094,1,0.06514772710508486,0.0,0.046875,0.005840133221290678,0.0,6.182122848383703E-71,0.03565980167810834,5,5
1770322197357,0.8548432486787356,0.4570353925219593,0.1796451507861399,0.14372468169191252,0.0,0.0,0,0.06319350142617165,0.0,0.046875,0.005772325427723777,0.0,4.9456982787069625E-71,0.03562244023240313,5,5
1770322197613,0.8457033429197954,0.46601044734336416,0.35834319464773523,0.1435195216188875,0.0,0.0,1,0.06597556353743148,0.0,0.046875,0.00574773590434364,0.0,3.95655862296557E-71,0.03558515699333964,5,5
1770322197868,0.8361688600767838,0.48147679513940644,1.0,0.1390863641811668,0.0,0.09090909090909094,1,0.0694376274478406,0.49019607843137253,0.046875,0.005837961700526883,0.0,3.165246898372456E-71,0.03554795171561642,5,5
1770322198123,0.8535128133377283,0.4990282224038961,0.17271954706712017,0.13959106328092474,0.0,0.0,0,0.06582020883943421,0.0,0.046875,0.0058109517884704105,0.0,2.532197518697965E-71,0.03551082415495632,5,5
1770322198379,0.8466099642542678,0.5648583528218187,0.5155672798638493,0.13870624915133378,0.0,0.0,1,0.06374370737909116,0.0,0.046875,0.005833647321355522,0.0,2.025758014958372E-71,0.03547377406810204,5,5
1770322198634,0.8457544432843058,0.4829590355743053,0.5128908497388782,0.13782841271340604,0.0,0.0,0,0.0697286313462068,0.0,0.046875,0.005858588473075848,0.0,1.6206064119666977E-71,0.03543680121281034,5,5
1770322198890,0.8436210326148459,0.5080726713468711,1.0,0.13028581402487358,0.0,0.0,1,0.06872672116410111,0.9765625,0.046875,0.006046460305330221,0.0,1.2964851295733582E-71,0.03539990534784665,4,5
1770322199145,0.8461711344822853,0.4272311759377261,0.15902276211597158,0.13076805057662216,0.0,0.0,1,0.07163625687244014,0.0,0.046875,0.00599946092898012,0.0,1.0371881036586866E-71,0.035457639939485586,5,5
1770322199401,0.8453785058023346,0.44522254739142797,0.31842875274380106,0.1305981733182934,0.0,0.0,0,0.06699866531386289,0.0,0.046875,0.005973943522166215,0.0,8.297504829269493E-72,0.035420799093227595,5,5
1770322199656,0.8322931468112965,0.44564767162100755,0.6293034973383366,0.1291385677523943,0.0,0.0,1,0.06497047876549562,0.0,0.046875,0.006046460305330222,0.0,6.638003863415595E-72,0.03538403472353269,5,5
1770322199912,0.8183137875397889,0.6355263199304544,0.0023591876247682163,0.13026340022874652,0.0,0.09090909090909094,1,0.06620741617794898,0.0,0.046875,0.005942131268855853,0.0,5.310403090732476E-72,0.035347346592515816,5,5
1770322200167,0.8229052667100613,0.4708496948021385,0.3220140328945232,0.13009499468731697,0.0,0.0,1,0.06544064255870438,0.0,0.046875,0.005918965696423483,0.0,4.248322472585981E-72,0.035310734463276816,5,5
1770322200422,0.8259208857344891,0.49368162225726925,0.4812373582962362,0.12928042745768017,0.0,0.09090909090909094,1,0.06625314044791793,0.0,0.046875,0.005918965696423507,0.0,3.3986579780687853E-72,0.03536826262816295,5,5
1770322200678,0.8409919483927525,0.5225800672940623,0.32225392239488215,0.129112532944337,0.0,0.0,0,0.0661749926621324,0.0,0.046875,0.005875042278443352,0.0,2.7189263824550283E-72,0.035331704566810784,5,5
1770322200933,0.8482394743020804,0.5089481887245233,1.0,0.12576991521408473,0.0,0.09090909090909094,1,0.06992028527468064,0.49019607843137253,0.046875,0.005963277513341828,0.0,2.1751411059640228E-72,0.03529522200319157,5,5
1770322201189,0.8530134859871789,0.5215158603663819,0.15836210633378728,0.1262369633246274,0.0,0.09090909090909094,1,0.09303495200996939,0.0,0.046875,0.0058708036750533335,0.0,1.7401128847712185E-72,0.03525881470367587,5,5
1770322201444,0.8484756567188741,0.5937682426420557,0.4685276610162538,0.1254536033755588,0.0,0.0,0,0.08233864156131972,0.0,0.046875,0.005895894827144614,0.0,1.3920903078169748E-72,0.035222482435597224,5,5
1770322201699,0.8316692349870303,0.49511523976501776,0.31273230693560466,0.12530129487343214,0.0,0.0,1,0.07178950912170977,0.0,0.046875,0.005912650090809343,0.0,1.1136722462535799E-72,0.03518622496724688,5,5
1770322201955,0.8387118391356679,0.35634953968563876,0.1597293515583318,0.12576911764666843,0.0,0.0,0,0.06318054114082479,0.0,0.046875,0.005839555177237193,0.0,8.90937797002864E-73,0.035150042067869536,5,5
1770322202210,0.8491959958947567,0.5892664101454571,0.31868757245444035,0.12561207467015226,0.0,0.0,1,0.06375299157137676,0.0,0.046875,0.0058146974377565365,0.0,7.127502376022912E-73,0.03511393350765779,5,5
1770322202465,0.850411089150091,0.43136738094490734,0.0032013752090860985,0.1267075125851303,0.0,0.0,1,0.06269408263297026,0.0,0.046875,0.0056778477841730015,0.0,5.70200190081833E-73,0.03507789905774794,5,5
1770322202721,0.8699699849726071,0.43046848771126667,0.4847655028933569,0.12592260282496062,0.0,0.0,0,0.06679321638853512,0.0,0.046875,0.005724469257177515,0.0,4.561601520654664E-73,0.03504193849021431,5,5
1770322202976,0.888475656718874,0.4644907115666189,1.0,0.12267086342243932,0.0,0.0,1,0.06419956016668953,0.49019607843137253,0.046875,0.005866602358885657,0.0,3.649281216523731E-73,0.035006051578065356,5,5
1770322203232,0.8914376258413339,0.497514402894055,0.466133100702833,0.1219121523409186,0.0,0.0,0,0.061937541789592335,0.0,0.046875,0.005872918295613721,0.0,2.919424973218985E-73,0.03497023809523814,5,5
1770322203488,0.9003844017650849,0.609821117735023,0.1576099571543731,0.12237357027488398,0.0,0.0,1,0.0622474954330261,0.0,0.046875,0.005823026651905913,0.0,2.335539978575188E-73,0.03493449781659386,5,5
1770322203743,0.89956736010563,0.461525892484753,0.0016398827960824587,0.12345068783006519,0.0,0.09090909090909094,1,0.060689324210076674,0.0,0.046875,0.0057510342068798695,0.0,1.8684319828601504E-73,0.03489883051791354,5,5
1770322203998,0.901394573259729,0.5244168605379992,0.16215531048602022,0.12391826152711237,0.0,0.09090909090909094,0,0.06316699709568344,0.0,0.046875,0.005726537989719692,0.0,1.4947455862881204E-73,0.03486323597589247,5,5
1770322204253,0.8868461466710618,0.5687067978466726,0.3262261919208163,0.12376399167089758,0.0,0.0,1,0.06178610473717629,0.0,0.046875,0.005681976334406047,0.0,1.1957964690304963E-73,0.03482771396813633,5,5
1770322204509,0.8853785058023345,0.42322390428841844,0.32543517632863506,0.12361762258585451,0.0,0.0,1,0.06311165451055474,0.0,0.046875,0.005718317641246461,0.0,9.566371752243972E-74,0.03479226427315629,5,5
1770322204764,0.8742868024155785,0.4300201187826448,0.32856030053267754,0.12346422072952112,0.0,0.0,1,0.0636713780913722,0.0,0.046875,0.005675797155160049,0.0,7.653097401795178E-74,0.03484932519874284,5,5
1770322205020,0.8600130375542119,0.4721513224193357,0.9628461457875178,0.12087396437996155,0.0,0.0,1,0.06352491462624024,0.48828125,0.046875,0.005718317641246434,0.0,6.122477921436143E-74,0.03481392557022811,5,5
1770322205275,0.8488969211879516,0.4118617165641785,0.001266524580416411,0.12194122324086597,0.0,0.0,0,0.06808470778724261,0.0,0.046875,0.005659714470183548,0.0,4.897982337148914E-74,0.034778597785977805,5,5
1770322205530,0.8202779478386389,0.45350116946749075,1.0,0.11760677635379618,0.0,0.0,1,0.06401768498175257,0.9803921568627451,0.046875,0.005722763941743191,0.0,3.918385869719131E-74,0.03474334162749981,4,5
1770322205786,0.8457974958659105,0.4927190386029641,0.30938807011082237,0.11746965806017302,0.0,0.0,1,0.062377896011556,0.0,0.046875,0.005700344902284392,0.0,3.134708695775305E-74,0.034708156877186536,5,5
1770322206041,0.8664050424935775,0.39432783386505094,0.613295415807969,0.11616594420290137,0.0,0.0,0,0.06269497639231404,0.0,0.046875,0.005704277248193488,0.0,2.507766956620244E-74,0.03467304331831145,5,5
1770322206296,0.8836792557879115,0.32666169835725717,0.30732452234736657,0.1160304202961251,0.0,0.0,1,0.07145886188089991,0.0,0.046875,0.005661693827463861,0.0,2.0062135652961954E-74,0.03463800073502388,5,5
1770322206553,0.8657300303048014,0.4607297323774418,0.3081632770210279,0.11589665916097283,0.0,0.09090909090909094,0,0.06520291351657781,0.0,0.046875,0.005633637280064007,0.0,1.6049708522369565E-74,0.03469481413492426,5,5
1770322206808,0.8623966969714683,0.5387587737795294,1.0,0.1117854913194762,0.0,0.0,1,0.06341340003820466,0.9803921568627451,0.046875,0.005720810827345642,0.0,1.2839766817895652E-74,0.034751512928663075,4,5
1770322207063,0.8653785058023348,0.41613415892889266,0.5797583945029733,0.11055278422934907,0.0,0.0,1,0.0647756239235192,0.0,0.046875,0.0057452751572560435,0.0,1.0271813454316523E-74,0.03480809746267288,5,5
1770322207319,0.8723966969714682,0.49869417049678977,0.2904111381697217,0.11043166135629134,0.0,0.18181818181818177,0,0.06057708312798412,0.0,0.046875,0.005722763941743191,0.0,8.217450763453219E-75,0.03486456808199123,5,5
1770322207574,0.8684104900233613,0.4869997094942051,0.0019619634166523283,0.11141539531688224,0.0,0.09090909090909094,1,0.06216942708647027,0.0,0.046875,0.005629739281170609,0.0,6.573960610762576E-75,0.03482950909589544,5,5
1770322207829,0.8751690107705468,0.5255105566471241,0.1513185056621749,0.11184541297507339,0.0,0.0,0,0.06492648577087658,0.0,0.046875,0.00553628110168812,0.0,5.25916848861006E-75,0.034794520547945185,5,5
1770322208085,0.8696953232453064,0.5315433021963486,0.3015917882357711,0.11171976694353491,0.0,0.0,1,0.06162835960440471,0.0,0.046875,0.005492980908532643,0.0,4.2073347908880486E-75,0.034759602226074215,5,5
1770322208341,0.8672872508485456,0.4262567792410014,0.00193671012492073,0.11271387182194245,0.0,0.0,1,0.060034343781412876,0.0,0.046875,0.005403628146151493,0.0,3.365867832710439E-75,0.03472475391906671,5,5
1770322208595,0.8739539175152122,0.4569224288860662,0.30844357131070704,0.11258808371073806,0.0,0.09090909090909094,0,0.06336502343660273,0.0,0.046875,0.005382462364562691,0.0,2.6926942661683513E-75,0.03468997541655283,5,5
1770322208851,0.8782009949915731,0.4696606207668915,1.0,0.10969034462922961,0.0,0.0,1,0.06560360171063725,0.48828125,0.046875,0.005465756580945306,0.0,2.154155412934681E-75,0.034746225213752924,5,5
1770322209107,0.8868030940894567,0.5783881186116392,0.15228248199941846,0.11011439088760602,0.0,0.0,1,0.061379369776149474,0.0,0.046875,0.0053576033503115565,0.0,1.723324330347745E-75,0.03471149477510227,5,5
1770322209361,0.870620584181879,0.5822071019923557,0.5966867602541011,0.10890207026475851,0.0,0.09090909090909094,1,0.06317612544200239,0.0,0.046875,0.005386276079618225,0.0,1.378659464278196E-75,0.03467683369644159,5,5
1770322209618,0.8758196099798186,0.5104188986444363,0.44601265658476547,0.10823971898124658,0.0,0.09090909090909094,1,0.06334624331050824,0.0,0.046875,0.005344205228438314,0.0,1.1029275714225569E-75,0.034642241770200366,5,5
1770322209873,0.8671208083983626,0.4609633704614146,0.15038184475996244,0.10866470216854092,0.0,0.0,0,0.06475645892558454,0.0,0.046875,0.005298665429090462,0.0,8.823420571380455E-76,0.034607718789635755,5,5
1770322210129,0.8656531675296353,0.4872477995984536,0.4484321127900782,0.10800872992296312,0.0,0.0,1,0.0646963093666267,0.0,0.046875,0.005315705041835942,0.0,7.058736457104364E-76,0.03457326454882792,5,5
1770322210384,0.8794009176554467,0.4665487745562159,0.5928645825637231,0.10681999964537887,0.0,0.0,1,0.07133802996568538,0.0,0.046875,0.005319485408671328,0.0,5.646989165683492E-76,0.03453887884267626,5,5
1770322210639,0.8701482193482911,0.48660498958203724,0.14980511303810304,0.10724115088440561,0.0,0.0,0,0.06983844142275834,0.0,0.046875,0.005277931060050227,0.0,4.517591332546794E-76,0.03459488754403395,5,5
1770322210895,0.8532335783393296,0.43888601598919724,1.0,0.10089105007756016,0.0,0.0,0,0.06342073240640356,0.9765625,0.046875,0.005415171038245753,0.0,3.614073066037435E-76,0.03456054863743008,4,5
1770322211150,0.8507172866654514,0.5428730634975044,0.13951014894365577,0.10129155534290367,0.0,0.0,0,0.06466818985584458,0.0,0.046875,0.005327147287760897,0.0,2.891258452829948E-76,0.03452627783286755,5,5
1770322211405,0.8607870266320621,0.279152526050621,0.41373523583837507,0.10068766252041386,0.0,0.0,1,0.06585329371530603,0.0,0.046875,0.005348053033291861,0.0,2.3130067622639585E-76,0.03467219020172907,5,5
1770322211661,0.8659326776599899,0.47369699154776534,0.4132397580825492,0.1000850609969592,0.0,0.0,1,0.06353416145528891,0.0,0.046875,0.005329084044222607,0.0,1.8504054098111668E-76,0.03472784525416106,5,5
1770322211916,0.8718089900522075,0.5576425915069931,0.0017537322471001867,0.10098754445524419,0.0,0.09090909090909094,0,0.06650332002526024,0.0,0.03125,0.0052386207680330255,0.0,1.4803243278489336E-76,0.03469351069566784,5,5
1770322212172,0.8751423233855408,0.5008215492081809,0.42021171044379546,0.10038297795351685,0.0,0.09090909090909094,1,0.06317075838305271,0.0,0.03125,0.005221972622187321,0.0,1.184259462279147E-76,0.0346592439615695,5,5
1770322212428,0.8550725834189301,0.48597940066035955,0.28092803051527204,0.10028318248402145,0.0,0.0,0,0.06752741779906665,0.0,0.03125,0.005197746069225836,0.0,9.474075698233177E-77,0.0347147470398278,5,5
1770322212682,0.8620451724690013,0.30124698786371384,0.28173838015958963,0.1001852310571841,0.0,0.0,1,0.06285149628130451,0.0,0.03125,0.0051977460692258625,0.0,7.579260558586541E-77,0.034680526928936306,5,5
1770322212938,0.8676631883305167,0.4804170876450769,1.0,0.09712669831064033,0.0,0.0,1,0.06392577269889738,0.48828125,0.03125,0.005223901049675959,0.0,6.063408446869233E-77,0.03464637421665173,5,5
1770322213194,0.8732381516104273,0.4574788500801816,0.40578965110828996,0.09654737844973803,0.0,0.09090909090909094,0,0.06314581480978113,0.0,0.03125,0.0051831948495948904,0.0,4.850726757495387E-77,0.03470172614256328,5,5
1770322213449,0.8736792557879114,0.44811909321308646,0.27175637260210456,0.09645252403582005,0.0,0.0,1,0.060127192883951526,0.0,0.03125,0.005122761928424036,0.0,3.88058140599631E-77,0.0346676197283774,5,5
1770322213704,0.8634697607561235,0.39244895069284846,0.13895584678092074,0.09683752190975703,0.0,0.09090909090909094,1,0.0632006290497008,0.0,0.03125,0.005002190046943814,0.0,3.1044651247970478E-77,0.034633580290993504,5,5
1770322213960,0.876190974190692,0.4708586430176995,0.27559624617460576,0.09674493217425907,0.0,0.0,1,0.06365136479680718,0.0,0.03125,0.004982700580473651,0.0,2.4835720998376382E-77,0.03459960763331549,5,5
1770322214215,0.8770777558167578,0.47922805264281587,0.4125466362349615,0.09617113807488839,0.0,0.0,1,0.06218152030336171,0.0,0.03125,0.004984629522025484,0.0,1.9868576798701107E-77,0.03456570155902006,5,5
1770322214470,0.8766099642542681,0.44106408412666975,0.13932364078717815,0.09656077035061357,0.0,0.0,0,0.061846945817071196,0.0,0.03125,0.00494396256761572,0.0,1.5894861438960886E-77,0.03462086151655397,5,5
1770322214725,0.8858196099798187,0.4301510570021719,0.6860535730680589,0.09503400616499501,0.0,0.09090909090909094,1,0.06483209597297912,0.49019607843137253,0.03125,0.004978868214441477,0.0,1.271588915116871E-77,0.03458700097803857,4,5
1770322214982,0.8789167608963582,0.387853142184764,0.5420952664173123,0.094000224791119,0.0,0.0,1,0.06694242582544271,0.0,0.03125,0.0049846295220254844,0.0,1.0172711320934967E-77,0.034642032332563466,5,5
1770322215237,0.8755834275630248,0.44312671077174903,0.4037029972305477,0.0934476665531405,0.0,0.0,0,0.06398536477178099,0.0,0.03125,0.005021760241432601,0.0,8.138169056747974E-78,0.034608217233117355,5,5
1770322215492,0.8665402242876571,0.47448895896602594,0.27061940254783295,0.09336138571315043,0.0,0.09090909090909094,1,0.06105651552494542,0.0,0.03125,0.0050002696649665045,0.0,6.51053524539838E-78,0.03466312056737586,5,5
1770322215748,0.8688515942008451,0.45700782839169685,1.0,0.08872914211170677,0.0,0.18181818181818177,0,0.0651594120843561,0.9765625,0.03125,0.005138974465775953,0.0,5.208428196318705E-78,0.03462935081037999,4,5
1770322216003,0.8654215583839394,0.33142166553066216,0.0014928177020141647,0.08953988770062082,0.0,0.09090909090909094,1,0.06376904795245289,0.0,0.03125,0.005055408720973656,0.0,4.1667425570549637E-78,0.03459564678817906,5,5
1770322216258,0.8562386000433946,0.4536026188778239,0.3850999086631692,0.08901511807647472,0.0,0.09090909090909094,1,0.0991008137476197,0.0,0.03125,0.005055408720973655,0.0,3.3333940456439714E-78,0.034562008309025005,5,5
1770322216513,0.8618089900522076,0.46052147132351984,0.38409706928276005,0.08849396712040396,0.0,0.0,0,0.0705154623924682,0.0,0.03125,0.0050573120532958924,0.0,2.6667152365151773E-78,0.03452843518191451,5,5
1770322216769,0.856566911672663,0.5619084335260087,0.3838057017776142,0.08797394921823082,0.0,0.0,1,0.07015107800573939,0.0,0.03125,0.005021760241432627,0.0,2.133372189212142E-78,0.03449492721658576,5,5
1770322217025,0.8728309534723527,0.4458032750847732,0.2557426628451245,0.08789997018730794,0.0,0.0,0,0.06379381547035015,0.0,0.03125,0.005039491183086989,0.0,1.7066977513697138E-78,0.034461484223514915,5,5
1770322217280,0.8534815526816247,0.5134360088620366,0.38407780667477254,0.08738631726407443,0.0,0.0,1,0.08031011450825784,0.0,0.03125,0.005041411481348698,0.0,1.3653582010957712E-78,0.03442810601391211,5,5
1770322217536,0.8664435218040848,0.5237413513059441,0.7542324637357243,0.0855826660707468,0.0,0.09090909090909094,1,0.06958341705917058,0.48828125,0.03125,0.005075223134956834,0.0,1.092286560876617E-78,0.03439479239971854,4,5
1770322217791,0.8750456209019682,0.44027804601459297,0.3733571257637823,0.08508571636839056,0.0,0.0,0,0.07176011473492368,0.0,0.03125,0.005097022802232102,0.0,8.738292487012936E-79,0.034361543193602295,5,5
1770322218046,0.8892926983783291,0.5130987736238725,0.494355611109291,0.08416939412926576,0.0,0.0,1,0.06319066418047269,0.0,0.03125,0.005117001505982741,0.0,6.990633989610349E-79,0.03432835820895519,5,5
1770322218302,0.877631927674413,0.5321789467381005,0.24777242427946913,0.08409944583249983,0.0,0.0,1,0.06680206709661528,0.0,0.03125,0.005095119554005667,0.0,5.592507191688279E-79,0.03429523725988948,5,5
1770322218557,0.8965669116726629,0.5253978009898932,0.37120127613531123,0.08361100565187826,0.0,0.0,1,0.062229830779017385,0.0,0.03125,0.005093224712267422,0.0,4.4740057533506235E-79,0.034262180161233835,5,5
1770322218812,0.8955834275630247,0.4777770558522558,0.12511895984918867,0.0839612228846766,0.0,0.0,1,0.06893304594881304,0.0,0.03125,0.005065832056236509,0.0,3.579204602680499E-79,0.03422918672853015,5,5
1770322219068,0.8884220068169063,0.620841388917756,0.3756902570524941,0.0834715093700204,0.0,0.09090909090909094,0,0.06805962137408109,0.0,0.03125,0.0050281462016489725,0.0,2.8633636821443995E-79,0.0341962567780304,5,5
1770322219323,0.8719217826004231,0.5708351378204932,0.495619826569724,0.08257525807720746,0.0,0.0,1,0.07292965841005873,0.0,0.03125,0.005073328251268966,0.0,2.2906909457155197E-79,0.034163390126692894,5,5
1770322219579,0.8752120633521513,0.4102239177572809,0.6115721048218954,0.08127836999874898,0.0,0.0,1,0.0730589248436196,0.48828125,0.03125,0.0050639786619745535,0.0,1.832552756572416E-79,0.03421787709497204,5,5
1770322219835,0.8613678858747231,0.5218565518525128,0.24504575337861295,0.0812109883779942,0.0,0.0,0,0.0636165111081097,0.0,0.03125,0.005004779413465375,0.0,1.4660422052579328E-79,0.0341850527600942,5,5
1770322220090,0.8736479951318075,0.3863816374473682,0.12431759126329976,0.0815510481023788,0.0,0.0,1,0.061506360943967886,0.0,0.03125,0.004942626861675502,0.0,1.1728337642063463E-79,0.034239414532148404,5,5
1770322220345,0.872320109328258,0.44459920747047293,0.24970057703449997,0.08148236832300956,0.0,0.09090909090909094,0,0.06152592248451502,0.0,0.03125,0.004869469762751418,0.0,9.38267011365077E-80,0.034206632431020956,5,5
1770322220601,0.8877983701245962,0.44251868733272814,0.2500561062313052,0.08141683565894786,0.0,0.09090909090909094,1,0.06192856350835192,0.0,0.03125,0.004846774579956026,0.0,7.506136090920617E-80,0.03417391304347828,5,5
1770322220856,0.8818520426338123,0.4876331030342613,0.4966092864496207,0.08054295172173098,0.0,0.09090909090909094,1,0.06544077671179178,0.0,0.03125,0.004867624160826596,0.0,6.004908872736494E-80,0.03414125618973152,5,5
1770322221111,0.8801482193482913,0.4127773841431525,0.24854723838530196,0.08048007819124411,0.0,0.09090909090909094,0,0.06395089055663888,0.0,0.03125,0.00486578671534787,0.0,4.8039270981891955E-80,0.03410866169067872,5,5
1770322221367,0.8815728076354133,0.5343111017791234,0.2498564509630901,0.08041723397073133,0.0,0.0,1,0.06425956157989915,0.0,0.03125,0.004862136152231031,0.0,3.843141678551356E-80,0.03407612936790083,5,5
1770322221623,0.8853087658357237,0.43684473302756804,0.9743813816413014,0.0779780892976022,0.0,0.0,0,0.06823185679460023,0.48828125,0.03125,0.004905885212278235,0.0,3.0745133428410852E-80,0.034043659043659025,5,5
1770322221878,0.88013642742279,0.41117702215271945,0.12162564360274034,0.0783094728320739,0.0,0.0,1,0.06648316709283593,0.0,0.03125,0.0048867151066831985,0.0,2.4596106742728684E-80,0.03401125054089138,5,5
1770322222133,0.8759593650449959,0.4206769962350514,0.36497727266578467,0.07785907420296113,0.0,0.09090909090909094,1,0.06614043076105305,0.0,0.03125,0.004883048414145882,0.0,1.9676885394182946E-80,0.03397890368320944,5,5
1770322222388,0.8647279065930626,0.5575538132474187,0.12390818359866738,0.07818685903600041,0.0,0.0,0,0.06300147735391722,0.0,0.03125,0.004805334827715589,0.0,1.5741508315346357E-80,0.03394661829489509,5,5
1770322222643,0.8693624383449399,0.4346854979703335,0.12420821832587867,0.07851982137484197,0.0,0.09090909090909094,1,0.06684505916786596,0.0,0.03125,0.004799918936462445,0.0,1.2593206652277086E-80,0.03391439420089748,5,5
1770322222899,0.8855449482525175,0.4828508759031584,0.2511928890286601,0.07845702746795029,0.0,0.09090909090909094,1,0.06655215256385054,0.0,0.03125,0.004742029134105346,0.0,1.0074565321821669E-80,0.03388223122682987,5,5
1770322223155,0.8749328283537529,0.3047236579900053,1.0,0.07531830394444829,0.0,0.0,1,0.06193866831161235,0.9765625,0.03125,0.004743818602022138,0.0,8.059652257457336E-81,0.03393626184323861,4,5
1770322223410,0.8572175108819349,0.4073679956784024,0.12122235413509412,0.07563656406830052,0.0,0.18181818181818177,1,0.06007474998054004,0.0,0.03125,0.004651854217745979,0.0,6.447721805965869E-81,0.03390413905860079,5,5
1770322223665,0.856609964254268,0.5290944270042446,0.122750175380811,0.07595598136166372,0.0,0.0,0,0.06032524055697568,0.0,0.03125,0.004559987698687439,0.0,5.158177444772696E-81,0.03387207702888584,5,5
1770322223921,0.8577983701245961,0.4165391343343563,0.1234039718258888,0.07627934061598006,0.0,0.0,1,0.0649957512665736,0.0,0.03125,0.004520921131039906,0.0,4.126541955818157E-81,0.033840075581894724,5,5
1770322224176,0.8696953232453061,0.4286722027934908,0.24773716795586612,0.07622211203766398,0.0,0.0,1,0.06182012215699256,0.0,0.03125,0.004501509844403082,0.0,3.3012335646545255E-81,0.03380813454607856,5,5
1770322224432,0.8838456982380944,0.31583057391602687,0.24872099425485827,0.0761659015388289,0.0,0.0,0,0.06708549740726345,0.0,0.03125,0.004499751368297648,0.0,2.6409868517236204E-81,0.03386198028289755,5,5
1770322224687,0.8797338025558131,0.5051730518453946,0.3728611686729424,0.07573037763559538,0.0,0.09090909090909094,1,0.07150583189978295,0.0,0.03125,0.004513902850585793,0.0,2.1127894813788965E-81,0.0338300787941076,5,5
1770322224943,0.8809534690822453,0.4279045672911366,0.37228526744568496,0.07529681269259905,0.0,0.0,0,0.07444395250482215,0.0,0.03125,0.004512167641192681,0.0,1.6902315851031173E-81,0.033883802515615624,5,5
1770322225198,0.8878250575096023,0.46584187919420467,0.73075520564964,0.07375320570727,0.0,0.0,1,0.0753244876798722,0.49019607843137253,0.03125,0.004583485691667815,0.0,1.352185268082494E-81,0.03393742520088905,5,5
1770322225453,0.8963307292558691,0.3818072992260431,0.24371106708584547,0.07369801225816178,0.0,0.0,1,0.06928667038236104,0.0,0.03125,0.004531621430693292,0.0,1.0817482144659952E-81,0.03399094713468276,5,5
1770322225709,0.8936746825168136,0.5084066327564106,1.0,0.07040378201219705,0.0,0.0,0,0.07160874713649,0.9765625,0.03125,0.004623068968182379,0.0,8.653985715727962E-82,0.033959044368600644,4,5
1770322225964,0.8819754325023905,0.4213785762630321,0.11629362930768884,0.07070664931570644,0.0,0.0,1,0.0661755355400323,0.0,0.03125,0.004569022913721791,0.0,6.92318857258237E-82,0.03392720143210293,5,5
1770322226220,0.885448520900901,0.42392793245287846,0.11836406312466073,0.07100885144097195,0.0,0.0,0,0.06646562727133286,0.0,0.03125,0.004478685739325371,0.0,5.538550858065897E-82,0.03389541815704311,5,5
1770322226475,0.908642099169057,0.5206278127324824,0.4662392575551188,0.07025474131427815,0.0,0.0,1,0.06394145664626726,0.0,0.03125,0.004517396434692241,0.0,4.430840686452717E-82,0.033863694375903974,5,5
1770322226730,0.897825057509602,0.5280444372651105,0.46170717362315766,0.06951009856458447,0.0,0.0,1,0.07086379501254456,0.0,0.03125,0.004576071962693477,0.0,3.544672549162174E-82,0.03383202992179535,5,5
1770322226987,0.9109534690822452,0.3764662945492274,0.45814005129307855,0.06877210767652027,0.0,0.0,0,0.063191470654668,0.0,0.03125,0.00459758405690496,0.0,2.8357380393297397E-82,0.03380042462845012,5,5
1770322227242,0.9080612399263958,0.4769753209896577,9.005147342069672E-4,0.06941583374579366,0.0,0.0,1,0.061476282807726296,0.0,0.03125,0.004540413640995866,0.0,2.2685904314637918E-82,0.03376887833022235,5,5
1770322227496,0.9106205841818789,0.5060810844222484,0.23433041919892206,0.0693684470845299,0.0,0.09090909090909094,1,0.062089081419503124,0.0,0.03125,0.00451915487687793,0.0,1.8148723451710336E-82,0.033737390862083605,5,5
1770322227752,0.8961955474617898,0.5313818027079594,1.0,0.06528218269449747,0.0,0.0,1,0.06980743712370428,0.9765625,0.03125,0.004615599100202027,0.0,1.451897876136827E-82,0.033790650406504086,4,5
1770322228008,0.9033033183059405,0.38566983963861096,0.10952400607376299,0.06556721537655345,0.0,0.0,1,0.06122206186998122,0.0,0.03125,0.004579643629725238,0.0,1.1615183009094616E-82,0.0337592012860648,5,5
1770322228263,0.8763037667389075,0.5600788754984644,1.0,0.06264127527761308,0.0,0.09090909090909094,0,0.06213108513666523,0.9803921568627451,0.03125,0.004670094885973496,0.0,9.292146407275693E-83,0.03389687235841077,4,5
1770322228519,0.8857498700132079,0.6038160520412907,0.5106123520133504,0.06167232167574293,0.0,0.0,1,0.0707828269716607,0.0,0.03125,0.004728875800802576,0.0,7.433717125820554E-83,0.033865382991301374,5,5
1770322228774,0.8622500942296913,0.4141870004588859,0.3050366730054781,0.06132786197425811,0.0,0.0,1,0.0713195020886301,0.0,0.03125,0.004728875800802576,0.0,5.9469737006564436E-83,0.03383395207559903,5,5
1770322229029,0.8375667609789004,0.49933875367548336,0.40474103218993934,0.06068006117226942,0.0,0.0,0,0.06304254999287992,0.0,0.03125,0.004712220381116633,0.0,4.757578960525155E-83,0.03388687515805444,5,5
1770322229285,0.8444021445012518,0.4186523104598012,0.10272521958887519,0.06094623036587172,0.0,0.0,1,0.06411065996734977,0.0,0.03125,0.004639105937015623,0.0,3.806063168420124E-83,0.03385548256695303,5,5
1770322229540,0.8360049671640585,0.5371244362839024,0.10356269563129461,0.061214935541561585,0.0,0.09090909090909094,0,0.06979401562626107,0.0,0.03125,0.004601187448196629,0.0,3.0448505347360996E-83,0.03382414808582246,5,5
1770322229795,0.8393695611534954,0.49810450400393275,0.20858154051343403,0.06117673707816643,0.0,0.0,1,0.06519352464178196,0.0,0.03125,0.004547589050513763,0.0,2.43588042778888E-83,0.03379287155346333,5,5
1770322230051,0.8737874750650291,0.3918487788536623,0.20928918870766797,0.06114016472336306,0.0,0.0,1,0.06080064670012291,0.0,0.03125,0.004531684627136775,0.0,1.948704342231104E-83,0.0337616528092719,5,5
1770322230307,0.8539610403237677,0.38602290418292656,0.6192299857994051,0.059892897815274834,0.0,0.0,0,0.06010712781509073,0.48828125,0.03125,0.0045512247279877755,0.0,1.5589634737848833E-83,0.03381439838899147,5,5
1770322230561,0.8580078651563843,0.4565292816972368,0.20567683437387002,0.059858544228969544,0.0,0.09090909090909094,1,0.06974057974006506,0.0,0.03125,0.0045512247279877755,0.0,1.2471707790279066E-83,0.03378321736943579,5,5
1770322230818,0.8705508442152683,0.4260313402098767,0.30897151899337966,0.05952528765241528,0.0,0.0,0,0.06474996803428051,0.0,0.03125,0.0045512247279878015,0.0,9.977366232223253E-84,0.03375209380234501,5,5
1770322231073,0.8738144375819908,0.43002150541786593,0.20670800954179122,0.0594913632246305,0.0,0.0,1,0.0631741653335701,0.0,0.03125,0.0045512247279878015,0.0,7.981892985778603E-84,0.03372102752907702,5,5
1770322231328,0.8833033183059401,0.429811255510438,0.2079358690960244,0.059457530581466446,0.0,0.0,1,0.062306606252587264,0.0,0.03125,0.004553054682193822,0.0,6.385514388622883E-84,0.03369001839157326,5,5
1770322231584,0.8818135633233051,0.384225998289188,0.2094750672769904,0.05942290191557464,0.0,0.09090909090909094,0,0.06779597797195325,0.0,0.03125,0.004533506528020874,0.0,5.1084115108983065E-84,0.03365906623235615,5,5
1770322231839,0.8810350009743572,0.5787687062043962,0.3146954539285293,0.05909098881372546,0.0,0.0,1,0.08201790709691205,0.0,0.03125,0.004501958416874999,0.0,4.0867292087186454E-84,0.03362817089452608,5,5
1770322232094,0.8911583908429355,0.5072703849916151,0.21116588792177424,0.059054834067526506,0.0,0.0,1,0.06987391223867867,0.0,0.03125,0.004436099239598197,0.0,3.2693833669749165E-84,0.03359733222175909,5,5
1770322232350,0.8745614641428795,0.5557616799130936,0.7223729758306473,0.057564260004991735,0.0,0.0,1,0.08430278853214808,0.48828125,0.03125,0.004507522072943047,0.0,2.615506693579933E-84,0.033649841745793774,5,5
1770322232606,0.8914376258413342,0.5246261104037847,0.5052289028270707,0.05667786913826829,0.0,0.18181818181818177,1,0.08609210780002025,0.0,0.03125,0.0045961136318207274,0.0,2.092405354863947E-84,0.03370225513855374,5,5
1770322232861,0.887179031571428,0.30743119428605103,1.0,0.05388274009548421,0.0,0.09090909090909094,0,0.10388834838441391,0.9803921568627451,0.03125,0.004692200203600036,0.0,1.6739242838911575E-84,0.03383771200532093,4,5
1770322233117,0.8976853024444248,0.4511547336802487,0.09566229348628512,0.054124761856265524,0.0,0.0,1,0.07211944799177357,0.0,0.03125,0.004670193621864554,0.0,1.339139427112926E-84,0.03380679458426783,5,5
1770322233371,0.8909919483927523,0.47620955950368793,0.19247826205150378,0.054096785058706076,0.0,0.0,1,0.06467253221306866,0.0,0.03125,0.004668322913820256,0.0,1.071311541690341E-84,0.03377593360995845,5,5
1770322233627,0.8844917241762689,0.48611956159380476,0.28873112061010675,0.053800109447416554,0.0,0.0,0,0.07090513495995415,0.0,0.03125,0.004706750025021401,0.0,8.570492333522727E-85,0.033745128927949564,5,5
1770322233882,0.8801749067332971,0.4048081846509957,0.38299069085235254,0.05323849187673446,0.0,0.0,1,0.06778612405263823,0.0,0.03125,0.004762156149862038,0.0,6.856393866818183E-85,0.033714380384360476,5,5
1770322234138,0.8874921726092357,0.5474448340488255,0.28712391994547093,0.052944984472507645,0.0,0.0,0,0.06152962813314555,0.0,0.03125,0.004747376889851661,0.0,5.485115093454546E-85,0.033683687825871056,5,5
1770322234393,0.8742285792425135,0.46126598154980253,0.19270224181516926,0.05291634486225256,0.0,0.0,1,0.05978440398878547,0.0,0.03125,0.0046959999807539106,0.0,4.3880920747636373E-85,0.033653051099718834,5,5
1770322234649,0.8843683343076907,0.4106085699408915,0.9321975413994569,0.05081380995619765,0.0,0.0,0,0.06229429724355222,0.9765625,0.03125,0.004753088860289303,0.0,3.51047365981091E-85,0.033622470053696785,4,5
1770322234903,0.8853785058023347,0.5627751520431259,0.4532374343597691,0.050034420277319365,0.0,0.18181818181818177,0,0.09050922749816659,0.0,0.03125,0.0048354668542823975,0.0,2.808378927848728E-85,0.03359194453615055,5,5
1770322235159,0.9039539175152124,0.5891111739748826,0.35966162183909284,0.04951283536468765,0.0,0.0,1,0.08493006340342038,0.0,0.03125,0.004860212740107041,0.0,2.2467031422789826E-85,0.0335614743959759,5,5
1770322235416,0.9020451724690013,0.51609591812379,0.18028866787864975,0.0494894726181488,0.0,0.0,0,0.07786648999273132,0.0,0.03125,0.004856276676578146,0.0,1.797362513823186E-85,0.03353105948261659,5,5
1770322235671,0.9009919483927522,0.5516540296588052,0.3594861435496741,0.0489738363147913,0.0,0.09090909090909094,1,0.07171396422689702,0.0,0.03125,0.004881126745428279,0.0,1.437890011058549E-85,0.033500699646061394,5,5
1770322235926,0.8866366516392736,0.6161764940988982,0.4439464541710043,0.04822287597232191,0.0,0.0,1,0.06618819571947859,0.0,0.03125,0.004942386137717264,0.0,1.1503120088468392E-85,0.0334703947368421,5,5
1770322236181,0.8899002450059964,0.5521078689793608,1.0,81.951069737486,1.0,0.0,0,0.07446576430081575,0.0,0.046875,2.58564363780763E-4,0.3874937168619954,0.07749874337239909,0.03352230712349025,5,5
1770322236640,0.8853087658357239,0.30304576336566325,0.749971546915357,44.91671736865505,0.0,0.0,1,0.0737455145601207,0.27233115468409586,0.046875,2.5625361387124405E-4,0.0,0.06199899469791928,0.03351955307262566,5,5
1770322237137,0.8819754325023907,0.31943828249996997,2.634380174787207E-5,31.210203486220518,0.0,0.0,1,0.07238179061350436,0.0,0.046875,2.5510358814649354E-4,0.0,0.04959919575833543,0.03351679947424624,5,5
1770322237609,0.885544948252518,0.31943828249996997,0.0,23.969091641538366,0.0,0.0,1,0.07110057492964214,0.0,0.046875,2.5510358814649354E-4,0.0,0.039679356606668346,0.03351404632824051,5,5
1770322238092,0.8841203599653957,0.10101525445522107,0.0,19.491964214796184,0.0,0.0,1,0.06991293781522132,0.0,0.046875,2.5510358814649354E-4,0.0,0.03174348528533468,0.0335112936344969,5,5
1770322238565,0.8841203599653957,0.14285714285714288,7.708026127281391E-8,16.450030271900907,0.0,0.0,1,0.06828781627715062,0.0,0.046875,2.55098385158607E-4,0.0,0.025394788228267746,0.033508541392904045,5,5
1770322239040,0.8832335783393298,0.614451804788759,0.5403748301057495,14.12654418021488,0.0,0.0,1,0.07276596490073581,0.2631578947368421,0.046875,2.516832870546213E-4,0.0,0.0203158305826142,0.0335057896033506,5,5
1770322239502,0.8819754325023907,0.7693092581620721,0.0,12.487382308752455,0.0,0.0,1,0.07110458095774029,0.0,0.046875,2.516832870546213E-4,0.0,0.01625266446609136,0.033503038265725094,5,5
1770322239979,0.8873839533321185,0.5714285714285715,0.55106529928624,11.10134506957319,0.0,0.0,1,0.07010474704023577,0.5241090146750524,0.046875,2.4169267722428598E-4,0.0,0.01300213157287309,0.03350028737991628,3,5
1770322240445,0.8905508442152686,0.42857142857142855,5.494638245505964E-9,10.082842300779253,0.0,0.0,1,0.0698098722501438,0.0,0.046875,2.416922569776127E-4,0.0,0.010401705258298472,0.03349753694581281,5,5
1770322240918,0.8905508442152686,0.6388765649999399,8.176602860813875E-8,9.243288874029957,0.0,0.0,1,0.06866941624833944,0.0,0.046875,2.4168705394099022E-4,0.0,0.008321364206638779,0.03349478696330355,5,5
1770322241389,0.8905508442152686,0.36421567954234174,0.28871825104944837,8.500300706019823,0.0,0.0,1,0.06795662364442494,0.0,0.046875,2.4277748075517022E-4,0.0,0.006657091365311023,0.03349203743227713,5,5
1770322241858,0.8851423233855411,0.7693092581620721,5.775221041658233E-9,7.907234309717852,0.0,0.0,1,0.06699189419100508,0.0,0.046875,2.4277706050882816E-4,0.0,0.005325673092248819,0.03348928835262255,5,5
1770322242333,0.8851423233855411,0.5150787536377127,0.2975130751217059,7.362075270231319,0.0,0.0,1,0.06639905104640967,0.2631578947368421,0.046875,2.3737416595177608E-4,0.0,0.004260538473799056,0.03348653972422855,5,5
1770322242810,0.8851423233855411,0.4164965639175215,8.630399006214803E-8,6.921710776719838,0.0,0.0,1,0.06754698485187079,0.0,0.046875,2.3736898719218762E-4,0.0,0.003408430779039245,0.033483791546984,5,5
1770322243281,0.8865669116726633,0.42857142857142855,2.951419127961677E-5,6.534739287010409,0.0,0.0,1,0.06873712494418242,0.0,0.046875,2.3630306816008675E-4,0.0,0.0027267446232313963,0.03348104382077799,5,5
1770322243753,0.8878250575096025,0.7693092581620721,0.31237480007207885,6.162977434681589,0.0,0.0,1,0.06913616903535319,0.0,0.046875,2.373745802782153E-4,0.0,0.0021813956985851173,0.033478296545499275,5,5
1770322244218,0.8832335783393298,0.614451804788759,9.066793457755963E-8,5.860405964557427,0.0,0.0,1,0.06828217913868405,0.0,0.046875,2.3736940151860121E-4,0.0,0.0017451165588680938,0.03347554972103706,5,5
1770322244681,0.8832335783393298,0.6060915267313265,0.32172886886330193,5.562367117101141,0.0,0.0,1,0.07275400901777439,0.26997840172786175,0.046875,2.3208590280579853E-4,0.0,0.0013960932470944752,0.03347280334728031,5,5
1770322245133,0.8886420991690575,0.614451804788759,0.0,5.319664474373055,0.0,0.0,1,0.07128427489151304,0.0,0.046875,2.3208590280579853E-4,0.0,0.0011168745976755802,0.03347005742411813,5,5
1770322245599,0.8886420991690575,0.30304576336566325,0.0,5.099388004009677,0.0,0.0,1,0.0701575777523098,0.0,0.046875,2.3208590280579853E-4,0.0,8.934996781404642E-4,0.03346731195143959,5,5
1770322246063,0.89323357833933,0.7142857142857143,0.3376335909528641,4.8752797350853205,0.0,0.0,1,0.0726817235749257,0.0,0.046875,2.331385192106717E-4,0.0,7.147997425123714E-4,0.03346456692913391,5,5
1770322246533,0.8905508442152686,0.20203050891044214,6.5865177050678E-9,4.6933974392384945,0.0,0.0,1,0.07180807462862504,0.0,0.046875,2.3313810878445435E-4,0.0,5.718397940098971E-4,0.033461822357090165,5,5
1770322246998,0.8859593650449963,0.5714285714285715,0.3475278160779797,4.5046062029131795,0.0,0.0,1,0.07076130087124913,0.26881720430107525,0.046875,2.2897154654051514E-4,0.0,4.574718352079177E-4,0.03345907823519767,5,5
1770322247456,0.8838841775486019,0.14285714285714288,0.350212759920892,4.331266828722576,0.0,0.0,1,0.07002208671921388,0.0,0.046875,2.3000502635529577E-4,0.0,3.659774681663342E-4,0.033456334563345624,5,5
1770322247931,0.8884756567188744,0.4164965639175215,0.0,4.191632357937819,0.0,0.0,1,0.0687937517654839,0.0,0.046875,2.3000502635529577E-4,0.0,2.9278197453306735E-4,0.03345359134142345,5,5
1770322248445,0.8918089900522078,0.22587697572631282,6.8672810757288224E-9,4.061988603232815,0.0,0.0,1,0.06836564522275425,0.0,0.046875,2.300046217117855E-4,0.0,2.342255796264539E-4,0.033450848569320346,5,5
1770322248937,0.8884756567188744,0.36421567954234174,0.0,3.941306244226164,0.0,0.0,1,0.06742181380127277,0.0,0.046875,2.300046217117855E-4,0.0,1.8738046370116312E-4,0.033448106246925735,5,5
1770322249403,0.8897338025558136,0.42857142857142855,0.37512759418333697,3.810271882747883,0.0,0.0,1,0.06763163884073771,0.26824034334763946,0.046875,2.2589829956478304E-4,0.0,1.499043709609305E-4,0.03344536437412904,5,5
1770322249972,0.8897338025558136,0.0,7.027081365354671E-9,3.7061198291667843,0.0,0.0,1,0.0683427417083526,0.0,0.046875,2.258979043794561E-4,0.0,1.1992349676874441E-4,0.03352459016393439,5,5
1770322250502,0.8897338025558136,0.14285714285714288,0.7634914972657856,3.5737498736955993,0.0,0.0,1,0.06710335415079902,0.4716981132075471,0.046875,2.179028443736938E-4,0.0,9.593879741499553E-5,0.033521842471928576,3,5
1770322250975,0.8884756567188744,0.931314629314664,1.0992389406765019E-7,3.4840783967770266,0.0,0.0,1,0.06615246837633594,0.0,0.046875,2.178976897242613E-4,0.0,7.675103793199642E-5,0.033519095230290064,5,5
1770322251433,0.8853087658357242,0.8689660757568886,6.992702266694263E-9,3.3996289401516635,0.0,0.0,1,0.0658455646501185,0.0,0.046875,2.1789730921563134E-4,0.0,6.140083034559715E-5,0.033516348438908494,5,5
1770322251892,0.8853087658357242,0.45175395145262565,0.39916753209129513,3.3039121902032234,0.0,0.0,1,0.06814267095826639,0.0,0.046875,2.188811569994588E-4,0.0,4.912066427647772E-5,0.033513602097672845,5,5
1770322252350,0.8853087658357242,0.36421567954234174,7.186779209780513E-9,3.229507173004496,0.0,0.0,1,0.06929174139176074,0.0,0.046875,2.188807764911079E-4,0.0,3.9296531421182177E-5,0.03351085620647276,5,5
1770322252803,0.884491724176269,0.8144110179279557,0.4103322488341314,3.143771252738349,0.0,0.0,1,0.0678510553159848,0.2759381898454746,0.046875,2.1496691868288424E-4,0.0,3.1437225136945745E-5,0.03350811076519744,5,5
1770322253265,0.8876586150594192,0.5050762722761054,0.0,3.0777904588512364,0.0,0.0,1,0.0680923267340969,0.0,0.046875,2.1496691868288424E-4,0.0,2.5149780109556596E-5,0.03350536577373642,5,5
1770322253725,0.8884756567188744,0.30304576336566325,3.6461342475647094E-5,3.0151408626226788,0.0,0.0,1,0.06761698441107608,0.0,0.046875,2.1400090237292912E-4,0.0,2.011982408764528E-5,0.033502621231979,5,5
1770322254192,0.8918089900522076,0.45175395145262565,0.0,2.955581721354748,0.0,0.0,1,0.06765216960938367,0.0,0.046875,2.1400090237292912E-4,0.0,1.6095859270116226E-5,0.03349987713981484,5,5
1770322254652,0.8918089900522076,0.36421567954234174,3.777489415732851E-5,2.8988903210777313,0.0,0.0,1,0.06623973220089874,0.0,0.046875,2.130392009051083E-4,0.0,1.2876687416092981E-5,0.03349713349713346,5,5
1770322255110,0.8897338025558134,0.42857142857142855,0.4476271929740321,2.831043078310964,0.0,0.0,1,0.06583747026483044,0.2729257641921397,0.046875,2.0923404993883162E-4,0.0,1.0301349932874386E-5,0.033494390303824395,5,5
1770322255660,0.8933033183059403,0.6776309271789385,0.45019718103728384,2.7666225737643604,0.0,0.0,1,0.06759698893925196,0.0,0.046875,2.1017905102697107E-4,0.0,8.241079946299509E-6,0.03349164755977729,5,5
1770322256213,0.8924165366798746,0.10101525445522107,0.45294709339677475,2.705371125790841,0.0,0.0,1,0.06842005313977172,0.0,0.046875,2.111334238285132E-4,0.0,6.592863957039608E-6,0.033488905264881685,5,5
1770322256707,0.8939108649336074,0.8689660757568886,3.867686834734457E-5,2.6600070216739593,0.0,0.0,1,0.06864693218627792,0.0,0.046875,2.101845532493711E-4,0.0,5.274291165631686E-6,0.033486163419027326,5,5
1770322257216,0.8959860524300016,0.10101525445522107,0.4650926124024091,2.603825325726653,0.0,0.0,1,0.067465484138927,0.2455795677799607,0.046875,2.0643016859961722E-4,0.0,4.219432932505349E-6,0.03348342202210397,5,5
1770322257717,0.8959860524300016,0.40406101782088427,1.3359287508879517E-7,2.5627237055268695,0.0,0.0,1,0.06603835582436025,0.0,0.046875,2.0642503797742187E-4,0.0,3.3755463460042795E-6,0.03348068107400126,5,5
1770322258199,0.8959860524300016,0.22587697572631282,1.3563766414656863E-7,2.523291621044224,0.0,0.0,1,0.06531357459760499,0.0,0.046875,2.0641993131135155E-4,0.0,2.7004370768034237E-6,0.03347794057460918,5,5
1770322258659,0.8959860524300016,0.36421567954234174,0.0,2.485431250553886,0.0,0.0,1,0.0647117444816468,0.0,0.046875,2.0641993131135155E-4,0.0,2.160349661442739E-6,0.03347520052381736,5,5
1770322259154,0.8993193857633349,0.4164965639175215,0.49652826033011893,2.4371064073539235,0.0,0.0,1,0.06454225093822173,0.0,0.046875,2.0735232428553712E-4,0.0,1.7282797291541912E-6,0.03347246092151568,5,5
1770322259620,0.9013945732597292,0.36421567954234174,0.986102116149995,2.3791804000573014,0.0,0.0,1,0.06528077190534703,0.26824034334763946,0.046875,2.0457309902413345E-4,0.0,1.382623783323353E-6,0.03346972176759411,5,5
1770322260097,0.8987118391356679,0.7693092581620721,1.4059185833598886E-7,2.3468135995251123,0.0,0.0,1,0.06517843589749396,0.0,0.046875,2.045679923515479E-4,0.0,1.1060990266586824E-6,0.03346698306194251,5,5
1770322260596,0.8987118391356677,0.6468132241526726,0.0,2.3156264239710813,0.0,0.0,1,0.064404538505261,0.0,0.046875,2.045679923515479E-4,0.0,8.848792213269459E-7,0.03346424480445098,5,5
1770322261053,0.8968030940894566,0.6468132241526726,1.4565689522887202E-7,2.2855570247898167,0.0,1.0,1,0.06871070095402665,0.0,0.046875,2.0456290952388943E-4,0.0,7.079033770615567E-7,0.03346150699500938,5,5
1770322261504,0.8955449482525176,0.40406101782088427,1.0,2.23453474871654,0.0,0.0,1,0.0680631636886035,0.5543237250554324,0.046875,1.9731815375314093E-4,0.0,5.663227016492454E-7,0.0334587696335078,3,5
1770322261966,0.8919754325023904,0.8144110179279557,0.5193003713586162,2.1964918783406784,0.0,0.0,1,0.06910487359675233,0.0,0.046875,1.9821478218134058E-4,0.0,4.5305816131939633E-7,0.03345603271983644,5,5
1770322262421,0.8927924741618456,0.7284313590846835,4.133762922433972E-5,2.1705209259186478,0.0,0.0,1,0.07036272669238813,0.0,0.046875,1.973235927270587E-4,0.0,3.624465290555171E-7,0.033453296253885156,5,5
1770322262884,0.8927924741618456,0.4164965639175215,8.893953801594717E-9,2.1454084672413325,0.0,0.0,1,0.07141085770005595,0.0,0.046875,1.9732323660611015E-4,0.0,2.899572232444137E-7,0.03345056023554427,5,5
1770322263408,0.8915343283249065,0.8571428571428571,1.5382827795785974E-7,2.1211130524294473,0.0,0.0,1,0.06965631116948184,0.0,0.046875,1.9731815375314095E-4,0.0,2.31965778595531E-7,0.03344782466470397,5,5
1770322263904,0.8927924741618456,0.614451804788759,1.0,2.0771053320622044,0.0,0.0,1,0.0702606809653745,0.25201612903225806,0.046875,1.9467280210273664E-4,0.0,1.855726228764248E-7,0.03344508954125436,5,5
1770322264442,0.8858896250783852,0.30304576336566325,9.014259859308758E-9,2.0549711251445313,0.0,0.0,1,0.06948212065455886,0.0,0.046875,1.946724510019436E-4,0.0,1.4845809830113986E-7,0.033442354865085844,5,5
1770322264907,0.8825562917450518,0.10101525445522107,9.152221647354486E-9,2.0335180931503087,0.0,0.0,1,0.06932184224107528,0.0,0.046875,1.946721015590602E-4,0.0,1.1876647864091189E-7,0.03343962063608863,5,5
1770322265373,0.8822116149191843,0.5150787536377127,0.5698035711022833,2.0028550410941124,0.0,0.0,1,0.06964773048763696,0.0,0.046875,1.9555684415955825E-4,0.0,9.501318291272951E-8,0.033436886854153025,5,5
1770322265827,0.8822116149191843,0.7071067811865476,1.6291914705367485E-7,1.9829687334396735,0.0,0.0,1,0.0701449117722968,0.0,0.046875,1.9555173745539208E-4,0.0,7.601054633018362E-8,0.03343415351916945,5,5
1770322266324,0.8834697607561235,0.5439837932759934,0.5837072747544948,1.9540363618674255,0.0,0.0,1,0.069983561979067,0.2515090543259557,0.046875,1.911934160533303E-4,0.0,6.08084370641469E-8,0.03343142063102833,5,5
1770322266782,0.8834697607561235,0.36421567954234174,9.454987068626456E-9,1.935570314251247,0.0,0.0,1,0.06834588858363218,0.0,0.046875,1.9119307153657653E-4,0.0,4.864674965131752E-8,0.03342868818961997,5,5
1770322267255,0.8868030940894568,0.5150787536377127,1.6937145289843214E-7,1.9176295361119209,0.0,0.0,1,0.06728356404435559,0.0,0.046875,1.9118798866227577E-4,0.0,3.8917399721054023E-8,0.033425956194834905,5,5
1770322267733,0.8887118391356679,0.31943828249996997,0.6092793535400389,1.8908721948118596,0.0,0.0,1,0.06709757690163545,0.0,0.046875,1.9205707534085168E-4,0.0,3.113391977684322E-8,0.033423224646563665,5,5
1770322268209,0.8913678858747234,0.4164965639175215,0.0,1.874175682088932,0.0,0.0,1,0.06642387365488452,0.0,0.046875,1.9205707534085168E-4,0.0,2.4907135821474578E-8,0.033420493544696894,5,5
1770322268700,0.8913678858747233,0.14285714285714288,0.6235908747226018,1.848813423150616,0.0,0.0,1,0.06561022965675248,0.2545824847250509,0.046875,1.886245242670493E-4,0.0,1.9925708657179663E-8,0.0334177628891249,5,5
1770322269170,0.888685151750662,0.30304576336566325,0.624987356277792,1.8242541481177663,0.0,0.0,1,0.06516693564591582,0.0,0.046875,1.8947698445569172E-4,0.0,1.594056692574373E-8,0.033415032679738554,5,5
1770322269637,0.8922546675007891,0.5050762722761054,0.0,1.8093405807969594,0.0,0.0,1,0.06438504843371354,0.0,0.046875,1.8947698445569172E-4,0.0,1.2752453540594985E-8,0.03341230291642838,5,5
1770322270109,0.8922546675007891,0.5150787536377127,1.8143249863162965E-7,1.7948144144127118,0.0,0.0,1,0.06370644336782269,0.0,0.046875,1.8947190157539326E-4,0.0,1.0201962832475988E-8,0.03340957359908514,5,5
1770322270569,0.889943297587601,0.40406101782088427,0.6521006418148141,1.7719165645876933,0.0,0.0,1,0.06334109959941395,0.0,0.046875,1.9033327605849529E-4,0.0,8.16157026598079E-9,0.03340684472759947,5,5
1770322271024,0.8932766309209342,0.6388765649999399,0.6536687808664647,1.7497031698546623,0.0,0.0,1,0.06353810027230117,0.2747252747252747,0.046875,1.86931030588026E-4,0.0,6.529256212784633E-9,0.03340411630186213,5,5
1770322271512,0.890593896796873,0.22587697572631282,1.0327034429231764E-8,1.7366831983796287,0.0,1.0,1,0.06368413809527688,0.0,0.046875,1.8693069412860445E-4,0.0,5.223404970227707E-9,0.03340138832176398,5,5
1770322272007,0.891852042633812,0.42857142857142855,0.0,1.7239829036673155,0.0,0.0,1,0.0635430142716464,0.0,0.046875,1.8693069412860445E-4,0.0,4.178723976182166E-9,0.03339866078719578,5,5
1770322272504,0.8951853759671453,0.20203050891044214,0.0,1.7115912731842329,0.0,0.0,1,0.06448245350356786,0.0,0.046875,1.8693069412860445E-4,0.0,3.342979180945733E-9,0.0333959336980485,5,5
1770322272973,0.8951853759671453,0.22587697572631282,5.177798693429206E-5,1.6994971794070197,0.0,0.0,1,0.06559599188343268,0.0,0.046875,1.8608996350840225E-4,0.0,2.6743833447565867E-9,0.03339320705421289,5,5
1770322273426,0.8964435218040844,0.8144110179279557,1.0,1.6711366358367383,0.0,0.0,1,0.0651538198956898,0.2759381898454746,0.046875,1.8359471975957207E-4,0.0,2.1395066758052694E-9,0.03339048085558005,5,5
1770322273889,0.9024595892614791,0.31943828249996997,0.0,1.6599957937421623,0.0,0.0,1,0.06452436831362694,0.0,0.046875,1.8359471975957207E-4,0.0,1.7116053406442157E-9,0.03338775510204084,5,5
1770322274356,0.9030671358891462,0.14285714285714288,0.7105205004998717,1.6410020610510283,0.0,0.0,1,0.06380644278084767,0.0,0.046875,1.8442967617282653E-4,0.0,1.3692842725153725E-9,0.03338502979348623,5,5
1770322274823,0.9030671358891462,0.5050762722761054,0.0,1.6305501985687016,0.0,0.0,1,0.0682699642180688,0.0,0.046875,1.8442967617282653E-4,0.0,1.0954274180122981E-9,0.03338230492980743,5,5
1770322275271,0.900991948392752,0.28571428571428575,5.326557969564836E-5,1.6203326056960898,0.0,0.0,1,0.06693063400262321,0.0,0.046875,1.836001837518317E-4,0.0,8.763419344098385E-10,0.03337958051089529,5,5
1770322275755,0.9055834275630245,0.5714285714285715,0.7402832797295291,1.6024181710239869,0.0,0.0,1,0.06696372385248421,0.2582644628099174,0.046875,1.8031305508978173E-4,0.0,7.010735475278709E-10,0.03337685653664113,5,5
1770322276233,0.900991948392752,0.5150787536377127,5.302179618590968E-5,1.5928221625075756,0.0,0.0,1,0.06578241563612117,0.0,0.046875,1.7950196468929312E-4,0.0,5.608588380222967E-10,0.033374133006935924,5,5
1770322276722,0.9009919483927522,0.6388765649999399,2.1590531606477058E-7,1.583435203492941,0.0,0.0,1,0.06501616362294581,0.0,0.046875,1.7949685792903805E-4,0.0,4.486870704178374E-10,0.03337140992167098,5,5
1770322277189,0.8983092142686907,0.931314629314664,1.1876399420644827E-8,1.5742504699726403,0.0,0.0,1,0.06467258179916643,0.0,0.046875,1.7949652933843055E-4,0.0,3.5894965633426994E-10,0.0333686872807375,5,5
1770322277648,0.900991948392752,0.22587697572631282,1.2058213200950457E-8,1.5652619438403685,0.0,0.0,1,0.06490841682121812,0.0,0.046875,1.7949620229972953E-4,0.0,2.87159725067416E-10,0.03336596508402678,5,5
1770322278114,0.8976586150594188,0.7142857142857143,0.8017988790576811,1.5487999321124806,0.0,0.0,1,0.06389096174957136,0.26824034334763946,0.046875,1.7628702675057868E-4,0.0,2.297277800539328E-10,0.033363243331429926,5,5
1770322278575,0.8964004692224798,0.14285714285714288,2.2802603299769212E-7,1.5403465074947686,0.0,0.0,1,0.06305026112996703,0.0,0.046875,1.762819438245249E-4,0.0,1.8378222404314626E-10,0.03336052202283846,5,5
1770322279037,0.8899002450059962,0.931314629314664,1.0,1.5170134452252386,0.0,0.0,1,0.06378504442297206,0.5411255411255411,0.046875,1.7003359048641404E-4,0.0,1.47025779234517E-10,0.033357801158143685,3,5
1770322279525,0.8899002450059964,0.31943828249996997,0.0,1.5092106215590992,0.0,0.0,1,0.06420546124645125,0.0,0.046875,1.7003359048641404E-4,0.0,1.176206233876136E-10,0.03335508073723703,5,5
1770322280016,0.8953087658357237,0.22587697572631282,5.478138480130575E-5,1.5015640049389658,0.0,0.0,1,0.06374201206600552,0.0,0.046875,1.6926848214106636E-4,0.0,9.40964987100909E-11,0.0333523607600098,5,5
1770322280506,0.8986420991690571,0.7284313590846835,0.8313994671068579,1.4867114818036038,0.0,0.0,1,0.06374805236704727,0.0,0.046875,1.7003898535145547E-4,0.0,7.527719896807272E-11,0.03334964122635353,5,5
1770322280974,0.8994591408285123,0.42857142857142855,0.0,1.4795105323952469,0.0,0.0,1,0.06618303435112904,0.0,0.046875,1.7003898535145547E-4,0.0,6.022175917445818E-11,0.03334692213615975,5,5
1770322281451,0.8994591408285123,0.45175395145262565,0.84703771975753,1.4651937023402979,0.0,0.0,1,0.06495277257579532,0.2620545073375262,0.046875,1.6699304896691995E-4,0.0,4.817740733956655E-11,0.0333442034893201,5,5
1770322281915,0.9026260317116623,0.7354021529276429,5.571398703922463E-5,1.458408806881776,0.0,0.0,1,0.06514990638891668,0.0,0.046875,1.6624156450765164E-4,0.0,3.8541925871653245E-11,0.03334148528572589,5,5
1770322282384,0.9059593650449955,0.31943828249996997,5.65666881377247E-5,1.4517533764940802,0.0,0.0,1,0.06496140752092833,0.0,0.046875,1.6549344845630053E-4,0.0,3.0833540697322594E-11,0.033338767525268986,5,5
1770322282857,0.9095288807951227,0.5439837932759934,0.0,1.445224524208648,0.0,0.0,1,0.06455897913965716,0.0,0.046875,1.6549344845630053E-4,0.0,2.4666832557858076E-11,0.03333605020784092,5,5
1770322283343,0.9095288807951227,0.45175395145262565,0.8970481636664289,1.431727913570883,0.0,0.0,1,0.0660867229243314,0.0,0.046875,1.6624695644655102E-4,0.0,1.973346604628646E-11,0.033333333333333326,5,5
1770322283897,0.9095288807951227,0.5439837932759934,0.8947656542051983,1.4185447692925817,0.0,0.0,1,0.06580786455903176,0.22563176895306858,0.046875,1.6327332688738795E-4,0.0,1.578677283702917E-11,0.033330616901637966,5,5
1770322284420,0.9095288807951227,0.45175395145262565,2.5447233182726845E-7,1.4126322672301135,0.0,0.0,1,0.06541014833575166,0.0,0.046875,1.632682439164698E-4,0.0,1.2629418269623336E-11,0.0333279009126467,5,5
1770322284942,0.9061955474617895,0.5890150893739515,5.856844946596249E-5,1.4068268041764984,0.0,0.0,1,0.06441657094683842,0.0,0.046875,1.6253345319159127E-4,0.0,1.0103534615698669E-11,0.033325185366251175,5,5
1770322285399,0.9061955474617895,0.45175395145262565,0.0,1.401126643816347,0.0,0.0,1,0.06374340997838382,0.0,0.046875,1.6253345319159127E-4,0.0,8.082827692558935E-12,0.03332247026234314,5,5
1770322285871,0.899695323245306,0.42857142857142855,1.345174516726054E-8,1.3955288042643181,0.0,0.0,1,0.06547326343356565,0.0,0.046875,1.625331500100664E-4,0.0,6.466262154047149E-12,0.03331975560081468,5,5
1770322286318,0.9009534690822452,0.31943828249996997,0.9658871239411472,1.3831751062181246,0.0,0.0,1,0.06493755775140837,0.2796420581655481,0.046875,1.5962588647629923E-4,0.0,5.173009723237719E-12,0.033317041381557555,5,5
1770322286774,0.9028622141284562,0.30304576336566325,1.3395865445579089E-8,1.3778953525770365,0.0,0.0,1,0.0647886598681754,0.0,0.046875,1.5962558898315052E-4,0.0,4.138407778590175E-12,0.03331432760446362,5,5
1770322287228,0.900179480004395,0.7142857142857143,6.165944543573123E-5,1.3727075342570036,0.0,0.0,1,0.06422432780527121,0.0,0.046875,1.5890712603351006E-4,0.0,3.3107262228721403E-12,0.03331161426942497,5,5
1770322287676,0.8936792557879113,0.8689660757568886,1.0,1.3608657664963852,0.0,0.0,1,0.06631493864289403,0.0,0.046875,1.596309694597859E-4,0.0,2.6485809782977124E-12,0.03330890137633358,5,5
1770322288143,0.8916040682915172,0.6060915267313265,1.3878347075536792E-8,1.3559725242367064,0.0,0.0,1,0.06650327942859831,0.0,0.046875,1.5963067196663787E-4,0.0,2.11886478263817E-12,0.033306188925081415,5,5
1770322288602,0.8847012192080567,0.931314629314664,1.0,1.3378620214054397,0.0,0.0,1,0.06524929390192725,0.5446623093681917,0.046875,1.5396556090901606E-4,0.0,1.695091826110536E-12,0.03330347691556057,3,5
1770322289117,0.8859593650449957,0.7142857142857143,1.3264493174197862E-8,1.3333571125364212,0.0,0.0,1,0.06421493756313934,0.0,0.046875,1.5396527311569544E-4,0.0,1.3560734608884289E-12,0.03330076534766324,5,5
1770322289617,0.8855567401780189,0.5439837932759934,1.0,1.3223706599118596,0.0,0.0,1,0.06364188984468616,0.0,0.046875,1.546668477998173E-4,0.0,1.0848587687107432E-12,0.0332980542212814,5,5
1770322290157,0.8801482193482913,0.5050762722761054,1.3466053428569199E-8,1.318121421638178,0.0,0.0,1,0.0637275936999205,0.0,0.046875,1.5466656000664143E-4,0.0,8.678870149685947E-13,0.033295343536307365,5,5
1770322290632,0.8768148860149579,0.45175395145262565,1.0,1.3010043009683654,0.0,0.0,1,0.06427562547350817,0.2631578947368421,0.046875,1.5258673442737882E-4,0.0,6.943096119748758E-13,0.03329263329263332,5,5
1770322291097,0.8794976201390194,0.42857142857142855,0.0,1.297099972832353,0.0,0.0,1,0.06357340132305926,0.0,0.046875,1.5258673442737882E-4,0.0,5.554476895799007E-13,0.03328992349015136,5,5
1770322291623,0.8794976201390194,0.36421567954234174,2.8883619893595966E-7,1.293257701337962,0.0,0.0,1,0.06328248760398941,0.0,0.046875,1.525816514196942E-4,0.0,4.443581516639206E-13,0.03328721412875402,5,5
1770322292086,0.8794976201390194,0.20203050891044214,2.9325714573331823E-7,1.2894762098531245,0.0,0.0,1,0.06268819617769232,0.0,0.046875,1.5257659214702092E-4,0.0,3.5548652133113647E-13,0.03328450520833337,5,5
1770322292545,0.8761642868056861,0.5890150893739515,1.3948889074364848E-8,1.285754255678193,0.0,0.0,1,0.06480354064540245,0.0,0.046875,1.525763084138828E-4,0.0,2.843892170649092E-13,0.03328179672878184,5,5
1770322292992,0.874906140968747,0.42857142857142855,1.0,1.2757604854462148,0.0,0.0,1,0.06434292311048345,0.2796420581655481,0.046875,1.4983636227581778E-4,0.0,2.275113736519274E-13,0.033279088689991854,5,5
1770322293476,0.8722500942296915,0.31943828249996997,1.0,1.2659717493099285,0.0,0.0,1,0.06397261290576792,0.0,0.046875,1.5051932145421066E-4,0.0,1.820090989215419E-13,0.03327638109185582,5,5
1770322293932,0.8730671358891466,0.5890150893739515,1.0,1.2501736324372026,0.0,0.0,1,0.0639985026972247,0.5482456140350876,0.046875,1.4517572987107926E-4,0.0,1.4560727913723354E-13,0.03327367393426617,3,5
1770322294381,0.8738841775486016,0.4164965639175215,5.8093168940463216E-5,1.247053489632361,0.0,0.0,1,0.06387896412709777,0.0,0.046875,1.4452202231769919E-4,0.0,1.1648582330978683E-13,0.03327096721711542,5,5
1770322294853,0.8772175108819349,0.31943828249996997,5.898228046015134E-5,1.2439798527630022,0.0,0.0,1,0.06414239868727817,0.0,0.046875,1.4387125032149428E-4,0.0,9.318865864782947E-14,0.03326826094029611,5,5
1770322295321,0.8772175108819349,0.5439837932759934,1.0,1.2348243717853906,0.0,0.0,1,0.06437088800850108,0.0,0.046875,1.445222955014634E-4,0.0,7.455092691826358E-14,0.03326555510370066,5,5
1770322295795,0.8759593650449957,0.5050762722761054,0.0,1.2319314950695466,0.0,0.0,1,0.0650673590399492,0.0,0.046875,1.445222955014634E-4,0.0,5.964074153461087E-14,0.03326284970722182,5,5
1770322296264,0.8726260317116624,0.45175395145262565,1.0,1.216968997445615,0.0,0.0,1,0.06440526728053372,0.26652452025586354,0.046875,1.4257818911825735E-4,0.0,4.7712593227688695E-14,0.03326014475075223,5,5
1770322296719,0.8726260317116624,0.4164965639175215,0.0,1.2143342672633552,0.0,0.0,1,0.06445112174861772,0.0,0.046875,1.4257818911825735E-4,0.0,3.817007458215096E-14,0.03325744023418442,5,5
1770322297191,0.8747012192080568,0.8571428571428571,1.3490948249809413E-8,1.2117370980675526,0.0,0.0,1,0.06526389265636172,0.0,0.046875,1.42577918510192E-4,0.0,3.053605966572077E-14,0.03325473615741115,5,5
1770322297661,0.8717438233566944,0.7142857142857143,1.0,1.2032040075836,0.0,0.0,1,0.06542562325030583,0.0,0.046875,1.432281411425195E-4,0.0,2.4428847732576616E-14,0.03325203252032516,5,5
1770322298135,0.8704856775197555,0.6060915267313265,1.3672429009330924E-8,1.2007640056547102,0.0,0.0,1,0.06507188770892636,0.0,0.046875,1.4322787053458306E-4,0.0,1.9543078186061294E-14,0.03324932932281932,5,5
1770322298588,0.8727970474329435,0.4164965639175215,1.0,1.192436196449617,0.0,0.0,1,0.0652703059760305,0.2759381898454746,0.046875,1.4003120585587E-4,0.0,1.5634462548849035E-14,0.033246626564786164,5,5
1770322299071,0.8695719333767278,0.8144110179279557,1.0,1.184265981573147,0.0,0.0,1,0.065144177623775,0.0,0.046875,1.4066993824978706E-4,0.0,1.2507570039079228E-14,0.03324392424611888,5,5
1770322299520,0.8729052667100613,1.0,1.0,1.1704317436382279,0.0,0.0,1,0.06438683667421742,0.5567928730512249,0.046875,1.3506384197799673E-4,0.0,1.0006056031263383E-14,0.03324122236671001,3,5
1770322299966,0.869738375826911,0.7071067811865476,1.2718743143975931E-8,1.1684403490789177,0.0,0.0,1,0.0640843416730916,0.0,0.046875,1.350635826645653E-4,0.0,8.004844825010706E-15,0.03323852092645263,5,5
1770322300422,0.8729052667100611,0.6388765649999399,1.0,1.1607111470087133,0.0,0.0,1,0.06439954885072638,0.0,0.046875,1.3567485689921542E-4,0.0,6.403875860008566E-15,0.03323581992523972,5,5
1770322300883,0.8729052667100611,0.36421567954234174,0.0,1.1588487466793183,0.0,0.0,1,0.06729818608800445,0.0,0.046875,1.3567485689921542E-4,0.0,5.123100688006853E-15,0.033233119362964136,5,5
1770322301372,0.8729052667100611,0.22587697572631282,1.3156811429762772E-8,1.1570108481677615,0.0,0.0,1,0.06645000576244879,0.0,0.046875,1.3567459758590252E-4,0.0,4.0984805504054826E-15,0.03323041923951897,5,5
1770322301850,0.8683137875397886,0.28571428571428575,1.0,1.149486023776024,0.0,0.0,1,0.06583876180008091,0.2615062761506276,0.046875,1.3264609309201605E-4,0.0,3.2787844403243863E-15,0.03322771955479731,5,5
1770322302315,0.8668891992526665,0.36421567954234174,5.6609838594648664E-5,1.1477699817522375,0.0,0.0,1,0.06523124411972794,0.0,0.046875,1.3204868800128185E-4,0.0,2.623027552259509E-15,0.03322502030869212,5,5
1770322302770,0.860388975036183,0.5050762722761054,3.1770472073126754E-7,1.1460764220709967,0.0,0.0,1,0.06466846179008227,0.0,0.046875,1.3204367579924177E-4,0.0,2.0984220418076072E-15,0.03322232150109661,5,5
1770322303257,0.8570556417028498,0.30304576336566325,3.225675477226879E-7,1.1444047138631013,0.0,0.0,1,0.06766070017928852,0.0,0.046875,1.3203868700320656E-4,0.0,1.6787376334460858E-15,0.03321962313190385,5,5
1770322303720,0.8615389015960044,0.7142857142857143,5.984615378611463E-5,1.1427542392335657,0.0,0.0,1,0.06980812548547165,0.0,0.046875,1.3144396774108908E-4,0.0,1.3429901067568687E-15,0.03321692520100705,5,5
1770322304194,0.8642216357200657,0.20203050891044214,1.0,1.1354830115304064,0.0,0.0,1,0.072704195967071,0.26371308016877637,0.046875,1.2850451821987902E-4,0.0,1.0743920854054951E-15,0.033214227708299515,5,5
1770322304659,0.8629634898831265,0.0,5.872833011221307E-5,1.1339464336057095,0.0,0.0,1,0.07166342734482131,0.0,0.046875,1.279256654030697E-4,0.0,8.595136683243961E-16,0.03329273244011366,5,5
1770322305126,0.8694637140996103,0.614451804788759,1.0,1.1212581542497402,0.0,0.0,1,0.07324473761800819,0.5353319057815845,0.046875,1.2338587140764626E-4,0.0,6.87610934659517E-16,0.03329002923026958,3,5
1770322305585,0.8658941983494831,0.14285714285714288,1.3114383401386122E-8,1.1199001827389836,0.0,0.0,1,0.07181519328445024,0.0,0.046875,1.233856287368322E-4,0.0,5.500887477276136E-16,0.03328732645936505,5,5
1770322306044,0.8658941983494831,0.42857142857142855,0.0,1.1185590272653683,0.0,0.0,1,0.07102304033262578,0.0,0.046875,1.233856287368322E-4,0.0,4.4007099818209094E-16,0.03328462412729338,5,5
1770322306507,0.8658941983494831,0.36421567954234174,1.0,1.1117106310914493,0.0,0.0,1,0.07214376819138012,0.0,0.046875,1.2394918296584312E-4,0.0,3.520567985456728E-16,0.03328192223394755,5,5
1770322306978,0.8658941983494831,0.7142857142857143,5.717558638730089E-5,1.1104698611847872,0.0,0.0,1,0.07207954121593403,0.0,0.046875,1.2339083693497295E-4,0.0,2.816454388365382E-16,0.03327922077922074,5,5
1770322307449,0.8646627398975497,0.5050762722761054,1.0,1.103758468438512,0.0,1.0,1,0.07162571122058348,0.2653927813163482,0.046875,1.2117653574847069E-4,0.0,2.253163510692306E-16,0.033276519763006274,5,5
1770322307908,0.8638456982380947,0.6776309271789385,3.3752672012523265E-7,1.1026144099956667,0.0,0.0,1,0.07065744071633757,0.0,0.046875,1.2117159340300372E-4,0.0,1.802530808553845E-16,0.03327381918519723,5,5
1770322308367,0.8659208857344889,0.42857142857142855,1.0,1.0906147258751495,0.0,0.0,1,0.06944654747942491,0.5446623093681917,0.046875,1.168660567214549E-4,0.0,1.442024646843076E-16,0.033271119045686914,3,5
1770322308825,0.8605123649047614,0.20203050891044214,1.2697033637607357E-8,1.0896273618531753,0.0,0.0,1,0.0688391685613739,0.0,0.046875,1.1686582637691884E-4,0.0,1.153619717474461E-16,0.03326841934436875,5,5
1770322309283,0.868061239926396,0.31943828249996997,5.422261302593919E-5,1.0886513961338888,0.0,0.0,1,0.06881023217373071,0.0,0.046875,1.163390549031811E-4,0.0,9.228957739795689E-17,0.03326572008113593,5,5
1770322309740,0.8713945732597294,0.7354021529276429,3.4141141909142164E-7,1.087687143731389,0.0,0.0,1,0.06726721005476535,0.0,0.046875,1.1633415859765252E-4,0.0,7.383166191836551E-17,0.033263021255881875,5,5
1770322310213,0.8732335783393297,0.7142857142857143,5.616265312663659E-5,1.086733983195171,0.0,0.0,1,0.06642886944230972,0.0,0.046875,1.1580998736323422E-4,0.0,5.906532953469241E-17,0.0332603228685,5,5
1770322310675,0.8686420991690573,0.45175395145262565,1.0,1.0804210095242126,0.0,0.0,1,0.0658052845190226,0.27056277056277056,0.046875,1.1373589583376902E-4,0.0,4.725226362775393E-17,0.033257624918883844,5,5
1770322311132,0.8673839533321182,0.5890150893739515,1.0,1.0742132665720978,0.0,0.0,1,0.06556167218917884,0.0,0.046875,1.1425091306847453E-4,0.0,3.7801810902203146E-17,0.033254927406926704,5,5
1770322311587,0.866566911672663,0.40406101782088427,3.4619264589805537E-7,1.0734166464952337,0.0,0.0,1,0.06469569536223177,0.0,0.046875,1.1424603962368987E-4,0.0,3.024144872176252E-17,0.03325223033252234,5,5
1770322312033,0.8605508442152684,0.0,3.514915272502593E-7,1.0726291556300402,0.0,0.0,1,0.06397470573895439,0.0,0.046875,1.1424118894015641E-4,0.0,2.4193158977410014E-17,0.03333063011921178,5,5
1770322312491,0.8677983701245963,0.5890150893739515,1.0,1.061270678933394,0.0,0.0,1,0.06497256290391756,0.5458515283842794,0.046875,1.1018103829623623E-4,0.0,1.935452718192801E-17,0.033327927343496544,3,5
1770322312938,0.866566911672663,0.36421567954234174,1.0,1.0553739075472428,0.0,0.0,1,0.06548159094352118,0.0,0.046875,1.1068486234900363E-4,0.0,1.548362174554241E-17,0.03332522500608126,5,5
1770322313416,0.8619754325023906,0.22587697572631282,1.0,1.0495714472142832,0.0,0.0,1,0.06489951013619463,0.0,0.046875,1.1118611689804727E-4,0.0,1.2386897396433928E-17,0.033322523106859125,5,5
1770322313872,0.8559593650449959,0.5150787536377127,3.3526396361931775E-7,1.0490514148008119,0.0,0.0,1,0.06376331853075216,0.0,0.046875,1.1118128886024543E-4,0.0,9.909517917147142E-18,0.03331982164572356,5,5
1770322314331,0.8526260317116625,0.931314629314664,1.2854957220662498E-8,1.0485370914038996,0.0,0.0,1,0.06396402667302871,0.0,0.046875,1.1118106813514323E-4,0.0,7.927614333717715E-18,0.033317120622568086,5,5
1770322314788,0.8526260317116627,0.8144110179279557,1.0,1.0428420652466623,0.0,0.0,1,0.06434904674985316,0.2735229759299781,0.046875,1.0918497621844372E-4,0.0,6.342091466974172E-18,0.03331442003728624,5,5
1770322315271,0.8499699849726072,0.8689660757568886,1.2718751695787468E-8,1.0423954803845137,0.0,0.0,1,0.06394980632724871,0.0,0.046875,1.0918475963918954E-4,0.0,5.073673173579338E-18,0.03331171988977144,5,5
1770322315768,0.8453785058023346,0.5050762722761054,0.0,1.0419537380328696,0.0,0.0,1,0.06370858122355748,0.0,0.046875,1.0918475963918954E-4,0.0,4.05893853886347E-18,0.033309020179917326,5,5
1770322316257,0.8453785058023346,0.4164965639175215,3.559891270614597E-7,1.0415167803997223,0.0,0.0,1,0.06316825824095178,0.0,0.046875,1.091799765907989E-4,0.0,3.2471508310907762E-18,0.03330632090761754,5,5
1770322316726,0.8411629641140334,0.8689660757568886,1.0,1.0308051609876479,0.0,0.0,1,0.0645494777744985,0.5330490405117271,0.046875,1.053035191012852E-4,0.0,2.597720664872621E-18,0.033303622072765604,3,5
1770322317194,0.839087776617639,0.931314629314664,3.460276673840639E-7,1.030487715209484,0.0,0.0,1,0.07143853113369734,0.0,0.046875,1.0529875838186033E-4,0.0,2.078176531898097E-18,0.03330092367525528,5,5
1770322317661,0.8409267816972394,0.10101525445522107,3.5132399641441414E-7,1.030173636434216,0.0,0.0,1,0.07003099605121811,0.0,0.046875,1.0529401989981126E-4,0.0,1.6625412255184777E-18,0.0332982257149802,5,5
1770322318126,0.8409267816972394,0.10101525445522107,3.567014333628271E-7,1.0298628869877549,0.0,0.0,1,0.06837548552470572,0.0,0.046875,1.0528930355175779E-4,0.0,1.3300329804147823E-18,0.03329552819183412,5,5
1770322318595,0.8438841775486017,0.5714285714285715,1.3205337820701462E-8,1.0295554309208728,0.0,0.0,1,0.06749119847908723,0.0,0.046875,1.0528909503277226E-4,0.0,1.064026384331826E-18,0.033292831105710796,5,5
1770322319067,0.8438841775486017,0.5714285714285715,1.0,1.024156896412359,0.0,0.0,1,0.0664911106338868,0.2648305084745763,0.046875,1.0339819163167639E-4,0.0,8.512211074654608E-19,0.033290134456504084,5,5
1770322319524,0.8438841775486017,0.6468132241526726,1.3035020643267259E-8,1.0239095505583005,0.0,1.0,1,0.06663771141543758,0.0,0.046875,1.0339798702998207E-4,0.0,6.809768859723687E-19,0.03328743824410785,5,5
1770322319978,0.8447012192080569,0.8144110179279557,1.0,1.0135557306639948,0.0,0.0,1,0.06727907209294835,0.5506607929515418,0.046875,9.972167549394069E-5,0.0,5.44781508777895E-19,0.03328474246841595,3,5
1770322320434,0.8413678858747234,0.7142857142857143,1.0,1.0084025431729227,0.0,0.0,1,0.06877516161257091,0.0,0.046875,1.0017812411741897E-4,0.0,4.35825207022316E-19,0.033282047129322256,5,5
1770322320886,0.8359593650449958,0.45175395145262565,3.4944464646218586E-7,1.0083178165335451,0.0,1.0,1,0.06798367576551015,0.0,0.046875,1.0017345171359836E-4,0.0,3.4866016561785284E-19,0.03327935222672063,5,5
1770322321364,0.8359593650449958,0.5150787536377127,5.1224635743470965E-5,1.0082337689220313,0.0,0.0,1,0.0668586728129922,0.0,0.046875,9.972187435690365E-5,0.0,2.7892813249428227E-19,0.03327665776050526,5,5
1770322321835,0.8305508442152683,0.5150787536377127,1.2681848583126497E-8,1.0081507590522671,0.0,0.0,1,0.06712952302849709,0.0,0.046875,9.972167549391401E-5,0.0,2.2314250599542583E-19,0.0332739637305699,5,5
1770322322283,0.8291262559281461,0.20203050891044214,1.0,1.003078086904384,0.0,0.0,1,0.06661287587207207,0.27901785714285715,0.046875,9.793486132695445E-5,0.0,1.7851400479634068E-19,0.03327127013680886,5,5
1770322322734,0.8291262559281461,0.10101525445522107,1.2452295975411234E-8,1.0030472111802615,0.0,0.0,1,0.06637712324026278,0.0,0.046875,9.793466712369572E-5,0.0,1.4281120383707256E-19,0.033268576979116116,5,5
1770322323212,0.8226260317116626,0.8689660757568886,3.7194174266073853E-7,1.0030166448641569,0.0,0.0,1,0.06500579678852841,0.0,0.046875,9.79300165399309E-5,0.0,1.1424896306965804E-19,0.033265884257385636,5,5
1770322323664,0.8226260317116626,0.6060915267313265,5.3440153970363345E-5,1.0029862092361341,0.0,0.0,1,0.06476777188160764,0.0,0.046875,9.748853474500323E-5,0.0,9.139917045572644E-20,0.03326319197151184,5,5
1770322324133,0.8265402242876573,0.31943828249996997,5.425805663615976E-5,1.0029560806687179,0.0,0.0,1,0.06418579047041433,0.0,0.046875,9.704904513461889E-5,0.0,7.311933636458116E-20,0.0332605001213887,5,5
1770322324597,0.8192926983783294,0.45175395145262565,1.0,0.9979611476708756,0.0,0.0,1,0.0640243081063352,0.2693965517241379,0.046875,9.531006377073486E-5,0.0,5.849546909166493E-20,0.03325780870691053,5,5
1770322325064,0.8184756567188742,0.7071067811865476,5.317145388864188E-5,0.9979813220835356,0.0,0.0,1,0.06474444441726639,0.0,0.046875,9.488040259862094E-5,0.0,4.679637527333195E-20,0.03325511772797152,5,5
1770322325522,0.8176586150594191,0.20203050891044214,5.398524433382489E-5,0.9980012964187582,0.0,0.0,1,0.06454826744400595,0.0,0.046875,9.44526808881815E-5,0.0,3.7437100218665564E-20,0.03325242718446597,5,5
1770322325989,0.8188900735113525,0.10101525445522107,5.4811489004515104E-5,0.9980210726571102,0.0,0.0,1,0.06666552295051772,0.0,0.046875,9.402688998691337E-5,0.0,2.9949680174932455E-20,0.03324973707628831,5,5
1770322326451,0.8157231826282022,0.0,5.565037839079752E-5,0.9980406527596879,0.0,0.0,1,0.0666603882848345,0.0,0.046875,9.360302128032367E-5,0.0,2.3959744139945967E-20,0.03332794046270826,5,5
1770322326909,0.8211317034579297,0.42857142857142855,1.0,0.9882016239118763,0.0,0.0,1,0.065830164250774,0.5458515283842794,0.046875,9.026988864354299E-5,0.0,1.9167795311956773E-20,0.03332524468171161,3,5
1770322327371,0.8165402242876574,0.30304576336566325,0.0,0.9883182284121713,0.0,0.0,1,0.06495715968350338,0.0,0.046875,9.026988864354299E-5,0.0,1.533423624956542E-20,0.033322549336784246,5,5
1770322327845,0.8151156360005349,0.7693092581620721,1.318913423902358E-8,0.9884336939368235,0.0,0.0,1,0.06557110446130231,0.0,0.046875,9.02697043115821E-5,0.0,1.2267388999652337E-20,0.03331985442782048,5,5
1770322328303,0.8151156360005349,0.7284313590846835,4.1006946260324344E-7,0.9885480301979511,0.0,0.0,1,0.06545201021177366,0.0,0.046875,9.026511857883824E-5,0.0,9.81391119972187E-21,0.033317159954714515,5,5
1770322328780,0.8155997927596238,0.20203050891044214,4.1634609542303786E-7,0.988661249161792,0.0,0.0,1,0.06466778584732273,0.0,0.046875,9.026055427001662E-5,0.0,7.851128959777496E-21,0.03331446591736076,5,5
1770322329264,0.8137607876800235,0.40406101782088427,1.0,0.9790064349352489,0.0,0.0,1,0.064360044123769,0.2582644628099174,0.046875,8.904940739733926E-5,0.0,6.280903167821997E-21,0.0333117723156533,5,5
1770322329740,0.8083522668502959,0.931314629314664,5.196745948315408E-5,0.9792118489303479,0.0,0.0,1,0.06432173243700998,0.0,0.046875,8.864794671774713E-5,0.0,5.024722534257598E-21,0.033309079149486664,5,5
1770322330189,0.8122664594262906,0.22587697572631282,5.276282409306276E-5,0.9794152945294998,0.0,0.0,1,0.0644265774940927,0.0,0.046875,8.824829963219336E-5,0.0,4.019778027406078E-21,0.03330638641875505,5,5
1770322330651,0.8099550895131026,0.5439837932759934,4.184727647863873E-7,0.9796169435878226,0.0,0.0,1,0.06361904942679619,0.0,0.046875,8.824373531740103E-5,0.0,3.215822421924863E-21,0.03330369412335299,5,5
1770322331127,0.8066217561797693,0.8571428571428571,1.3874592872714269E-8,0.979816659136923,0.0,0.0,1,0.06331517636026571,0.0,0.046875,8.824355358972593E-5,0.0,2.5726579375398906E-21,0.033301002263174895,5,5
