t_ms,entropy_ema,churn01,dCurv01,meanAbsCurv01,two1_eff_rate01,tmr01,feedback_tick,roi_amp01,roi_deqRate01,roi_curvCover01,roi_curvEntropy01,roi_two1RawRate01,two1_exp01,bmu_stability,queue_size,queue_cap
1779998215546,0.1142458828712224,0.34962215333663915,0.0,0.0,0.0,0.0,1,1.0,0.0,0.0,0.0,0.0,0.0,0.4,2,15
1779998215808,0.06443569571040982,0.0,0.0,0.0,0.0,0.875,0,1.0,0.9541984732824427,0.0,0.0,0.0,0.0,0.7692307692307692,1,15
1779998216063,0.041429181969747264,0.0,0.0,0.0,0.0,1.0,0,1.0,0.0,0.0,0.0,0.0,0.0,0.875,2,15
1779998216316,0.032537677567767244,0.0,0.0,0.0,0.0,1.0,0,1.0,0.9881422924901185,0.0,0.0,0.0,0.0,0.9090909090909091,1,15
1779998216576,0.026491767951257322,0.0,0.0,0.0,0.0,1.0,0,1.0,0.9615384615384615,0.0,0.0,0.0,0.0,0.9302325581395349,0,15
1779998216831,0.02213126508254709,0.0,0.0,0.0,0.0,1.0,0,1.0,0.0,0.0,0.0,0.0,0.0,0.9444444444444444,1,15
1779998217086,0.019083682905583082,0.0,0.0,0.0,0.0,1.0,0,1.0,0.49019607843137253,0.0,0.0,0.0,0.0,0.9538461538461538,1,15
1779998217348,0.01700467665438867,0.0,0.0,0.0,0.0,1.0,0,0.7943843350762493,0.9541984732824427,0.0,0.0,0.0,0.0,0.96,0,15
1779998217602,0.025760287813502026,0.08988404907588708,0.0,0.0,0.0,0.7272727272727273,0,0.4088549863684655,0.0,0.0,0.0,0.0,0.0,0.9418604651162791,1,15
1779998217858,0.05477797530246498,0.2567606783043016,0.0,0.0,0.0,0.7142857142857143,0,0.2699534536580525,0.9765625,0.0,0.0,0.0,0.0,0.8865979381443299,0,15
1779998218113,0.10708538222792857,0.35527790105317103,0.0,0.0,0.0,0.33333333333333337,0,0.1395165649017386,0.0,0.0,0.0,0.0,0.0,0.8055555555555556,1,15
1779998218369,0.17616344280955215,0.474625266760255,0.0,0.0,0.0,0.0,0,0.09128684808744024,0.0,0.0,0.0,0.0,0.0,0.73109243697479,2,15
1779998218625,0.23705880019276904,0.47329165310053367,0.0,0.0,0.0,0.0,0,0.07690704629162906,0.0,0.0,0.0,0.0,0.0,0.6692307692307693,3,15
1779998218880,0.30028086586230224,0.38949988184653855,0.0,0.0,0.0,0.0,0,0.06865087965737837,0.0,0.0,0.0,0.0,0.0,0.6170212765957447,4,15
1779998219136,0.3616656001480423,0.3177407664780466,0.0,0.0,0.0,0.0,0,0.07218153134756472,0.0,0.0,0.0,0.0,0.0,0.5723684210526316,5,15
1779998219391,0.416032923010235,0.38701339459407924,0.0,0.0,0.0,0.0,0,0.08002832264512717,0.0,0.0,0.0,0.0,0.0,0.5337423312883436,6,15
1779998219646,0.46692284911904697,0.28426717727952133,0.0,0.0,0.0,0.0,0,0.07525157034091476,0.0,0.0,0.0,0.0,0.0,0.5,7,15
1779998219913,0.499493250431484,0.2581931947386397,0.0,0.0,0.0,0.0,0,0.07901093814234715,0.4681647940074906,0.0,0.0,0.0,0.0,0.47282608695652173,7,15
1779998220168,0.5121759845555454,0.2095037672765259,0.0,0.0,0.0,0.0,0,0.07895425158754162,0.0,0.0,0.0,0.0,0.0,0.45641025641025645,8,15
1779998220423,0.520100797059151,0.5016152190331766,0.0,0.0,0.0,0.0,0,0.06910996005556094,0.0,0.0,0.0,0.0,0.0,0.43203883495145634,9,15
1779998220679,0.5160551695822566,0.46577021808623953,0.0,0.0,0.0,0.0,0,0.08748841695902197,0.0,0.0,0.0,0.0,0.0,0.41013824884792627,10,15
1779998220934,0.5123133154191958,0.3819728021339166,0.0,0.0,0.0,0.0,0,0.09278615691038558,0.0,0.0,0.0,0.0,0.0,0.39035087719298245,11,15
1779998221189,0.5134341303924843,0.3727046012533226,0.0,0.0,0.0,0.0,0,0.06898935734128518,0.0,0.0,0.0,0.0,0.0,0.37238493723849375,12,15
1779998221445,0.5163589428960902,0.2961960430164789,0.0,0.0,0.0,0.0,0,0.10014437464815024,0.0,0.0,0.0,0.0,0.0,0.36,13,15
1779998221700,0.5196922762294235,0.37653704341112937,0.0,0.0,0.0,0.0,1,0.07789462197745069,0.0,0.0,0.0,0.0,0.0,0.3448275862068966,15,15
1779998221955,0.5153213491478931,0.48991710980045045,0.0,0.0,0.0,0.0,0,0.08059936865422979,0.49019607843137253,0.0,0.0,0.0,0.0,0.3308823529411765,15,15
1779998222212,0.5169880158145597,0.3536323401336318,0.0,0.0,0.0,0.0,1,0.06786924550410312,0.0,0.0,0.0,0.0,0.0,0.3180212014134276,15,15
1779998222466,0.5230256095627569,0.3527230147936618,0.0,0.0,0.0,0.0,0,0.07574475071774964,0.0,0.0,0.0,0.0,0.0,0.30612244897959184,15,15
1779998222722,0.5290632033109539,0.3378751647569363,0.0,0.0,0.0,0.0,1,0.08612052609229624,0.0,0.0,0.0,0.0,0.0,0.29508196721311475,15,15
1779998222978,0.5280256095627567,0.44863212675106695,0.0,0.0,0.0,0.0,1,0.08230784555193019,0.0,0.0,0.0,0.0,0.0,0.28481012658227844,15,15
1779998223237,0.5266842425007261,0.42322845443721235,0.0,0.0,0.0,0.0,0,0.07977037513463721,0.0,0.0,0.0,0.0,0.0,0.27522935779816515,15,15
1779998223488,0.5223133154191957,0.3042131822988186,0.0,0.0,0.0,0.0,1,0.06983366235455418,0.0,0.0,0.0,0.0,0.0,0.26627218934911245,15,15
1779998223744,0.5256466487525289,0.37589060006150793,0.0,0.0,0.0,0.0,1,0.08407225005619746,0.0,0.0,0.0,0.0,0.0,0.2578796561604585,15,15
1779998224001,0.5216842425007261,0.39985683252110765,0.0,0.0,0.0,0.0,1,0.08386679171658667,0.48638132295719844,0.0,0.0,0.0,0.0,0.25069637883008355,15,15
1779998224256,0.5200175758340594,0.4334346736900778,0.0,0.0,0.0,0.0,1,0.07152658541085803,0.0,0.0,0.0,0.0,0.0,0.2432432432432432,15,15
1779998224511,0.5200175758340594,0.43685765449308733,0.0,0.0,0.0,0.0,0,0.08821631478910155,0.0,0.0,0.0,0.0,0.0,0.2362204724409449,15,15
1779998224768,0.5166842425007261,0.34226920647444153,0.0,0.0,0.0,0.0,1,0.09744367886483954,0.0,0.0,0.0,0.0,0.0,0.22959183673469385,15,15
1779998225022,0.5166842425007261,0.35880058263441333,0.0,0.0,0.0,0.0,1,0.07075446380206422,0.0,0.0,0.0,0.0,0.0,0.22332506203473945,15,15
1779998225278,0.515426096663787,0.3965511223288599,0.0,0.0,0.0,0.0,0,0.0706812610017166,0.0,0.0,0.0,0.0,0.0,0.21739130434782605,15,15
1779998225533,0.5157298699776206,0.26524799485621053,0.0,0.0,0.0,0.0,1,0.07028189900270865,0.0,0.0,0.0,0.0,0.0,0.21411764705882352,15,15
1779998225788,0.5194717241406814,0.4268778804162718,0.0,0.0,0.0,0.0,0,0.06917981620023324,0.0,0.0,0.0,0.0,0.0,0.20871559633027525,15,15
1779998226044,0.5187594299971203,0.4236933942409477,0.0,0.0,0.0,0.0,1,0.06637836936072605,0.48828125,0.0,0.0,0.0,0.0,0.20357941834451898,15,15
1779998226299,0.5117674637258176,0.349699552662882,0.0,0.0,0.0,0.0,1,0.06484400129721951,0.0,0.0,0.0,0.0,0.0,0.1986899563318777,15,15
1779998226555,0.5078050574740148,0.37801252617308445,0.0,0.0,0.0,0.0,0,0.06559912015931951,0.0,0.0,0.0,0.0,0.0,0.19402985074626866,15,15
1779998226810,0.5076869662656179,0.3806414567453423,0.0,0.0,0.0,0.0,1,0.10172349557559222,0.0,0.0,0.0,0.0,0.0,0.18958333333333333,15,15
1779998227066,0.5014288204286788,0.3147695607598552,0.0,0.0,0.0,0.11111111111111116,0,0.09200086395159347,0.0,0.0,0.0,0.0,0.0,0.185336048879837,15,15
1779998227321,0.5009178387186061,0.3701941032598336,0.0,0.0,0.0,0.0,1,0.09846055883669194,0.0,0.0,0.0,0.0,0.0,0.18127490039840632,15,15
1779998227577,0.5015469116370757,0.49666458975330413,0.0,0.0,0.0,0.0,1,0.0904039084147133,0.0,0.0,0.0,0.0,0.0,0.17738791423001954,15,15
1779998227831,0.5030471358535592,0.3581943839815402,0.0,0.0,0.0,0.1428571428571429,0,0.08627999882112479,0.0,0.0,0.0,0.0,0.0,0.17366412213740456,15,15
1779998228087,0.5033509091673928,0.40978894050060494,0.0,0.0,0.0,0.0,1,0.07606894407223123,0.48828125,0.0,0.0,0.0,0.0,0.17009345794392527,15,15
1779998228342,0.5047970237453175,0.3918334069366659,0.0,0.0,0.0,0.0,1,0.07973234533589918,0.0,0.0,0.0,0.0,0.0,0.16666666666666663,15,15
1779998228598,0.5068722112417117,0.44903919596889275,0.0,0.0,0.0,0.0,1,0.08161506991013717,0.0,0.0,0.0,0.0,0.0,0.16337522441651708,15,15
1779998228854,0.5075845053852728,0.42630083119258405,0.0,0.0,0.0,0.0,1,0.06715183044871145,0.0,0.0,0.0,0.0,0.0,0.16021126760563376,15,15
1779998229109,0.5064288204286789,0.31753494277045285,0.0,0.0,0.0,0.0,0,0.07572280262678406,0.0,0.0,0.0,0.0,0.0,0.1588946459412781,15,15
1779998229365,0.5105093178888788,0.45791251309470465,0.0,0.0,0.0,0.0,1,0.07773310872470232,0.0,0.0,0.0,0.0,0.0,0.1559322033898305,15,15
1779998229619,0.5105093178888788,0.4235723463895938,0.0,0.0,0.0,0.0,1,0.06824299455278307,0.0,0.0,0.0,0.0,0.0,0.1530782029950083,15,15
1779998229875,0.5099827058507543,0.4384362565583136,0.0,0.0,0.0,0.0,0,0.09120100995932771,0.0,0.0,0.0,0.0,0.0,0.15032679738562094,15,15
1779998230131,0.5106117787692238,0.4052367663931897,0.0,0.0,0.0,0.0,1,0.07519943845489509,0.48828125,0.0,0.0,0.0,0.0,0.1476725521669342,15,15
1779998230386,0.5126869662656179,0.5083185335364578,0.0,0.0,0.0,0.11111111111111116,0,0.06693486177510678,0.0,0.0,0.0,0.0,0.0,0.1451104100946372,15,15
1779998230641,0.507686966265618,0.29243398731065856,0.0,0.0,0.0,0.0,1,0.06843589484370476,0.0,0.0,0.0,0.0,0.0,0.14263565891472874,15,15
1779998230897,0.5060202995989513,0.35030182938420884,0.0,0.0,0.0,0.0,1,0.07040449399566266,0.0,0.0,0.0,0.0,0.0,0.1402439024390244,15,15
1779998231153,0.508842651222212,0.44125015037135806,0.0,0.0,0.0,0.0,0,0.06820157338886258,0.0,0.0,0.0,0.0,0.0,0.13793103448275867,15,15
1779998231408,0.5115469116370758,0.35038581248790307,0.0,0.0,0.0,0.0,1,0.06937339246808256,0.0,0.0,0.0,0.0,0.0,0.13569321533923306,15,15
1779998231664,0.5045764716565755,0.33498606988934015,0.0,0.0,0.0,0.0,0,0.0699515154744904,0.0,0.0,0.0,0.0,0.0,0.13352685050798263,15,15
1779998231919,0.5105093178888785,0.3784734991478619,0.0,0.0,0.0,0.0,1,0.0696615407344799,0.0,0.0,0.0,0.0,0.0,0.13142857142857145,15,15
1779998232175,0.5115469116370758,0.35610357321645025,0.0,0.0,0.0,0.0,1,0.06828142453457428,0.48828125,0.0,0.0,0.0,0.0,0.12957746478873244,15,15
1779998232430,0.5178050574740147,0.3845507959337954,0.0,0.0,0.0,0.0,0,0.08175566171727364,0.0,0.0,0.0,0.0,0.0,0.12760055478502086,15,15
1779998232686,0.513842651222212,0.3729205277216922,0.0,0.0,0.0,0.0,1,0.09930597903243116,0.0,0.0,0.0,0.0,0.0,0.12568306010928965,15,15
1779998232941,0.5171759845555453,0.3121820083049917,0.0,0.0,0.0,0.0,1,0.09245014574602771,0.0,0.0,0.0,0.0,0.0,0.1238223418573351,15,15
1779998233197,0.5148802449704091,0.4798596523951116,0.0,0.0,0.0,0.0,1,0.09176499083248804,0.0,0.0,0.0,0.0,0.0,0.12201591511936338,15,15
1779998233452,0.513842651222212,0.30723615560228124,0.0,0.0,0.0,0.0,1,0.07325587271895445,0.0,0.0,0.0,0.0,0.0,0.12026143790849675,15,15
1779998233707,0.5175845053852728,0.40788102271189264,0.0,0.0,0.0,0.0,0,0.0670758568340596,0.0,0.0,0.0,0.0,0.0,0.11855670103092786,15,15
1779998233963,0.5188426512222118,0.41393086479596664,0.0,0.0,0.0,0.0,1,0.07320879010003106,0.48828125,0.0,0.0,0.0,0.0,0.11689961880559085,14,15
1779998234219,0.5171759845555451,0.288480928614441,0.0,0.0,0.0,0.16666666666666663,1,0.0881305914471459,0.0,0.0,0.0,0.0,0.0,0.11654135338345861,15,15
1779998234474,0.5151007970591511,0.3659685933081069,0.0,0.0,0.0,0.0,0,0.08376601235035927,0.0,0.0,0.0,0.0,0.0,0.11495673671199014,15,15
1779998234730,0.5088426512222121,0.3161490726727314,0.0,0.0,0.0,0.0,1,0.07722159900222889,0.0,0.0,0.0,0.0,0.0,0.11341463414634145,15,15
1779998234985,0.5111383908073482,0.4115794316362711,0.0,0.0,0.0,0.0,0,0.07579863538275619,0.0,0.0,0.0,0.0,0.0,0.11191335740072206,15,15
1779998235240,0.515100797059151,0.32922855512981236,0.0,0.0,0.0,0.0,1,0.0896226400317703,0.0,0.0,0.0,0.0,0.0,0.1104513064133017,15,15
1779998235495,0.5140632033109539,0.3238310906689689,0.0,0.0,0.0,0.0,1,0.07418634282590214,0.0,0.0,0.0,0.0,0.0,0.10902696365767883,15,15
1779998235751,0.5167674637258177,0.37069675105827915,0.0,0.0,0.0,0.0,0,0.08154971638866142,0.0,0.0,0.0,0.0,0.0,0.10763888888888884,15,15
1779998236007,0.5219880158145597,0.3186242427436729,0.0,0.0,0.0,0.0,1,0.078000205602827,0.48828125,0.0,0.0,0.0,0.0,0.10628571428571432,14,15
1779998236262,0.5230256095627568,0.4426783970221781,0.0,0.0,0.0,0.0,0,0.08838515121288933,0.0,0.0,0.0,0.0,0.0,0.10496613995485327,15,15
1779998236517,0.5253213491478931,0.29582075622400367,0.0,0.0,0.0,0.0,1,0.08585222415449047,0.0,0.0,0.0,0.0,0.0,0.10367892976588633,15,15
1779998236772,0.5269880158145598,0.3146402199097873,0.0,0.0,0.0,0.0,1,0.07613466309158438,0.0,0.0,0.0,0.0,0.0,0.10242290748898675,15,15
1779998237028,0.5273965366442872,0.4397113597925214,0.0,0.0,0.0,0.0,0,0.06881513091579883,0.0,0.0,0.0,0.0,0.0,0.10119695321001088,15,15
1779998237283,0.5240632033109539,0.41342835447683557,0.0,0.0,0.0,0.0,1,0.07173980105535252,0.0,0.0,0.0,0.0,0.0,0.09999999999999998,15,15
1779998237539,0.5213589428960901,0.4724441846908852,0.0,0.0,0.0,0.0,1,0.07544669614078338,0.0,0.0,0.0,0.0,0.0,0.09883103081827838,15,15
1779998237795,0.5140632033109539,0.4636366123909484,0.0,0.0,0.0,0.0,1,0.06527419250761496,0.0,0.0,0.0,0.0,0.0,0.09768907563025209,15,15
1779998238049,0.5155093178888787,0.462058851817177,0.0,0.0,0.0,0.0,1,0.08341584288462385,0.4921259842519685,0.0,0.0,0.0,0.0,0.09657320872274144,14,15
1779998238305,0.5071759845555454,0.40473404660995904,0.0,0.0,0.0,0.0,0,0.09917618195295223,0.0,0.0,0.0,0.0,0.0,0.09548254620123209,15,15
1779998238560,0.4990847296017564,0.5198810827343365,0.0,0.0,0.0,0.0,1,0.07996027065197943,0.0,0.0,0.0,0.0,0.0,0.09441624365482237,15,15
1779998238816,0.4990847296017564,0.38928539731642814,0.0,0.0,0.0,0.0,1,0.08133721742396004,0.0,0.0,0.0,0.0,0.0,0.09337349397590367,15,15
1779998239071,0.4981303570786508,0.3908398159595682,0.0,0.0,0.0,0.0,0,0.09364196244491933,0.0,0.0,0.0,0.0,0.0,0.09235352532274077,15,15
1779998239327,0.4974180629350897,0.3481650788209603,0.0,0.0,0.0,0.0,1,0.07493094282520583,0.0,0.0,0.0,0.0,0.0,0.09135559921414538,15,15
1779998239583,0.5017889900166203,0.31803505570887863,0.0,0.0,0.0,0.0,0,0.07918881785975833,0.0,0.0,0.0,0.0,0.0,0.09037900874635574,15,15
1779998239838,0.49833756547489,0.317875513995676,0.0,0.0,0.0,0.0,1,0.06726197902848055,0.0,0.0,0.0,0.0,0.0,0.08942307692307694,15,15
1779998240093,0.5131303570786508,0.4083354129969614,0.0,0.0,0.0,0.0,1,0.06721735886620911,0.49019607843137253,0.0,0.0,0.0,0.0,0.08848715509039007,15,15
1779998240349,0.5120927633304538,0.2904389537866096,0.0,0.0,0.0,0.0,0,0.08070402965561348,0.0,0.0,0.0,0.0,0.0,0.08757062146892658,15,15
1779998240604,0.5164636904119841,0.44781532019202247,0.0,0.0,0.0,0.0,1,0.08788650026705075,0.0,0.0,0.0,0.0,0.0,0.0866728797763281,15,15
1779998240859,0.5108346174935148,0.37998393594737523,0.0,0.0,0.0,0.0,0,0.08867886255612872,0.0,0.0,0.0,0.0,0.0,0.08579335793357934,15,15
1779998241115,0.5037594299971204,0.39801529385854884,0.0,0.0,0.0,0.0,1,0.08345830357550872,0.0,0.0,0.0,0.0,0.0,0.08493150684931505,15,15
1779998241370,0.5177218362489232,0.42365659472518996,0.0,0.0,0.0,0.0,1,0.08200394017734576,0.0,0.0,0.0,0.0,0.0,0.08408679927667273,15,15
1779998241626,0.5173965366442872,0.31835809465197845,0.0,0.0,0.0,0.0,0,0.0820035619410754,0.0,0.0,0.0,0.0,0.0,0.08325872873769025,15,15
1779998241882,0.5193885029155899,0.39960781175644744,0.0,0.0,0.0,0.0,1,0.09235065029419191,0.0,0.0,0.0,0.0,0.0,0.08244680851063835,15,15
1779998242137,0.5183509091673927,0.3572106073596487,0.0,0.0,0.0,0.0,1,0.07900168177492367,0.49019607843137253,0.0,0.0,0.0,0.0,0.08165057067603165,15,15
1779998242393,0.516684242500726,0.38176823450999214,0.0,0.0,0.0,0.0,1,0.06767577365837718,0.0,0.0,0.0,0.0,0.0,0.0808695652173913,15,15
1779998242647,0.5093536329322844,0.23970214634877096,0.0,0.0,0.0,0.0,1,0.06836628031091177,0.0,0.0,0.0,0.0,0.0,0.08010335917312661,15,15
1779998242903,0.5073965366442872,0.33868132397303197,0.0,0.0,0.0,0.0,0,0.06789460505299384,0.0,0.0,0.0,0.0,0.0,0.07935153583617749,15,15
1779998243159,0.5009178387186061,0.36708879286165175,0.0,0.0,0.0,0.0,1,0.0654596472124328,0.9765625,0.0,0.0,0.0,0.0,0.07959356477561386,14,15
1779998243414,0.5067674637258177,0.3200339450116219,0.0,0.0,0.0,0.0,1,0.07548690829623812,0.0,0.0,0.0,0.0,0.0,0.07885906040268453,15,15
1779998243670,0.5004260966637871,0.259006351354919,0.0,0.0,0.0,0.0,0,0.0693339594326936,0.0,0.0,0.0,0.0,0.0,0.07813798836242725,15,15
1779998243925,0.48733484170999825,0.3129505369876775,0.0,0.0,0.0,0.0,1,0.07740856061498508,0.0,0.0,0.0,0.0,0.0,0.07742998352553543,15,15
1779998244184,0.4860103797447482,0.40686646103503016,0.0,0.0,0.0,0.0,0,0.07992652375795399,0.9652509652509652,0.0,0.0,0.0,0.0,0.0768601798855274,14,15
1779998244440,0.49441002920639243,0.4520390377840353,0.0,0.0,0.0,0.0,1,0.07992217385315138,0.0,0.0,0.0,0.0,0.0,0.07617504051863855,15,15
1779998244695,0.47973532881102854,0.3129798929027261,0.0,0.0,0.0,0.0,1,0.08382458806153527,0.0,0.0,0.0,0.0,0.0,0.07550200803212848,15,15
1779998244950,0.48028876580013674,0.3641004202881603,0.0,0.0,0.0,0.0,0,0.06598335120498854,0.0,0.0,0.0,0.0,0.0,0.07643312101910826,15,15
1779998245206,0.48831832581963663,0.37368663355483217,0.0,0.0,0.0,0.0,1,0.06703802971337128,0.0,0.0,0.0,0.0,0.0,0.07576953433307021,15,15
1779998245461,0.4889473987381062,0.2863393477182603,0.0,0.0,0.0,0.0,0,0.07226839319501727,0.0,0.0,0.0,0.0,0.0,0.07511737089201875,15,15
1779998245717,0.4837245600138152,0.2686811293845428,0.0,0.0,0.0,0.0,1,0.08020687390500601,0.0,0.0,0.0,0.0,0.0,0.07525213343677273,15,15
1779998245972,0.4792378283594368,0.47721066580633126,0.0,0.0,0.0,0.0,1,0.07480389646886834,0.0,0.0,0.0,0.0,0.0,0.07461538461538464,15,15
1779998246227,0.4760225862345004,0.3553355339621262,0.0,0.0,0.0,0.0,0,0.08929232911691615,0.49019607843137253,0.0,0.0,0.0,0.0,0.07475209763539281,15,15
1779998246483,0.4693559195678338,0.3880066854144015,0.0,0.0,0.0,0.0,1,0.06718608221394873,0.0,0.0,0.0,0.0,0.0,0.0748865355521936,15,15
1779998246738,0.4624564943226731,0.3238158117339248,0.0,0.0,0.0,0.0,1,0.07709356333028446,0.9803921568627451,0.0,0.0,0.0,0.0,0.07426856714178542,15,15
1779998246994,0.47308556724114253,0.3447248293899732,0.0,0.0,0.0,0.0,1,0.08125932156934247,0.0,0.0,0.0,0.0,0.0,0.0736607142857143,15,15
1779998247249,0.47976444039756133,0.46383675856771234,0.0,0.0,0.0,0.0,1,0.07176723304587376,0.0,0.0,0.0,0.0,0.0,0.07306273062730628,15,15
1779998247504,0.4884015470447282,0.3725312390479009,0.0,0.0,0.0,0.0,0,0.06662583689711672,0.0,0.0,0.0,0.0,0.0,0.07247437774524157,15,15
1779998247760,0.48069728662986444,0.3290747093694622,0.0,0.0,0.0,0.0,1,0.06691465828074378,0.0,0.0,0.0,0.0,0.0,0.0726216412490922,15,15
1779998248015,0.4840847296017566,0.3373913927171945,0.0,0.0,0.0,0.0,1,0.07511947303272326,0.0,0.0,0.0,0.0,0.0,0.0720461095100865,15,15
1779998248271,0.48575139626842323,0.30543723052993876,0.0,0.0,0.0,0.0,0,0.07140631511076341,0.0,0.0,0.0,0.0,0.0,0.0714796283059328,15,15
1779998248526,0.4990632033109541,0.3920406191335718,0.0,0.0,0.0,0.0,1,0.07672152266553164,0.0,0.0,0.0,0.0,0.0,0.07092198581560283,15,15
1779998248782,0.5084341303924845,0.311837664816486,0.0,0.0,0.0,0.0,0,0.07514293245885666,0.48828125,0.0,0.0,0.0,0.0,0.07037297677691767,15,15
1779998249037,0.5157298699776207,0.3670296797624318,0.0,0.0,0.0,0.0,1,0.07427694229104723,0.0,0.0,0.0,0.0,0.0,0.06983240223463683,15,15
1779998249293,0.5070927633304538,0.29838820627923934,0.0,0.0,0.0,0.0,1,0.07552667690722037,0.0,0.0,0.0,0.0,0.0,0.06930006930006927,15,15
1779998249548,0.5044717241406816,0.45830442466351845,0.0,0.0,0.0,0.0,0,0.07913228462073436,0.0,0.0,0.0,0.0,0.0,0.06877579092159558,15,15
1779998249804,0.5023965366442874,0.37149677012154086,0.0,0.0,0.0,0.0,1,0.07285807895801048,0.0,0.0,0.0,0.0,0.0,0.06825938566552903,15,15
1779998250059,0.4940306199631977,0.38905189530769674,0.0,0.0,0.0,0.09999999999999998,0,0.08111548501863933,0.9803921568627451,0.0,0.0,0.0,0.0,0.0677506775067751,14,15
1779998250314,0.4973639532965308,0.32460489394556874,0.0,0.0,0.0,0.0,1,0.0777665710420359,0.0,0.0,0.0,0.0,0.0,0.06792199058507065,15,15
1779998250569,0.48799302621500046,0.2842369174166467,0.0,0.0,0.0,0.0,0,0.07511628552291237,0.9803921568627451,0.0,0.0,0.0,0.0,0.06875834445927909,14,15
1779998250825,0.4863804691868927,0.42385920103649705,0.0,0.0,0.0,0.0,0,0.07350453417558885,0.0,0.0,0.0,0.0,0.0,0.06825712392312788,15,15
1779998251080,0.46501270011262286,0.3622615686251323,0.0,0.0,0.0,0.0,1,0.07558303222661517,0.0,0.0,0.0,0.0,0.0,0.06842105263157894,15,15
1779998251342,0.44719507347477155,0.3451555721332503,0.0,0.0,0.0,0.0,1,0.07668932718723448,0.9541984732824427,0.0,0.0,0.0,0.0,0.06862745098039214,15,15
1779998251597,0.4414827793312105,0.5055241253073536,0.0,0.0,0.0,0.0,0,0.10921682198124877,0.0,0.0,0.0,0.0,0.0,0.06813757300454248,15,15
1779998251860,0.42648535426876494,0.3994938331425534,0.0,0.0,0.0,0.0,0,0.081386679946651,0.9505703422053231,0.0,0.0,0.0,0.0,0.06834300451321729,14,15
1779998252116,0.4219986226143864,0.3163813423998179,0.0,0.0,0.0,0.0,0,0.07833289488517613,0.0,0.0,0.0,0.0,0.0,0.06786171574903965,15,15
1779998252374,0.42358193048998366,0.26671515075866586,0.0,0.0,0.0,0.125,0,0.15252497862381068,0.9689922480620154,0.0,0.0,0.0,0.0,0.06810948440483766,14,15
1779998252629,0.4277398907785024,0.4056729549780769,0.0,0.0,0.0,0.0,1,0.10619015014792647,0.0,0.0,0.0,0.0,0.0,0.0676359039190898,15,15
1779998252885,0.43880004520714916,0.4402049907585317,0.0,0.0,0.0,0.1428571428571429,0,0.12537462746870948,0.9765625,0.0,0.0,0.0,0.0,0.06725329981143935,14,15
1779998253140,0.42903880256149735,0.3910078873851141,0.0,0.0,0.0,0.0,1,0.08078643192363642,0.0,0.0,0.0,0.0,0.0,0.06679151061173538,15,15
1779998253396,0.42759040134802395,0.34579463742526745,0.0,0.0,0.0,0.0,1,0.06868096526935019,0.0,0.0,0.0,0.0,0.0,0.06695598264104152,15,15
1779998253650,0.4397089267987894,0.35175078246270197,0.0,0.0,0.0,0.0,1,0.06388189795612297,0.0,0.0,0.0,0.0,0.0,0.06711822660098521,15,15
1779998253906,0.4492279085052337,0.3317583240548493,0.0,0.0,0.0,0.11111111111111116,1,0.08006925022628258,0.0,0.0,0.0,0.0,0.0,0.06727828746177367,15,15
1779998254162,0.45733484170999844,0.45158785513361827,0.0,0.0,0.0,0.0,0,0.09194473808247887,0.0,0.0,0.0,0.0,0.0,0.06682867557715677,15,15
1779998254417,0.44990177126121184,0.3696769993643929,0.0,0.0,0.0,0.0,1,0.07561406492469956,0.0,0.0,0.0,0.0,0.0,0.0669885334942667,15,15
1779998254673,0.4728749350066037,0.3606529773407826,0.0,0.0,0.0,0.0,1,0.08503545395132493,0.9765625,0.0,0.0,0.0,0.0,0.06654676258992809,13,15
1779998254928,0.48132635954833397,0.5430201239507527,0.0,0.0,0.0,0.0,0,0.07392299574693903,0.0,0.0,0.0,0.0,0.0,0.06611078022632522,14,15
1779998255183,0.4723191634590225,0.48440064941010064,0.0,0.0,0.0,0.0,1,0.0794740645538793,0.0,0.0,0.0,0.0,0.0,0.06627218934911239,15,15
1779998255438,0.46357730929596164,0.3362011916959147,0.0,0.0,0.0,0.0,0,0.0767830921275729,0.9803921568627451,0.0,0.0,0.0,0.0,0.06701940035273368,14,15
1779998255694,0.4662260561120533,0.3851964773232524,0.0,0.0,0.0,0.0,1,0.07622235132491528,0.0,0.0,0.0,0.0,0.0,0.06658878504672894,15,15
1779998255949,0.4744269343031731,0.4094360190778416,0.0,0.0,0.0,0.0,1,0.12657207614105814,0.0,0.0,0.0,0.0,0.0,0.0661636680208938,15,15
1779998256205,0.48656843792787824,0.4001408304763167,0.0,0.0,0.0,0.0,0,0.10663938084010453,0.0,0.0,0.0,0.0,0.0,0.06632064590542097,15,15
1779998256460,0.4773069569692703,0.3740345751134837,0.0,0.0,0.0,0.0,1,0.09395247763186525,0.0,0.0,0.0,0.0,0.0,0.06590257879656158,15,15
1779998256719,0.46736395329653097,0.47124029512339416,0.0,0.0,0.0,0.0,0,0.07503629018550691,0.9652509652509652,0.0,0.0,0.0,0.0,0.06552706552706555,14,15
1779998256975,0.4614588146905474,0.4761509643531506,0.0,0.0,0.0,0.18181818181818177,1,0.06883331018831385,0.0,0.0,0.0,0.0,0.0,0.06511891279728199,15,15
1779998257230,0.4592063822144311,0.4341054268375382,0.0,0.0,0.0,0.0,1,0.07818189824982477,0.0,0.0,0.0,0.0,0.0,0.06471581316826114,15,15
1779998257486,0.46087304888109776,0.4024436903251778,0.0,0.0,0.0,0.0,0,0.07156974759973896,0.0,0.0,0.0,0.0,0.0,0.06431767337807603,15,15
1779998257740,0.46143110706422785,0.3112877721558759,0.0,0.0,0.0,0.0,1,0.08012156959738145,0.0,0.0,0.0,0.0,0.0,0.06392440244580322,15,15
1779998257996,0.4525362917094648,0.3330963972686995,0.0,0.0,0.0,0.0,1,0.07624248943761214,0.9765625,0.0,0.0,0.0,0.0,0.06353591160220995,15,15
1779998258252,0.43622263227375363,0.31480729974256133,0.0,0.0,0.0,0.0,1,0.07150702588034981,0.0,0.0,0.0,0.0,0.0,0.0637012630422844,15,15
1779998258521,0.4394266797757581,0.4480325317049619,0.0,0.0,0.0,0.0,0,0.07329949350999143,0.929368029739777,0.0,0.0,0.0,0.0,0.06335335882031679,14,15
1779998258777,0.4345099010008498,0.1608946644437765,0.0,0.0,0.0,0.0,0,0.0729602086048495,0.0,0.0,0.0,0.0,0.0,0.06297502714440828,15,15
1779998259032,0.4378110910027438,0.2889236370004228,0.0,0.0,0.0,0.0,1,0.07529615837673566,0.0,0.0,0.0,0.0,0.0,0.06260118726389641,15,15
1779998259287,0.4430472734195376,0.5291045625718394,0.0,0.0,0.0,0.0,0,0.0954741217631531,0.9803921568627451,0.0,0.0,0.0,0.0,0.0622317596566524,14,15
1779998259542,0.42114657340564815,0.20161812193476014,0.0,0.0,0.0,0.0,0,0.07963938344085131,0.0,0.0,0.0,0.0,0.0,0.06240000000000001,15,15
1779998259799,0.4147812426812386,0.37096728221190733,0.0,0.0,0.0,0.0,0,0.0742781402937741,0.9727626459143969,0.0,0.0,0.0,0.0,0.06206896551724139,14,15
1779998260055,0.42856658553469845,0.3023769343717716,0.0,0.0,0.0,0.0,0,0.0748303734234323,0.0,0.0,0.0,0.0,0.0,0.06170886075949367,15,15
1779998260319,0.4132996834669526,0.2687946785157366,0.0,0.0,0.0,0.11111111111111116,1,0.08606340052656489,0.9469696969696969,0.0,0.0,0.0,0.0,0.062434417628541405,14,15
1779998260575,0.40741562556351385,0.5289280775414612,0.0,0.0,0.0,0.0,1,0.09825172919248257,0.0,0.0,0.0,0.0,0.0,0.06259780907668233,15,15
1779998260830,0.408133664933798,0.3109135382084094,0.0,0.0,0.0,0.0,0,0.07678028334140974,0.9803921568627451,0.0,0.0,0.0,0.0,0.06327800829875518,14,15
1779998261085,0.3994975543726742,0.31631687852118145,0.0,0.0,0.0,0.11111111111111116,1,0.07271821997273334,0.0,0.0,0.0,0.0,0.0,0.06343476018566274,15,15
1779998261342,0.39747031122218013,0.3607055589889986,0.0,0.0,0.0,0.0,1,0.09078033685690179,0.9727626459143969,0.0,0.0,0.0,0.0,0.06362237044638275,15,15
1779998261597,0.3754075918770814,0.22190225516655546,0.0,0.0,0.0,0.2727272727272727,0,0.07304690108500964,0.0,0.0,0.0,0.0,0.0,0.06428571428571428,15,15
1779998261863,0.3663609046104428,0.2091119527201215,0.0,0.0,0.0,0.19999999999999996,0,0.07113153721308817,0.9398496240601504,0.0,0.0,0.0,0.0,0.06446700507614211,14,15
1779998262118,0.35907367254480305,0.26385295185884455,0.0,0.0,0.0,0.36363636363636365,0,0.06544208152315112,0.0,0.0,0.0,0.0,0.0,0.06511862695608284,15,15
1779998262374,0.34868812118593606,0.44149459317724626,0.0,0.0,0.0,0.0,1,0.07218055084735782,0.9765625,0.0,0.0,0.0,0.0,0.06475903614457834,14,15
1779998262629,0.34588525262026676,0.1869987324700428,0.0,0.0,0.0,0.30000000000000004,1,0.07886109411529942,0.0,0.0,0.0,0.0,0.0,0.06590114827758364,15,15
1779998262888,0.34033940092688875,0.3099549748262806,0.0,0.0,0.0,0.19999999999999996,0,0.10124341263361544,0.9652509652509652,0.0,0.0,0.0,0.0,0.0660705414803775,14,15
1779998263144,0.3497187037639855,0.3168686074430942,0.0,0.0,0.0,0.09999999999999998,1,0.08195813865412226,0.0,0.0,0.0,0.0,0.0,0.0662055335968379,15,15
1779998263394,0.3381762935983745,0.323844541713798,0.0,0.0,0.0,0.11111111111111116,0,0.08312507376001248,1.0,0.0,0.0,0.0,0.0,0.06591244466305957,14,15
1779998263650,0.32919163198926976,0.14712462197096537,0.0,0.0,0.0,0.33333333333333337,1,0.07869101120706469,0.0,0.0,0.0,0.0,0.0,0.06702544031311153,15,15
1779998263905,0.32015098467935915,0.2036141471512949,0.0,0.0,0.0,0.09090909090909094,0,0.06876781378216436,0.9803921568627451,0.0,0.0,0.0,0.0,0.06763990267639908,14,15
1779998264160,0.31916868569539575,0.25920622524883913,0.0,0.0,0.0,0.4,0,0.08903236062160577,0.0,0.0,0.0,0.0,0.0,0.06873184898354312,15,15
1779998264416,0.3137292808765368,0.15009247340411794,0.0,0.0,0.0,0.19999999999999996,0,0.07848864168709817,0.9765625,0.0,0.0,0.0,0.0,0.0684007707129094,14,15
1779998264673,0.29775150558959534,0.012135015807836047,0.0,0.0,0.0,0.36363636363636365,0,0.07254584691904088,0.0,0.0,0.0,0.0,0.0,0.0689985625299473,15,15
1779998264928,0.2854378715117163,0.04621871881369985,0.0,0.0,0.0,0.2727272727272727,1,0.07644622317028385,0.9803921568627451,0.0,0.0,0.0,0.0,0.07006673021925647,14,15
1779998265184,0.2763160202823549,0.2377886149817,0.0,0.0,0.0,0.0,1,0.07369177276602264,0.0,0.0,0.0,0.0,0.0,0.06970128022759603,15,15
1779998265442,0.2701445845093038,0.08097606725878041,0.0,0.0,0.0,0.19999999999999996,0,0.08482742650340641,0.9689922480620154,0.0,0.0,0.0,0.0,0.07031618688060404,14,15
1779998265697,0.2538613081622247,0.11035169441156881,0.0,0.0,0.0,0.19999999999999996,1,0.07298895891023836,0.0,0.0,0.0,0.0,0.0,0.0708920187793427,15,15
1779998265956,0.2549745207622104,0.16351580317406086,0.0,0.0,0.0,0.09999999999999998,1,0.07578920842585976,0.9652509652509652,0.0,0.0,0.0,0.0,0.07102803738317753,15,15
1779998266212,0.2556394761547333,0.21457987349466096,0.0,0.0,0.0,0.09090909090909094,1,0.07664131932592894,0.0,0.0,0.0,0.0,0.0,0.07112970711297073,15,15
1779998266462,0.236788033185192,0.008729713347982069,0.0,0.0,0.0,0.11111111111111116,0,0.07086285119600932,1.0,0.0,0.0,0.0,0.0,0.0717592592592593,14,15
1779998266718,0.24209917297997335,0.03172999916435091,1.0,1.7375405144759142,1.0,0.2727272727272727,0,0.07101762131867718,0.0,2.44140625E-4,0.0,0.38631974880164144,0.0772639497603283,0.07231690465223395,15,15
1779998266980,0.23507809512213804,0.0071992601681472035,1.0,1.625766031775265,0.0,0.5,1,0.0657853151756533,0.9541984732824427,2.44140625E-4,0.0,0.0,0.06181115980826264,0.07381934892251263,14,15
1779998267235,0.24144916159380705,0.0755218082085223,1.0,1.537881252571514,0.0,0.18181818181818177,1,0.07003073067121864,0.0,2.44140625E-4,0.0,0.0,0.04944892784661012,0.07390510948905105,15,15
1779998267490,0.23909304976603446,0.07700551558506917,1.0,1.4345390766346517,0.0,0.2727272727272727,0,0.07925006271594942,0.9803921568627451,2.44140625E-4,0.0,0.0,0.0395591422772881,0.07444394008170674,14,15
1779998267746,0.22323995299759916,0.14922172731577021,1.0,1.359450647890407,0.0,0.09999999999999998,1,0.06748997161505925,0.0,2.44140625E-4,0.0,0.0,0.03164731382183048,0.07452574525745259,15,15
1779998268002,0.22577658583660495,0.056693366209704374,1.0,1.2765142568200547,0.0,0.09999999999999998,0,0.07286124435557699,0.9765625,2.44140625E-4,0.0,0.0,0.025317851057464386,0.0750561797752809,14,15
1779998268259,0.22867010235927412,0.1344845679266313,1.0,2.8991859806129865,1.0,0.18181818181818177,1,0.09626653917261303,0.0,4.8828125E-4,0.08140732657760287,0.3851526927871777,0.09728481940340705,0.07602862254025045,15,15
1779998268524,0.21542352791238598,0.009251471626581253,1.0,4.231280950532921,1.0,0.30000000000000004,0,0.08823172831439444,0.9433962264150942,7.32421875E-4,0.13033170917998965,0.37605815570900514,0.15303948666452666,0.07702582368655386,14,15
1779998268779,0.21064736752178828,0.0069674273084360605,1.0,5.375528316576996,1.0,0.18181818181818177,0,0.07615450146028359,0.0,7.32421875E-4,0.11852063162164397,0.3874937168619954,0.19993033270402044,0.07886575099689852,15,15
1779998269047,0.20051357870045622,0.007464220910545766,1.0,6.193446786321752,1.0,0.30000000000000004,1,0.07132771605572541,0.9328358208955223,7.32421875E-4,0.10458222825291319,0.372754903013537,0.23449524676592376,0.08072342302602553,14,15
1779998269302,0.1991422666055838,0.00739007264582921,1.0,6.872874381491319,1.0,0.5454545454545454,1,0.08774182962183316,0.0,7.32421875E-4,0.09248969091708219,0.3874937168619954,0.2650949407851381,0.08252853380158032,15,15
1779998269563,0.19888945420529539,0.012883607517487189,1.0,6.1071126388514285,0.0,0.11111111111111116,0,0.0800960506026706,0.9578544061302682,7.32421875E-4,0.09248969091708219,0.0,0.21207595262811052,0.0826048951048951,14,15
1779998269819,0.20134577957490996,0.01045114096265409,1.0,5.515863350248636,0.0,0.18181818181818177,1,0.0765563234260439,0.0,7.32421875E-4,0.09248969091708219,0.0,0.16966076210248843,0.08307959982601132,15,15
1779998270084,0.18984520248487832,0.007664170039279667,1.0,4.961119001611898,0.0,0.4,0,0.0744611314907426,0.9433962264150942,7.32421875E-4,0.09248969091708219,0.0,0.13572860968199074,0.0844521437851884,14,15
1779998270339,0.18900781968005148,0.021136448823098054,1.0,4.549397745117208,0.0,0.18181818181818177,1,0.09687048319071705,0.0,7.32421875E-4,0.0924896909170822,0.0,0.1085828877455926,0.08405172413793105,15,15
1779998270597,0.18734115301338478,0.014611033791029621,1.0,4.18765568239741,0.0,0.25,0,0.08461201482865763,0.9689922480620154,7.32421875E-4,0.0924896909170822,0.0,0.08686631019647409,0.08376288659793818,14,15
1779998270852,0.17914257237954237,0.010028495625260942,1.0,3.8489619343340733,0.0,0.6363636363636364,0,0.08563596178147573,0.0,7.32421875E-4,0.09248969091708222,0.0,0.06949304815717927,0.08422402736212053,15,15
1779998271113,0.18046365959237964,0.007999177964608003,1.0,4.564178687702547,1.0,0.33333333333333337,0,0.07789566852399106,0.9578544061302682,7.32421875E-4,0.11383261245975905,0.38055242306359816,0.13170492313846305,0.08517887563884152,14,15
1779998271368,0.186454371387319,0.09888852266944141,1.0,4.200689816758665,0.0,0.4545454545454546,0,0.07370303963016939,0.0,7.32421875E-4,0.11383261245975905,0.0,0.10536393851077044,0.08605341246290799,15,15
1779998271624,0.18831942897841808,0.009605850287867793,1.0,3.8050536765392526,0.0,0.2727272727272727,1,0.06659779673102886,0.9765625,7.32421875E-4,0.11383261245975906,0.0,0.08429115080861636,0.0864978902953587,14,15
1779998272085,0.18857543353407802,0.015873015873015876,0.14464879893426758,3.6834074755858435,0.0,0.0,1,0.06637090601771459,0.0,7.32421875E-4,0.11383261245975908,0.0,0.06743292064689309,0.0864614086883172,15,15
1779998272355,0.18522872686323147,0.0049544767358089565,1.0,5.176472710407583,1.0,0.4,1,0.08701591143322915,0.9259259259259258,7.32421875E-4,0.10731050551623265,0.6038355697179344,0.17471345046110137,0.08861822763544724,14,15
1779998272610,0.18219418509585183,0.13470992725566358,1.0,4.7375236542249475,0.0,0.4545454545454546,1,0.07351906381949805,0.0,7.32421875E-4,0.10731050551623265,0.0,0.13977076036888111,0.08988294314381273,15,15
1779998272881,0.17940447850312982,0.005611958580845616,1.0,5.906318984477825,1.0,0.4,0,0.0889942157213613,0.9225092250922509,7.32421875E-4,0.10330393172883903,0.6024796793618998,0.23231254416748487,0.09159034138218147,14,15
1779998273137,0.18338092895158387,0.01171907697483354,1.0,5.344201211165935,0.0,0.09090909090909094,1,0.07964094300028765,0.0,7.32421875E-4,0.10330393172883903,0.0,0.18585003533398792,0.09200165768752588,15,15
1779998273397,0.176361920004231,0.01215373690395616,1.0,4.814154387109928,0.0,0.19999999999999996,0,0.07464046964641473,0.9615384615384615,7.32421875E-4,0.10330393172883903,0.0,0.14868002826719035,0.09203466776723068,14,15
1779998273652,0.18071096814603407,0.012135015807836047,1.0,5.099578736512531,1.0,0.18181818181818177,0,0.07753796254515119,0.0,7.32421875E-4,0.1025804490379453,0.3874937168619954,0.19644276598615137,0.09244042728019719,15,15
1779998273908,0.18577675172897953,0.010698720869225247,1.0,4.58197431051291,0.0,0.18181818181818177,1,0.08023231548955924,0.9765625,7.32421875E-4,0.10258044903794529,0.0,0.1571542127889211,0.0932515337423313,14,15
1779998274163,0.18855493041382831,0.008162848844866349,1.0,5.519792505408884,1.0,0.2727272727272727,1,0.08480921188613949,0.0,7.32421875E-4,0.09904330437005983,0.6248360531164665,0.2506905808544302,0.09446254071661242,15,15
1779998274418,0.19170565962068203,0.013571310746446848,1.0,4.940881719046447,0.0,0.18181818181818177,0,0.07678297844030739,0.9803921568627451,7.32421875E-4,0.09904330437005983,0.0,0.20055246468354415,0.09485204702067285,14,15
1779998274674,0.19887777580094407,0.06880350562699399,1.0,4.531681027840248,0.0,0.30000000000000004,1,0.08674851919186437,0.0,7.32421875E-4,0.09904330437005983,0.0,0.16044197174683533,0.09523809523809523,15,15
1779998274930,0.1967914268545204,0.0110963568014517,1.0,4.11232078072231,0.0,0.30000000000000004,0,0.08885235428583833,0.9765625,7.32421875E-4,0.09904330437005983,0.0,0.12835357739746828,0.09606109324758838,14,15
1779998275186,0.1975769740397203,0.009008139519652649,1.0,4.938511317950924,1.0,0.36363636363636365,1,0.08201644883887724,0.0,7.32421875E-4,0.09281156843591765,0.6233965492891196,0.22736217177579854,0.09683873549419764,15,15
1779998275448,0.19943500091832,0.011496255058919502,1.0,5.012751820134091,1.0,0.0,0,0.08449969074986097,0.9541984732824427,7.32421875E-4,0.09452845086190048,0.3794190581306538,0.25777354904676963,0.09685133519330413,14,15
1779998275703,0.191698568969367,0.007565138076651205,1.0,5.590781462502009,1.0,0.6363636363636364,0,0.09799101079007955,0.0,7.32421875E-4,0.09258374487710884,0.6248360531164665,0.331186049860709,0.098015873015873,15,15
1779998275958,0.1866742080304219,0.005101780528041468,1.0,5.504734365676721,1.0,0.36363636363636365,0,0.08936388730771,0.9803921568627451,7.32421875E-4,0.09261730525237005,0.3874937168619954,0.3424475832609663,0.0999604899249309,14,15
1779998276214,0.1809954485923673,0.007565138076651205,1.0,4.999000992730446,0.0,0.7272727272727273,1,0.0716771847520157,0.0,7.32421875E-4,0.09261730525237005,0.0,0.27395806660877303,0.10110149488591658,15,15
1779998276469,0.1741128929827392,0.010028495625260942,1.0,4.495667895138188,0.0,0.36363636363636365,1,0.06982889192076934,0.9803921568627451,7.32421875E-4,0.09261730525237005,0.0,0.21916645328701845,0.10144927536231885,14,15
1779998276725,0.1695004306424276,0.01087378630004724,1.0,4.120397646532757,0.0,0.09999999999999998,1,0.08181044327636738,0.0,7.32421875E-4,0.09261730525237005,0.0,0.17533316262961476,0.10179407176287047,15,15
1779998276980,0.1640495987332929,0.009846723690048305,1.0,3.7350402918091365,0.0,0.4545454545454546,0,0.07979394310621414,0.9803921568627451,7.32421875E-4,0.09261730525237005,0.0,0.1402665301036918,0.10252427184466018,14,15
1779998277253,0.16205133063806784,0.011223917161691232,0.1250000931892158,3.618084633942235,0.0,0.0,1,0.08070497707763348,0.0,7.32421875E-4,0.09261730525237005,0.0,0.11221322408295345,0.10248447204968947,15,15
1779998277508,0.15238046553857204,0.0055244258654346175,1.0,5.7502788900777295,1.0,0.09090909090909094,1,0.0869155512163911,0.9803921568627451,7.32421875E-4,0.07731993670563979,0.9471964296656995,0.2792098651995027,0.10436799381522999,14,15
1779998277764,0.15492986466003944,0.011887435901264893,1.0,5.210368384577725,0.0,0.2727272727272727,1,0.07804292701199589,0.0,7.32421875E-4,0.07731993670563977,0.0,0.22336789215960218,0.1043110084680523,15,15
1779998278031,0.1493519300504201,0.009251471626581253,1.0,4.6545674951043825,0.0,0.5,0,0.07318468269434027,0.9363295880149812,7.32421875E-4,0.07731993670563977,0.0,0.17869431372768174,0.10506134969325154,14,15
1779998278287,0.14850141883918563,0.009853430194438947,1.0,5.323104182488986,1.0,0.2727272727272727,1,0.08926537507753858,0.0,7.32421875E-4,0.08358824520599761,0.7688858997655783,0.2967326309352611,0.10576555937380683,15,15
1779998278545,0.15536407368151997,0.009908953471617913,0.1934802138431849,5.133739789940702,1.0,0.30000000000000004,0,0.07786585165873257,0.9689922480620154,7.32421875E-4,0.08143581917626325,0.38399249004097413,0.3141846027564037,0.10650437428680104,14,15
1779998278800,0.15722489554070754,0.007987783414044354,0.5135484734186975,5.0088279000580185,1.0,0.4545454545454546,0,0.07711260151299909,0.0,7.32421875E-4,0.07911582218970988,0.3874937168619954,0.3288464255775221,0.10757575757575755,15,15
1779998279063,0.1541621726402013,0.006021540674379356,0.19650861536633732,4.8443491027775485,1.0,0.5555555555555556,0,0.07618064467178748,0.9505703422053231,7.32421875E-4,0.07669400140497987,0.37829226189802256,0.3387355928416222,0.10909777274443189,14,15
1779998279318,0.15465695598899112,0.009430784857045798,1.0,4.425829289273261,0.0,0.36363636363636365,0,0.06707619455553455,0.0,7.32421875E-4,0.07669400140497987,0.0,0.27098847427329775,0.10977443609022552,15,15
1779998279569,0.15883276867128698,0.011009948301797681,1.0,4.02012616193302,0.0,0.33333333333333337,1,0.06314101627502454,0.9960159362549801,7.32421875E-4,0.07669400140497987,0.0,0.21679077941863822,0.11015361558636194,14,15
1779998279824,0.16031636677299713,0.009430784857045797,1.0,3.700680475940961,0.0,0.36363636363636365,1,0.06462617087650525,0.0,7.32421875E-4,0.07669400140497987,0.0,0.1734326235349106,0.11082089552238805,15,15
1779998280086,0.1715385636246976,0.014071010847320972,0.38820187000092204,3.655453312727629,1.0,0.19999999999999996,0,0.08531705056375477,0.9541984732824427,7.32421875E-4,0.08142451186583778,0.3794190581306538,0.21462991045405927,0.11115241635687734,14,15
1779998280342,0.1802635481522258,0.011471497068262386,0.6985559950375944,3.651598112837522,1.0,0.18181818181818177,1,0.08042240915420618,0.0,9.765625E-4,0.10800210309689562,0.38631974880164144,0.24896787812357574,0.11144020733061832,15,15
1779998280603,0.18405618897769435,0.01215373690395616,1.0,3.3403579386230504,0.0,0.19999999999999996,0,0.07081907933819022,0.9578544061302682,9.765625E-4,0.10800210309689562,0.0,0.1991743024988606,0.11139800811508671,14,15
1779998280860,0.1907976891689071,0.014416601421233147,1.0,3.094290338871196,0.0,0.09090909090909094,0,0.07839501031311022,0.0,9.765625E-4,0.10800210309689562,0.0,0.15933944199908848,0.1113152094048494,15,15
1779998281116,0.1930141807468967,0.0155933008209579,1.0,2.8312334591084567,0.0,0.19999999999999996,0,0.09327183397759892,0.9765625,9.765625E-4,0.10800210309689562,0.0,0.1274715535992708,0.11090775988286972,14,15
1779998281372,0.19375697085934612,0.0069674273084360605,1.0,2.6350981803440194,0.0,0.36363636363636365,0,0.07383344991685485,0.0,9.765625E-4,0.10800210309689562,0.0,0.10197724287941663,0.11228581844695584,15,15
1779998281631,0.19902185902125663,0.008979133729352985,0.8490486009759158,2.6970575243704062,1.0,0.30000000000000004,1,0.08821359000828448,0.9652509652509652,9.765625E-4,0.10317655288261451,0.3828390824170441,0.15814961078694212,0.11260443152924082,14,15
1779998281886,0.20336256103667188,0.012491853173870679,0.9227071236787875,2.7631934024205465,1.0,0.18181818181818177,1,0.08479403242791307,0.0,9.765625E-4,0.09832290859536906,0.3874937168619954,0.2040184320019528,0.11251808972503619,15,15
1779998282146,0.20609724466235574,0.0071992601681472035,1.0,3.025700137484902,1.0,0.19999999999999996,0,0.08772217732637,0.9615384615384615,0.001220703125,0.12781798011699605,0.6176957271079193,0.2867538910231461,0.1135544340302812,14,15
1779998282409,0.20585595642909862,0.012773616732132778,0.3654836449003411,2.922656734356619,0.0,0.0,1,0.07915469216980271,0.0,0.001220703125,0.12781798011699605,0.0,0.22940311281851689,0.11343176089305007,15,15
1779998282677,0.21051653142570276,0.010373863342750379,0.5292048719579777,2.9280097754684533,1.0,0.4,0,0.0762396190748245,0.9328358208955223,0.001220703125,0.12292662899597563,0.372754903013537,0.2580734708575209,0.1137423753139577,14,15
1779998282932,0.20327838163459852,0.008651302153618017,0.6800311956570535,2.948321811817061,1.0,0.2727272727272727,1,0.10011902321985217,0.0,0.001220703125,0.11788130727017321,0.3874937168619954,0.28395752005841585,0.11508220157255178,15,15
1779998283185,0.19351964773258912,0.00881014531297581,0.4767719462926422,2.943446070517827,1.0,0.5555555555555556,1,0.0837474842148555,0.9881422924901185,0.001220703125,0.11300004753452421,0.38986262743657807,0.3051385415340483,0.11613822586391165,15,15
1779998283440,0.18523887123609867,0.011048851730869237,1.0,2.736679043850185,0.0,0.18181818181818177,1,0.07233492431323132,0.0,0.001220703125,0.11300004753452421,0.0,0.24411083322723864,0.11603974449964516,15,15
1779998283696,0.18656799067805596,0.010451140962654091,1.0,2.5122443071188685,0.0,0.18181818181818177,0,0.08007421525841871,0.9765625,0.001220703125,0.11300004753452418,0.0,0.19528866658179092,0.11664899257688233,14,15
1779998283951,0.18322100465165592,0.006544781971042911,1.0,3.185496407228328,1.0,0.18181818181818177,0,0.07408144525914859,0.0,0.001220703125,0.14033754616012445,0.8592520129587693,0.32808133585718663,0.11795774647887325,15,15
1779998284207,0.18729103874650674,0.01381218414862736,1.0,2.898116155447283,0.0,0.09090909090909094,0,0.08572965636688988,0.9765625,0.001220703125,0.14033754616012445,0.0,0.2624650686857493,0.11820413889863202,14,15
1779998284463,0.18295999493569656,0.012310081238658042,0.4772435704675961,2.898042836109028,1.0,0.0,1,0.1060994970478216,0.0,0.001220703125,0.1398045243997208,0.38631974880164144,0.28723600470892774,0.11809923130677846,15,15
1779998284718,0.18375847316569227,0.010873786300047242,0.10699648963286175,2.832410535023855,1.0,0.36363636363636365,0,0.08734877618539395,0.9803921568627451,0.001220703125,0.14435682873461278,0.3874937168619954,0.3072875471395413,0.11834319526627224,14,15
1779998284973,0.17898167005383636,0.005349360434612623,1.0,3.017874302459992,1.0,0.09090909090909094,1,0.07887427807738222,0.0,0.001220703125,0.14361689644693099,0.6248360531164665,0.37079724833492633,0.1203190013869625,15,15
1779998285228,0.18550445262519,0.013155371913444342,1.0,2.7498095778757685,0.0,0.18181818181818177,0,0.07415140838279688,0.9803921568627451,0.001220703125,0.14361689644693099,0.0,0.2966377986679411,0.12020725388601039,14,15
1779998285483,0.19039053766874342,0.012316787743048684,0.4395955070603761,2.74927788077504,1.0,0.09090909090909094,1,0.08708722664573836,0.0,0.001220703125,0.14036439362115966,0.3874937168619954,0.31480898230675197,0.12044046799724706,15,15
1779998285749,0.19333646724168593,0.00944404360048545,1.0,2.5482958496291754,0.0,0.09999999999999998,0,0.07677784413712199,0.9398496240601504,0.001220703125,0.14036439362115966,0.0,0.2518471858454016,0.12105624142661175,14,15
1779998286005,0.19884206339910698,0.010692014364834603,1.0,2.3780234535324505,0.0,0.18181818181818177,0,0.08643334411267363,0.0,0.001220703125,0.14036439362115966,0.0,0.2014777486763213,0.12196788520669632,15,15
1779998286270,0.20324291434872394,0.011488877904089794,1.0,2.1902131320435645,0.0,0.19999999999999996,0,0.07552495591778896,0.9433962264150942,0.001220703125,0.14036439362115966,0.0,0.16118219894105704,0.12223357167177396,14,15
1779998286525,0.2070929707113299,0.01357801725083749,0.5744344798119997,2.2235629718622922,1.0,0.36363636363636365,0,0.08050953361134427,0.0,0.001220703125,0.13609455457950087,0.3874937168619954,0.20644450252524474,0.12211668928086838,15,15
1779998286795,0.21332828464338643,0.013741038491257747,1.0,2.050869150641195,0.0,0.4,1,0.08564989158046199,0.9259259259259258,0.001220703125,0.13609455457950087,0.0,0.1651556020201958,0.12170385395537531,14,15
1779998287050,0.21060860283851474,0.008162848844866349,1.0,1.9227591308487524,0.0,0.18181818181818177,1,0.07554459945553167,0.0,0.001220703125,0.13609455457950087,0.0,0.13212448161615664,0.1222633883462445,15,15
1779998287311,0.21521166304528955,0.011761215801318064,0.4484633041796486,1.9500242416592932,1.0,0.19999999999999996,0,0.08098821498711287,0.9578544061302682,0.001220703125,0.138749752618981,0.38055242306359816,0.18181006990564497,0.12252433702584764,14,15
1779998287563,0.21378107793326817,0.007936507936507938,0.1939521565961921,1.912772991512373,0.0,0.0,1,0.07632209870585664,0.0,0.001220703125,0.138749752618981,0.0,0.14544805592451598,0.12277759141227773,15,15
1779998287819,0.21668837541991615,0.009853430194438947,1.0,1.7347765093839629,0.0,0.09090909090909094,0,0.13482321288389074,0.9765625,0.001220703125,0.138749752618981,0.0,0.11635844473961279,0.12366310160427807,14,15
1779998288075,0.21189181675718996,0.008826367584440012,1.0,1.9627629185311333,1.0,0.18181818181818177,1,0.08620263510347621,0.0,0.001220703125,0.14035245144383066,0.6233965492891196,0.21776606564951417,0.12454212454212454,15,15
1779998288330,0.20683305064777377,0.007987783414044354,0.18893754369722063,1.9624328174668846,1.0,0.36363636363636365,0,0.06926659212212255,0.9803921568627451,0.001220703125,0.13815537568213912,0.3874937168619954,0.2517115958920104,0.12541473125414726,14,15
1779998288585,0.2072221228842039,0.011048851730869237,0.6422008747329055,2.0051388193439714,1.0,0.2727272727272727,1,0.08609025835767073,0.0,0.001220703125,0.1364089521484575,0.3874937168619954,0.2788680200860074,0.12561983471074378,15,15
1779998288840,0.2031991363780355,0.010028495625260944,1.0,1.8440474858307305,0.0,0.36363636363636365,0,0.07121835159369741,0.9803921568627451,0.001220703125,0.1364089521484575,0.0,0.22309441606880595,0.12582345191040845,14,15
1779998289096,0.19968447721705973,0.009008139519652649,0.6853488969128329,1.8932982826928821,1.0,0.2727272727272727,0,0.09136012753254344,0.0,0.001220703125,0.15946743819662415,0.38631974880164144,0.25573948261537305,0.12668198227765015,15,15
1779998289353,0.19093878229416775,0.011688827032823697,1.0,1.7429848866208428,0.0,0.19999999999999996,0,0.07569759997827061,0.9727626459143969,0.001220703125,0.15946743819662418,0.0,0.20459158609229844,0.126594700686948,14,15
1779998289609,0.19322916376033494,0.011887435901264893,0.7655230704111098,1.8015961755293304,1.0,0.09090909090909094,0,0.07561253650113245,0.0,0.001220703125,0.15563031026249263,0.38631974880164144,0.24093721863416706,0.12679269882659716,15,15
1779998289865,0.19215800758418589,0.012732726576051191,1.0,1.6599645949284134,0.0,0.18181818181818177,1,0.06845566231587992,0.9765625,0.001220703125,0.1556303102624926,0.0,0.19274977490733367,0.12731406300746995,14,15
1779998290120,0.1980128152498998,0.009008139519652649,0.93785032041716,1.561997407161562,0.0,0.18181818181818177,1,0.0661081613420604,0.0,0.001220703125,0.15563031026249258,0.0,0.15419981992586695,0.12783171521035597,15,15
1779998290375,0.1944449432671087,0.010626206393476088,1.0,1.4495291225911824,0.0,0.2727272727272727,0,0.07081326519005082,0.9803921568627451,0.001220703125,0.1556303102624926,0.0,0.12335985594069357,0.12770074169622703,14,15
1779998290632,0.1967851131706098,0.009605850287867793,0.861193218303353,1.522358526924893,1.0,0.36363636363636365,1,0.07329821447535065,0.0,0.001220703125,0.1518788584795008,0.3851526927871777,0.17571842330999038,0.1282133676092545,15,15
1779998290887,0.19352286445215106,0.009051522497847353,1.0,1.4062972736227326,0.0,0.09999999999999998,1,0.07984150560592126,0.9803921568627451,0.001220703125,0.15187885847950078,0.0,0.1405747386479923,0.1294042280589366,15,15
1779998291142,0.20305997861542746,0.01874560575023748,0.8108382775953594,1.326467162261457,0.0,0.4545454545454546,1,0.1100413984089287,0.0,0.001220703125,0.15187885847950078,0.0,0.11245979091839385,0.12926907117778486,15,15
1779998291397,0.20207484714323817,0.009605850287867793,1.0,1.5293346142464106,1.0,0.18181818181818177,0,0.08778824443154554,0.9803921568627451,0.001220703125,0.15839244562329308,0.6248360531164665,0.2149350433580084,0.1297709923664122,14,15
1779998291653,0.20788741387772852,0.009605850287867793,1.0,1.741908770291082,1.0,0.18181818181818177,0,0.07520613829549985,0.0,0.001220703125,0.15244957455286198,0.6233965492891196,0.2966273445442307,0.1299524564183835,15,15
1779998291912,0.2053962886672058,0.009251471626581253,1.0,1.6058526260119668,0.0,0.4,0,0.07145828333169253,0.9652509652509652,0.001220703125,0.15244957455286198,0.0,0.23730187563538455,0.1304897314375988,14,15
1779998292168,0.205008724734818,0.009008139519652649,0.7044589681415516,1.6622223400070912,1.0,0.2727272727272727,1,0.06859041004052227,0.0,0.001220703125,0.14919364352474843,0.38631974880164144,0.26710545026863597,0.1309823677581864,15,15
1779998292432,0.19731829402174786,0.0071992601681472035,1.0,1.5487285216585451,0.0,0.19999999999999996,1,0.06446731906363669,0.9469696969696969,0.001220703125,0.14919364352474843,0.0,0.21368436021490878,0.13182674199623357,14,15
1779998292686,0.1989370594721271,0.011223917161691232,0.08309899835641477,1.5326932306073022,0.0,0.0,1,0.07583227398675468,0.0,0.001220703125,0.14919364352474843,0.0,0.17094748817192704,0.1317853780985253,15,15
1779998292948,0.19877772144682404,0.013541089362523849,0.4011174422633551,1.5605356016807055,1.0,0.09999999999999998,1,0.07875331920638527,0.9541984732824427,0.001220703125,0.1442872638418938,0.3794190581306538,0.2126418021636724,0.13199874882702534,14,15
1779998293203,0.2021119657826128,0.013818890653018001,0.7585305510868098,1.6190705518574982,1.0,0.18181818181818177,1,0.06858919796113827,0.0,0.001220703125,0.13878025367360464,0.3874937168619954,0.24761218510333702,0.13216957605985036,15,15
1779998293467,0.2046215486215197,0.0114962550589195,1.0,1.4869407862566297,0.0,0.19999999999999996,0,0.08155977416245805,0.9469696969696969,0.001220703125,0.13878025367360464,0.0,0.19808974808266963,0.13206960845245497,14,15
1779998293722,0.19848645587189367,0.01068530786044396,0.8855964820698131,1.4014668165949462,0.0,0.18181818181818177,1,0.07329201043883343,0.0,0.001220703125,0.1387802536736046,0.0,0.1584717984661357,0.1328584701145865,15,15
1779998293979,0.1903870012422326,0.011048851730869235,0.5386371370840064,1.4428522989513848,1.0,0.09090909090909094,0,0.08044996302526075,0.9727626459143969,0.001220703125,0.13207943014340914,0.3851526927871777,0.20380797733034411,0.13302469135802464,14,15
1779998294234,0.18762710770975066,0.0131486654090537,0.8770696504203543,1.3604780073917635,0.0,0.2727272727272727,0,0.07696563158761288,0.0,0.001220703125,0.13207943014340914,0.0,0.1630463818642753,0.13318978775761303,15,15
1779998294489,0.1880869600603273,0.011894142405655533,1.0,1.2648851515970132,0.0,0.09090909090909094,0,0.06582436735910344,0.9803921568627451,0.001220703125,0.13207943014340914,0.0,0.13043710549142026,0.1330472103004292,14,15
1779998294745,0.1964962266132017,0.007987783414044354,0.7765431192817179,1.1946759804086482,0.0,0.09090909090909094,1,0.07078027466840313,0.0,0.001220703125,0.13207943014340914,0.0,0.10434968439313622,0.13412771157959058,15,15
1779998295000,0.20538078531429133,0.014773438787267779,0.992382261565539,1.1069472592883323,0.0,0.09090909090909094,1,0.08022945484870485,0.9803921568627451,0.001220703125,0.13207943014340912,0.0,0.08347974751450898,0.13459196102314253,14,15
1779998295256,0.21035144019146276,0.009846723690048305,0.96028805119321,1.1882582988976396,1.0,0.18181818181818177,1,0.07228180171607343,0.0,0.001220703125,0.146948920347564,0.38631974880164144,0.1440477477719355,0.13535660091047041,15,15
1779998295510,0.20621067662083106,0.007565138076651205,0.7526082282222409,1.2501389862423986,1.0,0.0,0,0.0728238789899347,0.984251968503937,0.001220703125,0.13880322089230984,0.38867465638540744,0.19297312949462989,0.1361161524500908,14,15
1779998295766,0.20560770601484538,0.010269369027441454,0.7813799123579164,1.1809127945897993,0.0,0.0,1,0.06732503847419614,0.0,0.001220703125,0.13880322089230984,0.0,0.15437850359570393,0.1365691890262285,15,15
1779998296023,0.20774224747224207,0.011103733956281404,0.9353894670631018,1.0997729905731193,0.0,0.19999999999999996,0,0.1389414881331086,0.9727626459143969,0.001220703125,0.13880322089230984,0.0,0.12350280287656315,0.13736098587315904,14,15
1779998296279,0.2203385342944114,0.13945875447419082,1.0,1.1878197083376505,1.0,0.09090909090909094,0,0.0993884479180766,0.0,0.001220703125,0.14486598862136843,0.38631974880164144,0.1760661920615788,0.1375074895146795,15,15
1779998296550,0.21879243357131997,0.009716381497713719,0.7618180684367557,1.249413446083074,1.0,0.30000000000000004,0,0.09318797916256329,0.9225092250922509,0.001220703125,0.13720180004250612,0.36950787424576026,0.21475452849841511,0.13829151732377543,14,15
1779998296806,0.22104197293519592,0.011471497068262386,0.7939127270535685,1.1802355200249106,0.0,0.18181818181818177,0,0.07960838456406946,0.0,0.001220703125,0.13720180004250612,0.0,0.1718036227987321,0.1387317654063709,15,15
1779998297066,0.215878502255086,0.008321651884316326,0.8855947472206521,1.1046115349815198,0.0,0.09999999999999998,0,0.08487893830652689,0.9615384615384615,0.001220703125,0.13720180004250612,0.0,0.13744289823898567,0.1392104482042149,14,15
1779998297321,0.21042840979994262,0.0085854941822595,0.7097484708787682,1.044880281768247,0.0,0.09090909090909094,1,0.08184341634859833,0.0,0.001220703125,0.1372018000425061,0.0,0.10995431859118854,0.1396449704142012,15,15
1779998297577,0.20955404028983593,0.014591666852055141,0.9656267238314664,0.9646964168583624,0.0,0.2727272727272727,0,0.07639593497116218,0.9765625,0.001220703125,0.1372018000425061,0.0,0.08796345487295083,0.13948687702742557,14,15
1779998297837,0.20955404028983593,0.011223917161691232,0.058929304619148457,0.9602582524035717,0.0,0.0,1,0.07452385963375358,0.0,0.001220703125,0.1372018000425061,0.0,0.07037076389836067,0.13944575471698117,15,15
1779998298093,0.2088958557848337,0.009255719426223804,0.8519599595470287,0.8916803068108515,0.0,0.18181818181818177,1,0.07285790071766497,0.9765625,0.001220703125,0.13720180004250612,0.0,0.056296611118688535,0.14017043784895677,14,15
1779998298348,0.21205782879521828,0.010451140962654091,1.0,1.1338302237877589,1.0,0.18181818181818177,1,0.06697637760071744,0.0,0.001220703125,0.1171880535352037,0.6248360531164665,0.17000449951824415,0.14089045108377274,15,15
1779998298603,0.21027270715388138,0.010087597092228817,0.9684802563825108,1.0511622140037387,0.0,0.09090909090909094,0,0.08617893556438644,0.9803921568627451,0.001220703125,0.1171880535352037,0.0,0.13600359961459532,0.14160583941605842,14,15
1779998298859,0.20175385300960272,0.01206920783647753,0.6698252878238439,0.994824176979608,0.0,0.0,1,0.09792014583309279,0.0,0.001220703125,0.11718805353520366,0.0,0.10880287969167626,0.14144353899883588,15,15
1779998299114,0.21071081658765425,0.009430784857045798,0.9658721804953807,0.9143537553629653,0.0,0.18181818181818177,0,0.09953077187355971,0.9803921568627451,0.001220703125,0.11718805353520372,0.0,0.08704230375334102,0.14186248912097477,14,15
1779998299370,0.21159894976428287,0.012914498511263828,0.5874238716454129,0.8664699689305552,0.0,0.4545454545454546,0,0.0945784400711285,0.0,0.001220703125,0.11718805353520372,0.0,0.06963384300267282,0.14198958935801043,15,15
1779998299630,0.21112107823902887,0.009908953471617913,0.9695036858904396,0.9479817808861805,1.0,0.19999999999999996,0,0.0763612520603506,0.9615384615384615,0.001220703125,0.10648379318888315,0.38169241239324847,0.13204555688078795,0.1421568627450981,14,15
1779998299885,0.21281876319094456,0.011894142405655535,0.6130698861762378,0.8980507471036175,0.0,0.4545454545454546,0,0.07781944626207273,0.0,0.001220703125,0.10648379318888314,0.0,0.10563644550463036,0.14228226501868357,15,15
1779998300135,0.2169710773821835,0.016881558403877884,0.6866382187438992,0.8427335359590633,0.0,0.2222222222222222,1,0.08607206758629665,1.0,0.001220703125,0.1064837931888831,0.0,0.0845091564037043,0.1419151376146789,14,15
1779998300391,0.21995457279544595,0.014591666852055141,0.5520578561510835,0.7991428029018899,0.0,0.09090909090909094,1,0.1367513074492566,0.0,0.001220703125,0.10648379318888312,0.0,0.06760732512296344,0.14204058302372102,15,15
1779998300645,0.23066078029419773,0.017511634796697626,0.7543222112144872,0.7394945363464194,0.0,0.18181818181818177,0,0.11028597911122925,0.984251968503937,0.001220703125,0.10648379318888314,0.0,0.054085860098370755,0.14216524216524218,14,15
1779998300901,0.23360450064989727,0.011471497068262384,0.48964326952561954,0.7019310652234849,0.0,0.09999999999999998,1,0.07835682520606967,0.0,0.001220703125,0.10648379318888315,0.0,0.043268688078696604,0.14200511218403866,15,15
1779998301156,0.23385311770547737,0.012557661145229198,1.0,0.788658078496921,1.0,0.2727272727272727,1,0.07041544780971404,0.9803921568627451,0.001220703125,0.09404449587645312,0.3874937168619954,0.11211369383535638,0.14212910532276335,15,15
1779998301412,0.24449044603102058,0.015361665126017564,0.5240773714896033,0.7482481098352285,0.0,0.09090909090909094,1,0.09444233586478858,0.0,0.001220703125,0.09404449587645314,0.0,0.08969095506828512,0.14197008185153825,15,15
1779998301667,0.24698414663691415,0.01861622877760207,1.0,0.8426306637082831,1.0,0.09090909090909094,0,0.10993933010859594,0.9803921568627451,0.001220703125,0.11570351942396202,0.3874937168619954,0.1492515074270272,0.1420934158694429,14,15
1779998301922,0.24412275865513638,0.01279853454740971,1.0,0.9444362941173731,1.0,0.18181818181818177,0,0.08470495077387924,0.0,0.001220703125,0.1311557587671924,0.3874937168619954,0.19689994931402086,0.1424964936886396,15,15
1779998302178,0.24465951428002775,0.018738899245846832,0.9056082779322872,1.0181409739026797,1.0,0.09090909090909094,0,0.08560822788466835,0.9765625,0.001220703125,0.1334316385347139,0.38631974880164144,0.234783909211545,0.14233780760626402,14,15
1779998302434,0.24536283386320823,0.011296431637440393,0.6739804557377188,0.963873965931418,0.0,0.18181818181818177,1,0.09038960492915211,0.0,0.001220703125,0.1334316385347139,0.0,0.187827127369236,0.14273766378589348,15,15
1779998302689,0.2440689485376777,0.014234829486020511,0.9717473866068433,0.886159161420459,0.0,0.18181818181818177,0,0.08303192037494955,0.9803921568627451,0.001220703125,0.1334316385347139,0.0,0.15026170189538882,0.1428571428571429,14,15
1779998302971,0.24484648693497024,0.011223917161691232,0.055676420647242715,0.882772429525178,0.0,0.0,1,0.07996089502944291,0.0,0.001220703125,0.1334316385347139,0.0,0.12020936151631106,0.1428174492914699,15,15
1779998303225,0.23975382990714939,0.009032311011569033,0.7031942404542793,0.828515102489187,0.0,0.11111111111111116,1,0.07353810447806598,0.984251968503937,0.001220703125,0.1334316385347139,0.0,0.09616748921304885,0.14329268292682928,14,15
1779998303481,0.2339146367887102,0.014955210722480418,1.0,0.9289979709092883,1.0,0.18181818181818177,1,0.07260264860970397,0.0,0.001220703125,0.13898957476998078,0.38631974880164144,0.1541979411307674,0.14313346228239843,15,15
1779998303737,0.2348690093118157,0.012153736903956162,0.7922949515516781,0.8672015881728671,0.0,0.0,0,0.0719253845116655,0.9765625,0.001220703125,0.13898957476998078,0.0,0.12335835290461393,0.14301460457426285,14,15
1779998303992,0.2363764675511332,0.012732726576051193,0.5895607794701523,0.8221544752757605,0.0,0.2727272727272727,1,0.08286865633808717,0.0,0.001220703125,0.13898957476998078,0.0,0.09868668232369116,0.1428571428571429,15,15
1779998304247,0.23402393690562434,0.010692014364834603,1.0,0.9021676966919613,1.0,0.18181818181818177,0,0.08201699063282446,0.9803921568627451,0.001220703125,0.1327438034130337,0.3874937168619954,0.156448089231352,0.1432484250890167,14,15
1779998304503,0.23823452187930397,0.013089563942085823,1.0,1.0009206287613654,1.0,0.0,0,0.08026393049834213,0.0,0.001220703125,0.12474115540485659,0.38631974880164144,0.2024224211454099,0.1436373566357182,15,15
1779998304758,0.23165636723946248,0.016050833537260657,0.8555175416546812,0.9337131142295906,0.0,0.0,0,0.09991232577740453,0.9803921568627451,0.001220703125,0.12474115540485659,0.0,0.16193793691632793,0.14324618736383443,14,15
1779998305014,0.23252840396339586,0.02011609271748976,0.6360074143056598,0.8846532031825646,0.0,0.09090909090909094,0,0.09164840489963974,0.0,0.001220703125,0.12474115540485656,0.0,0.12955034953306235,0.14308987238664128,15,15
1779998305269,0.23938893533379865,0.014100435618228758,0.9686059187294738,0.8098819457557992,0.0,0.0,0,0.07655760566970501,0.9803921568627451,0.001220703125,0.12474115540485659,0.0,0.1036402796264499,0.1434759068760152,14,15
1779998305524,0.2441544362327714,0.018550420806243553,0.5553071745514764,0.768229795830282,0.0,0.09090909090909094,1,0.06643052534210703,0.0,0.001220703125,0.12474115540485659,0.0,0.08291222370115992,0.14304993252361675,15,15
1779998305774,0.24443325941750282,0.013584584080500586,0.6683755863155588,0.7182054542093278,0.0,0.2222222222222222,0,0.07371073046200487,1.0,0.001220703125,0.12474115540485659,0.0,0.06632977896092794,0.1429725363489499,14,15
1779998306029,0.2555701788471413,0.016557086662447852,0.49826908742435627,0.6818611745711789,0.0,0.0,1,0.09126408173068645,0.0,0.001220703125,0.12474115540485661,0.0,0.053063823168742356,0.1425503355704698,15,15
1779998306285,0.2622591169139681,0.023541983139898085,0.6413236769166422,0.6348063455883568,0.0,0.0,0,0.1128255132568265,0.9765625,0.001220703125,0.12474115540485659,0.0,0.04245105853499389,0.14216867469879513,14,15
1779998306540,0.2675780299739108,0.014939019788624414,1.0,0.7543891317162377,1.0,0.0,1,0.08724547539815308,0.0,0.001220703125,0.12869892770619834,0.3874937168619954,0.1114595902003942,0.14228510411105177,15,15
1779998306795,0.271527552269802,0.012135015807836047,1.0,0.8512064007276151,1.0,0.36363636363636365,0,0.08499851520886825,0.9803921568627451,0.001220703125,0.12058368375069191,0.3874937168619954,0.16666641553271444,0.14240085174341233,14,15
1779998307051,0.2688791804695307,0.015189377620270285,0.5847016966045087,0.807112556809293,0.0,0.09090909090909094,0,0.08273482192252439,0.0,0.001220703125,0.12058368375069191,0.0,0.13333313242617156,0.1422505307855626,15,15
1779998307307,0.27266498971768843,0.019859028381453245,0.7982141141493504,0.7468143484198002,0.0,0.09090909090909094,0,0.09202112456768888,0.9765625,0.001220703125,0.12058368375069191,0.0,0.10666650594093725,0.1421010849431067,14,15
1779998307562,0.2704715734469194,0.014598373356445784,0.5178391691331874,0.7088298094232501,0.0,0.09090909090909094,1,0.12869938085600854,0.0,0.001220703125,0.12058368375069191,0.0,0.0853332047527498,0.1419525065963061,15,15
1779998307817,0.26671795936064807,0.012491853173870679,0.7499992037898668,0.6532102434903581,0.0,0.18181818181818177,1,0.08506544540017444,0.9803921568627451,0.001220703125,0.12058368375069191,0.0,0.06826656380219985,0.14180478821362796,14,15
1779998308107,0.2661035303035071,0.0,0.2949053178321647,0.6330258131601308,0.0,0.0,0,0.09091894563562519,0.8620689655172414,0.001220703125,0.12058368375069191,0.0,0.05461325104175988,0.14203051025775904,13,15
1779998308362,0.269838785637561,0.016879958969842887,0.4480049115007005,0.601478399667126,0.0,0.18181818181818177,0,0.08097934954855213,0.0,0.001220703125,0.12058368375069191,0.0,0.04369060083340791,0.1418830317335431,14,15
1779998308618,0.2615478037918757,0.008162848844866349,0.6138917001171148,0.5576037820557199,0.0,0.0,1,0.1019587844703479,0.9765625,0.001220703125,0.12058368375069191,0.0,0.03495248066672633,0.14252092050209209,13,15
1779998308884,0.2648095102848073,0.020147879299299055,0.3640833954879077,0.5328451490686061,0.0,0.30000000000000004,0,0.07801608616199202,0.0,0.001220703125,0.12058368375069191,0.0,0.027961984533381064,0.14241001564945222,14,15
1779998309139,0.26817664614333697,0.02160200469360307,0.5508766242360242,0.49429146025965165,0.0,0.09090909090909094,1,0.08017659589449246,0.9803921568627451,0.001220703125,0.12058368375069191,0.0,0.02236958762670485,0.14226267880364107,13,15
1779998309399,0.26599642282904334,0.011688827032823697,0.32695515637180494,0.47262995722335976,0.0,0.09999999999999998,0,0.07128045162302817,0.0,0.001220703125,0.12058368375069191,0.0,0.01789567010136388,0.14241245136186775,14,15
1779998309655,0.2667476446219528,0.014598373356445784,0.4952561564705282,0.43867814061371896,0.0,0.2727272727272727,0,0.10897386204696795,0.9765625,0.001220703125,0.12058368375069191,0.0,0.014316536081091106,0.1425245732022763,13,15
1779998309911,0.261033867749903,0.014525858880696624,0.3225639980142883,0.4175873448395555,0.0,0.09090909090909094,0,0.09525954852039137,0.0,0.001220703125,0.12058368375069191,0.0,0.011453228864872884,0.14263605880835695,14,15
1779998310166,0.2560472715953773,0.012491853173870679,1.0,0.5394582821897803,1.0,0.0,0,0.09678759459473141,0.9803921568627451,0.001220703125,0.13177209411795135,0.3874937168619954,0.0866613264642974,0.14248971193415638,13,15
1779998310422,0.2592597722659547,0.016034668295056585,0.3924704529221938,0.5130299978269771,0.0,0.0,0,0.09348996113052602,0.0,0.001220703125,0.13177209411795135,0.0,0.06932906117143793,0.14234419081815852,14,15
1779998310678,0.26175971354572697,0.011048851730869237,0.5386137458134121,0.47599751740166424,0.0,0.18181818181818177,1,0.08120300008974032,0.9765625,0.001220703125,0.13177209411795135,0.0,0.05546324893715035,0.14245524296675194,13,15
1779998310937,0.26496517338243813,0.016432921767486855,0.31972345856269063,0.45521734367353317,0.0,0.30000000000000004,0,0.07518107625275837,0.0,0.001220703125,0.13177209411795135,0.0,0.04437059914972028,0.14209183673469383,14,15
1779998311193,0.26648209316197213,0.015014312189448292,0.45552295606397836,0.4246991979627437,0.0,0.0,1,0.07408619442765892,0.9765625,0.001220703125,0.13177209411795135,0.0,0.035496479319776224,0.14194861358432964,13,15
1779998311447,0.2616654204611883,0.013934854616872123,0.31730254071452924,0.40433428680798594,0.0,0.0,0,0.0755446245724142,0.0,0.001220703125,0.13177209411795135,0.0,0.02839718345582098,0.14180618975139525,14,15
1779998311703,0.26230482012974715,0.01782780059970202,0.4363478012411787,0.3755271912002826,0.0,0.30000000000000004,0,0.07600204385610582,0.9765625,0.001220703125,0.1317734205667252,0.0,0.022717746764656786,0.14141158613711102,13,15
1779998311959,0.2619083654732101,0.0108670797956566,1.0,0.5243048481789139,1.0,0.09090909090909094,0,0.07548911235481276,0.0,0.001220703125,0.11648966752172522,0.38631974880164144,0.09543814717205373,0.14177598385469226,14,15
1779998312213,0.2635915562683415,0.017068437409446163,1.0,0.6517293200023172,1.0,0.09090909090909094,0,0.08047555892156388,0.984251968503937,0.001220703125,0.11816416003533675,0.38867465638540744,0.15408544901472448,0.1416352201257861,13,15
1779998312477,0.26246985861971706,0.017638135124562245,0.42980681603585635,0.6222316661028643,0.0,0.09999999999999998,0,0.07948855986234522,0.0,0.001220703125,0.11816416003533677,0.0,0.12326835921177959,0.14153074027603518,14,15
1779998312732,0.2565473440552844,0.010087597092228817,0.6490286640965204,0.5767322489084012,0.0,0.0,1,0.07141923601134506,0.9803921568627451,0.001220703125,0.11816416003533675,0.0,0.09861468736942368,0.14214214214214216,13,15
1779998312997,0.2567159406829026,0.013348517388619651,0.3847618663452895,0.5510235542229948,0.0,0.19999999999999996,0,0.07096908999494557,0.0,0.001220703125,0.11816416003533675,0.0,0.07889174989553895,0.14203694458312532,14,15
1779998313318,0.2577070612778246,0.0,0.038160696629658215,0.5507563729154781,0.0,0.0,1,0.0694604314511063,0.0,0.001220703125,0.11816416003533675,0.0,0.06311339991643115,0.14225106064387327,15,15
1779998313589,0.25674450013920647,0.012418697646354723,0.5550345732120996,0.5133756195293205,0.0,0.0,1,0.08783953378366044,0.9225092250922509,0.001220703125,0.11816416003533675,0.0,0.050490719933144926,0.14264376400298728,14,15
1779998313845,0.25754845263357373,0.012316787743048684,0.3860838706943699,0.48834626899879313,0.0,0.09090909090909094,1,0.07638143822029572,0.0,0.001220703125,0.11816416003533675,0.0,0.04039257594651594,0.14250248262164844,15,15
1779998314103,0.26066427554780786,0.01576806276762049,0.46659674362720865,0.4577446563436448,0.0,0.0,0,0.06478881551904203,0.9689922480620154,0.001220703125,0.11816416003533675,0.0,0.032314060757212756,0.14264487369985146,14,15
1779998314359,0.2579396514449893,0.014939019788624414,0.3488940885262439,0.43565810791839976,0.0,0.09090909090909094,1,0.07143052030599903,0.0,0.001220703125,0.11816416003533675,0.0,0.025851248605770205,0.14275129661644848,15,15
1779998314622,0.2564279835234133,0.013341140233789945,0.4220308716994104,0.40855990696269845,0.0,0.0,0,0.07137036443057605,0.9505703422053231,0.001220703125,0.11816416003533675,0.0,0.020680998884616164,0.14289233801428924,14,15
1779998314878,0.2561192981975368,0.015371149555482924,0.3157807643709822,0.38902867261934887,0.0,0.18181818181818177,0,0.0712605261112701,0.0,0.001220703125,0.11816416003533675,0.0,0.016544799107692933,0.14250614250614246,15,15
1779998315133,0.2528177018272302,0.01585960286423459,0.4342814311279487,0.36136283453469725,0.0,0.09090909090909094,1,0.07043104147442274,0.9803921568627451,0.001220703125,0.11816416003533675,0.0,0.013235839286154348,0.14236706689536882,14,15
1779998315388,0.258000595590098,0.015612022957663434,0.2830755455944365,0.3442425648479977,0.0,0.09090909090909094,0,0.08453472044859844,0.0,0.001220703125,0.11816416003533675,0.0,0.01058867142892348,0.14247311827956988,15,15
1779998315646,0.2608399256331602,0.022722635087700525,0.3429612453261872,0.32310746478283137,0.0,0.0,1,0.09758963135182017,0.9689922480620154,0.001220703125,0.11816416003533675,0.0,0.008470937143138783,0.14212579229644073,14,15
1779998315902,0.2603069975663495,0.01771854314023854,0.2569216407771684,0.30791183002850836,0.0,0.0,1,0.07601745430123377,0.0,0.001220703125,0.11816416003533675,0.0,0.006776749714511027,0.1417456844152687,15,15
1779998316172,0.25799626558407623,0.016708315382297317,0.31147177452569325,0.2891058756012555,0.0,0.09999999999999998,0,0.07687734329357439,0.9259259259259258,0.001220703125,0.11816416003533678,0.0,0.005421399771608822,0.14164443366480717,14,15
1779998316427,0.25699802256123383,0.019511675444883973,0.23344215395286536,0.275598624913783,0.0,0.09090909090909094,1,0.06844764405924425,0.0,0.001220703125,0.11816416003533675,0.0,0.004337119817287058,0.1412675374939526,15,15
1779998316698,0.25984838332115084,0.01960014778726032,0.283168280535052,0.25884475718033645,0.0,0.4,0,0.07344088449374288,0.9225092250922509,0.001220703125,0.11816416003533678,0.0,0.0034696958538296464,0.14092664092664098,14,15
1779998316954,0.26511771163539594,0.0162755416972371,0.21231930335565385,0.24682253100736123,0.0,0.2727272727272727,0,0.06904874107327026,0.0,0.001220703125,0.11816416003533678,0.0,0.0027757566830637175,0.1405535499398315,15,15
1779998317215,0.2609772085738867,0.012618646775088624,1.0,0.40869632510826825,1.0,0.30000000000000004,1,0.07278510371680126,0.9578544061302682,0.001220703125,0.09507853077416159,0.38055242306359816,0.07833108995917061,0.14069627851140454,14,15
1779998317470,0.25595917171960975,0.009853430194438947,0.32602227926085614,0.38915806357957394,0.0,0.2727272727272727,1,0.08513516368290404,0.0,0.001220703125,0.09507853077416159,0.0,0.06266487196733649,0.14128352490421459,15,15
1779998317726,0.25926798381508087,0.015852896359843948,0.42149317529829305,0.36329248541378895,0.0,0.0,1,0.08116773006029195,0.9765625,0.001220703125,0.09507853077416159,0.0,0.05013189757386919,0.1411511822307141,14,15
1779998317981,0.25949855857112963,0.016814150998484368,0.2937377528001106,0.3460744329231827,0.0,0.09090909090909094,1,0.07036804204812315,0.0,0.001220703125,0.0950785307741616,0.0,0.04010551805909535,0.14078132444020963,15,15
1779998318245,0.2617603108482962,0.01974798104183125,0.38007186671175536,0.32320242118620324,0.0,0.09999999999999998,0,0.08040508257054513,0.9469696969696969,0.001220703125,0.09507853077416162,0.0,0.032084414447276284,0.14092205323193918,14,15
1779998318572,0.260802622745249,0.015873015873015876,0.024820787205897667,0.32378299431057933,0.0,0.0,1,0.07910146148501672,0.0,0.001220703125,0.0950785307741616,0.0,0.02566753155782103,0.14088857210738892,15,15
1779998318827,0.2597339788009929,0.014093729113838114,1.0,0.4876320501413074,1.0,0.18181818181818177,1,0.0911576387356493,0.9803921568627451,0.001220703125,0.07117310253128512,0.3874937168619954,0.09803276861865592,0.14123222748815167,14,15
1779998319082,0.2661530187480441,0.015552921490695561,0.390531402386105,0.4639714323852578,0.0,0.2727272727272727,1,0.07617388401051346,0.0,0.001220703125,0.07117310253128512,0.0,0.07842621489492474,0.14110139446939263,15,15
1779998319338,0.2639941811353185,0.011223917161691232,0.5359811814745865,0.4306762197804535,0.0,0.18181818181818177,0,0.0803720497956167,0.9765625,0.001220703125,0.07117310253128512,0.0,0.06274097191593979,0.14144271570014144,14,15
1779998319593,0.2670797144901816,0.01663237906327173,0.348903418166328,0.41000137085407307,0.0,0.18181818181818177,1,0.06863303387678876,0.0,0.001220703125,0.07117310253128512,0.0,0.05019277753275184,0.14131201504820123,15,15
1779998319850,0.2730653251985329,0.01538597453739429,0.4793954491930599,0.3807699817225735,0.0,0.19999999999999996,1,0.06668274213045612,0.9727626459143969,0.001220703125,0.07117340862227922,0.0,0.040154222026201475,0.14121510673234816,15,15
1779998320106,0.27511597713007585,0.01579379489287607,0.31229791638337157,0.362663312496275,0.0,0.18181818181818177,1,0.06927928208056319,0.0,0.001220703125,0.07117371608390138,0.0,0.03212337762096118,0.14131960692559664,15,15
1779998320361,0.2735877785298104,0.015430251022450797,0.40389523407652655,0.3386424795879118,0.0,0.2727272727272727,1,0.06466189991128325,0.9803921568627451,0.001220703125,0.0711737160839014,0.0,0.025698702096768944,0.14119019836639435,14,15
1779998320617,0.26972931313625764,0.014350793449874631,0.2815428393314204,0.32266846888288103,0.0,0.09090909090909094,0,0.06547684979114222,0.0,0.001220703125,0.07117371608390138,0.0,0.020558961677415156,0.14082867783985098,15,15
1779998320924,0.27226600655399036,0.017910473021790514,0.36440767882726494,0.30140923918695817,0.0,0.09999999999999998,1,0.08695442424317379,0.8143322475570033,0.001220703125,0.0711737160839014,0.0,0.016447169341932126,0.1409660938225732,14,15
1779998321179,0.27163350979722106,0.016995922933697002,0.2541572057587066,0.2872934702075986,0.0,0.18181818181818177,1,0.08207812973471251,0.0,0.001220703125,0.07117371608390137,0.0,0.013157735473545701,0.1408385452860783,15,15
1779998321441,0.26807986624675795,0.012883607517487189,0.3081410429252757,0.26979902845294385,0.0,0.19999999999999996,0,0.06941387339693247,0.9541984732824427,0.001220703125,0.07117371608390138,0.0,0.010526188378836562,0.14074416454818583,14,15
1779998321696,0.26737544277169356,0.016150632258910707,0.23095736500699446,0.2572411531201756,0.0,0.18181818181818177,1,0.07188487979784869,0.0,0.001220703125,0.07117371608390138,0.0,0.00842095070306925,0.14061779621945592,15,15
1779998321964,0.26581156157097763,0.016780704150791685,0.2801710893170279,0.2416449141990596,0.0,0.19999999999999996,0,0.0713653174742258,0.9328358208955223,0.001220703125,0.07117371608390138,0.0,0.0067367605624554005,0.14075436982520695,14,15
1779998322219,0.27072941972049364,0.020416067586638147,0.2100814545472769,0.23045934413713037,0.0,0.0,0,0.14955616329754715,0.0,0.001220703125,0.07117371608390138,0.0,0.005389408449964321,0.14039917412250513,15,15
1779998322482,0.27039752128685063,0.016980653279525585,0.28975955200567316,0.2143859643746851,0.0,0.09999999999999998,1,0.10883711507366647,0.9505703422053231,0.001220703125,0.07117371608390137,0.0,0.004311526759971457,0.1400778210116731,14,15
1779998322738,0.26576973084773947,0.013571310746446848,0.18922907339370645,0.20451535972424098,0.0,0.09090909090909094,1,0.07471420053794978,0.0,0.001220703125,0.07117371608390138,0.0,0.0034492214079771657,0.13995433789954337,15,15
1779998322993,0.2657369375084365,0.018009572534914656,0.2455095657168823,0.19125186226443353,0.0,0.2727272727272727,1,0.06666322216394646,0.9803921568627451,0.001220703125,0.07117402492219671,0.0,0.0027593771263817327,0.13983147346845826,14,15
1779998323248,0.27047052588722253,0.023401843502639148,0.17151648812592152,0.1824866542473555,0.0,0.0,1,0.07499103041233143,0.0,0.001220703125,0.0711740249221967,0.0,0.002207501701105386,0.1394820536119945,15,15
1779998323507,0.26977632196611684,0.013741038491257749,0.20836469892066362,0.17154315701815334,0.0,0.0,0,0.06600219289656158,0.9652509652509652,0.001220703125,0.07117402492219671,0.0,0.001766001360884309,0.1391659111514053,14,15
1779998323837,0.2699269965222702,0.011223917161691232,0.014619330385723224,0.17211279611368063,0.0,0.0,1,0.07229949719282185,0.0,0.001220703125,0.07117402492219671,0.0,0.0014128010887074474,0.13913437570813503,15,15
1779998324117,0.27841174694866894,0.01722060540202151,0.22774602777371303,0.160195744165796,0.0,0.09090909090909094,1,0.07173324536695261,0.8928571428571428,0.001220703125,0.07117402492219671,0.0,0.001130240870965958,0.1392405063291139,14,15
1779998324372,0.27768422937294207,0.014532565385087267,1.0,0.3761086727670606,1.0,0.0,1,0.07664190082912317,0.0,0.001220703125,0.11001784488479587,0.3874937168619954,0.07840293606917186,0.13934611048478018,15,15
1779998324627,0.2811293510560356,0.022345283368309626,0.4427912190666295,0.35115320577018766,0.0,0.18181818181818177,0,0.08210274791177753,0.9803921568627451,0.001220703125,0.11001784488479584,0.0,0.06272234885533749,0.1390013495276653,14,15
1779998324882,0.2856797683098818,0.01851819301662975,0.3084887417015902,0.3345491744717587,0.0,0.09090909090909094,1,0.08366229077626984,0.0,0.001220703125,0.11001784488479584,0.0,0.050177879084269995,0.13888265649540055,15,15
1779998325138,0.2889311805869491,0.014093729113838114,0.42433809506814185,0.31091499325646615,0.0,0.0,0,0.09964353753869065,0.9765625,0.001220703125,0.11001784488479584,0.0,0.040142303267415996,0.13921217547000897,14,15
1779998325394,0.2886245514297652,0.01457547591819914,1.0,0.7650125078393955,1.0,0.09090909090909094,0,0.11695709240781203,0.0,0.001220703125,0.12242699663684681,0.6233965492891196,0.15679315247175674,0.13954007590980133,15,15
1779998325649,0.2807467845538654,0.018175153536271287,1.0,0.9284288412762166,1.0,0.0,1,0.07887181260356874,0.9803921568627451,0.00146484375,0.15934013879621955,0.3874937168619954,0.2029332653498045,0.13942093541202671,14,15
1779998325904,0.2786397390987984,0.011894142405655533,0.7047962119306919,0.879690620521175,0.0,0.0,0,0.07227909883251717,0.0,0.00146484375,0.15934013879621955,0.0,0.1623466122798436,0.13974672295045543,15,15
1779998326160,0.28052680711817946,0.020175194184457634,0.9314495397667693,0.8153974050789893,0.0,0.09090909090909094,1,0.07296655449008468,0.9765625,0.00146484375,0.15936550725919954,0.0,0.1298772898238749,0.13940602836879434,14,15
1779998326415,0.28018330126965324,0.0223881939014215,0.6093713739850722,0.7743644944119891,0.0,0.0,1,0.06823963749002732,0.0,0.00146484375,0.15937740237536388,0.0,0.10390183185909992,0.13906699093522001,15,15
1779998326671,0.2873553204411043,0.024483038344241113,0.7789025686351004,0.721809394589709,0.0,0.19999999999999996,0,0.07937588370351695,0.9765625,0.00146484375,0.15943343078338545,0.0,0.08312146548727994,0.13895015438906044,13,15
1779998326926,0.2930639239889034,0.0192775085470941,0.5165264689440415,0.6880306085923984,0.0,0.09999999999999998,0,0.07855787165704975,0.0,0.00146484375,0.15936714873360616,0.0,0.06649717238982396,0.13861386138613863,14,15
1779998327181,0.29394579904818086,0.02026548278499039,1.0,0.8680977150152566,1.0,0.18181818181818177,0,0.06684898207358211,0.9803921568627451,0.001708984375,0.18673393868507362,0.3874937168619954,0.13069648128425826,0.13871817383669882,13,15
1779998327437,0.3005568145500975,0.01988867998388203,0.6206654273791229,0.8251599077016671,0.0,0.19999999999999996,0,0.07431745920438235,0.0,0.001708984375,0.18678464168433412,0.0,0.10455718502740662,0.1386030216772498,14,15
1779998327692,0.2999845299991288,0.01806867400188253,0.8272921915060003,0.767888444415898,0.0,0.0,1,0.0762658100113677,0.9803921568627451,0.001708984375,0.1868009648123809,0.0,0.0836457480219253,0.13848842289209262,13,15
1779998327947,0.2946635491381754,0.02024100215581615,0.5430622580023079,0.7313618464135208,0.0,0.0,0,0.09547483623102984,0.0,0.001708984375,0.1868622326944826,0.0,0.06691659841754025,0.13837437350185222,14,15
1779998328203,0.29941848693664835,0.021377322225278567,0.7024906430237382,0.6838947727245308,0.0,0.09090909090909094,1,0.0835571724263133,0.9765625,0.001708984375,0.18677144020288414,0.0,0.0535332787340322,0.1380434782608696,13,15
1779998328457,0.30061821540854106,0.017455355025172606,0.2944973529171967,0.665553873333385,0.0,0.0,0,0.08685716384477792,0.0,0.001708984375,0.18672700277190604,0.0,0.04282662298722576,0.13826785326676794,14,15
1779998328713,0.30162612957525614,0.018673091274488317,0.49375021024235655,0.6336205744494416,0.0,0.0,0,0.0758343616508604,0.0,0.001708984375,0.1867036452651237,0.0,0.03426129838978061,0.13793850151580767,15,15
1779998329103,0.3031603410997093,0.025097441747368093,0.04636229516292251,0.6327909284858779,0.0,0.0,1,0.07517295418751056,0.0,0.001708984375,0.1867036452651237,0.0,0.027409038711824492,0.13790863823338384,15,15
1779998329358,0.30026563981940907,0.026612503624854362,0.6337745358304798,0.5920742680959731,0.0,0.09090909090909094,1,0.09713143606749192,0.9803921568627451,0.001708984375,0.18665465063134962,0.0,0.021927230969459595,0.13758099352051834,14,15
1779998329614,0.2921202752270613,0.011712370470442898,0.46190226140758983,0.563316018293495,0.0,0.0,1,0.0817226731087245,0.0,0.001708984375,0.18666777426576692,0.0,0.017541784775567677,0.13790131437190256,15,15
1779998329869,0.29517224421269916,0.021202256794456573,0.6191188917167691,0.5241005210350818,0.0,0.09090909090909094,0,0.08421360697784769,0.9803921568627451,0.001708984375,0.18665433625026098,0.0,0.014033427820454143,0.13757523645743763,14,15
1779998330124,0.29337904921192104,0.02018190068884828,0.3831242658360583,0.5009925322209666,0.0,0.0,1,0.08874946644618877,0.0,0.001708984375,0.18654753324259632,0.0,0.011226742256363316,0.13725069697619563,15,15
1779998330380,0.2926707481144612,0.019859028381453245,0.37857229165488626,0.47837472283442484,0.0,0.0,1,0.07856085188064024,0.0,0.001708984375,0.1864773506461302,0.0,0.008981393805090653,0.13714163457424045,15,15
1779998330635,0.2936420257343473,0.01729589780284539,0.4840715688113795,0.448900086801961,0.0,0.18181818181818177,0,0.07697093184227424,0.9803921568627451,0.001708984375,0.18637344575356296,0.0,0.007185115044072522,0.13703308431163286,14,15
1779998330890,0.29550774904430493,0.0162755416972371,1.0,0.6698182135203551,1.0,0.0,1,0.10262491700160528,0.0,0.001708984375,0.17267855937175094,0.3874937168619954,0.08324683540765711,0.13713798977853497,15,15
1779998331147,0.2981177311771231,0.018316253908453685,0.7316795173996722,0.6214884646446679,0.0,0.0,0,0.08781326548442864,0.9727626459143969,0.001708984375,0.17275945465962422,0.0,0.06659746832612569,0.1368175058423624,14,15
1779998331402,0.295237500551266,0.018309547404063042,0.4739192217411446,0.5913069788151881,0.0,0.0,1,0.0713394264318006,0.0,0.001708984375,0.17285690035141904,0.0,0.053277974660900555,0.13671047053836372,15,15
1779998331656,0.29221128695705934,0.018617966046627864,0.5985923034028182,0.5527671125672589,0.0,0.09090909090909094,0,0.07345533299102558,0.984251968503937,0.001708984375,0.17299930583801745,0.0,0.04262237972872045,0.1366039331782618,14,15
1779998331912,0.2940997804811968,0.020954676887885416,0.43092685093151206,0.5259462747198457,0.0,0.0,0,0.07292830749237948,0.0,0.001708984375,0.1730476784493305,0.0,0.034097903782976356,0.13628691983122365,15,15
1779998332170,0.2932541793654378,0.019869704304355723,0.508946409745241,0.494000774729512,0.0,0.09999999999999998,0,0.0734365473637972,0.9689922480620154,0.001708984375,0.17315681375716968,0.0,0.027278323026381085,0.13663157894736844,14,15
1779998332426,0.2894432994997726,0.025947199956463406,0.3880326724585917,0.47042399688196374,0.0,0.18181818181818177,0,0.0737453124703839,0.0,0.001708984375,0.17318674901852266,0.0,0.021822658421104868,0.13631590002100402,15,15
1779998332690,0.292206242824293,0.14850653926398452,0.47097733648344126,0.44141665147554926,0.0,0.09999999999999998,1,0.20473067748415816,0.9469696969696969,0.001708984375,0.1732163339426923,0.0,0.017458126736883895,0.1364493816809893,14,15
1779998332946,0.2961824157073433,0.08417956501934666,0.3059218241979383,0.42359020358305927,0.0,0.09090909090909094,1,0.17449605039772922,0.0,0.001708984375,0.1730844409426091,0.0,0.013966501389507117,0.1361355081555834,15,15
1779998333210,0.30015876295421834,0.23441390654467428,0.38926293517375193,0.4003670231392262,0.0,0.0,0,0.14158801199306706,0.9469696969696969,0.001708984375,0.1731709632336788,0.0,0.011173201111605694,0.1358514190317195,14,15
1779998333465,0.2994432994997726,0.02077961145706342,0.3233283809122534,0.3816070420253165,0.0,0.18181818181818177,1,0.08784291406887403,0.0,0.001708984375,0.17319908299745,0.0,0.008938560889284556,0.13574849052675408,15,15
1779998333728,0.2958665734697356,0.018567954866827174,0.41691704140694724,0.35681777993469166,0.0,0.0,0,0.0728486831026759,0.9505703422053231,0.001708984375,0.17327513483590753,0.0,0.007150848711427645,0.13546644504467065,14,15
1779998333984,0.29437270770317764,0.017418568271090153,1.0,0.8588396969921878,1.0,0.0,0,0.08349265944186311,0.0,0.001708984375,0.12117604558486529,0.6233965492891196,0.13039998882696605,0.13557213930348255,15,15
1779998334351,0.2949293140031705,0.011223917161691232,0.05896995027473058,0.8557902745705753,0.0,0.0,1,0.0802762661007707,0.0,0.001708984375,0.12117604558486529,0.0,0.10431999106157284,0.13554404145077725,15,15
1779998334606,0.3007797908403663,0.014939019788624415,0.5883526871675465,0.8147630388411687,0.0,0.0,1,0.07763938984930613,0.0,0.001708984375,0.1211010198233715,0.0,0.08345599284925828,0.13564929693961947,15,15
1779998334867,0.2986876503242674,0.018960475969465266,0.6006156005978316,0.7733642616726454,0.0,0.0,0,0.07476137517830345,0.9578544061302682,0.001708984375,0.11963603396327807,0.0,0.06676479427940663,0.1359884440775898,14,15
1779998335123,0.30271374054309474,0.01663237906327173,0.5435052178652037,0.736530401559395,0.0,0.0,0,0.06860053915147284,0.0,0.001708984375,0.11944078784307176,0.0,0.0534118354235253,0.13568046119003496,15,15
1779998335377,0.2997784710356878,0.0201066082880244,0.7292768008616084,0.6867976640460999,0.0,0.09090909090909094,1,0.06521479527197421,0.984251968503937,0.001708984375,0.11899022145138574,0.0,0.04272946833882024,0.13537387017255542,14,15
1779998335633,0.2998277049528097,0.024587780609604076,1.0,0.9232595163993926,1.0,0.0,1,0.07923615889761043,0.0,0.001953125,0.1566401949488597,0.38631974880164144,0.1114475244313845,0.13527362164377943,15,15
1779998335889,0.289032189584157,0.017900315075451177,0.9061686720864668,0.8569034607101474,0.0,0.0,0,0.07363369369207172,0.9765625,0.001953125,0.1561922831369354,0.0,0.0891580195451076,0.1353783231083845,14,15
1779998336144,0.28696458738349306,0.01535495862162692,0.5645917631088289,0.8166099782755337,0.0,0.0,1,0.06442793592505255,0.0,0.001953125,0.1558832902879553,0.0,0.07132641563608609,0.1354825545806978,15,15
1779998336400,0.29318370177969627,0.024458557715066873,0.7617884862470459,0.7622011153142846,0.0,0.18181818181818177,0,0.0666603338608502,0.9765625,0.001953125,0.15573144419183735,0.0,0.05706113250886888,0.1351791530944625,14,15
1779998336654,0.3010666111344953,0.01669818703463025,0.5446013185228918,0.7242846500226897,0.0,0.09999999999999998,1,0.06597160247191987,0.0,0.001953125,0.15589462343598146,0.0,0.045648906007095105,0.13508023562868166,15,15
1779998336915,0.30036504075219767,0.02389413938622108,0.6061554901628269,0.6822580293953205,0.0,0.0,0,0.0727680115675554,0.9578544061302682,0.001953125,0.155773944012481,0.0,0.03651912480567609,0.135009122237989,14,15
1779998337169,0.3019025469234661,0.018322960412844324,0.47770752539736516,0.6499637222516995,0.0,0.18181818181818177,0,0.06638053630401786,0.0,0.001953125,0.15579241054350615,0.0,0.02921529984454087,0.13470873786407767,15,15
1779998337425,0.3035970983308607,0.0246697795148186,0.5902280457047462,0.6098318619651991,0.0,0.09090909090909094,1,0.07618135341754127,0.9765625,0.001953125,0.15572512512819595,0.0,0.023372239875632698,0.13440968718466195,13,15
1779998337684,0.3014280554911653,0.018360628583263566,0.3533404066149233,0.5870448635753117,0.0,0.0,0,0.07389458922837276,0.0,0.001953125,0.15535557007273165,0.0,0.018697791900506158,0.13434038267875126,14,15
1779998337940,0.3015028395905423,0.016034668295056585,0.3694899116407849,0.5633666431108572,0.0,0.0,1,0.07909519044492432,0.0,0.001953125,0.1550147848014878,0.0,0.014958233520404927,0.13444533762057875,15,15
1779998338201,0.3033141849667472,0.016250782665994556,1.0,0.7866876069467101,1.0,0.19999999999999996,0,0.0750247789071045,0.9578544061302682,0.001953125,0.16976427531741983,0.38055242306359816,0.08807707142904357,0.13437625350982751,14,15
1779998338456,0.3033190436106115,0.016223146734659865,1.0,1.2912249742307187,1.0,0.18181818181818177,0,0.07602419040167596,0.0,0.001953125,0.17974322455484018,0.6248360531164665,0.19542886776652818,0.13448068841304783,15,15
1779998338709,0.3013289741565444,0.02647680863617379,1.0,1.4702036572813728,1.0,0.0,0,0.07502044916787064,0.9881422924901185,0.001953125,0.19270180624870437,0.38986262743657807,0.23431561970053819,0.13443867359168993,14,15
1779998338965,0.29919418795472674,0.025056268483282018,0.8735105651326174,1.3911831699221446,0.0,0.0,1,0.10465409503052972,0.0,0.001953125,0.19289859700601675,0.0,0.18745249576043055,0.13414391070360776,15,15
1779998339235,0.2956975666796019,0.02276737380703379,1.0,1.2981844219484815,0.0,0.0,1,0.09267021667229752,0.9259259259259258,0.001953125,0.19293869518278092,0.0,0.14996199660834444,0.13407598965585832,14,15
1779998339620,0.2956975666796019,0.03174603174603175,0.07112791260658649,1.2885771117760654,0.0,1.0,1,0.09204884367302563,0.0,0.001953125,0.19298064686908312,0.0,0.11996959728667556,0.1340493237867939,15,15
1779998339877,0.29445022337220167,0.022324647826161094,1.0,1.2041415723376219,0.0,0.0,1,0.08545400298165874,0.9727626459143969,0.001953125,0.1931241721278384,0.0,0.09597567782934045,0.13378324732036517,14,15
1779998340133,0.29209189557983684,0.01729589780284539,0.7269497560219926,1.143418582495069,0.0,0.0,1,0.07352736976514909,0.0,0.001953125,0.19318408949072893,0.0,0.07678054226347236,0.1336898395721925,15,15
1779998340388,0.29187907952285264,0.018422733442842443,0.7021348110481686,1.0858549743858932,0.0,0.09090909090909094,0,0.08185180275854784,0.0,0.001953125,0.1932009655482581,0.0,0.06142443381077789,0.13339920948616601,15,15
1779998340643,0.2925261173278469,0.017900315075451177,0.9048465311468926,1.0129588831530076,0.0,0.0,1,0.07187491605422325,0.9803921568627451,0.001953125,0.19294947660787248,0.0,0.04913954704862231,0.13370143955827252,13,15
1779998340898,0.2927801942373836,0.026753402259147054,0.6342586987668083,0.9627018617016815,0.0,0.0,0,0.06829747191478475,0.0,0.001953125,0.19292101550981947,0.0,0.039311637638897855,0.13341204250295158,14,15
1779998341155,0.29490715681386376,0.019320419080205976,0.5895072370466463,0.916797000018477,0.0,0.09090909090909094,0,0.07835149677771303,0.0,0.001953125,0.19292948703764137,0.0,0.03144931011111828,0.13332024347143134,15,15
1779998341409,0.29476252602724956,0.019683962950631247,0.8231725536863667,0.8530656454776575,0.0,0.2727272727272727,1,0.06924713723398393,0.984251968503937,0.001953125,0.1928699313904568,0.0,0.02515944808889463,0.1334247648902821,14,15
1779998341664,0.2960983118069161,0.02275173777184677,0.5319984927661948,0.8129292729097092,0.0,0.0,0,0.08217772748516752,0.0,0.001953125,0.19283453948829246,0.0,0.020127558471115706,0.1333333333333333,15,15
1779998341920,0.29868388096023,0.021443130196637083,0.7230083093652673,0.7583569940620257,0.0,0.0,1,0.07366694514757248,0.9765625,0.001953125,0.19299421094680294,0.0,0.016102046776892566,0.1330472103004292,14,15
1779998342175,0.2940334643528858,0.018240961507629803,0.4825661895515614,0.723020451553675,0.0,0.09090909090909094,1,0.06814473022789287,0.0,0.001953125,0.19312619704666056,0.0,0.012881637421514054,0.13334631107650374,15,15
1779998342441,0.29864057385121007,0.020065057658392792,0.6421621674442154,0.6757413156099985,0.0,0.0,0,0.07241545053602369,0.9398496240601504,0.001953125,0.19292195393375083,0.0,0.010305309937211245,0.13308723528268895,14,15
1779998342696,0.29741013564059043,0.021268064765815088,1.0,0.9117402633095067,1.0,0.2727272727272727,1,0.07589145737403631,0.0,0.001953125,0.18661724320709464,0.3874937168619954,0.08574299132216809,0.13299728576967818,15,15
1779998342952,0.2962267430576769,0.01693906043681076,0.8493779039610843,0.8448612763238373,0.0,0.09090909090909094,1,0.08573770400402109,0.9765625,0.001953125,0.18653499856027728,0.0,0.06859439305773447,0.13290771909460242,15,15
1779998343207,0.301114539437537,0.021081323595237598,1.0,1.082333241886673,1.0,0.09090909090909094,1,0.08053803508363573,0.0,0.002197265625,0.20693327333861466,0.3874937168619954,0.13237425781858667,0.13281853281853284,15,15
1779998343462,0.30382409851258224,0.01992483635281176,0.6372846012466531,1.029200725025187,0.0,0.18181818181818177,1,0.07313724548867478,0.0,0.002197265625,0.2069264946995005,0.0,0.10589940625486934,0.1325370834136005,15,15
1779998343718,0.3020247099462397,0.019643291387601007,0.6235315224006129,0.9781371439681645,0.0,0.0,0,0.09893861531534193,0.0,0.002197265625,0.20683459730810735,0.0,0.08471952500389547,0.1324490580545944,15,15
1779998343973,0.30973245435237445,0.023683388467849904,0.5486112928016105,0.934042915990232,0.0,0.0,1,0.07501860960002038,0.0,0.002197265625,0.20671745269829564,0.0,0.06777562000311638,0.13216957605985036,15,15
1779998344229,0.31205128036980834,0.020787901152381657,1.0,1.1422210495343936,1.0,0.0,0,0.08460235611913582,0.9765625,0.002197265625,0.18709189530460113,0.38631974880164144,0.1314844457628214,0.13246554364471674,14,15
1779998344484,0.310808902426899,0.019759255351455125,0.6831953456725567,1.0842731577235398,0.0,0.09090909090909094,0,0.08039762815498089,0.0,0.002197265625,0.18701654834283812,0.0,0.10518755661025712,0.13218720152817576,15,15
1779998344871,0.310194193442246,0.015873015873015876,0.06624651934594662,1.0780017559769721,0.0,0.0,1,0.07861473611775281,0.0,0.002197265625,0.18701654834283812,0.0,0.0841500452882057,0.13216195569136746,15,15
1779998345127,0.31521957521317173,0.01992483635281176,0.5777022692008231,1.0308443937145377,0.0,0.09090909090909094,1,0.06557791223256015,0.0,0.002197265625,0.18677772360306566,0.0,0.06732003623056457,0.13207547169811318,15,15
1779998345382,0.31676327495000456,0.018416026938451804,0.5913924647603265,0.9834738669354388,0.0,0.0,1,0.06586228874928754,0.0,0.002197265625,0.18658172599856032,0.0,0.05385602898445166,0.13198934956257136,15,15
1779998345637,0.3183300698222142,0.022107351074618063,0.5901497204166697,0.9370204134903621,0.0,0.36363636363636365,0,0.06668364833285033,0.0,0.002197265625,0.1865787191136326,0.0,0.04308482318756133,0.13190358701840954,15,15
1779998345892,0.3244624912321021,0.025839727425817218,0.34635018066516526,0.9105758645487553,0.0,0.09090909090909094,1,0.07106755136438332,0.0,0.002197265625,0.185922307695915,0.0,0.034467858550049066,0.13181818181818183,15,15
1779998346149,0.3243385040609546,0.024587780609604076,0.6634979758951184,0.8598670219135793,0.0,0.19999999999999996,0,0.07162295110680028,0.9727626459143969,0.002197265625,0.18501783333819372,0.0,0.027574286840039253,0.13154413154413158,14,15
1779998346403,0.3282204465848832,0.021879938341010333,0.47213620394642636,0.8247180788670513,0.0,0.0,0,0.06788554607954904,0.0,0.002197265625,0.18495970135075432,0.0,0.022059429472031405,0.13127121840814782,15,15
1779998346660,0.3248376248070129,0.023144779166602635,0.46902033425619755,0.7903494344314841,0.0,0.0,1,0.065486155585044,0.0,0.002197265625,0.1847910554243159,0.0,0.017647543577625126,0.13099943534726144,15,15
1779998346914,0.32245535711992257,0.025305431580780764,0.6366323679161403,0.7436096507298918,0.0,0.0,0,0.0726852342986234,0.984251968503937,0.002197265625,0.1842619348969796,0.0,0.014118034862100101,0.13072877535687455,14,15
1779998347169,0.3256437611238256,0.0279260804354289,0.3712177046581306,0.7175640893332619,0.0,0.09999999999999998,1,0.07117107788383831,0.0,0.002197265625,0.1838631580362365,0.0,0.011294427889680082,0.13045923149015937,15,15
1779998347425,0.32993376678586295,0.02906240050489132,0.4216294831038152,0.6881062286981082,0.0,0.09090909090909094,1,0.07559701534566157,0.0,0.002197265625,0.18368853655938375,0.0,0.009035542311744067,0.1301907968574635,15,15
1779998347681,0.32879254955447307,0.02179118527161367,0.380320885281425,0.6621047444430936,0.0,0.0,0,0.07526900982053297,0.0,0.002197265625,0.1832841952124195,0.0,0.007228433849395254,0.13011013627030055,15,15
1779998347953,0.3278888628316267,0.024902406906374106,0.6068171258592217,0.619602836623056,0.0,0.0,0,0.10695948537901853,0.9191176470588235,0.002197265625,0.18285233110711244,0.0,0.005782747079516204,0.13005403391093717,14,15
1779998348209,0.32443599700436304,0.01663908556766237,0.42079372748721305,0.5911621609569645,0.0,0.09090909090909094,1,0.09423411102662188,0.0,0.002197265625,0.18288181407013543,0.0,0.0046261976636129635,0.13034585347712901,15,15
1779998348464,0.32020623152066885,0.020257629632296985,0.535164373495918,0.5545916253737152,0.0,0.09999999999999998,1,0.09551560440167385,0.9803921568627451,0.002197265625,0.18290515643744906,0.0,0.003700958130890371,0.13028953229398665,14,15
1779998348720,0.3209026070341726,0.023951135547384483,0.32160811270472806,0.5338399880162759,0.0,0.18181818181818177,1,0.11431819165509796,0.0,0.002197265625,0.1822809829047169,0.0,0.002960766504712297,0.13002407853306164,15,15
1779998348975,0.3179743706922671,0.022646841428385606,0.3180951834110172,0.513560369048041,0.0,0.18181818181818177,0,0.07845603467786998,0.0,0.002197265625,0.18182485573909907,0.0,0.0023686132037698377,0.1299445471349353,15,15
1779998349231,0.3137518315313412,0.016979731999841,0.4300540152832121,0.48546283191506967,0.0,0.0,0,0.07044827351075202,0.9765625,0.002197265625,0.18135544214659016,0.0,0.0018948905630158702,0.1304187419295333,14,15
1779998349486,0.3078501273612611,0.019618154979272735,1.0,0.757227183904727,1.0,0.09090909090909094,1,0.06632434390481705,0.0,0.002197265625,0.16626422029156548,0.3874937168619954,0.0790146558228118,0.13052282768777612,15,15
1779998349748,0.30192859434577046,0.02607391120489467,0.6494351030069466,0.7104896861777465,0.0,0.09999999999999998,0,0.06792429714335196,0.9541984732824427,0.002197265625,0.16615578564453018,0.0,0.06321172465824944,0.13046674016905546,14,15
1779998350150,0.302877221642153,0.022447834323382463,0.04804525957571973,0.7090150884713652,0.0,0.0,1,0.06791827036401837,0.0,0.002197265625,0.1661557856445302,0.0,0.050569379726599556,0.1304427705309572,15,15
1779998350405,0.3037779310932414,0.025508363685214253,0.48022430468885474,0.6759821153547129,0.0,0.0,1,0.07467870062536583,0.0,0.002197265625,0.16629840212495345,0.0,0.04045550378127965,0.1301796846351302,15,15
1779998350660,0.30630209636485545,0.019508897519809252,0.4150057031535057,0.6480859446472071,0.0,0.09090909090909094,1,0.07011143697050225,0.0,0.002197265625,0.1659142858517574,0.0,0.03236440302502372,0.13010064043915825,15,15
1779998350916,0.3071551931332907,0.0209858640214503,0.5794543097050929,0.6085374540276415,0.0,0.18181818181818177,0,0.06784553441198864,0.9765625,0.002197265625,0.16561471780768428,0.0,0.025891522420018978,0.1300219138056976,14,15
1779998351172,0.30688985120704015,0.019115903784844894,0.3743636280249044,0.5841175447351881,0.0,0.18181818181818177,1,0.06887389370003642,0.0,0.002197265625,0.16547818778913692,0.0,0.020713217936015185,0.1301257517769273,15,15
1779998351455,0.3050001725572278,0.024403932887724036,1.0,0.8397585731615597,1.0,0.18181818181818177,0,0.07120717143549665,0.88339222614841,0.002197265625,0.1437941034245532,0.3570550116526028,0.08798157667933271,0.1300472899236086,14,15
1779998351710,0.3105340003205167,0.02165886719048932,0.5285960351589561,0.8016620042598648,0.0,0.0,0,0.08525318810702424,0.0,0.002197265625,0.14367721242863532,0.0,0.07038526134346616,0.12996914140497373,15,15
1779998351966,0.31196964859383197,0.020622320151025022,1.0,1.0532592729277996,1.0,0.09090909090909094,1,0.07522726020430207,0.0,0.002197265625,0.16828729160165118,0.38631974880164144,0.13357215883510123,0.130072463768116,15,15
1779998352254,0.31300939141160006,0.025532844314388493,0.8762951446556688,0.984578344238443,0.0,0.0,1,0.08809292163559189,0.8680555555555556,0.002197265625,0.16791960484801458,0.0,0.106857727068081,0.12981377689387086,15,15
1779998352510,0.32124658276608337,0.019941027286667763,0.5273295525672144,0.9440781702327449,0.0,0.0,1,0.07756833815416811,0.0,0.002197265625,0.16771065451631814,0.0,0.08548618165446481,0.1297365571995669,15,15
1779998352788,0.3198894478100228,0.0218819218452884,1.0,1.1826439287868002,1.0,0.0,1,0.07361366087403642,0.8992805755395683,0.00244140625,0.19321729135778604,0.36214244447653754,0.14081743421887938,0.12986311239193082,14,15
1779998353044,0.3169154013892952,0.021679034363452747,0.6718796202269394,1.1271572405945203,0.0,0.09090909090909094,0,0.07081733716837289,0.0,0.00244140625,0.19328481860805422,0.0,0.11265394737510351,0.12960632752112167,15,15
1779998353299,0.3159775418695772,0.022524325038239045,0.6965433880328539,1.0707866623854396,0.0,0.36363636363636365,1,0.07647785592168803,0.0,0.00244140625,0.19339180084133362,0.0,0.09012315790008281,0.12935055615357016,15,15
1779998353555,0.32032665728753873,0.018738899245846832,0.9364941198729206,0.9962154610832957,0.0,0.0,0,0.06983175694007608,0.9765625,0.00244140625,0.19338568353217567,0.0,0.07209852632006625,0.12945389435989252,14,15
1779998353810,0.32451720092381386,0.029023264472997166,0.5394926022400152,0.9540756963833322,0.0,0.09090909090909094,0,0.06729724015995787,0.0,0.00244140625,0.19328001876112422,0.0,0.057678821056053,0.12919942816297358,15,15
1779998354073,0.3179575684085901,0.02384693779979802,0.7183497690435402,0.8985937561723276,0.0,0.09999999999999998,1,0.07833303810981702,0.9505703422053231,0.00244140625,0.19324392132449192,0.0,0.046143056844842406,0.1291473421334285,14,15
1779998354328,0.32298527603490956,0.0209518989628107,0.5726724764403186,0.8552221454268887,0.0,0.18181818181818177,1,0.07333942483278828,0.0,0.00244140625,0.19329825196665681,0.0,0.03691444547587393,0.1288944276304077,15,15
1779998354582,0.32694768228671245,0.026901748090713187,0.6310647976374263,0.8079125953471888,0.0,0.0,1,0.07340747497392379,0.984251968503937,0.00244140625,0.19304428418334327,0.0,0.029531556380699143,0.12864250177683012,14,15
1779998354839,0.31875193434444465,0.031177210382784655,0.49268923622495703,0.7718476947405649,0.0,0.0,1,0.07558749989300731,0.0,0.00244140625,0.1929893224626546,0.0,0.023625245104559316,0.12839155878701902,15,15
1779998355120,0.3188963106036438,0.025071264682990896,0.7210359229190643,0.7186935535984535,0.0,0.09090909090909094,0,0.06692106377479796,0.889679715302491,0.00244140625,0.19273816432462823,0.0,0.018900196083647455,0.12831858407079644,14,15
1779998355561,0.32050886763175157,0.025097441747368093,0.028469501049877992,0.7185875200855184,0.0,0.0,1,0.06913179665038667,0.0,0.00244140625,0.19273836793612842,0.0,0.015120156866917964,0.12829587683595822,15,15
1779998355854,0.31967590734223916,0.03418902658341095,0.6264517327623862,0.6738717635242518,0.0,0.0,1,0.07057302555713038,0.8532423208191127,0.00244140625,0.19266024345863325,0.0,0.012096125493534372,0.12804662663369837,14,15
1779998356109,0.3231891775542861,0.022767976365494273,0.4383274618252203,0.643609853187378,0.0,0.09090909090909094,1,0.07320864585843631,0.0,0.00244140625,0.192828818025967,0.0,0.0096769003948275,0.12779834302838,15,15
1779998356364,0.3174636772842,0.027609914632424508,0.42353455309708204,0.6147754119988309,0.0,0.09090909090909094,0,0.08696678968009773,0.0,0.00244140625,0.1928222718633903,0.0,0.007741520315862,0.12755102040816324,15,15
1779998356620,0.3179960477190971,0.028954927974245127,0.3293399295246448,0.5931630178468097,0.0,0.0,1,0.07378227718958716,0.0,0.00244140625,0.19263298232344594,0.0,0.0061932162526896,0.1273046532045654,15,15
1779998356876,0.31825417936543776,0.020355205582862662,0.5499184770842456,0.555706665465238,0.0,0.09999999999999998,0,0.0693426310976854,0.9765625,0.00244140625,0.1925912181476902,0.0,0.00495457300215168,0.1272567922874671,14,15
1779998357131,0.3065691248735019,0.0236494234092103,0.3766963220924495,0.5310742556378688,0.0,0.09090909090909094,0,0.06282463945998051,0.0,0.00244140625,0.19264300982765098,0.0,0.003963658401721345,0.1270118964310707,15,15
1779998357387,0.29681367244825824,0.017536771205025902,0.49208418283705374,0.4983360044418117,0.0,0.18181818181818177,1,0.07271389439864082,0.9765625,0.00244140625,0.19255790258077862,0.0,0.003170926721377076,0.12694255281997557,14,15
1779998357643,0.29913108906022445,0.0187997379818405,0.34583221266030817,0.47627091218640827,0.0,0.0,0,0.0684149777960125,0.0,0.00244140625,0.1927489712246412,0.0,0.002536741377101661,0.1268734750784245,15,15
1779998357904,0.30101099472261966,0.018942665942223665,1.0,0.7459318667271957,1.0,0.09999999999999998,1,0.07949373898131766,0.9578544061302682,0.00244140625,0.15037635307572972,0.38055242306359816,0.07813987771440097,0.12682672233820458,14,15
1779998358158,0.30878680432775,0.02778066660703569,0.3359458970036437,0.7229096000825896,0.0,0.09090909090909094,1,0.07299952251691197,0.0,0.00244140625,0.1492847414135404,0.0,0.06251190217152078,0.12658447647160964,15,15
1779998358414,0.30918183072894706,0.028457983232285527,0.47314670641435086,0.6900743547099651,0.0,0.0,0,0.08313853069489957,0.0,0.00244140625,0.14931703601910398,0.0,0.05000952173721662,0.12634315424610054,15,15
1779998358669,0.31230094404508313,0.021163322500452122,0.4574857956420809,0.6587721768978554,0.0,0.0,1,0.0794370123413268,0.0,0.00244140625,0.14940184085295294,0.0,0.0400076173897733,0.12610275038920604,15,15
1779998358926,0.31408944043883275,0.025598854023636708,0.4125339695500912,0.6311036140818035,0.0,0.0,1,0.07422305983354435,0.0,0.00244140625,0.14929511249911484,0.0,0.03200609391181864,0.1258632596685083,15,15
1779998359180,0.31569081121850207,0.02397408064542263,0.31687104562422547,0.6106758949921228,0.0,0.0,0,0.07983020411264614,0.0,0.00244140625,0.14894362172936898,0.0,0.025604875129454915,0.12579700155092188,15,15
1779998359436,0.3187793874433491,0.02029508672762768,0.5338453302965653,0.5749009751807866,0.0,0.09090909090909094,0,0.06987352160069146,0.9765625,0.00244140625,0.14841196075680463,0.0,0.020483900103563935,0.12590299277605776,14,15
1779998359691,0.3192155850540448,0.02453538564702684,0.3734207485458267,0.5508694205399771,0.0,0.09090909090909094,0,0.06848843300243002,0.0,0.00244140625,0.14816564094724435,0.0,0.016387120082851148,0.12566523605150215,15,15
1779998359950,0.32006305261719187,0.016123222305755025,0.4068920237446864,0.5246961114606035,0.0,0.0,1,0.06583184857503138,0.9652509652509652,0.00244140625,0.14718115897185288,0.0,0.013109696066280919,0.12579263067694946,14,15
1779998360206,0.3218344667997525,0.02106786292666482,0.3419752091991856,0.5033092562496135,0.0,0.0,1,0.06660425529395111,0.0,0.00244140625,0.1470183227773312,0.0,0.010487756853024735,0.125555935682518,15,15
1779998360458,0.318867151094187,0.021655997171402656,0.4196012299910653,0.4766892608137074,0.0,0.33333333333333337,0,0.06878287234148892,0.9920634920634921,0.00244140625,0.14653932056117444,0.0,0.008390205482419788,0.125533731853117,14,15
1779998360881,0.3185034201019681,0.04046840883803798,0.03482855528811485,0.476812383127563,0.0,0.0,1,0.07722457013182372,0.0,0.00244140625,0.14653932056117444,0.0,0.006712164385935831,0.12551229508196726,15,15
1779998361136,0.3109330187895309,0.015007605685057648,0.43268096538211537,0.44987269121212886,0.0,0.09090909090909094,1,0.07387273923265057,0.9803921568627451,0.00244140625,0.14543028119973178,0.0,0.005369731508748665,0.12578830748252945,14,15
1779998361392,0.303006649957241,0.019859028381453245,0.25410841428949954,0.43522460890065406,0.0,0.0,1,0.06916912130369691,0.0,0.00244140625,0.14491086695899674,0.0,0.004295785206998932,0.12572303504593396,15,15
1779998361648,0.30410208126507926,0.021699782743796102,1.0,0.7434041308380099,1.0,0.0,0,0.08122171830280366,0.9765625,0.00244140625,0.15900474600396958,0.38631974880164144,0.08070057792592744,0.12567934782608692,14,15
1779998361903,0.3072452488649321,0.020704319056239543,0.4466923788841839,0.71335039419622,0.0,0.09090909090909094,1,0.08189403594024032,0.0,0.00244140625,0.1587938052928983,0.0,0.06456046234074196,0.12544499067638581,15,15
1779998362159,0.31385512716409797,0.02531233982306111,0.359193647163488,0.6899411616304784,0.0,0.0,1,0.08227290794614533,0.0,0.00244140625,0.15849568678195383,0.0,0.05164836987259357,0.12538071065989853,15,15
1779998362414,0.3137962616947783,0.024705983543539825,0.5638162215636674,0.6523274742220672,0.0,0.09090909090909094,0,0.09649792648231124,0.9803921568627451,0.00244140625,0.15778152399856712,0.0,0.04131869589807486,0.12548555987164334,14,15
1779998362670,0.3075839175621678,0.019667772016775244,0.4400963198986612,0.6237907352469887,0.0,0.0,1,0.0981075884308667,0.0,0.00244140625,0.15769206555404502,0.0,0.03305495671845989,0.12542144302090352,15,15
1779998362925,0.31250960432445934,0.01680466656901901,0.6098394316896603,0.5835963957465153,0.0,0.0,0,0.09104923566646754,0.9803921568627451,0.00244140625,0.15775014325826886,0.0,0.026443965374767914,0.12552582870604068,14,15
1779998363180,0.3165657010352022,0.022881162404273677,1.0,0.8860399005825618,1.0,0.0,1,0.0924702325836226,0.0,0.00244140625,0.12490399076821802,0.3874937168619954,0.09865391567221343,0.1254618743701713,15,15
1779998363436,0.32640296779608524,0.02077290495267278,0.5566030801971736,0.8460255946883141,0.0,0.09090909090909094,1,0.07860418046939793,0.0,0.00244140625,0.12508081247229394,0.0,0.07892313253777075,0.1253981559094719,15,15
1779998363691,0.3263619644001869,0.02419478687463971,0.6374112121301476,0.8005814345980888,0.0,0.0,0,0.07810783211868225,0.9803921568627451,0.00244140625,0.1244851824733516,0.0,0.0631385060302166,0.1251673360107095,14,15
1779998363947,0.3288940239680949,0.021675058124345326,0.41855458980115257,0.7717598221476376,0.0,0.18181818181818177,1,0.07151086287587008,0.0,0.00244140625,0.12390371918281458,0.0,0.050510804824173285,0.12493736428929347,15,15
1779998364202,0.3292303327067609,0.01774302376941278,0.549855391519419,0.7338066769633347,0.0,0.09090909090909094,0,0.07403460219676818,0.0,0.00244140625,0.124225467235802,0.0,0.04040864385933863,0.12504168056018672,15,15
1779998364464,0.32770604103651096,0.022647962953872017,0.5101105822739413,0.6991575054360295,0.0,0.0,0,0.06523972658758354,0.9541984732824427,0.00244140625,0.12423567282529321,0.0,0.0323269150874709,0.125,14,15
1779998364720,0.3305042943606538,0.025787130725350292,0.43239918226575486,0.670478925087089,0.0,0.18181818181818177,1,0.06874045301407421,0.0,0.00244140625,0.12421392006115303,0.0,0.025861532069976725,0.12477155673699947,15,15
1779998364975,0.332123884554263,0.02817196943222754,0.3507532845498519,0.6479525928291333,0.0,0.09090909090909094,0,0.08984343981087659,0.0,0.00244140625,0.1237199564260327,0.0,0.020689225655981382,0.124709784411277,15,15
1779998365230,0.32836151596721985,0.022820323668280008,0.5670419226053052,0.6104265349231985,0.0,0.0,0,0.09248222322398016,0.9803921568627451,0.00244140625,0.1236307474077698,0.0,0.016551380524785105,0.12464823704684658,14,15
1779998365486,0.3269502713726005,0.019885902058807314,0.4184559616901256,0.5836432547417831,0.0,0.09090909090909094,1,0.07261938365495663,0.0,0.00244140625,0.12368066860140366,0.0,0.013241104419828086,0.12475214805023138,15,15
1779998365745,0.32231029022451424,0.014928441821091532,0.4971110743162676,0.5516171682303004,0.0,0.0,0,0.06756124978361741,0.9652509652509652,0.00244140625,0.12343875466110125,0.0,0.01059288353586247,0.1252062025734081,14,15
1779998366199,0.3215438864423943,0.011223917161691232,0.00411851820546729,0.5538204433928264,0.0,0.0,1,0.06902663941071857,0.0,0.00244140625,0.1232902883478351,0.0,0.008474306828689977,0.12518555170707568,15,15
1779998366455,0.321442748253702,0.02640778659160358,0.4911041297353931,0.5229553065832047,0.0,0.0,1,0.07731629583034509,0.9765625,0.00244140625,0.12332130097363192,0.0,0.006779445462951982,0.12495884096147514,14,15
1779998366710,0.31735349354214665,0.022372204705455197,0.36605305534083826,0.5007921287015933,0.0,0.09090909090909094,1,0.07632796511642664,0.0,0.00244140625,0.1235762358803532,0.0,0.0054235563703615855,0.12489728841413317,15,15
1779998366966,0.31272943102411777,0.024585204422419057,0.4628049536205813,0.47228115230838835,0.0,0.09999999999999998,0,0.0663128970128275,0.9765625,0.00244140625,0.12395385033550735,0.0,0.004338845096289268,0.12483595800524938,14,15
1779998367220,0.31668955064037185,0.026222038417283516,0.26696626135612667,0.4570529525334632,0.0,0.0,1,0.07067282629990027,0.0,0.00244140625,0.123904527186333,0.0,0.0034710760770314147,0.12461110201408221,15,15
1779998367476,0.3173128651620687,0.02034077518581427,0.2216263405389543,0.44497283264621235,0.0,0.09999999999999998,1,0.08140920127683055,0.0,0.00244140625,0.12321968067216041,0.0,0.002776860861625132,0.12438705459300425,15,15
1779998367732,0.3229880026867756,0.028237777403586056,0.2659406025840892,0.4301236408207631,0.0,0.0,0,0.08933609742113711,0.0,0.00244140625,0.12304113085614711,0.0,0.0022214886893001055,0.12416381138848098,15,15
1779998367994,0.322671885317212,0.019505976541940508,0.34727482026754664,0.41011630006504196,0.0,0.0,0,0.07551727829321035,0.9541984732824427,0.00244140625,0.12289986357478032,0.0,0.0017771909514400844,0.12396155725688218,14,15
1779998368249,0.3214933993010868,0.01997723131538899,0.27355874974194166,0.39499603022486096,0.0,0.09090909090909094,0,0.07196171086444034,0.0,0.00244140625,0.1224535470711544,0.0,0.0014217527611520677,0.12390243902439024,15,15
1779998368510,0.32329738366135424,0.02199467547009787,0.2909448137511001,0.3788788737434475,0.0,0.09999999999999998,1,0.10021702350572084,0.9578544061302682,0.00244140625,0.1215898615026324,0.0,0.001137402208921654,0.1238636363636364,14,15
1779998368765,0.32957588383347053,0.01767290234184345,0.23956520340452947,0.36613069613393295,0.0,0.0,1,0.09840523484176275,0.0,0.00244140625,0.12084422039034255,0.0,9.099217671373233E-4,0.12396694214876036,15,15
1779998369022,0.332945409841762,0.033705542510024125,0.30478558732227273,0.349376779068417,0.0,0.09090909090909094,0,0.08681717929798083,0.9727626459143969,0.00244140625,0.12131881950244885,0.0,7.279374137098587E-4,0.12374636040116471,14,15
1779998369276,0.3286961353729061,0.025839727425817218,0.2401529398849996,0.33675133078091984,0.0,0.18181818181818177,1,0.07365453130238558,0.0,0.00244140625,0.1209243728752881,0.0,5.82349930967887E-4,0.12368803487808822,15,15
1779998369532,0.3352388148684253,0.027600097210747986,0.21582897321430985,0.3257163738066922,0.0,0.09090909090909094,1,0.06943109615608666,0.0,0.00244140625,0.12091858096246468,0.0,4.658799447743096E-4,0.12346872985170854,15,15
1779998369787,0.32161017619232435,0.019033904879630373,0.3209990958824058,0.3083030861232941,0.0,0.0,1,0.10655855102796999,0.9803921568627451,0.00244140625,0.12124965597792495,0.0,3.7270395581944773E-4,0.12357200321802086,14,15
1779998370043,0.3166956840529649,0.02401296727963558,0.24380186077274915,0.29566501082258656,0.0,0.2727272727272727,1,0.08156983912672339,0.0,0.00244140625,0.12130318573886817,0.0,2.9816316465555823E-4,0.12335367812399611,15,15
1779998370313,0.3265789071617272,0.02224182618525483,0.2505275998280374,0.282687460629217,0.0,0.0,0,0.07879329230551747,0.9259259259259258,0.00244140625,0.12179525460008903,0.0,2.385305317244466E-4,0.12315586914688903,14,15
1779998370569,0.3303883522218278,0.02417184177660157,0.2035214033675372,0.2725892825033613,0.0,0.0,1,0.06730088677265768,0.0,0.00244140625,0.12188011432279093,0.0,1.908244253795573E-4,0.12341924123579318,15,15
1779998370824,0.33848664034111814,0.019004253277201587,0.26622580562317744,0.258821159629991,0.0,0.18181818181818177,0,0.06516027822625005,0.9803921568627451,0.00244140625,0.12181658605787078,0.0,1.5265954030364585E-4,0.12384148290188557,14,15
1779998371080,0.338120457828989,0.027312880871765068,0.18409529199194438,0.24994777511807095,0.0,0.0,0,0.07107270386454526,0.0,0.00244140625,0.12145940291100756,0.0,1.221276322429167E-4,0.12378369755941931,15,15
1779998371571,0.338120457828989,0.022447834323382463,0.001908729297409067,0.2517260357565458,0.0,0.0,1,0.07101951670090968,0.0,0.00244140625,0.12132311183843665,0.0,9.770210579433336E-5,0.12376395534290274,15,15
1779998372052,0.338120457828989,0.022447834323382463,0.007914200065067167,0.2531707962072219,0.0,0.0,1,0.06937571759688597,0.0,0.00244140625,0.12110410185699598,0.0,7.816168463546669E-5,0.12374421942273961,15,15
1779998372549,0.33974724122493544,0.011223917161691232,0.09259620342057596,0.24983225654111177,0.0,0.0,1,0.0747159928896786,0.5030181086519114,0.00244140625,0.12138585039759069,0.0,6.252934770837335E-5,0.12372448979591832,13,15
1779998373037,0.338120457828989,0.015873015873015876,0.02211772630803093,0.2504832695387886,0.0,0.0,1,0.07300620014672578,0.0,0.00244140625,0.12141400118653062,0.0,5.002347816669868E-5,0.1237047664594293,15,15
1779998373527,0.33370346614122126,0.0,0.02244618177438296,0.25113442980772677,0.0,0.0,1,0.07268826332668948,0.0,0.00244140625,0.12144224598538406,0.0,4.001878253335895E-5,0.12384443736053552,15,15
1779998374008,0.33254778118462724,0.025097441747368093,0.09552720083403654,0.24780655274429544,0.0,0.0,1,0.07615149802906146,0.5197505197505198,0.00244140625,0.12167443270345524,0.0,3.201502602668716E-5,0.12382470119521916,13,15
1779998374509,0.3315934086615217,0.022447834323382463,0.0230561223927359,0.24843933844450136,0.0,1.0,1,0.07395212861408482,0.0,0.00244140625,0.12167443270345524,0.0,2.561202082134973E-5,0.12380497131931167,15,15
1779998374983,0.3327490936181157,0.025097441747368093,0.01582961159589164,0.2494761326335944,0.0,0.0,1,0.07445314497757481,0.0,0.00244140625,0.12181797161167626,0.0,2.0489616657079783E-5,0.12378524772980726,15,15
1779998375483,0.3324903646692058,0.03549314249999667,0.023440408843775656,0.25012727642165106,0.0,0.0,1,0.07317666743683322,0.0,0.00244140625,0.12184626817342183,0.0,1.6391693325663828E-5,0.12376553042370186,15,15
1779998375964,0.3332375287960722,0.03549314249999667,0.016306699895937134,0.2511682077629008,0.0,0.0,1,0.07830013901341958,0.0,0.00244140625,0.12198935449137761,0.0,1.3113354660531063E-5,0.12374581939799334,15,15
1779998376452,0.33286387794965,0.04046840883803798,0.07698934009083241,0.24909972069417452,0.0,0.0,1,0.0766327752859108,0.5122950819672131,0.00244140625,0.12221401702093714,0.0,1.0490683728424851E-5,0.12372611464968153,13,15
1779998376951,0.33239984352115043,0.033671751485073696,0.02403309711280992,0.24976205032762985,0.0,1.0,1,0.08045276575166253,0.0,0.00244140625,0.12225284822941486,0.0,8.39254698273988E-6,0.12370641617576816,15,15
1779998377427,0.33312260689855994,0.015873015873015876,0.024979916677388143,0.2503949203151088,0.0,1.0,1,0.08216084345313784,0.0,0.00244140625,0.12225284822941489,0.0,6.714037586191905E-6,0.12368672397325697,15,15
1779998377910,0.33312260689855994,0.011223917161691232,0.02534940395782463,0.2510278011875258,0.0,0.0,1,0.09315802760558259,0.0,0.00244140625,0.12225284822941491,0.0,5.371230068953524E-6,0.12366703803915324,15,15
1779998378402,0.33428948647808593,0.03174603174603175,0.0022496989489115614,0.25281184821095304,0.0,0.0,1,0.08967312747955819,0.0,0.00244140625,0.12211773350993424,0.0,4.296984055162819E-6,0.1236473583704647,15,15
1779998378891,0.335055890260206,0.033671751485073696,0.0538793429629541,0.2521047492209018,0.0,0.0,1,0.0860870109573408,0.2556237218813906,0.00244140625,0.12247427394390421,0.0,3.4375872441302557E-6,0.12362768496420051,15,15
1779998379390,0.3356716194861726,0.047619047619047616,0.009365593790299987,0.2535563312335734,0.0,0.0,1,0.09104039742413715,0.0,0.00244140625,0.12229644472766624,0.0,2.7500697953042046E-6,0.12360801781737196,15,15
1779998379888,0.335055890260206,0.04046840883803798,0.026955017607464958,0.2541891462552567,0.0,0.0,1,0.08786254184444675,0.0,0.00244140625,0.12229644472766624,0.0,2.200055836243364E-6,0.12358835692699222,15,15
1779998380391,0.3332711323851424,0.022447834323382463,0.0023796534646719283,0.25598809551918167,0.0,0.0,1,0.08603193889220494,0.0,0.00244140625,0.12216182679926371,0.0,1.760044668994691E-6,0.12356870229007633,15,15
1779998380870,0.3332711323851424,0.022447834323382463,0.08709163399462112,0.2538866202291342,0.0,0.0,1,0.08286525554002072,0.5219206680584552,0.00244140625,0.12237967506528526,0.0,1.408035735195753E-6,0.12354905390364124,13,15
1779998381387,0.33584293765779266,0.015873015873015876,0.02792667463243148,0.2545215159300977,0.0,0.0,1,0.07968217946048434,0.0,0.00244140625,0.122385032580323,0.0,1.1264285881566025E-6,0.12352941176470589,15,15
1779998381883,0.3365502185139389,0.03549314249999667,0.002453070405985724,0.25632269984802125,0.0,0.0,1,0.07857685803295326,0.0,0.00244140625,0.12225104423416705,0.0,9.01142870525282E-7,0.12350977587029088,15,15
1779998382369,0.3365502185139389,0.011223917161691232,0.02852467430496748,0.2569742251556739,0.0,0.0,1,0.07655058917056137,0.0,0.00244140625,0.12227946622188889,0.0,7.209142964202257E-7,0.12349014621741894,15,15
1779998382908,0.3357631711163522,0.03549314249999667,0.06899297074040842,0.2558632446528853,0.0,0.0,1,0.07847686035089234,0.23191094619666047,0.00244140625,0.12252943065205388,0.0,5.767314371361806E-7,0.12347052280311455,15,15
1779998383455,0.33143212730554206,0.0,0.02890158681883424,0.25652557994935843,0.0,0.0,1,0.07901914409731065,0.0,0.00244140625,0.12256775049062188,0.0,4.613851497089445E-7,0.12360978709882431,15,15
1779998383946,0.3312308148720536,0.033671751485073696,0.09328939656060606,0.2544369135835544,0.0,0.0,1,0.07690425269705183,0.5091649694501018,0.00244140625,0.12277791337499942,0.0,3.6910811976715563E-7,0.1235901509134234,13,15
1779998384460,0.3274563773612362,0.022447834323382463,0.08457102237460239,0.25275242500325124,0.0,0.0,0,0.07826414512151351,0.48638132295719844,0.00244140625,0.1230549059411042,0.0,2.952864958137245E-7,0.12357052096569254,12,15
1779998384953,0.3254210731355622,0.011223917161691232,0.029784861259823422,0.2534041593371855,0.0,0.0,0,0.07747132370638257,0.0,0.00244140625,0.12308349124456842,0.0,2.3622919665097964E-7,0.12355089725266,13,15
1779998385448,0.3263006924046422,0.025097441747368093,0.030680628584932323,0.2540369817078355,0.0,0.0,1,0.08230700229600388,0.0,0.00244140625,0.12308349124456842,0.0,1.8898335732078373E-7,0.12353127977135603,15,15
1779998385919,0.3230505802964004,0.015873015873015876,0.02991274780016573,0.2547197450689055,0.0,0.0,1,0.08012010533408205,0.0,0.00244140625,0.12313585192221983,0.0,1.5118668585662698E-7,0.12351166851881246,15,15
1779998386407,0.3222573515632966,0.033671751485073696,0.031122641295348762,0.2553716056252949,0.0,0.0,1,0.07842066976766164,0.0,0.00244140625,0.12316452420146007,0.0,1.2094934868530159E-7,0.12349206349206354,15,15
1779998386877,0.31942681734173645,0.0,0.11788259124953776,0.2525611263768654,0.0,0.0,1,0.0770680888706399,0.5319148936170213,0.00244140625,0.12359493054967882,0.0,9.675947894824127E-8,0.12363116965561027,13,15
1779998387383,0.3213695496959172,0.025097441747368093,0.11771688767865453,0.24979162500449165,0.0,0.0,0,0.07491200785917825,0.49407114624505927,0.00244140625,0.12399262140021018,0.0,7.740758315859302E-8,0.12361155188828943,12,15
1779998387888,0.32084522429334156,0.011223917161691232,0.03201282472858018,0.2504244949179046,0.0,0.0,0,0.08244074013385029,0.0,0.00244140625,0.12399262140021018,0.0,6.192606652687442E-8,0.12359194034586707,13,15
1779998388405,0.3213596298417139,0.011223917161691232,0.03248170197232124,0.25105737533324307,0.0,0.0,1,0.0901069362100612,0.0,0.00244140625,0.12399262140021018,0.0,4.954085322149954E-8,0.12357233502538068,15,15
1779998388886,0.32084522429334156,0.011223917161691232,0.032217907248754146,0.25171857385919316,0.0,0.0,1,0.08649724412364292,0.0,0.00244140625,0.12403008136761444,0.0,3.9632682577199636E-8,0.12355273592386995,15,15
1779998389361,0.31928086777099246,0.03549314249999667,0.03293565329223247,0.2523706697976188,0.0,0.0,1,0.0841766759335421,0.0,0.00244140625,0.12405901941095562,0.0,3.170614606175971E-8,0.12353314303837615,15,15
1779998389840,0.3183613652311923,0.011223917161691232,0.05881046810154716,0.2520728432541503,0.0,0.0,1,0.08183951862950045,0.2609603340292276,0.00244140625,0.12405317583158776,0.0,2.5364916849407772E-8,0.12351355636594263,15,15
1779998390326,0.3179528444014647,0.015873015873015876,0.03428697877854481,0.2527057132654744,0.0,0.0,1,0.07928538844687788,0.0,0.00244140625,0.12405317583158776,0.0,2.029193347952622E-8,0.12349397590361444,15,15
1779998390804,0.321727281912282,0.022447834323382463,0.022876801490962724,0.25377353440878375,0.0,0.0,1,0.07716528398413144,0.0,0.00244140625,0.12417192182759695,0.0,1.6233546783620976E-8,0.1234744016484387,15,15
1779998391286,0.32316119000045457,0.044895668646764926,0.03530834122977933,0.2544083530751397,0.0,0.0,1,0.07458453659121633,0.0,0.00244140625,0.12417709406919672,0.0,1.2986837426896782E-8,0.12345483359746434,15,15
1779998391766,0.3243168749570486,0.03174603174603175,0.03445705146320163,0.255091849841133,0.0,0.0,1,0.08347422927455016,0.0,0.00244140625,0.12422962771734386,0.0,1.0389469941517426E-8,0.12343527174774205,15,15
1779998392259,0.3247218343824985,0.015873015873015876,0.08496400390281175,0.2540124309720165,0.0,0.0,1,0.08114152872418959,0.2535496957403651,0.00244140625,0.12442003122193551,0.0,8.31157595321394E-9,0.12341571609632451,15,15
1779998392764,0.32489417279543226,0.022447834323382463,0.036657615965467405,0.2546452189558314,0.0,0.0,1,0.08309969183795578,0.0,0.00244140625,0.12442003122193551,0.0,6.649260762571153E-9,0.12339616664026609,15,15
1779998393261,0.32555235730043447,0.04046840883803798,0.013954146705613001,0.2560776278028006,0.0,0.0,1,0.08048381936305538,0.0,0.00244140625,0.12425703942890377,0.0,5.319408610056922E-9,0.12337662337662336,15,15
1779998393747,0.3291761202550984,0.044895668646764926,0.0024120091573330187,0.2579150224860377,0.0,0.0,1,0.07851843663000387,0.0,0.00244140625,0.1241621895930538,0.0,4.255526888045538E-9,0.12335708630245446,15,15
1779998394238,0.3283074063286609,0.022447834323382463,0.03803313459156087,0.2585673171200377,0.0,0.0,1,0.07720672361642245,0.0,0.00244140625,0.12419132788735177,0.0,3.4044215104364304E-9,0.1233375554148195,15,15
1779998394720,0.32769167710269426,0.025097441747368093,0.0913605483981099,0.25746696972269517,0.0,0.0,1,0.07553929169852841,0.25933609958506226,0.00244140625,0.12438076260198938,0.0,2.7235372083491444E-9,0.1233180307107804,15,15
1779998395195,0.32754100254654095,0.022447834323382463,0.0033796752411253605,0.25928230152586523,0.0,0.0,1,0.07489322255346964,0.0,0.00244140625,0.12424874160469634,0.0,2.1788297666793157E-9,0.12329851218740107,15,15
1779998395670,0.32628244981371574,0.011223917161691232,0.03961332678035072,0.25993463304477293,0.0,0.0,1,0.07238734001575446,0.0,0.00244140625,0.12427801395249802,0.0,1.7430638133434527E-9,0.12327899984174706,15,15
1779998396153,0.32869668750313497,0.015873015873015876,0.1485312431124107,0.25711042027469944,0.0,0.0,1,0.07368548598388346,0.5175983436853002,0.00244140625,0.12464988977890223,0.0,1.3944510506747622E-9,0.12325949367088607,13,15
1779998396652,0.32708413047502716,0.025097441747368093,0.003478907008649503,0.25892461677458867,0.0,0.0,1,0.0741817782334444,0.0,0.00244140625,0.12451837159545194,0.0,1.1155608405398098E-9,0.12323999367188732,15,15
1779998397136,0.32472207476157994,0.0,0.003531906075046048,0.2607473580371454,0.0,0.0,1,0.07238379899765277,0.0,0.00244140625,0.12438716549656137,0.0,8.92448672431848E-10,0.12337867763366028,15,15
1779998397628,0.3266791710495773,0.015873015873015876,0.11542300917142786,0.2591187610706108,0.0,0.0,1,0.07298209160578843,0.508130081300813,0.00244140625,0.12462440190144021,0.0,7.139589379454784E-10,0.12335916495334498,13,15
1779998398124,0.32769855953216814,0.015873015873015876,0.017034288580524127,0.26053239859590405,0.0,0.0,1,0.07275742752563044,0.0,0.00244140625,0.1244338179110532,0.0,5.711671503563827E-10,0.12333965844402273,15,15
1779998398611,0.33094867164041,0.03549314249999667,0.04067208126925253,0.26124542958710106,0.0,0.0,1,0.0709189693890587,0.0,0.00244140625,0.12452706898766831,0.0,4.569337202851062E-10,0.12332015810276675,15,15
1779998399089,0.3333107273538571,0.050194883494736185,0.0284312569451878,0.26234184842631875,0.0,0.0,1,0.06919692777306502,0.0,0.00244140625,0.12463972819932835,0.0,3.65546976228085E-10,0.12330066392665195,15,15
1779998399626,0.33273342951547347,0.015873015873015876,0.0037699178641919986,0.26418040184187125,0.0,0.0,1,0.06873813553636655,0.0,0.00244140625,0.12450928675941134,0.0,2.92437580982468E-10,0.12328117591275489,15,15
1779998400099,0.3335313822557026,0.022447834323382463,0.07836054943941109,0.2638571295822185,0.0,0.0,1,0.07252828607864319,0.2642706131078224,0.00244140625,0.12449786087756244,0.0,2.339500647859744E-10,0.12326169405815424,15,15
1779998400601,0.3362356426705664,0.025097441747368093,0.13797451721377826,0.2618365939004192,0.0,0.0,1,0.07239253968316597,0.49800796812749004,0.00244140625,0.12470209653252011,0.0,1.8716005182877951E-10,0.12324221835993043,13,15
1779998401101,0.3365946750557569,0.04627739599083572,0.0038591346399935566,0.2636739009074307,0.0,0.0,1,0.07166008007804642,0.0,0.00244140625,0.12457243268434831,0.0,1.497280414630236E-10,0.12322274881516593,15,15
1779998401615,0.3362356426705664,0.011223917161691232,0.04635875963483649,0.2643258965510495,0.0,1.0,1,0.07218474417931317,0.0,0.00244140625,0.12460192511005533,0.0,1.197824331704189E-10,0.12320328542094461,15,15
1779998402096,0.3335313822557027,0.025097441747368093,0.04770341525450734,0.2649589749045459,0.0,0.0,1,0.07677580592637957,0.0,0.00244140625,0.12460687837738156,0.0,9.582594653633513E-11,0.12318382817435247,15,15
1779998402585,0.3296230856424587,0.011223917161691232,0.04845972394296695,0.2655898862838012,0.0,0.0,1,0.07684014833264567,0.0,0.00244140625,0.12460687837738156,0.0,7.66607572290681E-11,0.12316437707247752,15,15
1779998403078,0.32931931232862516,0.03549314249999667,0.09826380937910709,0.26488489273881044,0.0,0.0,1,0.07691121781605338,0.2535496957403651,0.00244140625,0.12480617220479259,0.0,6.132860578325449E-11,0.12314493211240918,15,15
1779998403573,0.3286325683673191,0.011223917161691232,0.0041173676105744315,0.26673605687827445,0.0,0.0,1,0.07525016429592482,0.0,0.00244140625,0.12467703887635168,0.0,4.9062884626603596E-11,0.12312549329123912,15,15
1779998404048,0.3289363416811526,0.03549314249999667,0.048580632466600604,0.2674184764993561,0.0,0.0,1,0.07450266296725466,0.0,0.00244140625,0.12472885710292327,0.0,3.925030770128288E-11,0.12310606060606055,15,15
1779998404562,0.32939321375266634,0.04046840883803798,0.01994620434232788,0.2688697438920219,0.0,0.0,1,0.07400502186272219,0.0,0.00244140625,0.12457811715735753,0.0,3.14002461610263E-11,0.1230866340539688,15,15
1779998405077,0.3301596175347864,0.04046840883803798,0.05016881202928095,0.26955194804444327,0.0,0.0,1,0.07520879557433957,0.0,0.00244140625,0.12463000435917738,0.0,2.5120196928821044E-11,0.12306721363206063,15,15
1779998405645,0.32954490855013346,0.03549314249999667,0.14190154902643837,0.26790037301601255,0.0,0.0,1,0.07336045881727185,0.44014084507042256,0.00244140625,0.1248395276563447,0.0,2.0096157543056837E-11,0.12304779933743493,13,15
1779998406212,0.32879774442326687,0.04046840883803798,0.05207295091573196,0.26855783673899275,0.0,0.0,1,0.0741183419122754,0.0,0.00244140625,0.12487467616269986,0.0,1.607692603444547E-11,0.12302839116719244,15,15
1779998406771,0.32517398146860294,0.0,0.0528141401050556,0.2692152750962606,0.0,0.0,1,0.07265620589287315,0.0,0.00244140625,0.12490993320320613,0.0,1.2861540827556377E-11,0.12316669295063865,15,15
1779998407296,0.32569830687117857,0.011223917161691232,0.1928034908385662,0.2664163682813192,0.0,0.0,1,0.07472201566723473,0.47619047619047616,0.00244140625,0.12528947899440093,0.0,1.0289232662045102E-11,0.12314727215389465,13,15
1779998407854,0.32569830687117857,0.03549314249999667,0.0045255083030256394,0.2682743941843549,0.0,0.0,1,0.07302746469903179,0.0,0.00244140625,0.1251609715085498,0.0,8.231386129636082E-12,0.12312785748068733,15,15
1779998408375,0.32269027314248117,0.03549314249999667,0.05561335719255943,0.26890623252700874,0.0,0.0,1,0.07795791168722319,0.0,0.00244140625,0.1251658141315754,0.0,6.585108903708866E-12,0.123108448928121,15,15
1779998408906,0.32231662229605895,0.011223917161691232,0.05648375811581809,0.26953587772232707,0.0,0.0,1,0.08343753793783257,0.0,0.00244140625,0.12516581413157538,0.0,5.268087122967093E-12,0.12308904649330177,15,15
1779998409429,0.32410956276942204,0.03549314249999667,0.1093513585061083,0.26893186855545553,0.0,0.0,1,0.08169838219358123,0.2390057361376673,0.00244140625,0.12543275145430896,0.0,4.214469698373674E-12,0.12306965017333749,15,15
1779998409982,0.32475211694637246,0.022447834323382463,0.05659121657891121,0.2695890085045383,0.0,0.0,1,0.08166179396645988,0.0,0.00244140625,0.12546778363717026,0.0,3.3715757586989395E-12,0.12305025996533792,15,15
1779998410494,0.3251257677927947,0.011223917161691232,0.05858878584584239,0.2702184029445229,0.0,0.0,1,0.08256918487334602,0.0,0.00244140625,0.12546778363717026,0.0,2.6972606069591518E-12,0.12303087586641459,15,15
1779998410972,0.32424614852371464,0.03174603174603175,0.004916705992620147,0.27209269747062637,0.0,0.0,1,0.08061052105524372,0.0,0.00244140625,0.12533950036335978,0.0,2.1578084855673216E-12,0.12301149787368093,15,15
1779998411461,0.32749626063195636,0.025097441747368093,0.13786248718246416,0.2709734738720945,0.0,0.0,1,0.07874301605119748,0.2556237218813906,0.00244140625,0.12549531515991422,0.0,1.7262467884538574E-12,0.12299212598425202,15,15
1779998411948,0.32688053140598977,0.022447834323382463,0.060958141072991565,0.27160233135081846,0.0,0.0,1,0.07630610693267097,0.0,0.00244140625,0.12549531515991422,0.0,1.380997430763086E-12,0.12297276019524483,15,15
1779998412430,0.32475927930335824,0.04046840883803798,0.005092560165333944,0.2734829200586038,0.0,0.0,1,0.07654342851359225,0.0,0.00244140625,0.12536742774037032,0.0,1.104797944610469E-12,0.12295340050377834,15,15
1779998412901,0.3246086047472049,0.022447834323382463,0.18652245416759336,0.27140997569997827,0.0,0.0,1,0.07582163795988109,0.5307855626326964,0.00244140625,0.12549767465893139,0.0,8.838383556883751E-13,0.12293404690697307,13,15
1779998413406,0.32395042024220266,0.0,0.02658719952821107,0.27282829657723934,0.0,0.0,1,0.07367373930356011,0.0,0.00244140625,0.12532362653932458,0.0,7.070706845507002E-13,0.12307208057916275,15,15
1779998413895,0.3232276568647931,0.022447834323382463,0.1680842964847842,0.27123447875189866,0.0,0.0,1,0.07429386432675693,0.5112474437627812,0.00244140625,0.12549532201990504,0.0,5.656565476405602E-13,0.12305271439811172,13,15
1779998414390,0.32268180517141515,0.03549314249999667,0.06439920553262943,0.27186514691929126,0.0,0.0,1,0.0725737156969626,0.0,0.00244140625,0.12550001320513587,0.0,4.5252523811244815E-13,0.12303335431088736,15,15
1779998414893,0.32094882237643757,0.015873015873015876,0.027716692546316143,0.27328084152194576,0.0,0.0,1,0.07091916535318304,0.0,0.00244140625,0.12532843189268428,0.0,3.6202019048995854E-13,0.12301400031461385,15,15
1779998415384,0.3180430987920577,0.022447834323382463,0.005387529258501679,0.27517036571466014,0.0,0.0,1,0.07033480030236602,0.0,0.00244140625,0.12520196042087767,0.0,2.8961615239196685E-13,0.12299465240641716,15,15
1779998415882,0.31735635483075164,0.022447834323382463,0.19962332427150248,0.27310341755855577,0.0,0.0,1,0.07264903787081843,0.5020080321285141,0.00244140625,0.12532373723172616,0.0,2.3169292191357347E-13,0.12297531058342503,13,15
1779998416405,0.3154174638083605,0.022447834323382463,0.1759534252305368,0.27154375873949915,0.0,0.0,0,0.0708608799269672,0.4780114722753346,0.00244140625,0.1254807724019288,0.0,1.853543375308588E-13,0.12295597484276732,12,15
1779998416901,0.3162970830774405,0.04046840883803798,0.06820554422980887,0.2721723833210879,0.0,0.0,0,0.07162292563120233,0.0,0.00244140625,0.12548077240192881,0.0,1.4828347002468705E-13,0.12293664518157521,13,15
1779998417384,0.31363270593329695,0.03174603174603175,0.06805542235918886,0.27282248654949187,0.0,0.0,1,0.0726702796579971,0.0,0.00244140625,0.12551050736883132,0.0,1.1862677601974964E-13,0.1229173215969821,15,15
1779998417874,0.31363270593329695,0.03174603174603175,0.07012088331874011,0.27345056647686067,0.0,1.0,1,0.07270635015787534,0.0,0.00244140625,0.12551050736883132,0.0,9.490142081579971E-14,0.12289800408612295,15,15
1779998418361,0.31184794805823335,0.011223917161691232,0.24694906402063835,0.2706638758916155,0.0,0.0,1,0.07098840500294397,0.513347022587269,0.00244140625,0.12578213835938898,0.0,7.592113665263978E-14,0.12287869264613449,13,15
1779998418877,0.31105471932512957,0.025097441747368093,0.06979270377826235,0.2713146406233967,0.0,1.0,1,0.07119830535187048,0.0,0.00244140625,0.12581199985840294,0.0,6.073690932211182E-14,0.12285938727415557,15,15
1779998419368,0.31184794805823335,0.03174603174603175,0.07191707078168322,0.2719433589841038,0.0,1.0,1,0.07270702755425051,0.0,0.00244140625,0.12581199985840294,0.0,4.858952745768946E-14,0.12284008796732637,15,15
1779998419845,0.31184794805823335,0.03174603174603175,0.07173900558207197,0.2725938119184171,0.0,0.0,1,0.07458427699066038,0.0,0.00244140625,0.12584195859729275,0.0,3.887162196615157E-14,0.1228207947227894,15,15
1779998420330,0.31318931512026404,0.011223917161691232,0.1887144304110995,0.2710878141191889,0.0,0.0,1,0.07565509690302624,0.5154639175257733,0.00244140625,0.12598221301743462,0.0,3.109729757292126E-14,0.12280150753768848,13,15
1779998420823,0.3173274836233004,0.04046840883803798,0.04325447224876281,0.27228488696066466,0.0,0.0,1,0.07500813448273194,0.0,0.00244140625,0.1261039262315159,0.0,2.487783805833701E-14,0.12278222640916936,15,15
1779998421299,0.31783246655751896,0.04046840883803798,0.033112004419206156,0.273680876220034,0.0,0.0,1,0.0747662373242963,0.0,0.00244140625,0.125944146035491,0.0,1.9902270446669608E-14,0.12276295133437987,15,15
1779998421776,0.31967489547541905,0.011223917161691232,0.07673153233165829,0.274308571697853,0.0,0.0,1,0.07344618055375476,0.0,0.00244140625,0.125944146035491,0.0,1.5921816357335686E-14,0.12274368231046928,15,15
1779998422277,0.31834687210589135,0.011223917161691232,0.0777847962177729,0.27493597702609734,0.0,0.0,1,0.0832597436465205,0.0,0.00244140625,0.125944146035491,0.0,1.273745308586855E-14,0.12272441933458877,15,15
1779998422758,0.3190541529620375,0.011223917161691232,0.17418281228991783,0.27388766042716106,0.0,0.0,1,0.08510084979956303,0.2598752598752599,0.00244140625,0.12610307189418762,0.0,1.018996246869484E-14,0.1227051624038914,15,15
1779998423258,0.31951818739053717,0.015873015873015876,0.07929175261929103,0.2745152610047303,0.0,0.0,1,0.0819655023936228,0.0,0.00244140625,0.12610307189418762,0.0,8.151969974955873E-15,0.12268591151553188,15,15
1779998423738,0.31808427930236455,0.025097441747368093,0.03536983413213234,0.2759151741556258,0.0,0.0,1,0.08256114635596082,0.0,0.00244140625,0.12594414466400405,0.0,6.521575979964698E-15,0.1226666666666667,15,15
1779998424205,0.3170648908197737,0.022447834323382463,0.006492213577653173,0.27781774411933696,0.0,0.0,1,0.0804789497463095,0.0,0.00244140625,0.12581974056932632,0.0,5.217260783971759E-15,0.12264742785445415,15,15
1779998424710,0.31586085462139346,0.04046840883803798,0.08339811353444844,0.27844338194651935,0.0,0.0,1,0.08627061346443546,0.0,0.00244140625,0.1258197405693263,0.0,4.173808627177408E-15,0.1226281950760546,15,15
1779998425181,0.3152890458498743,0.04046840883803798,0.21394310425117968,0.27691851785250615,0.0,0.0,1,0.08477425042151815,0.5307855626326964,0.00244140625,0.1259421189016576,0.0,3.3390469017419262E-15,0.12260896832862966,13,15
1779998425703,0.31344661693197423,0.011223917161691232,0.2883141211216569,0.27418712660800754,0.0,1.0,0,0.08320035942153413,0.4789272030651341,0.00244140625,0.12620699994018356,0.0,2.671237521393541E-15,0.12258974760934316,12,15
1779998426205,0.3139610224803466,0.025097441747368093,0.08456087867800238,0.2748145881021402,0.0,0.0,0,0.08151521403417512,0.0,0.00244140625,0.12620699994018356,0.0,2.1369900171148328E-15,0.12257053291536046,13,15
1779998426722,0.3139610224803466,0.011223917161691232,0.08415331207722328,0.27546683357673274,0.0,0.0,1,0.08505020563370447,0.0,0.00244140625,0.12623944325029307,0.0,1.7095920136918663E-15,0.12255132424384896,15,15
1779998427206,0.3162026524269239,0.03174603174603175,0.0563556222861016,0.27658032560340967,0.0,0.0,1,0.08676102818666384,0.0,0.00244140625,0.12623800805777857,0.0,1.3676736109534932E-15,0.12253212159197746,15,15
1779998427705,0.31505313276298863,0.011223917161691232,0.11416924884109877,0.2767979501594168,0.0,0.0,1,0.08453572088702786,0.250501002004008,0.00244140625,0.12622602768626134,0.0,1.0941388887627946E-15,0.12251292495691679,15,15
1779998428195,0.31568824687855157,0.022447834323382463,0.04017858608072105,0.27818928518705305,0.0,0.0,1,0.08766636628823832,0.0,0.00244140625,0.12607551021400681,0.0,8.753111110102357E-16,0.12249373433583954,15,15
1779998428689,0.31258163092661895,0.022447834323382463,0.007082668613670285,0.2801030956504387,0.0,0.0,1,0.0890467271551219,0.0,0.00244140625,0.12595267378175537,0.0,7.002488888081886E-16,0.12247454972592009,15,15
1779998429172,0.3109690738985112,0.04046840883803798,0.31388333153829856,0.2773453833354676,0.0,0.0,1,0.09751572576198578,0.5175983436853002,0.00244140625,0.1261698286123924,0.0,5.60199111046551E-16,0.12245537112433447,13,15
1779998429686,0.30949037597283,0.015873015873015876,0.09067631967248865,0.27799606490501816,0.0,1.0,1,0.09608662767201233,0.0,0.00244140625,0.12620183379207556,0.0,4.481592888372408E-16,0.12243619852826049,15,15
1779998430158,0.30949037597283,0.04046840883803798,0.00726888603321426,0.27990951551830856,0.0,0.0,1,0.09830773915679077,0.0,0.00244140625,0.12607938934090496,0.0,3.5852743106979266E-16,0.12241703193487785,15,15
1779998430646,0.3113328048907301,0.025097441747368093,0.09542052042894586,0.2805339816886482,0.0,0.0,1,0.0982939048641038,0.0,0.00244140625,0.12607938934090496,0.0,2.8682194485583413E-16,0.12239787134136793,15,15
1779998431114,0.3106746203857279,0.022447834323382463,0.09497545662654365,0.28118316445448077,0.0,1.0,1,0.09727031615864622,0.0,0.00244140625,0.12611140895300227,0.0,2.294575558846673E-16,0.12237871674491396,15,15
1779998431590,0.31315216341919094,0.025097441747368093,0.3303523460273227,0.2784361059112321,0.0,0.0,1,0.0949096066970867,0.5252100840336135,0.00244140625,0.12631626341360017,0.0,1.8356604470773385E-16,0.12235956814270066,13,15
1779998432091,0.3140402198139855,0.015873015873015876,0.09397523670751382,0.27911414500140774,0.0,0.0,1,0.0919298729531897,0.0,0.00244140625,0.1263669415081749,0.0,1.468528357661871E-16,0.12234042553191493,15,15
1779998432597,0.31432475347256555,0.015873015873015876,0.09897556844831609,0.2797390663359315,0.0,0.0,1,0.08803832859645098,0.0,0.00244140625,0.12636694150817487,0.0,1.1748226861294967E-16,0.12232128890974503,15,15
1779998433085,0.314070468603269,0.011223917161691232,0.10028893832195543,0.28036363077763904,0.0,0.0,1,0.09572034648207657,0.0,0.00244140625,0.12636694150817487,0.0,9.398581489035974E-17,0.12230215827338131,15,15
1779998433626,0.3164325243167162,0.025097441747368093,0.22204819366670384,0.2793116337175019,0.0,0.0,1,0.0928249703110267,0.2310536044362292,0.00244140625,0.12646479931219848,0.0,7.51886519122878E-17,0.12228303362001569,15,15
1779998434118,0.3176910770495414,0.022447834323382463,0.09823339844570043,0.27998965547802046,0.0,0.0,1,0.08881635831889392,0.0,0.00244140625,0.12651561124150149,0.0,6.015092152983023E-17,0.12226391494684175,15,15
1779998434603,0.3217197994296553,0.011223917161691232,0.33833670471623667,0.27740058282559743,0.0,0.0,1,0.0889363694493498,0.5154639175257733,0.00244140625,0.126819718095594,0.0,4.812073722386419E-17,0.12224480225105516,13,15
1779998435121,0.32131484000420535,0.04627739599083572,0.04788376517720216,0.2787736257689059,0.0,0.0,1,0.089627745082774,0.0,0.00244140625,0.12667981706679238,0.0,3.8496589779091356E-17,0.12222569552985307,15,15
1779998435618,0.32309959787926895,0.03549314249999667,0.09893252770458687,0.27947862887198116,0.0,0.0,1,0.09075518811851985,0.0,0.00244140625,0.12676670584197977,0.0,3.0797271823273085E-17,0.1222065947804345,15,15
1779998436100,0.32323345698169564,0.011223917161691232,0.10445691566367067,0.28012810992732334,0.0,0.0,1,0.08918400447862364,0.0,0.00244140625,0.12679847531051217,0.0,2.4637817458618468E-17,0.1221875,15,15
1779998436591,0.3222979172179576,0.04046840883803798,0.008422813196055852,0.28204951834539643,0.0,0.0,1,0.08570287406783675,0.0,0.00244140625,0.12667604946159244,0.0,1.9710253966894774E-17,0.12216841118575228,15,15
1779998437089,0.3226016905317911,0.022447834323382463,0.2388350069399241,0.2810020716525953,0.0,0.0,1,0.08335035767853667,0.25100401606425704,0.00244140625,0.12676612108865506,0.0,1.576820317351582E-17,0.12214932833489534,15,15
1779998437598,0.3228559754010877,0.025097441747368093,0.10855374361920894,0.28164903911480593,0.0,0.0,1,0.0816209340045488,0.0,0.00244140625,0.12679637772011207,0.0,1.2614562538812656E-17,0.1221302514446353,15,15
1779998438097,0.32239910332957383,0.0,0.10997286594319979,0.28229578014267015,0.0,0.0,1,0.08075092525041896,0.0,0.00244140625,0.12682673227714542,0.0,1.0091650031050126E-17,0.12226733291692693,15,15
1779998438593,0.3245068741737245,0.03549314249999667,0.3285500931851911,0.28020683010766034,0.0,0.0,1,0.08245602544015629,0.5040322580645161,0.00244140625,0.12706260738767275,0.0,8.073320024840102E-18,0.12224824355971897,13,15
1779998439100,0.3249637462452383,0.025097441747368093,0.3733512002522453,0.2775709475182285,0.0,1.0,0,0.0801480342980431,0.4930966469428008,0.00244140625,0.12721753293187343,0.0,6.458656019872082E-18,0.12222916016234775,12,15
1779998439609,0.3289924686253522,0.022447834323382463,0.1064221910557812,0.27827462389376245,0.0,0.0,0,0.07878902777352548,0.0,0.00244140625,0.12730006211993802,0.0,5.166924815897666E-18,0.12221008272202283,13,15
1779998440111,0.3276511015633215,0.03174603174603175,0.11421762596272005,0.27890001095484146,0.0,0.0,1,0.08068809943795584,0.0,0.00244140625,0.127300062119938,0.0,4.133539852718133E-18,0.1221910112359551,15,15
1779998440591,0.32702202864485197,0.03549314249999667,0.008882774922165564,0.28081844488811836,0.0,0.0,1,0.07841915322256422,0.0,0.00244140625,0.12718266741948783,0.0,3.3068318821745066E-18,0.12217194570135748,15,15
1779998441079,0.3280596223930491,0.056119585808456156,0.10901066860166181,0.2815499028525042,0.0,0.0,1,0.07848296067081745,0.0,0.00244140625,0.12729998583014662,0.0,2.6454655057396054E-18,0.12215288611544461,15,15
1779998441570,0.3265364518826916,0.04627739599083572,0.14798038371498332,0.28183648305474757,0.0,0.0,1,0.07675067147460891,0.2545824847250509,0.00244140625,0.1272508157835579,0.0,2.1163724045916844E-18,0.12213383247543286,15,15
1779998442095,0.3262134389136045,0.04046840883803798,0.11881418336189244,0.28248422882307833,0.0,0.0,1,0.07879001869306601,0.0,0.00244140625,0.12728208645154557,0.0,1.6930979236733476E-18,0.12211478477854021,15,15
1779998442597,0.32692573305716566,0.022447834323382463,0.06882602715519803,0.2837293135369288,0.0,0.0,1,0.07880824940125308,0.0,0.00244140625,0.1273414848195322,0.0,1.3544783389386781E-18,0.12209574302198656,15,15
1779998443071,0.32534228761559053,0.011223917161691232,0.11963283779395373,0.2844065228529529,0.0,0.0,1,0.07982882619215788,0.0,0.00244140625,0.12739266901406038,0.0,1.0835826711509425E-18,0.12207670720299346,15,15
1779998443552,0.32263802720072676,0.044895668646764926,0.00967917290241623,0.28634696606882276,0.0,0.0,1,0.07774531870162579,0.0,0.00244140625,0.1272753757794705,0.0,8.6686613692075405E-19,0.12205767731878414,15,15
1779998444055,0.32238374233143025,0.04046840883803798,0.27536200674039446,0.2853159484283939,0.0,0.0,1,0.07641996409085355,0.2485089463220676,0.00244140625,0.12734319787142884,0.0,6.934929095366033E-19,0.1220386533665836,15,15
1779998444551,0.32163657820456376,0.025097441747368093,0.1240636585111425,0.28599244940413737,0.0,0.0,1,0.08026666491942133,0.0,0.00244140625,0.12739440854245157,0.0,5.547943276292826E-19,0.12201963534361848,15,15
1779998445026,0.32411412123802674,0.022447834323382463,0.41850788341931217,0.2834244225634464,0.0,0.0,1,0.07862424337616108,0.5263157894736842,0.00244140625,0.12760687004886137,0.0,4.438354621034261E-19,0.12200062324711747,13,15
1779998445535,0.32411412123802674,0.022447834323382463,0.12506004383869487,0.28410243589282513,0.0,0.0,1,0.07617419268390017,0.0,0.00244140625,0.12765833582013403,0.0,3.550683696827409E-19,0.12198161707431066,15,15
1779998446024,0.32163657820456376,0.03549314249999667,0.30834575961244864,0.28280195505148276,0.0,0.0,1,0.07385017741736194,0.5112474437627812,0.00244140625,0.12764986793590619,0.0,2.8405469574619277E-19,0.12196261682242993,13,15
1779998446539,0.32163657820456376,0.0,0.010278213599722698,0.2847346267733208,0.0,0.0,1,0.07268237667018623,0.0,0.00244140625,0.127528750713302,0.0,2.2724375659695424E-19,0.12209936147017597,15,15
1779998447024,0.32370560040829927,0.022447834323382463,0.4340044994222454,0.282151826182361,0.0,0.0,1,0.07195547705020823,0.5154639175257733,0.00244140625,0.12762907325714998,0.0,1.817950052775634E-19,0.12208034880099661,13,15
1779998447531,0.32163657820456376,0.022447834323382463,0.30866672490547986,0.2809182629387572,0.0,0.0,0,0.07097863383006216,0.4930966469428008,0.00244140625,0.12759587174051876,0.0,1.4543600422205074E-19,0.12206134205200059,12,15
1779998448040,0.3217704373069904,0.03549314249999667,0.12917423792399205,0.28159707044981325,0.0,0.0,0,0.07021479884467345,0.0,0.00244140625,0.12764719621699744,0.0,1.163488033776406E-19,0.12204234122042346,13,15
1779998448595,0.3217704373069904,0.025097441747368093,0.08120075292667003,0.2827920275037445,0.0,0.0,1,0.0736558595311642,0.0,0.00244140625,0.12760889521233354,0.0,9.307904270211249E-20,0.12202334630350198,15,15
1779998449086,0.3178621406937464,0.025097441747368093,0.13286950203613151,0.28347019256580314,0.0,0.0,1,0.07872297246561052,0.0,0.00244140625,0.12766029464525458,0.0,7.446323416169E-20,0.12200435729847492,15,15
1779998449581,0.32033968372720945,0.022447834323382463,0.43761717209068174,0.2810400584357502,0.0,0.0,1,0.08048135492989351,0.5050505050505051,0.00244140625,0.1278167730428613,0.0,5.9570587329352E-20,0.12198537420258282,13,15
1779998450087,0.3193408386194275,0.047619047619047616,0.01077616038826014,0.28296641925486715,0.0,0.0,1,0.07803318420384583,0.0,0.00244140625,0.12769652626813993,0.0,4.7656469863481604E-20,0.12196639701306777,15,15
1779998450607,0.3163328048907302,0.022447834323382463,0.14215369649998807,0.2835890131177047,0.0,1.0,1,0.08463607049995805,0.0,0.00244140625,0.12769652626813993,0.0,3.8125175890785286E-20,0.12194742572717376,15,15
1779998451092,0.3169679190062931,0.033671751485073696,0.14391409580194803,0.28421120335314876,0.0,0.0,1,0.08155907153062471,0.0,0.00244140625,0.12769652626813993,0.0,3.050014071262823E-20,0.12192846034214622,15,15
1779998451596,0.316644906037206,0.025097441747368093,0.23336029009659384,0.28397010759804764,0.0,0.0,1,0.07978383425767972,0.24801587301587302,0.00244140625,0.12761990461845832,0.0,2.4400112570102585E-20,0.12190950085523244,15,15
1779998452081,0.315489221080612,0.011223917161691232,0.14434696165826175,0.28461575522312305,0.0,0.0,1,0.07757599271365268,0.0,0.00244140625,0.12765036430923296,0.0,1.952009005608207E-20,0.12189054726368154,15,15
1779998452576,0.315489221080612,0.03174603174603175,0.14860357185643,0.2852372627095307,0.0,1.0,1,0.0789071180719621,0.0,0.00244140625,0.12765036430923296,0.0,1.5616072044865655E-20,0.12187159956474425,15,15
1779998453062,0.3135464887264313,0.0,1.0,1.5923823581517231,1.0,0.0,1,0.08537144375867332,0.51440329218107,0.00244140625,0.04779102878707243,0.2267877171894387,0.04535754343788774,0.1220080820640348,13,15
1779998453588,0.3142277436208728,0.025097441747368093,0.3113002063398246,1.5723194244812417,0.0,0.0,0,0.08169366204205636,0.47528517110266155,0.00244140625,0.047264950858391185,0.0,0.03628603475031019,0.12198912198912204,12,15
1779998454085,0.31392542219017655,0.025097441747368093,0.22895487624163519,1.5556766057851412,0.0,0.0,0,0.08730232407100862,0.0,0.00244140625,0.047264950858391185,0.0,0.029028827800248153,0.12197016780609071,13,15
1779998454573,0.3122587555235098,0.022447834323382463,0.3168899897918711,1.5366306302895878,0.0,0.0,0,0.08332604613616189,0.5122950819672131,0.00244140625,0.04672393364947079,0.0,0.023223062240198523,0.12195121951219512,12,15
1779998455079,0.3122587555235098,0.015873015873015876,0.23236346070496144,1.5209230333927113,0.0,0.0,0,0.08104999455917304,0.0,0.00244140625,0.046732976277530036,0.0,0.018578449792158818,0.1219322771046909,13,15
1779998455570,0.3132781440061007,0.03549314249999667,0.23477524716581918,1.50561135259845,0.0,0.0,1,0.07894644699429884,0.0,0.00244140625,0.046742482068643655,0.0,0.014862759833727056,0.12191334058083558,15,15
1779998456053,0.3171864406193447,0.025097441747368093,0.021353103631380193,1.4973777375343245,0.0,0.0,1,0.07968437924487555,0.0,0.00244140625,0.04661663015416457,0.0,0.011890207866981646,0.12189440993788825,15,15
1779998456541,0.31866513854502587,0.044895668646764926,0.24249988064036943,1.4826288810208466,0.0,0.0,1,0.08154497369093482,0.0,0.00244140625,0.04661755194700222,0.0,0.009512166293585318,0.12187548517310975,15,15
1779998457068,0.31866513854502587,0.025097441747368093,0.28890001014588296,1.4669299374301095,0.0,0.0,1,0.07885910516070575,0.23719165085388993,0.002197265625,0.04635850287552662,0.0,0.007609733034868255,0.12185656628376285,15,15
1779998457591,0.3188205371083046,0.03174603174603175,0.3357011852614129,1.4503214819265404,0.0,1.0,1,0.08041288208640397,0.4780114722753346,0.002197265625,0.045824420353414407,0.0,0.006087786427894604,0.1218376532671116,13,15
1779998458135,0.31841201627857707,0.03549314249999667,0.021704431712074927,1.4432016382399615,0.0,0.0,1,0.0791940413065311,0.0,0.002197265625,0.045699610478147926,0.0,0.004870229142315684,0.1218187461204221,15,15
1779998458636,0.3193775834246146,0.025097441747368093,0.253599676740712,1.4297520435011295,0.0,1.0,1,0.08272483304042119,0.0,0.002197265625,0.045699610478147926,0.0,0.0038961833138525474,0.12179984484096196,15,15
1779998459136,0.31845808088481437,0.0,1.0,2.62163741088736,1.0,0.0,1,0.07991793783814388,0.0,0.002197265625,0.1074426485154207,0.22119921692859512,0.047356790036801065,0.1219360843934223,15,15
1779998459639,0.31817354722623425,0.025097441747368093,0.7727391996141071,2.5417275809584288,0.0,0.0,1,0.07774202613466379,0.4970178926441352,0.002197265625,0.10729198338223114,0.0,0.037885432029440856,0.12191717077710562,13,15
1779998460153,0.31817354722623425,0.03549314249999667,0.7598412013475346,2.4664023402739708,0.0,0.0,0,0.08042495924056957,0.48638132295719844,0.002197265625,0.10712842969725832,0.0,0.030308345623552686,0.12189826302729534,12,15
1779998460661,0.31817354722623425,0.04046840883803798,0.11748406270632998,2.425254637019813,0.0,0.0,0,0.0789269640096309,0.0,0.002197265625,0.10713652844788635,0.0,0.02424667649884215,0.12187936114126219,13,15
1779998461147,0.31606577638208366,0.04046840883803798,0.25607635631556125,2.3795189926209277,0.0,0.0,1,0.08353147486473007,0.0,0.002197265625,0.10714128938157495,0.0,0.01939734119907372,0.12186046511627902,15,15
1779998461648,0.3203968201928939,0.047619047619047616,0.0013192668439872873,2.3470815726925625,0.0,0.0,1,0.0835701587803155,0.0,0.002197265625,0.1071258374291042,0.0,0.015517872959258978,0.12184157494962022,15,15
1779998462163,0.32098572446787665,0.033671751485073696,0.5144433482423718,2.2937477866854645,0.0,0.0,1,0.08251456573070597,0.24271844660194175,0.002197265625,0.1070928950524665,0.0,0.012414298367407183,0.12182269063856166,15,15
1779998462695,0.32259828149598446,0.011223917161691232,0.26426178156291547,2.2533842698718884,0.0,0.0,1,0.08047550972229371,0.0,0.002197265625,0.10709289505246651,0.0,0.009931438693925747,0.12180381218038117,15,15
1779998463175,0.3225982814959844,0.025097441747368093,0.2659292647664138,2.2146479533333627,0.0,0.0,1,0.07881420661225909,0.0,0.002197265625,0.10710310159129291,0.0,0.007945150955140598,0.12178493957235825,15,15
1779998463681,0.32701527318375223,0.04046840883803798,0.25781655892494015,2.1778351113555674,0.0,0.0,1,0.08194590401757951,0.0,0.002197265625,0.10716650932829347,0.0,0.006356120764112479,0.12176607281177387,15,15
1779998464186,0.32426494816265106,0.033671751485073696,0.39500593390002536,2.1371640975349417,0.0,0.0,1,0.0805113289461145,0.24752475247524752,0.002197265625,0.10707668317673347,0.0,0.005084896611289983,0.12174721189591076,15,15
1779998464694,0.32355766730650487,0.04046840883803798,0.2736173430856776,2.102790704528566,0.0,0.0,1,0.07794371851890645,0.0,0.002197265625,0.10707668317673347,0.0,0.004067917289031987,0.12172835682205363,15,15
1779998465165,0.32527039857940887,0.04046840883803798,0.0018670128814601292,2.079785737872268,0.0,0.0,1,0.07631114299671093,0.0,0.002197265625,0.10705596583585959,0.0,0.0032543338312255895,0.12170950758748844,15,15
1779998465657,0.32705515645447236,0.03174603174603175,0.2818307224129895,2.0474920620211896,0.0,0.0,1,0.07762901221222769,0.0,0.002197265625,0.10705643863192399,0.0,0.002603467064980472,0.12169066418950303,15,15
1779998466142,0.3286819398504188,0.011223917161691232,0.2845427361815277,2.016339937533377,0.0,0.0,1,0.08278467065459728,0.0,0.002197265625,0.10705643863192399,0.0,0.0020827736519843775,0.121671826625387,15,15
1779998466631,0.32956155911949886,0.011223917161691232,0.5556080097259036,1.977027192844041,0.0,0.0,1,0.08041622787318917,0.2556237218813906,0.002197265625,0.10701539817389576,0.0,0.0016662189215875022,0.12165299489243153,15,15
1779998467145,0.32956155911949886,0.033671751485073696,0.28663990340228734,1.9483121475906282,0.0,0.0,1,0.08241763913283762,0.0,0.002197265625,0.10702006891576035,0.0,0.001332975137270002,0.12163416898792945,15,15
1779998467636,0.32989173444557174,0.03549314249999667,0.28928814373518263,1.9205595201722512,0.0,0.0,1,0.07984716355017835,0.0,0.002197265625,0.10702529391929215,0.0,0.0010663801098160016,0.12161534890917536,15,15
1779998468101,0.33167649232063534,0.03174603174603175,0.14405802074471713,1.8984564527325802,0.0,0.0,1,0.08072167019155196,0.0,0.002197265625,0.10698531621907416,0.0,8.531040878528014E-4,0.12159653465346532,15,15
1779998468588,0.3313463169945624,0.044895668646764926,0.29680589281402375,1.8723198423636094,0.0,0.0,1,0.08764950210346563,0.0,0.002197265625,0.10698531621907416,0.0,6.824832702822411E-4,0.12157772621809748,15,15
1779998469064,0.3355847889338793,0.033671751485073696,0.44621832977484344,1.8425179410024817,0.0,0.0,1,0.08655468425705562,0.26260504201680673,0.002197265625,0.10692391072326239,0.0,5.45986616225793E-4,0.12155892360037113,15,15
1779998469570,0.33706348685956045,0.060442643697332606,0.29866546899147167,1.8182143391015835,0.0,0.0,1,0.08540489182241745,0.0,0.002197265625,0.10694458102489836,0.0,4.367892929806344E-4,0.12154012679758774,15,15
1779998470081,0.33810108060775756,0.050194883494736185,0.29030946742369207,1.7949878595686772,0.0,0.0,1,0.08692038771235773,0.0,0.002197265625,0.10700798568262077,0.0,3.4943143438450757E-4,0.12152133580705005,15,15
1779998470594,0.3358594506611803,0.04046840883803798,0.30524971651584304,1.7721152357466579,0.0,0.0,1,0.08846233517643778,0.0,0.002197265625,0.10701820578330194,0.0,2.795451475076061E-4,0.12150255062606274,15,15
1779998471078,0.3352821528227966,0.0,0.6063673535914903,1.7414876023093484,0.0,0.0,1,0.10377343061597082,0.2582644628099174,0.002197265625,0.106923264851438,0.0,2.2363611800608487E-4,0.12163833075734154,15,15
1779998471566,0.3337479412983434,0.025097441747368093,0.30852603989762734,1.7201749970435523,0.0,0.0,1,0.09886749680307727,0.0,0.002197265625,0.106923264851438,0.0,1.789088944048679E-4,0.12161953330242625,15,15
1779998472041,0.33470231382144894,0.03549314249999667,0.7490607802601656,1.6874945633948573,0.0,0.0,1,0.09446514530987694,0.5263157894736842,0.002197265625,0.10663609214957123,0.0,1.4312711552389432E-4,0.12160074165636592,13,15
1779998472560,0.3342795666238828,0.03549314249999667,0.3091080046076032,1.6677321738373774,0.0,0.0,1,0.09402337370246466,0.0,0.002197265625,0.10663609214957123,0.0,1.1450169241911546E-4,0.12158195581646836,15,15
1779998473106,0.3342795666238828,0.0,1.0,2.5224698452709062,1.0,0.0,1,0.10026713822462398,0.45787545787545786,0.002197265625,0.08920135561628302,0.2046219390002213,0.041015989153979554,0.121717639789929,13,15
1779998473623,0.33482541831726076,0.015873015873015876,0.6422412051695258,2.45782946849678,0.0,0.0,0,0.09669275184946109,0.48355899419729204,0.002197265625,0.08860939922487451,0.0,0.03281279132318365,0.12169884169884171,12,15
1779998474128,0.33464689856880997,0.015873015873015876,0.291202459085327,2.4106926982073897,0.0,0.0,0,0.1011737776639027,0.0,0.002197265625,0.08860939922487451,0.0,0.02625023305854692,0.12168004941321808,13,15
1779998474618,0.33635962984171397,0.03549314249999667,0.43895165261179925,2.359775763820294,0.0,0.0,0,0.10058524863927833,0.5102040816326531,0.002197265625,0.08786431489066174,0.0,0.021000186446837536,0.12166126293036905,12,15
1779998475154,0.3360808066569825,0.03549314249999667,0.2950539104046834,2.316747580929119,0.0,0.0,0,0.09566584525672753,0.0,0.002197265625,0.08786431489066174,0.0,0.01680014915747003,0.12164248224760732,13,15
1779998475701,0.33520736872341966,0.0,0.6432591057233884,2.2623307333831133,0.0,0.0,0,0.09111050628014385,0.45703839122486284,0.002197265625,0.08725970960095121,0.0,0.013440119325976024,0.12177805216854454,12,15
1779998476270,0.3355111420372532,0.04046840883803798,0.34644724559896023,2.2213618381014273,0.0,0.0,0,0.09029078999063792,0.4393673110720563,0.002197265625,0.08663537182550074,0.0,0.01075209546078082,0.12175925925925923,11,15
1779998476824,0.3376189128814039,0.03174603174603175,0.008012967544459255,2.19427221971568,0.0,0.0,0,0.09062876201305044,0.0,0.002197265625,0.08658364991624948,0.0,0.008601676368624656,0.12174047214935968,12,15
1779998477314,0.3366645403582984,0.015873015873015876,0.3048585848233901,2.157767899765423,0.0,0.0,0,0.0879508565767334,0.0,0.002197265625,0.08658364991624948,0.0,0.006881341094899725,0.12172169083616169,13,15
1779998477814,0.3369188252275949,0.025097441747368093,0.30737869744528545,2.1226410912455203,0.0,0.0,1,0.0849275097842295,0.0,0.002197265625,0.08658671694966726,0.0,0.005505072875919781,0.12170291531698285,15,15
1779998478305,0.3360185623430481,0.0,0.4865707152509161,2.082908779821018,0.0,0.0,1,0.08193288295704579,0.2545824847250509,0.002197265625,0.08628317653263307,0.0,0.004404058300735825,0.12183837137569398,15,15
1779998478819,0.33722259854142855,0.011223917161691232,0.6585022900645666,2.0390855185483607,0.0,0.0,1,0.07927307807733458,0.48638132295719844,0.002197265625,0.08567692737125095,0.0,0.00352324664058866,0.12181958365458756,13,15
1779998479340,0.337581630926619,0.022447834323382463,0.3093154586849599,2.0082498736323333,0.0,0.0,1,0.07682805105577172,0.0,0.002197265625,0.08568425660437065,0.0,0.0028185973124709284,0.12180080172679619,15,15
1779998479817,0.33848189381116567,0.03549314249999667,0.3053179832498354,1.9786937650668066,0.0,0.0,1,0.07560813370532422,0.0,0.002197265625,0.08572801926625506,0.0,0.002254877849976743,0.1217820255896408,15,15
1779998480308,0.3380178593826661,0.03549314249999667,0.31495162715009223,1.9499312787286602,0.0,0.0,1,0.07368591258927419,0.0,0.002197265625,0.08573537709205353,0.0,0.0018039022799813944,0.12176325524044385,15,15
1779998480806,0.3370983568428658,0.033671751485073696,0.669577643683683,1.9115227291734092,0.0,0.0,1,0.07457813352747486,0.5020080321285141,0.002197265625,0.08511705235478954,0.0,0.0014431218239851157,0.12174449067652948,13,15
1779998481323,0.3370983568428658,0.0,0.31691267401605866,1.8849724621816257,0.0,0.0,1,0.07431726935262759,0.0,0.002197265625,0.08512073656561497,0.0,0.0011544974591880927,0.12187981510015411,15,15
1779998481814,0.3365740314402903,0.011223917161691232,0.43407414986444565,1.855972082520819,0.0,0.0,1,0.07435239641690895,0.5091649694501018,0.002197265625,0.08437628767594943,0.0,9.235979673504742E-4,0.1218610383608073,13,15
1779998482324,0.33810824296474346,0.04627739599083572,0.6638511033204071,1.8214382470553319,0.0,0.0,0,0.07247347527906982,0.49019607843137253,0.002197265625,0.08375850541674992,0.0,7.388783738803795E-4,0.12184226740603821,12,15
1779998482844,0.3375623912713655,0.025097441747368093,0.3203532360974442,1.7977275026944983,0.0,0.0,0,0.07744159049655801,0.0,0.002197265625,0.08375850541674992,0.0,5.911026991043036E-4,0.12182350223317417,13,15
1779998483324,0.33897134923043587,0.03549314249999667,0.0013302697341535086,1.783464157139529,0.0,0.0,1,0.07858777142804771,0.0,0.002197265625,0.0837442487549443,0.0,4.7288215928344287E-4,0.12180474283954423,15,15
1779998483826,0.33667560964529963,0.03174603174603175,0.3296737785172989,1.7609081734153333,0.0,0.0,1,0.07773889149797837,0.0,0.002197265625,0.08374453242095203,0.0,3.783057274267543E-4,0.12178598922247885,15,15
1779998484316,0.3370393406375186,0.025097441747368093,0.33226343205139147,1.7390307504913642,0.0,0.0,1,0.0752863069385701,0.0,0.002197265625,0.0837474737105151,0.0,3.0264458194140346E-4,0.12176724137931039,15,15
1779998484821,0.33744786146724615,0.03174603174603175,0.27159237114319934,1.719411441233664,0.0,0.0,1,0.07766590102604667,0.24752475247524752,0.002197265625,0.0832633653846506,0.0,2.4211566555312278E-4,0.12174849930737264,15,15
1779998485320,0.33631772669290716,0.025097441747368093,0.3381740645149544,1.698758125226007,0.0,0.0,1,0.08233098779122675,0.0,0.002197265625,0.0832706427914627,0.0,1.9369253244249824E-4,0.12172976300400118,15,15
1779998485802,0.3355705625660407,0.015873015873015876,0.3417676932845889,1.678676977667238,0.0,0.0,1,0.08318372450988061,0.0,0.002197265625,0.08327064279146269,0.0,1.5495402595399861E-4,0.12171103246653336,15,15
1779998486299,0.3360948879686163,0.03549314249999667,0.0014075736315298547,1.6673276803778827,0.0,0.0,1,0.08104914880587755,0.0,0.002197265625,0.08325647557997587,0.0,1.239632207631989E-4,0.12169230769230766,15,15
1779998486812,0.33609488796861625,0.04627739599083572,0.3513149679885479,1.6481360031993104,0.0,0.0,1,0.0900212232468407,0.0,0.002197265625,0.08325939148552731,0.0,9.917057661055912E-5,0.12167358867866485,15,15
1779998487305,0.33563801589710246,0.03549314249999667,0.5401246428192253,1.6252018980473417,0.0,0.0,1,0.08831956184845517,0.2535496957403651,0.002197265625,0.08294411804885828,0.0,7.93364612884473E-5,0.12165487542294684,15,15
1779998487801,0.33512932082257874,0.03174603174603175,0.35501378837700975,1.6071584560514305,0.0,1.0,1,0.09113935483801751,0.0,0.002197265625,0.08294411804885828,0.0,6.346916903075784E-5,0.12163616792249732,15,15
1779998488292,0.33545233379166584,0.04046840883803798,0.0014514280308330725,1.5974276522961164,0.0,0.0,1,0.08754946739386898,0.0,0.002197265625,0.08293003016167753,0.0,5.0775335224606274E-5,0.12161746617466174,15,15
1779998488787,0.33545233379166584,0.025097441747368093,0.47926978041135637,1.5776590801298127,0.0,1.0,1,0.08876517093978342,0.5050505050505051,0.002197265625,0.08212144416107246,0.0,4.062026817968502E-5,0.12159877017678711,13,15
1779998489282,0.337748073376802,0.011223917161691232,0.36654201654698215,1.560877318685715,0.0,0.0,1,0.08728125528083021,0.0,0.002197265625,0.08212144416107248,0.0,3.249621454374802E-5,0.121580079926222,15,15
1779998489768,0.33545233379166584,0.015873015873015876,0.3694028696211115,1.5445305095130895,0.0,0.0,1,0.08940754985129318,0.0,0.002197265625,0.08212144416107246,0.0,2.5996971634998414E-5,0.12156139542031663,15,15
1779998490246,0.33420524501168075,0.011223917161691232,0.37226458545272667,1.528602158740606,0.0,0.0,1,0.09469579474804424,0.0,0.002197265625,0.08212144416107246,0.0,2.0797577307998733E-5,0.12154271665642291,15,15
1779998490737,0.33495240913854724,0.011223917161691232,0.37402384634201646,1.5130987799133466,0.0,0.0,1,0.09256775298393079,0.0,0.002197265625,0.08213177422794511,0.0,1.6638061846398986E-5,0.12152404363189429,15,15
1779998491224,0.332675758472637,0.011223917161691232,0.5712587268709183,1.4941258129675892,0.0,0.0,1,0.10111948514416964,0.2566735112936345,0.002197265625,0.08180977086244895,0.0,1.331044947711919E-5,0.12150537634408598,15,15
1779998491742,0.3332914876986036,0.025097441747368093,0.7511055892925914,1.4721310759394237,0.0,0.0,1,0.09738827173613443,0.4826254826254826,0.002197265625,0.08120484582040163,0.0,1.0648359581695352E-5,0.12148671479035478,13,15
1779998492260,0.33706592520942097,0.025097441747368093,0.36806266729878034,1.4581579594256147,0.0,0.0,1,0.09603623761473679,0.0,0.002197265625,0.08124957692162928,0.0,8.518687665356282E-6,0.12146805896805901,15,15
1779998492772,0.3347185133573023,0.015873015873015876,0.37951790074981834,1.4443550086194687,0.0,0.0,1,0.09129458773225499,0.0,0.002197265625,0.0812495769216293,0.0,6.8149501322850265E-6,0.12144940887455857,15,15
1779998493270,0.337190015193672,0.022447834323382463,0.3823800213596255,1.4308783508404297,0.0,0.0,1,0.08890416716654259,0.0,0.002197265625,0.08124957692162928,0.0,5.451960105828021E-6,0.12143076450721524,15,15
1779998493767,0.33666568979109635,0.015873015873015876,0.5777048282171828,1.414166842678626,0.0,0.0,1,0.08616922652428209,0.2515090543259557,0.002197265625,0.08092764613246489,0.0,4.361568084662418E-6,0.12141212586339212,15,15
1779998494271,0.3386045808134875,0.011223917161691232,0.38563380880083914,1.4013909649497052,0.0,0.0,1,0.08381058685998397,0.0,0.002197265625,0.0809276461324649,0.0,3.4892544677299343E-6,0.12139349294045432,15,15
1779998494767,0.33938319108535964,0.03549314249999667,0.0015401476510735845,1.395761290011086,0.0,0.0,1,0.08254810098268432,0.0,0.002197265625,0.08091379636452009,0.0,2.7914035741839477E-6,0.12137486573576795,15,15
1779998495260,0.33831301398940605,0.011223917161691232,0.3959635255437183,1.3834105777350607,0.0,0.0,1,0.0808664680783242,0.0,0.002197265625,0.08091742590721407,0.0,2.2331228593471584E-6,0.12135624424670144,15,15
1779998495747,0.3389711984944083,0.025097441747368093,0.39919850433824694,1.3713305186235287,0.0,0.0,1,0.08802611934270216,0.0,0.002197265625,0.08091742590721407,0.0,1.7864982874777268E-6,0.12133762847062435,15,15
1779998496248,0.3394145893074412,0.022447834323382463,0.601601625532297,1.3561331387405602,0.0,1.0,1,0.08449336240957839,0.249500998003992,0.002197265625,0.08059195784240557,0.0,1.4291986299821815E-6,0.121319018404908,15,15
1779998496752,0.3394145893074412,0.03174603174603175,0.4912496943458493,1.3431657171098303,0.0,0.0,1,0.08210654405989432,0.49603174603174605,0.002197265625,0.07981257070595008,0.0,1.1433589039857452E-6,0.12130041404692526,13,15
1779998497271,0.3394145893074412,0.022447834323382463,0.3953631788674786,1.332109932114987,0.0,0.0,1,0.07985302196393014,0.0,0.002197265625,0.07985368518234652,0.0,9.146871231885962E-7,0.12128181539405092,15,15
1779998497798,0.3380215499784281,0.025097441747368093,0.4069081512532778,1.3211496751661855,0.0,0.0,1,0.09193014800623704,0.0,0.002197265625,0.07985368518234652,0.0,7.31749698550877E-7,0.12126322244366095,15,15
1779998498287,0.33854587538100367,0.011223917161691232,0.40975067804754145,1.3104220404013887,0.0,0.0,1,0.08758130765027375,0.0,0.002197265625,0.0798536851823465,0.0,5.853997588407016E-7,0.121244635193133,15,15
1779998498769,0.3374756982850501,0.015873015873015876,0.6113028898647145,1.296776093135602,0.0,0.0,1,0.08753877485333464,0.25933609958506226,0.002197265625,0.07953259296325844,0.0,4.683198070725613E-7,0.12122605363984673,15,15
1779998499262,0.3374756982850501,0.0,0.4118878144520019,1.2865711213570126,0.0,0.0,1,0.08511209142202092,0.0,0.002197265625,0.07953970698986741,0.0,3.7465584565804905E-7,0.1213607110021453,15,15
1779998499754,0.33652132576194455,0.015873015873015876,0.8111141203780414,1.270435829187565,0.0,0.0,1,0.08391465359682519,0.508130081300813,0.002197265625,0.0788814913764732,0.0,2.9972467652643924E-7,0.12134211735866396,13,15
1779998500264,0.3348193822160865,0.033671751485073696,0.8004669957159123,1.2547934529355198,0.0,0.0,0,0.09004585246348498,0.49019607843137253,0.002197265625,0.07822103160059668,0.0,2.397797412211514E-7,0.12132352941176472,12,15
1779998500768,0.33536523390946443,0.011223917161691232,0.410765686571117,1.2454246135353837,0.0,0.0,0,0.0895894140411578,0.0,0.002197265625,0.07822128857904286,0.0,1.9182379297692113E-7,0.12130494715882989,13,15
1779998501259,0.33536523390946443,0.011223917161691232,0.4136217947696321,1.2362404034211094,0.0,0.0,1,0.09894905785322815,0.0,0.002197265625,0.07822128857904288,0.0,1.5345903438153693E-7,0.12128637059724345,15,15
1779998501763,0.33536523390946443,0.025097441747368093,0.7927622527684588,1.2216427033976263,0.0,0.0,1,0.09418505612660005,0.49603174603174605,0.002197265625,0.07759879115546912,0.0,1.2276722750522954E-7,0.12126779972439139,13,15
1779998502282,0.33536523390946443,0.011223917161691232,0.41383833384429725,1.2129258490048898,0.0,0.0,1,0.09002971332878598,0.0,0.002197265625,0.07760237633094642,0.0,9.821378200418364E-8,0.12124923453766079,15,15
1779998502773,0.3366237866422897,0.011223917161691232,0.4085767310596869,1.2044924558523962,0.0,0.0,1,0.08893631656783264,0.0,0.002197265625,0.07764250693612401,0.0,7.857102560334692E-8,0.12123067503444052,15,15
1779998503270,0.3396002714128779,0.04046840883803798,0.48531894876469717,1.1951634745006887,0.0,0.0,1,0.0894356809918021,0.5030181086519114,0.002197265625,0.07681813081890407,0.0,6.285682048267754E-8,0.12121212121212122,13,15
1779998503780,0.3406704485088314,0.03549314249999667,0.4219427294426412,1.186942079748504,0.0,0.0,1,0.08621026572786399,0.0,0.002197265625,0.07681813081890407,0.0,5.0285456386142035E-8,0.12119357306809486,15,15
1779998504277,0.34133454214663395,0.022447834323382463,0.42449170499278394,1.1788772447877027,0.0,0.0,1,0.08780468342242949,0.0,0.002197265625,0.07682072971438927,0.0,4.022836510891363E-8,0.1211750305997552,15,15
1779998504774,0.33954978427157034,0.011223917161691232,0.42757884667279306,1.1709572742348642,0.0,0.0,1,0.09399699466460659,0.0,0.002197265625,0.07682072971438927,0.0,3.21826920871309E-8,0.12115649380449744,15,15
1779998505288,0.340450047156117,0.011223917161691232,0.6241759805587467,1.1605477981078167,0.0,0.0,1,0.097484997326033,0.24319066147859922,0.002197265625,0.07648736305100554,0.0,2.5746153669704724E-8,0.12113796267971855,15,15
1779998505787,0.34121645093823694,0.025097441747368093,0.09058035067385069,1.1574909381358485,0.0,0.0,1,0.09714136803570299,0.0,0.002197265625,0.0763564815634543,0.0,2.0596922935763782E-8,0.12111943722281693,15,15
1779998506286,0.34121645093823694,0.015873015873015876,0.4046000957127117,1.1503980137508212,0.0,0.0,1,0.10169799258601825,0.501002004008016,0.002197265625,0.07564227179067343,0.0,1.6477538348611026E-8,0.12110091743119267,13,15
1779998506800,0.3416249717679645,0.025097441747368093,0.09901622126338236,1.1474051070794096,0.0,0.0,1,0.10084265266514919,0.0,0.002197265625,0.07547743719672545,0.0,1.3182030678888822E-8,0.1210824033022474,15,15
1779998507284,0.34199862261438674,0.033671751485073696,0.09229513234287826,1.1445599278199652,0.0,0.0,1,0.09984131633538255,0.0,0.002197265625,0.07534557718332618,0.0,1.0545624543111059E-8,0.12106389483338431,15,15
1779998507775,0.34199862261438674,0.04046840883803798,0.4565620110147011,1.1372581637401038,0.0,0.0,1,0.0956342297969506,0.0,0.002197265625,0.07534557718332618,0.0,8.436499634488848E-9,0.12104539202200826,15,15
1779998508304,0.3408429376577927,0.04046840883803798,0.20608447444630298,1.1331930361145175,0.0,0.0,1,0.0928265067733185,0.23629489603024573,0.002197265625,0.07499744441153958,0.0,6.749199707591078E-9,0.12102689486552565,15,15
1779998508846,0.3397219719484765,0.04046840883803798,0.4656323251076574,1.126090972583293,0.0,0.0,1,0.0888406128944192,0.0,0.002197265625,0.07499744441153958,0.0,5.399359766072863E-9,0.12100840336134455,15,15
1779998509351,0.33934832110205426,0.04046840883803798,0.4116109231248065,1.1197914571900338,0.0,0.0,1,0.08661135994492825,0.49504950495049505,0.002197265625,0.07431379296476452,0.0,4.319487812858291E-9,0.12098991750687438,13,15
1779998509859,0.3381565942065296,0.04046840883803798,0.8689163830584713,1.1081850437884369,0.0,0.0,0,0.08288922992872191,0.4921259842519685,0.002197265625,0.07364242266999574,0.0,3.4555902502866327E-9,0.12097143729952653,12,15
1779998510363,0.3386809196091052,0.011223917161691232,0.4687412378244012,1.1015134529742323,0.0,0.0,0,0.09040491895897938,0.0,0.002197265625,0.07364242266999575,0.0,2.7644722002293064E-9,0.12095296273671352,13,15
1779998510863,0.3402643650506803,0.04046840883803798,0.0012703543377298476,1.1003818507380392,0.0,0.0,1,0.08949911299328907,0.0,0.002197265625,0.07363292053176117,0.0,2.2115777601834454E-9,0.12093449381584975,15,15
1779998511367,0.3391781507307889,0.050194883494736185,0.48093862482164373,1.0938420781811846,0.0,0.0,1,0.08635630824787612,0.0,0.002197265625,0.07363292053176117,0.0,1.7692622081467563E-9,0.12091603053435118,15,15
1779998511851,0.33607153477885626,0.0,0.8840779851517359,1.0828546694687677,0.0,0.0,1,0.08336028480915637,0.5165289256198348,0.002197265625,0.07296098075429246,0.0,1.4154097665174052E-9,0.12105022134025345,13,15
1779998512374,0.33627284721234474,0.04046840883803798,0.49117447692168364,1.0764841103396974,0.0,0.0,0,0.08110504410129589,0.4780114722753346,0.002197265625,0.07215445999510599,0.0,1.1323278132139242E-9,0.12103174603174605,12,15
1779998512899,0.3344474609572032,0.04046840883803798,0.4827675507644558,1.0703406335691132,0.0,0.0,0,0.08283857478783913,0.0,0.002197265625,0.07215445999510599,0.0,9.058622505711394E-10,0.12101327636197157,13,15
1779998513399,0.33577548432673093,0.022447834323382463,0.8646942651112728,1.06008960028235,0.0,0.0,0,0.08114026682770273,0.5,0.002197265625,0.07152236577897877,0.0,7.246898004569116E-10,0.12099481232834908,12,15
1779998513915,0.33577548432673093,0.033671751485073696,0.481166225740238,1.0542250597800458,0.0,0.0,0,0.07848751359713574,0.0,0.002197265625,0.07153165665225762,0.0,5.797518403655293E-10,0.12097635392829897,13,15
1779998514403,0.3367298568498364,0.025097441747368093,0.4833742601669104,1.0484588401560626,0.0,0.0,1,0.0792516787440439,0.0,0.002197265625,0.07154435857101246,0.0,4.6380147229242346E-10,0.12095790115924343,15,15
1779998514885,0.33989661016700873,0.033671751485073696,0.48769548714148864,1.0427658733482839,0.0,0.0,1,0.07999432496626742,0.0,0.002197265625,0.07154435857101246,0.0,3.710411778339388E-10,0.12093945401860606,15,15
1779998515377,0.34006894857994246,0.015873015873015876,0.49030462487516163,1.0371625431793536,0.0,0.0,1,0.07876664522202431,0.0,0.002197265625,0.07154435857101249,0.0,2.9683294226715106E-10,0.12092101250381215,15,15
1779998515918,0.3423646881650787,0.6962448317289305,0.2007072254553069,1.0347004704643867,0.0,0.0,1,0.0796774302737139,0.2310536044362292,0.002197265625,0.07120757766499208,0.0,2.3746635381372085E-10,0.12090257661228843,15,15
1779998516441,0.3434022819132758,0.7063937920652898,0.0013106294300341082,1.034328237941932,0.0,0.0,1,0.07847145575665193,0.0,0.002197265625,0.07119827602237236,0.0,1.8997308305097668E-10,0.12088414634146338,15,15
1779998516934,0.34435665443638136,0.011223917161691232,0.010035626909839165,1.033873583016542,0.0,0.0,1,0.08398286911822186,0.0,0.002197265625,0.0711551265390643,0.0,1.5197846644078134E-10,0.12086572168876697,15,15
1779998517459,0.34780807897811156,0.04046840883803798,0.0966829303397228,1.0325807927493138,0.0,0.0,1,0.08092727704266317,0.0,0.002197265625,0.07102060641739345,0.0,1.2158277315262509E-10,0.12084730265163057,15,15
1779998517970,0.3462247711025144,0.03549314249999667,0.7365482428459355,1.025103116530877,0.0,0.0,1,0.07824668159295374,0.2446183953033268,0.002197265625,0.07068391742347148,0.0,9.726621852210007E-11,0.12082888922748747,15,15
1779998518475,0.3430007463261256,0.0,0.5282194088888443,1.0197738499995546,0.0,0.0,1,0.07627584105515622,0.0,0.002197265625,0.0706839174234715,0.0,7.781297481768007E-11,0.12096282754418042,15,15
1779998518968,0.3442676748145171,0.011223917161691232,0.9396929552799539,1.0105608385471754,0.0,0.0,1,0.07394914088537341,0.5070993914807302,0.002197265625,0.07001071077323169,0.0,6.225037985414406E-11,0.12094440213252089,13,15
1779998519503,0.3415634143996533,0.025097441747368093,0.5113894539080585,1.0055982740341827,0.0,0.0,0,0.0736925878817165,0.4672897196261682,0.002197265625,0.06916294042510303,0.0,4.980030388331525E-11,0.12092598233323182,12,15
1779998520044,0.3415634143996533,0.03549314249999667,0.5197647826812553,1.0006542927274626,0.0,0.0,0,0.0731437831373021,0.0,0.002197265625,0.06920267853951041,0.0,3.98402431066522E-11,0.12090756814374903,13,15
1779998520545,0.3415634143996533,0.044895668646764926,0.0013470687044307645,1.000635306606405,0.0,0.0,1,0.07447266357549871,0.0,0.002197265625,0.06919363024204925,0.0,3.187219448532176E-11,0.12088915956151036,15,15
1779998521038,0.34334817227471687,0.03174603174603175,0.5424549818860788,0.9956755958802663,0.0,0.0,1,0.07307946010549649,0.0,0.002197265625,0.06919363024204925,0.0,2.549775558825741E-11,0.12087075658395496,15,15
1779998521519,0.3438940239680949,0.025097441747368093,0.22007329110578613,0.9937403329307669,0.0,0.0,1,0.07261380081599364,0.2598752598752599,0.002197265625,0.0688155364051232,0.0,2.039820447060593E-11,0.12085235920852355,15,15
1779998522031,0.3438940239680949,0.04627739599083572,0.5522340128794715,0.9888826428088123,0.0,0.0,1,0.07414842905797918,0.0,0.002197265625,0.0688155364051232,0.0,1.6318563576484744E-11,0.12083396743265862,15,15
1779998522527,0.34334817227471687,0.025097441747368093,0.5534133603906328,0.9841056950445913,0.0,0.0,1,0.07468544156088984,0.0,0.002197265625,0.06882213967927311,0.0,1.3054850861187795E-11,0.12081558125380398,15,15
1779998523029,0.34334817227471687,0.025097441747368093,0.5567049368283351,0.9793890011343067,0.0,0.0,1,0.07467465704129546,0.0,0.002197265625,0.06882213967927311,0.0,1.0443880688950236E-11,0.12079720066940514,15,15
1779998523519,0.3444071547477385,0.011223917161691232,0.9709169777411821,0.9710941283809821,0.0,0.0,1,0.08076511077873746,0.5102040816326531,0.002197265625,0.06815046157785122,0.0,8.355104551160189E-12,0.12077882567690901,13,15
1779998524055,0.3436948606041773,0.03549314249999667,0.010165270605660016,0.9712876592584463,0.0,0.0,1,0.08453717134850919,0.0,0.002197265625,0.06810921095581456,0.0,6.684083640928152E-12,0.1207604562737643,15,15
1779998524544,0.3436948606041773,0.04627739599083572,0.565413571988189,0.9667557257175732,0.0,1.0,1,0.09246095762811876,0.0,0.002197265625,0.06810921095581457,0.0,5.347266912742522E-12,0.12074209245742096,15,15
1779998525054,0.3405281072870051,0.0,0.5675515954873966,0.9622883445160283,0.0,0.0,1,0.09232247369113805,0.0,0.002197265625,0.06810921095581456,0.0,4.277813530194018E-12,0.12087577923065229,15,15
1779998525539,0.3405281072870051,0.0,1.0,1.5353617878769694,1.0,0.0,1,0.09488614993322346,0.5154639175257733,0.002197265625,0.04887142001373675,0.22719765275481119,0.04543953055438449,0.12100942535725145,13,15
1779998526049,0.3426572668559803,0.050194883494736185,0.17807748792560954,1.5237770108270825,0.0,0.0,0,0.09101905232057014,0.49019607843137253,0.002197265625,0.0482790470221232,0.0,0.03635162444350759,0.12099103207174344,12,15
1779998526563,0.3426572668559803,0.047619047619047616,0.3966456144706709,1.508374758162606,0.0,0.0,0,0.08765006689964568,0.0,0.002197265625,0.048280452684970575,0.0,0.029081299554806074,0.1209726443768997,13,15
1779998527045,0.34083188060083863,0.015873015873015876,0.3996194029930744,1.4933536427410168,0.0,0.0,1,0.09974668575614865,0.0,0.002197265625,0.04828045268497059,0.0,0.02326503964384486,0.1209542622701717,15,15
1779998527544,0.34021615137487204,0.015873015873015876,0.40234885945794097,1.4787042435980955,0.0,0.0,1,0.09522022063429508,0.0,0.002197265625,0.048281864487834746,0.0,0.01861203171507589,0.12093588574901248,15,15
1779998528025,0.3405898022212943,0.033671751485073696,0.5783751737321317,1.4612765129731384,0.0,0.0,1,0.09069679880448094,0.5197505197505198,0.002197265625,0.047724563180628565,0.0,0.014889625372060712,0.12091751481087654,13,15
1779998528545,0.3391505353199691,0.025097441747368093,0.4058755236162391,1.4473993358364252,0.0,0.0,1,0.08645501911432506,0.0,0.002197265625,0.04772456318062859,0.0,0.01191170029764857,0.12089914945321989,15,15
1779998529068,0.33650091708902957,0.0,0.4087193370943537,1.433851033458274,0.0,0.0,1,0.09388346113975889,0.0,0.002197265625,0.04772456318062855,0.0,0.009529360238118857,0.12103264996203489,15,15
1779998529617,0.3374552896121351,0.022447834323382463,0.5881133194700445,1.4175652438572397,0.0,0.0,1,0.09054654202491165,0.4553734061930783,0.002197265625,0.04714623474841993,0.0,0.007623488190495086,0.12101427269966591,13,15
1779998530204,0.3367971051071329,0.011223917161691232,0.5856950425478185,1.4017433093955143,0.0,0.0,0,0.09781599440410242,0.42589437819420783,0.002197265625,0.046572157098190514,0.0,0.00609879055239607,0.12099590101715496,12,15
1779998530730,0.337509399250694,0.015873015873015876,0.4119627517796954,1.3892606743571214,0.0,0.0,0,0.09327231755302713,0.0,0.002197265625,0.04657803261307271,0.0,0.004879032441916856,0.12097753491196117,13,15
1779998531235,0.33822169339425506,0.022447834323382463,0.41538950798220864,1.3770498173203105,0.0,0.0,1,0.09452124119989874,0.0,0.002197265625,0.04657815885551743,0.0,0.0039032259535334846,0.12095917438154502,15,15
1779998531798,0.3376758417008771,0.03549314249999667,0.040950173215385605,1.3712197114073206,0.0,0.0,1,0.09580731907933618,0.0,0.002197265625,0.046457403434579506,0.0,0.0031225807628267876,0.12094081942336876,15,15
1779998532346,0.3359283079524552,0.04046840883803798,0.5145638249859664,1.3579975993293423,0.0,0.0,1,0.1020364377609462,0.22810218978102187,0.002197265625,0.04617234232801425,0.0,0.0024980646102614303,0.12092247003489609,15,15
1779998532866,0.3352992350339856,0.015873015873015876,0.42774366169540046,1.3464786452955106,0.0,0.0,1,0.09753465136549692,0.0,0.002197265625,0.046172342328014225,0.0,0.0019984516882091442,0.12090412621359226,15,15
1779998533354,0.3329557415096325,0.015873015873015876,0.4305510702838869,1.3352098963008576,0.0,1.0,1,0.09534478210392001,0.0,0.002197265625,0.04617234232801425,0.0,0.0015987613505673154,0.12088578795692406,15,15
1779998533857,0.33217713123776027,0.011223917161691232,0.6103716522649352,1.321468042273357,0.0,1.0,1,0.09894187470500185,0.4970178926441352,0.002197265625,0.04560547974100578,0.0,0.0012790090804538524,0.12086745526235976,13,15
1779998534374,0.3303347023198602,0.0,0.4337079943365407,1.3107336873332887,0.0,0.0,1,0.09623651140727175,0.0,0.002197265625,0.045605479741005796,0.0,0.001023207264363082,0.12100075815011369,15,15
1779998534870,0.3284889578220184,0.011223917161691232,0.6116464590748212,1.2976052851776987,0.0,0.0,1,0.10855305256189768,0.5040322580645161,0.002197265625,0.04504300028132423,0.0,8.185658114904656E-4,0.12098241358399031,13,15
1779998535431,0.3275345852989129,0.015873015873015876,0.6089376430050464,1.284823113967854,0.0,0.0,0,0.1023885636958762,0.445632798573975,0.002197265625,0.04448623258049801,0.0,6.548526491923725E-4,0.12096407457935421,12,15
1779998535944,0.3250967374748223,0.015873015873015876,0.4372683912836459,1.2748498009459859,0.0,0.0,0,0.09849119920544723,0.0,0.002197265625,0.04448623258049801,0.0,5.23882119353898E-4,0.12094574113367684,13,15
1779998536442,0.32414236495171667,0.025097441747368093,0.6066450569805263,1.26267366209556,0.0,0.0,0,0.09661043336323252,0.5020080321285141,0.002197265625,0.04395566152587356,0.0,4.1910569548311844E-4,0.12092741324443101,12,15
1779998536952,0.3248546590952778,0.015873015873015876,0.44050648040100376,1.2531478078909055,0.0,1.0,0,0.09566487880837508,0.0,0.002197265625,0.04395577913318206,0.0,3.3528455638649475E-4,0.12090909090909085,13,15
1779998537455,0.32465334666178935,0.015873015873015876,0.4394422749170196,1.2438653735856038,0.0,0.0,1,0.09252207131004928,0.0,0.002197265625,0.0439789051047485,0.0,2.6822764510919583E-4,0.1208907741251326,15,15
1779998537943,0.3242448258320618,0.03549314249999667,0.6153885545185511,1.2323575623009475,0.0,0.0,1,0.08909460318802402,0.5122950819672131,0.002197265625,0.04343345353437828,0.0,2.145821160873567E-4,0.12087246289003328,13,15
1779998538476,0.3257631711163522,0.03549314249999667,0.4426753918925607,1.2234809132477995,0.0,0.0,1,0.08604720317515108,0.0,0.002197265625,0.04345636880001153,0.0,1.7166569286988537E-4,0.12085415720127213,15,15
1779998538965,0.3268007648645494,0.04046840883803798,0.043268610006043685,1.2201768437798357,0.0,0.0,1,0.089293988478276,0.0,0.002197265625,0.043320756313822734,0.0,1.373325542959083E-4,0.12083585705632949,15,15
1779998539478,0.3261716919460798,0.0,0.04389231993470676,1.2169243953543307,0.0,0.0,1,0.09283379962070955,0.0,0.002197265625,0.04318543382202297,0.0,1.0986604343672664E-4,0.12096896290688874,15,15
1779998539979,0.322696250373792,0.03549314249999667,0.6391668699329022,1.2060417692179441,0.0,0.0,1,0.09316326995711796,0.499001996007984,0.002197265625,0.04264219451126727,0.0,8.789283474938132E-5,0.12095065092340296,13,15
1779998540478,0.3241301584619646,0.04046840883803798,8.682899984540069E-4,1.203550942705455,0.0,0.0,1,0.09327285927155336,0.0,0.002197265625,0.04263456474998579,0.0,7.031426779950506E-5,0.12093234448312395,15,15
1779998540999,0.3265680062860552,0.03174603174603175,0.4760354926440283,1.1951724054197799,0.0,0.0,1,0.08927224147940153,0.0,0.002197265625,0.042634678249942895,0.0,5.6251414239604045E-5,0.12091404358353508,15,15
1779998541561,0.323721637632237,0.011223917161691232,0.47870293927924495,1.1869508476663866,0.0,0.0,1,0.08917621354649005,0.0,0.002197265625,0.042634678249942895,0.0,4.500113139168324E-5,0.12089574822212135,15,15
1779998542083,0.32508930836037414,0.025097441747368093,0.6524429350300571,1.1767737243160155,0.0,0.0,1,0.09069013387702697,0.4789272030651341,0.002197265625,0.0421183502095998,0.0,3.600090511334659E-5,0.1208774583963691,13,15
1779998542609,0.32561363376294966,0.022447834323382463,0.040715648386418626,1.1742106100581489,0.0,0.0,1,0.08867580230885405,0.0,0.002197265625,0.04200453716670546,0.0,2.8800724090677275E-5,0.12085917410376645,15,15
1779998543102,0.32260560003425237,0.015873015873015876,8.959594850645509E-4,1.1721580684154644,0.0,0.0,1,0.08577962390135943,0.0,0.002197265625,0.04199702751877121,0.0,2.3040579272541823E-5,0.12084089534180276,15,15
1779998543592,0.32469342291163855,0.03174603174603175,0.5004869018507668,1.1643610532806423,0.0,0.0,1,0.08209314377074513,0.0,0.002197265625,0.04199713925865679,0.0,1.843246341803346E-5,0.12082262210796912,15,15
1779998544092,0.32189330589069126,0.011223917161691232,0.5930810036316768,1.155664704977893,0.0,0.0,1,0.08142904022583627,0.25,0.002197265625,0.04172989386892264,0.0,1.4745970734426768E-5,0.12080435439975812,15,15
1779998544600,0.32165122751114683,0.04046840883803798,9.120962106213015E-4,1.1538583020165734,0.0,0.0,1,0.07945761948564999,0.0,0.002197265625,0.04172244524164922,0.0,1.1796776587541415E-5,0.12078609221466363,15,15
1779998545098,0.32190551238044335,0.015873015873015876,0.6914691803440248,1.1444032770819221,0.0,0.0,1,0.07763283297787736,0.5020080321285141,0.002197265625,0.04121342199421698,0.0,9.437421270033132E-6,0.12076783555018133,13,15
1779998545619,0.3200135162497307,0.025097441747368093,0.5141341341854238,1.137104285797292,0.0,0.0,1,0.07605235520925278,0.0,0.002197265625,0.041213421994216994,0.0,7.549937016026506E-6,0.12074958440380834,15,15
1779998546115,0.32168018291639744,0.015873015873015876,0.5123029318899727,1.1299810846987568,0.0,0.0,1,0.07634641979788756,0.0,0.002197265625,0.041236711037495606,0.0,6.039949612821206E-6,0.1207313387730432,15,15
1779998546611,0.31816020353373137,0.015873015873015876,0.5191385926030005,1.1229349969788862,0.0,1.0,1,0.0741069657017431,0.0,0.002197265625,0.04123671103749558,0.0,4.831959690256965E-6,0.12071309865538604,15,15
1779998547121,0.3168389076127365,0.0,0.7021334158437343,1.1140640326892786,0.0,0.0,1,0.08019498957400367,0.49019607843137253,0.002197265625,0.04070982747177804,0.0,3.865567752205572E-6,0.12084592145015105,13,15
1779998547654,0.3170809859922808,0.015873015873015876,0.69827952974255,1.1053965062233104,0.0,0.0,0,0.08386308805565303,0.4690431519699812,0.002197265625,0.04018877169390538,0.0,3.092454201764458E-6,0.12082766953632385,12,15
1779998548174,0.3169471268898542,0.011223917161691232,0.5209030162674484,1.098772161792467,0.0,0.0,0,0.09261503491451177,0.0,0.002197265625,0.040188771693905424,0.0,2.4739633614115664E-6,0.12080942313500453,13,15
1779998548646,0.3189266073158513,0.03549314249999667,9.166619283659797E-4,1.0976785199044499,0.0,0.0,1,0.08935722781034165,0.0,0.002197265625,0.040181517835811656,0.0,1.9791706891292533E-6,0.12079118224369623,15,15
1779998549156,0.3176053113948564,0.04046840883803798,0.533892481443247,1.0911841400892353,0.0,0.0,1,0.0891037589716358,0.0,0.002197265625,0.04018151783581164,0.0,1.5833365513034028E-6,0.12077294685990336,15,15
1779998549654,0.3170594597014785,0.04046840883803798,0.13432947074230603,1.0888503404346102,0.0,0.0,1,0.08703833636031051,0.25100401606425704,0.002197265625,0.03981230857935095,0.0,1.2666692410427224E-6,0.12075471698113205,15,15
1779998550160,0.3155807617757973,0.022447834323382463,0.5407239510628437,1.0825453821783648,0.0,0.0,1,0.0838652690094634,0.0,0.002197265625,0.03983369408305081,0.0,1.013335392834178E-6,0.12073649260488983,15,15
1779998550667,0.3139140951091307,0.015873015873015876,0.5473036279055823,1.0763024518163888,0.0,0.0,1,0.0852601483524733,0.0,0.002197265625,0.03983369408305081,0.0,8.106683142673424E-7,0.12071827372868571,15,15
1779998551164,0.3152353910301256,0.015873015873015876,0.5452896359893875,1.0702038701437755,0.0,0.0,1,0.08362251365717112,0.0,0.002197265625,0.03985516168013758,0.0,6.48534651413874E-7,0.12070006035003022,15,15
1779998551664,0.3149933126505811,0.033671751485073696,0.7335937354681638,1.0623949036138722,0.0,0.0,1,0.08095929486743168,0.5,0.002197265625,0.039341526092686145,0.0,5.188277211310992E-7,0.12068185246643537,13,15
1779998552174,0.31747569828505007,0.022447834323382463,0.551202266318584,1.0564798371351,0.0,0.0,1,0.07948773073761235,0.0,0.002197265625,0.03934152609268615,0.0,4.150621769048794E-7,0.1206636500754148,15,15
1779998552682,0.3179325703565638,0.025097441747368093,9.473850121042536E-4,1.0558746105176524,0.0,0.0,1,0.07816398671761693,0.0,0.002197265625,0.03933441153672236,0.0,3.320497415239035E-7,0.1206454531744835,15,15
1779998553183,0.31448114581483355,0.04627739599083572,0.5644693919407788,1.0500651208033853,0.0,0.0,1,0.07622644412235495,0.0,0.002197265625,0.03933551914004576,0.0,2.656397932191228E-7,0.12062726176115801,15,15
1779998553671,0.3159598437405147,0.011223917161691232,0.7493294236499031,1.0426481915600574,0.0,0.0,1,0.07944551323642479,0.5122950819672131,0.002197265625,0.03883068684793322,0.0,2.1251183457529824E-7,0.12060907583295644,13,15
1779998554182,0.3123360807858508,0.011223917161691232,0.5657459698719755,1.0370478742889995,0.0,0.0,1,0.0774463982285592,0.0,0.002197265625,0.038831786920288276,0.0,1.700094676602386E-7,0.1205908953873982,15,15
1779998554678,0.3112659036898972,0.0,0.7482529028372971,1.0298812586166102,0.0,0.0,1,0.07599479420913748,0.5040322580645161,0.002197265625,0.03832759255394054,0.0,1.360075741281909E-7,0.12072343632253202,13,15
1779998555204,0.31203230747201716,0.04046840883803798,0.18639903362131488,1.0279119208142566,0.0,0.0,0,0.07745686936638228,0.47528517110266155,0.002197265625,0.037803564236196234,0.0,1.0880605930255272E-7,0.12070524412296568,12,15
1779998555715,0.3158067449828345,0.025097441747368093,0.5752806002570299,1.0225418193174778,0.0,0.0,0,0.07599338011016543,0.0,0.002197265625,0.03780560904455082,0.0,8.704484744204218E-8,0.12068705740545427,13,15
1779998556199,0.312915838518638,0.03174603174603175,0.5776051307963542,1.0172517908595193,0.0,1.0,1,0.07392539443713113,0.0,0.002197265625,0.037805609044550825,0.0,6.963587795363374E-8,0.12066887616752031,15,15
1779998556685,0.31449928396021315,0.03549314249999667,0.04205818124628795,1.0167150011119905,0.0,0.0,1,0.07338318545306406,0.0,0.002197265625,0.03769975866713465,0.0,5.5708702362906995E-8,0.1206507004066878,15,15
1779998557185,0.31227772515467156,0.03549314249999667,0.5906359401021715,1.0115137513345347,0.0,1.0,1,0.07763664285781503,0.0,0.002197265625,0.03769975866713465,0.0,4.45669618903256E-8,0.12063253012048192,15,15
1779998557692,0.3109497017851438,0.04046840883803798,0.18670662557224807,1.0098328671575634,0.0,0.0,1,0.07578815934250174,0.4930966469428008,0.002197265625,0.03719837162918571,0.0,3.565356951226048E-8,0.12061436530642977,13,15
1779998558206,0.31018329800302374,0.03549314249999667,0.6013563804506048,1.0047356181055824,0.0,0.0,1,0.07562906987594255,0.0,0.002197265625,0.037198371629185684,0.0,2.8522855609808387E-8,0.12059620596205967,15,15
1779998558711,0.3131171509521265,0.025097441747368093,0.5986289635890406,0.9997529034216915,0.0,0.0,1,0.07511215998204038,0.0,0.002197265625,0.03722058807272343,0.0,2.281828448784671E-8,0.12057805208490135,15,15
1779998559201,0.3129664763959731,0.011223917161691232,0.6007762355165711,0.9948420611222932,0.0,0.0,1,0.07389594676350462,0.0,0.002197265625,0.037240744444020514,0.0,1.825462759027737E-8,0.12055990367248648,15,15
1779998559700,0.3158573828601696,0.04046840883803798,0.14058103163014318,0.9937633415351326,0.0,0.0,1,0.07224034244601249,0.250501002004008,0.002197265625,0.03687357233166434,0.0,1.4603702072221896E-8,0.12054176072234768,15,15
1779998560196,0.31553436989108247,0.022447834323382463,0.616660518178149,0.9889063516074319,0.0,0.0,1,0.07087567863673172,0.0,0.002197265625,0.03687460995811126,0.0,1.1682961657777517E-8,0.12052362323201926,15,15
1779998560694,0.3179722177151731,0.03549314249999667,0.6138234648633443,0.9841570022667799,0.0,0.0,1,0.06988546021454511,0.0,0.002197265625,0.036896769175955246,0.0,9.346369326222014E-9,0.1205054911990372,15,15
1779998561187,0.31783835861274645,0.011223917161691232,0.799004127547545,0.9780121240355654,0.0,0.0,1,0.06915388619454921,0.5070993914807302,0.002197265625,0.03642962821078011,0.0,7.477095460977611E-9,0.12048736462093868,13,15
1779998561693,0.31753458529891293,0.015873015873015876,0.6187723710765607,0.9733837387669364,0.0,1.0,1,0.07023654244031463,0.0,0.002197265625,0.036429723346498154,0.0,5.981676368782089E-9,0.12046924349526245,15,15
1779998562179,0.31872214529175247,0.025097441747368093,0.6203291981668047,0.9688228170830195,0.0,0.0,1,0.07565104522589484,0.0,0.002197265625,0.036430749123033596,0.0,4.7853410950256715E-9,0.12045112781954892,15,15
1779998562682,0.32376989923096944,0.050194883494736185,0.001008922924961525,0.9691172569240285,0.0,0.0,1,0.07552411646931968,0.0,0.002197265625,0.036423906083590606,0.0,3.8282728760205375E-9,0.12043301759133962,15,15
1779998563178,0.3232240475375914,0.04046840883803798,0.6346257650389707,0.9646163613705186,0.0,0.0,1,0.08102856429750571,0.0,0.002197265625,0.03642400122032167,0.0,3.0626183008164304E-9,0.12041491280817795,15,15
1779998563684,0.3241929710141413,0.025097441747368093,0.8203499130508952,0.958772532027756,0.0,0.0,1,0.08382347097053794,0.49407114624505927,0.002197265625,0.035942603226138674,0.0,2.4500946406531445E-9,0.12039681346760855,13,15
1779998564195,0.32419297101414124,0.04046840883803798,0.04281549538458288,0.9588511687657401,0.0,0.0,1,0.08180015211947866,0.0,0.002197265625,0.03584049696681885,0.0,1.9600757125225156E-9,0.1203787195671776,15,15
1779998564708,0.3248220439326108,0.011223917161691232,0.6461051371375033,0.9544975588482127,0.0,0.0,1,0.07853072657754358,0.0,0.002197265625,0.035842513232210944,0.0,1.5680605700180126E-9,0.12036063110443274,15,15
1779998565200,0.3206838754295745,0.03549314249999667,0.6476586202849641,0.9502037294482729,0.0,0.0,1,0.08056944173198835,0.0,0.002197265625,0.03584352332519593,0.0,1.2544484560144102E-9,0.12034254807692313,15,15
1779998565702,0.31964628168137743,0.03549314249999667,0.7370186705613166,0.9453219363949038,0.0,0.0,1,0.07842309568551449,0.24900398406374502,0.002197265625,0.03562619386414255,0.0,1.0035587648115283E-9,0.12032447048219919,15,15
1779998566197,0.31981862009431117,0.025097441747368093,0.0010194568969311918,0.9458318191999027,0.0,0.0,1,0.07782785116553302,0.0,0.002197265625,0.03561957354460643,0.0,8.028470118492227E-10,0.1203063983178132,15,15
1779998566698,0.3175228805091749,0.025097441747368093,0.6619928777179558,0.9416572512599987,0.0,0.0,1,0.07747495349893566,0.0,0.002197265625,0.0356195735446064,0.0,6.422776094793782E-10,0.12028833158131846,15,15
1779998567192,0.3157898977141973,0.011223917161691232,0.6586674943337197,0.9375724682213993,0.0,0.0,1,0.0764229265396957,0.0,0.002197265625,0.03563916237624386,0.0,5.138220875835026E-10,0.12027027027027026,15,15
1779998567697,0.3143559896260247,0.0,0.65992268113524,0.9335435331784998,0.0,0.0,1,0.07856042578217831,0.0,0.002197265625,0.0356588272912435,0.0,4.1105767006680206E-10,0.12040234199069211,15,15
1779998568184,0.3137269167075551,0.033671751485073696,0.1937735650915039,0.9328303176409327,0.0,0.0,1,0.0766753175563589,0.513347022587269,0.002197265625,0.0351789909546121,0.0,3.2884613605344166E-10,0.1203842689882918,13,15
1779998568768,0.3144338025843138,0.033671751485073696,0.8573845906380098,0.9275675295832576,0.0,0.0,0,0.07767937664808217,0.42808219178082196,0.002197265625,0.03472798112092224,0.0,2.6307690884275336E-10,0.12036620141077592,12,15
1779998569293,0.3157007310727053,0.015873015873015876,0.0010284352969404387,0.9282329279212397,0.0,0.0,0,0.0768605827735545,0.0,0.002197265625,0.034721516767855225,0.0,2.104615270742027E-10,0.12034813925570231,13,15
1779998569792,0.31491368367511857,0.04627739599083572,0.6866983393555752,0.9242988703475246,0.0,0.0,1,0.07549993319442669,0.0,0.002197265625,0.03472247887244707,0.0,1.6836922165936218E-10,0.12033008252063015,15,15
1779998570285,0.3111392461643013,0.04627739599083572,0.0010462522271291208,0.9249922104300498,0.0,0.0,1,0.07619292525803152,0.0,0.002197265625,0.03471603801599093,0.0,1.3469537732748975E-10,0.12031203120312028,15,15
1779998570776,0.3089528151361096,0.04046840883803798,0.8913663316211666,0.9198375451199001,0.0,0.0,1,0.07554460912697009,0.5091649694501018,0.002197265625,0.03425045871078572,0.0,1.077563018619918E-10,0.12029398530073498,13,15
1779998571286,0.3063031969051702,0.0,0.6986835782766146,0.9160147670603433,0.0,0.0,1,0.0846342633940994,0.0,0.002197265625,0.034250458710785726,0.0,8.620504148959345E-11,0.12042591481703657,15,15
1779998571782,0.30526560315697304,0.015873015873015876,0.8852242025162345,0.9110144387335902,0.0,0.0,1,0.08371270417023033,0.5040322580645161,0.002197265625,0.03378968567116433,0.0,6.896403319167477E-11,0.1204078572499625,13,15
1779998572282,0.3048570823272455,0.015873015873015876,0.6918760170366414,0.9073396299874251,0.0,0.0,1,0.08182665976471235,0.0,0.002197265625,0.033810493709011395,0.0,5.5171226553339813E-11,0.12038980509745123,15,15
1779998572788,0.30635101560159095,0.025097441747368093,0.6975660179960125,0.9036812642457005,0.0,0.0,1,0.08887360572691903,0.0,0.002197265625,0.03381049370901143,0.0,4.4136981242671855E-11,0.12037175835706793,15,15
1779998573279,0.30572194268312136,0.025097441747368093,0.698047938776439,0.9000724166970039,0.0,0.0,1,0.08532862892042606,0.0,0.002197265625,0.03381247318844779,0.0,3.5309584994137485E-11,0.12035371702637887,15,15
1779998573775,0.3062815903153666,0.03549314249999667,0.699003653236581,0.8965090694801887,0.0,0.0,1,0.08368572341060726,0.0,0.002197265625,0.033813405028985596,0.0,2.824766799530999E-11,0.12033568110295223,15,15
1779998574275,0.3058247182438528,0.04627739599083572,0.09603873726480783,0.896834999546813,0.0,0.0,1,0.08076954381721574,0.25,0.002197265625,0.033578379884152174,0.0,2.2598134396247993E-11,0.12031765058435717,15,15
1779998574809,0.302600693467464,0.04046840883803798,0.7121505808854123,0.8933124488919264,0.0,0.0,1,0.09087456184039985,0.0,0.002197265625,0.033578379884152174,0.0,1.8078507516998395E-11,0.12029962546816475,15,15
1779998575306,0.30346266253040566,0.04046840883803798,0.001048280654454859,0.8942600760269702,0.0,0.0,1,0.08739824620208361,0.0,0.002197265625,0.033572120367402584,0.0,1.4462806013598717E-11,0.12028160575194724,15,15
1779998575791,0.3066294158475779,0.044895668646764926,0.914204713003727,0.8896072717047486,0.0,0.0,1,0.08399557971996736,0.5154639175257733,0.002197265625,0.03312186621732577,0.0,1.1570244810878974E-11,0.12026359143327847,13,15
1779998576306,0.30839466473747984,0.04046840883803798,0.7189036318148373,0.8862070946034715,0.0,0.0,1,0.08186504756964795,0.0,0.002197265625,0.03314235126676705,0.0,9.25619584870318E-12,0.1202455825097335,15,15
1779998576804,0.3068112192959047,0.0,0.7194052711073537,0.8828499671357131,0.0,0.0,1,0.08247296068758414,0.0,0.002197265625,0.033162917166950474,0.0,7.404956678962543E-12,0.12037730199131602,15,15
1779998577294,0.3068112192959047,0.03549314249999667,0.9086469160075994,0.878373364526376,0.0,0.0,1,0.08339696613200276,0.5102040816326531,0.002197265625,0.03271425185687265,0.0,5.923965343170035E-12,0.12035928143712571,13,15
1779998577818,0.3068112192959047,0.015873015873015876,0.9014469452992867,0.8739783880642049,0.0,0.0,0,0.08429938344933625,0.47709923664122134,0.002197265625,0.03226946598172246,0.0,4.7391722745360284E-12,0.12034126627750341,12,15
1779998578335,0.3076908385649847,0.022447834323382463,0.713907773417905,0.8707727488377748,0.0,0.0,0,0.08100445085887782,0.0,0.002197265625,0.032289566993339264,0.0,3.791337819628823E-12,0.12032325651002695,13,15
1779998578843,0.3092250500894379,0.047619047619047616,0.04583797799012091,0.871627754167918,0.0,0.0,1,0.08005818776716503,0.0,0.002197265625,0.03217981553038134,0.0,3.0330702557030584E-12,0.12030525213227594,15,15
1779998579333,0.3096965554246763,0.04046840883803798,0.7283066557723401,0.868449154966364,0.0,0.0,1,0.0781993846708352,0.0,0.002197265625,0.03219788402692259,0.0,2.4264562045624467E-12,0.1202872531418312,15,15
1779998579827,0.3096965554246763,0.025097441747368093,0.8230898764320917,0.864745383233994,0.0,0.0,1,0.07561526605885793,0.25303643724696356,0.002197265625,0.03197760988657124,0.0,1.9411649636499574E-12,0.12026925953627521,15,15
1779998580362,0.30536551161386605,0.025097441747368093,0.9039603996491867,0.860595282777205,0.0,0.0,1,0.07352858146303277,0.4672897196261682,0.002197265625,0.03155839550725814,0.0,1.552931970919966E-12,0.1202512713131918,13,15
1779998580889,0.30390564644755247,0.025097441747368093,0.728658552190282,0.8575246165626415,0.0,0.0,1,0.072405995498504,0.0,0.002197265625,0.03155839550725812,0.0,1.242345576735973E-12,0.12023328847016601,15,15
1779998581397,0.3007990304956199,0.0,1.0,1.3786321077930197,1.0,0.0,1,0.07840023178056585,0.4921259842519685,0.002197265625,0.021402766002609253,0.21812702846652088,0.043625405694298056,0.12036483253588515,13,15
1779998581921,0.3010411088751643,0.04046840883803798,0.07748744883718396,1.3722166459213174,0.0,0.0,0,0.0772633068721714,0.47709923664122134,0.002197265625,0.021022719671012283,0.0,0.03490032455543845,0.12034683809239044,12,15
1779998582438,0.30134488218899785,0.011223917161691232,0.43634785407683463,1.3603870345076323,0.0,0.0,0,0.07631854567983504,0.0,0.002197265625,0.021023982963547155,0.0,0.02792025964435076,0.12032884902840058,13,15
1779998582935,0.30170117311982936,0.011223917161691232,0.4376729713756072,1.3488400597782948,0.0,0.0,1,0.07624283782215621,0.0,0.002197265625,0.02103588700717105,0.0,0.02233620771548061,0.12031086534150348,15,15
1779998583432,0.29990823264646627,0.0,0.4404575061414464,1.3375443510810043,0.0,0.0,1,0.07459059307359757,0.0,0.002197265625,0.021047839458567672,0.0,0.01786896617238449,0.12044231918708903,15,15
1779998583977,0.29990823264646627,0.025097441747368093,0.5076463967783538,1.3255298414485117,0.0,0.0,1,0.07485815242386987,0.4587155963302752,0.002197265625,0.020739134545584608,0.0,0.014295172937907592,0.12042432392051394,13,15
1779998584496,0.29990823264646627,0.03174603174603175,0.5084856800980313,1.3137990193086655,0.0,0.0,0,0.07371140154999768,0.4816955684007707,0.002197265625,0.02043566112022665,0.0,0.011436138350326074,0.12040633403047507,12,15
1779998585011,0.29990823264646627,0.025097441747368093,0.4486254480343644,1.3032260946738325,0.0,0.0,0,0.07296071128910782,0.0,0.002197265625,0.020435661120226614,0.0,0.00914891068026086,0.12038834951456312,13,15
1779998585508,0.30004581966997523,0.022447834323382463,0.44980691970475484,1.2928964055421364,0.0,0.0,1,0.07785096044979574,0.0,0.002197265625,0.02044729982579095,0.0,0.007319128544208688,0.12037037037037035,15,15
1779998586030,0.3010341795010504,0.015873015873015876,0.4541457577765412,1.2827577127571554,0.0,1.0,1,0.07693495832448236,0.0,0.002197265625,0.020447348538275595,0.0,0.005855302835366951,0.12035239659549046,15,15
1779998586525,0.30401066427163853,0.044895668646764926,0.03371526920098127,1.2786788360194377,0.0,0.0,1,0.0826847674911939,0.25252525252525254,0.002197265625,0.020283162855742443,0.0,0.004684242268293561,0.12033442818751872,15,15
1779998587033,0.30393990308543023,0.04627739599083572,0.46564383001238313,1.2688305742566828,0.0,0.0,1,0.08917400953867397,0.0,0.002197265625,0.020283162855742443,0.0,0.003747393814634849,0.12031646514405137,15,15
1779998587543,0.3024800379191165,0.0,0.468342653244874,1.2591812153017075,0.0,0.0,1,0.09924469859972157,0.0,0.002197265625,0.020283162855742443,0.0,0.0029979150517078796,0.12044776119402989,15,15
1779998588126,0.30427297839247963,0.015873015873015876,0.5343758308643272,1.2488819128992175,0.0,0.0,1,0.09448053931182236,0.42881646655231564,0.002197265625,0.01998435638853436,0.0,0.002398332041366304,0.12042978659901504,13,15
1779998588669,0.3017011731198293,0.022447834323382463,0.535116716971044,1.2388098784890378,0.0,0.0,0,0.09867471015043396,0.4604051565377532,0.002197265625,0.019689946948590574,0.0,0.0019186656330930432,0.12041181736794981,12,15
1779998589179,0.3028680526993553,0.03549314249999667,0.4744365262659127,1.2297567276636059,0.0,0.0,0,0.09557813255902983,0.0,0.002197265625,0.01969117697238165,0.0,0.0015349325064744346,0.12039385349843357,13,15
1779998589681,0.30390564644755247,0.04046840883803798,0.4769460799887047,1.22088146285584,0.0,0.0,1,0.0917032419348442,0.0,0.002197265625,0.019693909742023917,0.0,0.0012279460051795477,0.12037589498806678,15,15
1779998590183,0.3020632175296523,0.050194883494736185,3.84429608331228E-4,1.2181859064753002,0.0,0.0,1,0.08897984064222589,0.0,0.002197265625,0.01969015032604849,0.0,9.823568041436382E-4,0.12035794183445192,15,15
1779998590678,0.3020632175296523,0.04046840883803798,0.5214142707498726,1.2091349304412797,0.0,0.0,1,0.08637549432326425,0.25252525252525254,0.002197265625,0.01954413884287239,0.0,7.858854433149106E-4,0.12033999403519235,15,15
1779998591186,0.3018703422218784,0.015873015873015876,0.49165330512107475,1.2006513777759726,0.0,0.0,1,0.0896048573448656,0.0,0.002197265625,0.01954463893889318,0.0,6.287083546519284E-4,0.12032205158789322,15,15
1779998591699,0.30010509333197655,0.015873015873015876,0.49428880795282104,1.1923272537769096,0.0,0.0,1,0.08524072413236601,0.0,0.002197265625,0.019544638938893147,0.0,5.029666837215428E-4,0.12030411449016098,15,15
1779998592190,0.30010509333197655,0.0,0.5605174845266921,1.1833969271561284,0.0,0.0,1,0.08439898227890152,0.5091649694501018,0.002197265625,0.01925548459647286,0.0,4.0237334697723425E-4,0.12043523624981367,13,15
1779998592720,0.2996027171589478,0.0,0.5611140147220511,1.1746520210202154,0.0,0.0,0,0.08952705151847046,0.4716981132075471,0.002197265625,0.018970136798078283,0.0,3.2189867758178743E-4,0.12056631892697467,12,15
1779998593230,0.2974162861307561,0.0,0.5617312915933882,1.1660870066691085,0.0,0.0,0,0.08700551268030918,0.49019607843137253,0.002197265625,0.018688559812372562,0.0,2.5751894206542993E-4,0.1206973625391149,11,15
1779998593763,0.2974162861307561,0.04046840883803798,0.06258554186868018,1.1634421247984599,0.0,0.0,0,0.08540978943687032,0.4690431519699812,0.002197265625,0.018407122572466617,0.0,2.0601515365234395E-4,0.12067938021454117,10,15
1779998594274,0.2951751887295443,0.04046840883803798,0.5108968034202876,1.1558030570433575,0.0,0.0,0,0.08941501781876472,0.0,0.002197265625,0.018407122572466603,0.0,1.6481212292187517E-4,0.12066140324743035,11,15
1779998594774,0.2951751887295443,0.0,0.5742577992975596,1.1476171544517662,0.0,0.0,0,0.08558238383999782,0.5,0.001953125,0.01813301213753746,0.0,1.3184969833750015E-4,0.12079237414358057,10,15
1779998595281,0.2961958773809608,0.015873015873015876,0.5748183048267467,1.139594836561878,0.0,0.0,0,0.08320538775569955,0.4930966469428008,0.001953125,0.017862564384993524,0.0,1.0547975867000012E-4,0.12077438570364851,9,15
1779998595795,0.2981386097351415,0.03174603174603175,0.015193353437508588,1.1378423969083946,0.0,0.0,0,0.09315705008579442,0.0,0.001953125,0.017795911300147762,0.0,8.438380693600011E-5,0.1207564026206075,10,15
1779998596290,0.3003797071363533,0.033671751485073696,0.014015965761051368,1.1361281619813848,0.0,0.0,0,0.09130794269244245,0.0,0.001953125,0.017738189060436723,0.0,6.750704554880009E-5,0.12073842489206488,11,15
1779998596797,0.29596271544858554,0.04046840883803798,0.5370513929256409,1.128975228446586,0.0,0.0,0,0.0874639074694348,0.0,0.001953125,0.01773863862994141,0.0,5.400563643904007E-5,0.12072045251562968,12,15
1779998597302,0.29596271544858554,0.015873015873015876,0.5700726954298686,1.1216263281052128,0.0,0.0,0,0.08380466721537558,0.24752475247524752,0.001953125,0.017605597139984504,0.0,4.3204509151232055E-5,0.12070248548891205,12,15
1779998597807,0.2963562060034142,0.015873015873015876,0.5412253116372607,1.1147253322797994,0.0,0.0,0,0.08078110237352953,0.0,0.001953125,0.017606044871576312,0.0,3.4563607320985644E-5,0.12068452380952377,13,15
1779998598299,0.29596271544858554,0.015873015873015876,0.6043930892010658,1.1073188230084485,0.0,0.0,0,0.08097656743825432,0.508130081300813,0.001953125,0.017342644322716733,0.0,2.7650885856788516E-5,0.12066656747507809,12,15
1779998598826,0.2950432129087854,0.022447834323382463,0.6030668266496504,1.1000709091430132,0.0,0.0,0,0.07841190810848118,0.47438330170777987,0.001953125,0.017093682836021067,0.0,2.2120708685430813E-5,0.12064861648318947,11,15
1779998599348,0.2962472491071656,0.025097441747368093,0.5462586368336326,1.093536369191392,0.0,0.0,0,0.07851369243807574,0.0,0.001953125,0.017093682836021116,0.0,1.769656694834465E-5,0.12063067083147405,12,15
1779998599869,0.29884220096508485,0.015873015873015876,0.548251641791116,1.0871140847868452,0.0,0.0,0,0.07677453969432257,0.0,0.001953125,0.017096173080301726,0.0,1.415725355867572E-5,0.12061273051754906,13,15
1779998600369,0.3015464613799486,0.044895668646764926,0.5359169685468362,1.0809424599524509,0.0,0.0,1,0.07733527847897749,0.0,0.001953125,0.017159485029180636,0.0,1.1325802846940578E-5,0.1205947955390334,15,15
1779998600860,0.3040179632163183,0.050194883494736185,0.5831432967276318,1.0744341865745453,0.0,0.0,1,0.07934600060501826,0.2545824847250509,0.001953125,0.017032376408330434,0.0,9.060642277552462E-6,0.12057686589354744,15,15
1779998601363,0.29987979471328197,0.03549314249999667,0.5534934872126749,1.0683390588676303,0.0,0.0,1,0.07842927884937163,0.0,0.001953125,0.017042075723772806,0.0,7.24851382204197E-6,0.12055894157871261,15,15
1779998601859,0.30172222363118206,0.03549314249999667,0.0017410028192829852,1.0675931276642683,0.0,0.0,1,0.07694859252825514,0.0,0.001953125,0.01703092874336284,0.0,5.7988110576335765E-6,0.12054102259215216,15,15
1779998602356,0.30613921531894983,0.047619047619047616,0.5681939402676764,1.0615969810099342,0.0,0.0,1,0.0778124272116077,0.0,0.001953125,0.017033384951291242,0.0,4.639048846106861E-6,0.12052310893149054,15,15
1779998602882,0.3074805823809805,0.056119585808456156,0.045789174919303025,1.060526703615687,0.0,0.0,1,0.07769259398912248,0.23764258555133078,0.001953125,0.016850029906006377,0.0,3.711239076885489E-6,0.12050520059435366,15,15
1779998603383,0.3082469861631005,0.033671751485073696,0.5813589947934144,1.054641632975452,0.0,0.0,1,0.07658522482163384,0.0,0.001953125,0.016850029906006377,0.0,2.9689912615083915E-6,0.12048729757836873,15,15
1779998603877,0.30987376955904694,0.025097441747368093,0.0159284903866311,1.0539248839642392,0.0,0.0,1,0.07644130922151678,0.0,0.001953125,0.016786789842732186,0.0,2.3751930092067134E-6,0.12046939988116456,15,15
1779998604381,0.30803134064114684,0.04046840883803798,0.5932455627506883,1.0481596435941356,0.0,0.0,1,0.07542003592230781,0.0,0.001953125,0.016796377060972187,0.0,1.9001544073653708E-6,0.12045150750037126,15,15
1779998604889,0.3073791211374083,0.025097441747368093,0.6283330766185896,1.042193941539934,0.0,0.0,1,0.07471590789489503,0.24606299212598426,0.001953125,0.01666971186031808,0.0,1.5201235258922967E-6,0.12043362043362038,15,15
1779998605389,0.30881302922558085,0.04046840883803798,0.014619170010718684,1.041629851313404,0.0,0.0,1,0.07281419362676789,0.0,0.001953125,0.016615307027348085,0.0,1.2160988207138375E-6,0.12041573867854494,15,15
1779998605894,0.30616341099464145,0.04046840883803798,0.6099435177116262,1.036044336410109,0.0,0.0,1,0.072479157437149,0.0,0.001953125,0.016615307027348095,0.0,9.728790565710701E-7,0.12039786223277915,15,15
1779998606396,0.30441587724621955,0.0,0.6750855656597207,1.0300076933975018,0.0,0.0,1,0.07014008177772334,0.49800796812749004,0.001953125,0.01636528832157785,0.0,7.783032452568561E-7,0.12052842511503636,13,15
1779998606907,0.3064054893741859,0.03549314249999667,0.07985753427773566,1.0290412573330123,0.0,0.0,0,0.07205858862241656,0.4892367906066536,0.001953125,0.016057933594269918,0.0,6.226425962054849E-7,0.12051053725140992,12,15
1779998607459,0.30307451018418885,0.03549314249999667,0.623307206615176,1.023651418382332,0.0,0.0,0,0.0706254843030342,0.0,0.001953125,0.01605793359426997,0.0,4.98114076964388E-7,0.12049265469654247,13,15
1779998607951,0.3057764164557163,0.025097441747368093,0.6866560352919618,1.017837207877455,0.0,0.0,0,0.06884127167617204,0.508130081300813,0.001953125,0.01581750732870751,0.0,3.9849126157151037E-7,0.12047477744807122,12,15
1779998608473,0.3094001794103803,0.022447834323382463,0.0017757345571782406,1.0176415457490657,0.0,0.0,0,0.06904155126039517,0.0,0.001953125,0.015807333726439117,0.0,3.187930092572083E-7,0.12045690550363453,13,15
1779998608980,0.3087844501844136,0.050194883494736185,4.38025223597062E-4,1.017458616542812,0.0,0.0,1,0.067682558074846,0.0,0.001953125,0.015804054780984834,0.0,2.5503440740576666E-7,0.12043903886087215,15,15
1779998609482,0.3074105672824139,0.04046840883803798,0.6508822983945909,1.0122460750682754,0.0,0.0,1,0.07084891728781027,0.0,0.001953125,0.01580405478098481,0.0,2.0402752592461333E-7,0.12042117751742543,15,15
1779998609996,0.3098820691187836,0.03549314249999667,0.04762270944968922,1.0117607705533638,0.0,0.0,1,0.06957337606306552,0.24319066147859922,0.001953125,0.015632673002168643,0.0,1.6322202073969068E-7,0.12040332147093713,15,15
1779998610509,0.3087519343444447,0.044895668646764926,0.6644509071181985,1.0066348276125787,0.0,0.0,1,0.06831833428693809,0.0,0.001953125,0.015633066619880426,0.0,1.3057761659175255E-7,0.12038547071905115,15,15
1779998611005,0.30784234890826406,0.015873015873015876,0.6656854894458978,1.0015855916068672,0.0,0.0,1,0.09033146363264957,0.0,0.001953125,0.015633066619880426,0.0,1.0446209327340204E-7,0.12036762525941302,15,15
1779998611506,0.31129377344999426,0.03549314249999667,0.08246296721875775,1.0009638035439274,0.0,0.0,1,0.08949362395559392,0.499001996007984,0.001953125,0.015335958239765007,0.0,8.356967461872164E-8,0.12034978508966954,13,15
1779998612024,0.3123144621014108,0.022447834323382463,0.6787683904278681,0.9959992131830232,0.0,1.0,1,0.08651301125041728,0.0,0.001953125,0.01533595823976502,0.0,6.685573969497732E-8,0.1203319502074689,15,15
1779998612531,0.31461020168654696,0.011223917161691232,0.6797880750213847,0.9911082066643337,0.0,0.0,1,0.08428918477127786,0.0,0.001953125,0.015335958239764982,0.0,5.348459175598186E-8,0.12031412061046076,15,15
1779998613036,0.31354306746057725,0.025097441747368093,0.6807953866303795,0.9862892207624708,0.0,0.0,1,0.09573835588974014,0.0,0.001953125,0.015335958239765007,0.0,4.278767340478549E-8,0.12029629629629635,15,15
1779998613536,0.31354306746057736,0.03174603174603175,0.7133875639848526,0.9813111159056366,0.0,0.0,1,0.09189898414000258,0.25,0.001953125,0.01522252908919779,0.0,3.423013872382839E-8,0.12027847726262775,15,15
1779998614067,0.31354306746057736,0.050194883494736185,3.3607677104110606E-4,0.9814921654476971,0.0,0.0,1,0.0885081633475846,0.0,0.001953125,0.015220203387628107,0.0,2.7384110979062717E-8,0.12026066350710896,15,15
1779998614563,0.314443330345124,0.04046840883803798,0.6959048971394782,0.9768134089093179,0.0,0.0,1,0.09717152269698529,0.0,0.001953125,0.015220203387628103,0.0,2.1907288783250173E-8,0.12024285502739518,15,15
1779998615065,0.3131188683798739,0.022447834323382463,0.6950246190266347,0.9722141025937353,0.0,0.0,1,0.09289837302541004,0.0,0.001953125,0.015228924746017102,0.0,1.752583102660014E-8,0.12022505182114307,15,15
1779998615564,0.3123524645977539,0.015873015873015876,0.034019018280761815,0.9722525802522708,0.0,0.0,1,0.09058823954226806,0.250501002004008,0.001953125,0.015109872616322179,0.0,1.4020664821280112E-8,0.12020725388601039,15,15
1779998616074,0.3134226416937075,0.044895668646764926,0.7106403647374686,0.9677088181971215,0.0,0.0,1,0.08650469818336533,0.0,0.001953125,0.015111763713676469,0.0,1.1216531857024091E-8,0.12018946121965657,15,15
1779998616591,0.3150060871352826,0.011223917161691232,0.7110851420924567,0.9632310163788652,0.0,0.0,1,0.08991053138164715,0.0,0.001953125,0.015114940726528123,0.0,8.973225485619274E-9,0.12017167381974247,15,15
1779998617091,0.3155304125378582,0.050194883494736185,0.7102832581868415,0.95882626544816,0.0,0.0,1,0.09175767642169666,0.0,0.001953125,0.015124736348532406,0.0,7.178580388495419E-9,0.1201538916839302,15,15
1779998617594,0.3155304125378582,0.022447834323382463,0.7454947989246672,0.9542495315736078,0.0,0.0,1,0.08848074401299492,0.2485089463220676,0.001953125,0.015010653757730084,0.0,5.742864310796336E-9,0.12013611480988307,15,15
1779998618104,0.3144170266790176,0.03174603174603175,0.7127343314079945,0.9499582001343885,0.0,1.0,1,0.08471138522917723,0.0,0.001953125,0.015010653757730096,0.0,4.594291448637069E-9,0.12011834319526626,15,15
1779998618599,0.3150752111840199,0.03174603174603175,0.7131688976347025,0.9457275787525883,0.0,0.0,1,0.08272479669637811,0.0,0.001953125,0.015011732036319933,0.0,3.6754331589096556E-9,0.12010057683774589,15,15
1779998619095,0.3115552318013538,0.03174603174603175,0.7787320089753009,0.9411220809244983,0.0,1.0,1,0.12139764599820825,0.5040322580645161,0.001953125,0.014783810301629476,0.0,2.9403465271277247E-9,0.12008281573498969,13,15
1779998619616,0.31232163558347387,0.025097441747368093,0.7764626785283114,0.9365920829421482,0.0,0.0,0,0.12768020542544475,0.4798464491362764,0.001953125,0.014560939054415835,0.0,2.35227722170218E-9,0.12006505988466654,12,15
1779998620133,0.3124939739964076,0.033671751485073696,0.7124267564964623,0.9325450632816699,0.0,1.0,0,0.12054144973191092,0.0,0.001953125,0.01456200449494518,0.0,1.881821777361744E-9,0.12004730928444707,13,15
1779998620626,0.31088814441683266,0.03174603174603175,0.71316574796639,0.9285519693424387,0.0,1.0,1,0.12125413098411335,0.0,0.001953125,0.01456200449494518,0.0,1.5054574218893953E-9,0.12002956393200293,15,15
1779998621126,0.3090685114505996,0.0,0.7137453489944827,0.9246127361073634,0.0,0.0,1,0.12034321885366624,0.0,0.001953125,0.014562004494945172,0.0,1.2043659375115162E-9,0.12015962163759975,15,15
1779998621626,0.3107158060038989,0.015873015873015876,0.7766792061902509,0.9203198019421993,0.0,0.0,1,0.11896979782712716,0.5,0.001953125,0.01434074316714888,0.0,9.63492750009213E-10,0.12014186493276191,13,15
1779998622151,0.3107158060038989,0.015873015873015876,0.7748290935729292,0.9160934471816896,0.0,0.0,0,0.12267746902390705,0.47619047619047616,0.001953125,0.014122227657378294,0.0,7.707942000073704E-10,0.12012411347517726,12,15
1779998622676,0.3081490089107994,0.0,0.7130675122693275,0.9123202466191602,0.0,0.0,0,0.12597233465967833,0.0,0.001953125,0.014122227657378294,0.0,6.166353600058963E-10,0.12025409957157629,13,15
1779998623179,0.30973245435237445,0.011223917161691232,0.7736208580039053,0.9082105442807246,0.0,0.0,0,0.1226470458731976,0.4970178926441352,0.001953125,0.013906817977297679,0.0,4.933082880047171E-10,0.12023633677991141,12,15
1779998623720,0.30896605057025445,0.025097441747368093,0.7717967927168528,0.9041639927088533,0.0,0.0,0,0.116459855004034,0.4621072088724584,0.001953125,0.013694756869825749,0.0,3.946466304037737E-10,0.1202185792349727,11,15
1779998624237,0.31012173552684846,0.011223917161691232,0.7121930082014436,0.9005489422470938,0.0,0.0,0,0.11154388699552989,0.0,0.001953125,0.01369694819061471,0.0,3.1571730432301896E-10,0.1202008269344359,12,15
1779998624746,0.31119191262280205,0.025097441747368093,0.7131050665518969,0.8969786228352541,0.0,0.0,0,0.10547158118076114,0.0,0.001953125,0.013696948190614733,0.0,2.525738434584152E-10,0.1201830798759781,13,15
1779998625250,0.31173776431618,0.025097441747368093,0.7133658590720564,0.893456252617802,0.0,0.0,1,0.09969043012925535,0.0,0.001953125,0.013699149137803542,0.0,2.0205907476673216E-10,0.1201653380572778,15,15
1779998625747,0.31700882182414336,0.025097441747368093,0.7704795504556806,0.8896226147655464,0.0,0.0,1,0.10395841919672812,0.5030181086519114,0.001953125,0.013497809539665964,0.0,1.6164725981338573E-10,0.12014760147601478,13,15
1779998626274,0.31624241804202335,0.03174603174603175,0.7137013247119943,0.8861923172563934,0.0,0.0,1,0.10400742241240786,0.0,0.001953125,0.013498150938704597,0.0,1.2931780785070858E-10,0.12012987012987009,15,15
1779998626777,0.3157990272289904,0.03549314249999667,0.7141725684688667,0.8828060455667075,0.0,0.0,1,0.0994707913664736,0.0,0.001953125,0.01349917789625936,0.0,1.0345424628056687E-10,0.12011214401652648,15,15
1779998627273,0.31579902722899045,0.011223917161691232,4.433945352061467E-4,0.883839158943865,0.0,0.0,1,0.09516039598898358,0.0,0.001953125,0.01349618036213402,0.0,8.27633970244535E-11,0.1200944231336677,15,15
1779998627768,0.31459499103061017,0.04627739599083572,0.7582858249556814,0.8803043259616993,0.0,0.0,1,0.09086087560501015,0.25252525252525254,0.001953125,0.013392852604434756,0.0,6.62107176195628E-11,0.12007670747897925,15,15
1779998628302,0.316207548058718,0.025097441747368093,0.7862941533426988,0.8766425523019994,0.0,0.0,1,0.0944836277757561,0.4681647940074906,0.001953125,0.013187755474189876,0.0,5.2968574095650245E-11,0.12005899705014744,13,15
1779998628833,0.31818702848471514,0.03174603174603175,4.426979273016258E-4,0.8777226681244975,0.0,0.0,1,0.0912843587314227,0.0,0.001953125,0.01318481072317873,0.0,4.2374859276520196E-11,0.12004129184486068,15,15
1779998629337,0.31657447145660733,0.04627739599083572,0.7428674384878414,0.8744419049743031,0.0,0.0,1,0.08753908368322472,0.0,0.001953125,0.013185143313312307,0.0,3.3899887421216155E-11,0.12002359186080802,15,15
1779998629840,0.31698299228633486,0.044895668646764926,0.013501246236759721,0.8754635062819003,0.0,0.0,1,0.08655038485217526,0.0,0.001953125,0.013141115837104164,0.0,2.7119909936972927E-11,0.12000589709568033,15,15
1779998630341,0.3189400885743322,0.025097441747368093,0.7869354092359178,0.872040479337471,0.0,0.0,1,0.08597266920580289,0.249500998003992,0.001953125,0.013039965182049676,0.0,2.169592794957834E-11,0.11998820754716977,15,15
1779998630862,0.3211187008949676,0.03174603174603175,0.7567630399968805,0.8688317814662168,0.0,0.0,1,0.08325647094242734,0.0,0.001953125,0.013042090929884936,0.0,1.7356742359662675E-11,0.11997052321296975,15,15
1779998631379,0.32132001332845606,0.0,0.7567177193751425,0.8656625738128045,0.0,0.0,1,0.08578530197328137,0.0,0.001953125,0.013044226022714111,0.0,1.3885393887730141E-11,0.12010020630710283,15,15
1779998631893,0.3234540878387131,0.022447834323382463,0.8141850230080685,0.8622003161510303,0.0,0.0,1,0.09394838308878252,0.48638132295719844,0.001953125,0.012845817463169488,0.0,1.1108315110184113E-11,0.12008251068218656,13,15
1779998632419,0.3234540878387131,0.025097441747368093,0.8120705751873323,0.8587862640900552,0.0,0.0,0,0.09924028623220332,0.47528517110266155,0.001953125,0.012648488351917474,0.0,8.886652088147291E-12,0.12006482027106657,12,15
1779998632955,0.3230455670089855,0.011223917161691232,0.754632812706769,0.8557374954114921,0.0,0.0,0,0.09491563748461969,0.0,0.001953125,0.012648517395231275,0.0,7.109321670517833E-12,0.12004713507143905,13,15
1779998633474,0.323792731135852,0.04046840883803798,0.014339363657831113,0.856894241575696,0.0,0.0,1,0.09221533141340625,0.0,0.001953125,0.012599926084903287,0.0,5.687457336414267E-12,0.12002945508100149,15,15
1779998634010,0.32474710365895754,0.033671751485073696,0.01320696459865146,0.8580503425189815,0.0,0.0,1,0.09149626669872915,0.0,0.001953125,0.012557655025394231,0.0,4.549965869131414E-12,0.12001178029745252,15,15
1779998634533,0.32261302914870055,0.04046840883803798,0.8132102631032571,0.8548530297411902,0.0,0.0,1,0.08812936747350714,0.2390057361376673,0.001953125,0.012460697122847602,0.0,3.6399726953051315E-12,0.11999411071849231,15,15
1779998635042,0.32474710365895754,0.025097441747368093,0.8382559031506971,0.8515505747437074,0.0,0.0,1,0.08975026976828784,0.4911591355599214,0.001953125,0.012275953959108573,0.0,2.9119781562441054E-12,0.11997644634182247,13,15
1779998635573,0.3252929553523356,0.022447834323382463,0.012976608261368292,0.8527474834388071,0.0,0.0,1,0.08721092835220903,0.0,0.001953125,0.012234717204111314,0.0,2.3295825249952846E-12,0.11995878716514574,15,15
1779998636179,0.32498918203850197,0.0,0.013171758893443434,0.8539361794698423,0.0,0.0,1,0.08418484882250254,0.0,0.001953125,0.01219363174882385,0.0,1.8636660199962278E-12,0.12008830022075057,15,15
1779998636738,0.32498918203850197,0.033671751485073696,0.07322106258214997,0.8548092115407285,0.0,0.0,1,0.08545016917632665,0.44722719141323786,0.001953125,0.01195930608681104,0.0,1.4909328159969824E-12,0.12007062978222482,13,15
1779998637266,0.324443330345124,0.011223917161691232,0.8276544053371541,0.8518098302068202,0.0,0.0,1,0.08342540931980857,0.0,0.001953125,0.011961009208783431,0.0,1.192746252797586E-12,0.12005296454318082,15,15
1779998637783,0.32208127463167674,0.011223917161691232,0.8266856828494387,0.8488450381143784,0.0,0.0,1,0.0829198800683749,0.0,0.001953125,0.011961312792345798,0.0,9.541970022380688E-13,0.12003530450132394,15,15
1779998638288,0.32447287082289655,0.025097441747368093,0.8255208479011803,0.8459153561486462,0.0,0.0,1,0.07945630609804832,0.0,0.001953125,0.011961340067000018,0.0,7.633576017904551E-13,0.1200176496543609,15,15
1779998638799,0.3278539580954469,0.033671751485073696,0.04403941387630521,0.8469998886088601,0.0,0.0,1,0.08019864420728595,0.2446183953033268,0.001953125,0.011820881285189771,0.0,6.106860814323641E-13,0.12,15,15
1779998639320,0.3275501847816133,0.033671751485073696,0.8399328227637193,0.8440920957482971,0.0,0.0,1,0.07765296337366408,0.0,0.001953125,0.011820908318644636,0.0,4.885488651458913E-13,0.1199823555359506,15,15
1779998639821,0.3265311532225102,0.011223917161691232,0.8945947756586811,0.8409330698606827,0.0,0.0,1,0.07875170676784782,0.499001996007984,0.001953125,0.01163827065824689,0.0,3.9083909211671306E-13,0.11996471625992355,13,15
1779998640346,0.32628907484296577,0.04046840883803798,0.012973767077597072,0.8422090800658705,0.0,0.0,1,0.07613754435988089,0.0,0.001953125,0.011599031171571744,0.0,3.126712736933705E-13,0.11994708216963101,15,15
1779998640863,0.32551046457109367,0.04046840883803798,0.8522959655403092,0.8393580008960146,0.0,0.0,1,0.07415062094587488,0.0,0.001953125,0.011599325610510221,0.0,2.501370189546964E-13,0.11992945326278659,15,15
1779998641386,0.3257525429506381,0.033671751485073696,0.8491538512574178,0.8365476516795278,0.0,0.0,1,0.07348013317858572,0.0,0.001953125,0.01160609998386159,0.0,2.0010961516375712E-13,0.11991182953710511,15,15
1779998641904,0.3291336302231884,0.033671751485073696,0.029363541117692862,0.8377759073468879,0.0,0.0,1,0.07192183364155241,0.2413127413127413,0.001953125,0.011514017550151825,0.0,1.600876921310057E-13,0.11989421099030262,15,15
1779998642427,0.3304580921884386,0.04046840883803798,0.8654323125578061,0.8349765194022847,0.0,0.0,1,0.07035849818861153,0.0,0.001953125,0.0115140175501518,0.0,1.2807015370480458E-13,0.11987659762009695,15,15
1779998642949,0.3322056259368605,0.025097441747368093,0.014601741969317069,0.8362877554254684,0.0,0.0,1,0.07229227989676185,0.0,0.001953125,0.011469487350013543,0.0,1.0245612296384366E-13,0.11985898942420681,15,15
1779998643470,0.33390087164469434,0.04627739599083572,4.8531701890957353E-4,0.837656839240663,0.0,0.0,1,0.07210732052118655,0.0,0.001953125,0.011466792141378922,0.0,8.196489837107493E-14,0.11984138640035247,15,15
1779998643979,0.3364958235026136,0.025097441747368093,0.030635012192613678,0.8388794807314515,0.0,0.0,1,0.0707181501732682,0.2455795677799607,0.001953125,0.011375739919489982,0.0,6.557191869685995E-14,0.11982378854625553,15,15
1779998644485,0.3364958235026136,0.050194883494736185,0.973709187200374,0.8357966491248452,0.0,0.0,1,0.06872655146766156,0.49407114624505927,0.001953125,0.011199507768003174,0.0,5.245753495748796E-14,0.11980619585963881,13,15
1779998645004,0.33571721323074155,0.015873015873015876,0.9110702751567816,0.8330205034350986,0.0,0.0,1,0.06811524957651531,0.0,0.001953125,0.011199789524943864,0.0,4.196602796599037E-14,0.11978860833822669,15,15
1779998645498,0.3373005211063386,0.025097441747368093,0.9082523981312184,0.830276370160192,0.0,0.0,1,0.0676632347365864,0.0,0.001953125,0.011199814789314652,0.0,3.3572822372792294E-14,0.11977102597974465,15,15
1779998646012,0.3386223791832077,0.04046840883803798,0.014808187684652656,0.8316216819592248,0.0,0.0,1,0.07362246870412133,0.0,0.001953125,0.011156417986401867,0.0,2.6858257898233835E-14,0.11975344878191962,15,15
1779998646531,0.3367799502653076,0.022447834323382463,0.9520536157108416,0.8287623441707971,0.0,0.0,1,0.07590555028402862,0.24084778420038536,0.001953125,0.011069862966592072,0.0,2.148660631858707E-14,0.11973587674247987,15,15
1779998647033,0.3359929028677209,0.0,0.9760008171391904,0.8258090896630687,0.0,0.0,1,0.0742215964310365,0.49800796812749004,0.001953125,0.01089836914458058,0.0,1.7189285054869656E-14,0.11986502347417838,13,15
1779998647543,0.33491197116515237,0.0,0.9702954125463762,0.8228955464420252,0.0,0.0,0,0.07651844171081358,0.49019607843137253,0.001953125,0.010729380649313544,0.0,1.3751428043895725E-14,0.1199941323162681,12,15
1779998648060,0.3359929028677209,0.04627739599083572,4.7760219920139554E-4,0.8243533946528542,0.0,0.0,0,0.07660474143134603,0.0,0.001953125,0.010726801673489402,0.0,1.100114243511658E-14,0.11997653270753883,13,15
1779998648567,0.3359929028677209,0.04046840883803798,0.929110303790669,0.821708782454906,0.0,0.0,1,0.07454975237749223,0.0,0.001953125,0.010726801673489378,0.0,8.800913948093265E-15,0.119958938260742,15,15
1779998649081,0.33698126269879597,0.04046840883803798,0.012996415415366263,0.8231201629326859,0.0,0.0,1,0.07540021077261308,0.0,0.001953125,0.01069043044352445,0.0,7.040731158474613E-15,0.11994134897360709,15,15
1779998649592,0.33698126269879597,0.04046840883803798,0.9720500114513494,0.8203661178273176,0.0,0.0,1,0.074147042505046,0.2446183953033268,0.001953125,0.0106070024636499,0.0,5.63258492677969E-15,0.11992376484386458,15,15
1779998650097,0.33563989563676533,0.011223917161691232,0.9946673792289477,0.8175242563236284,0.0,1.0,1,0.08527476990962847,0.49504950495049505,0.001953125,0.010441987201097824,0.0,4.5060679414237526E-15,0.1199061858692465,13,15
1779998650643,0.3351965048237325,0.03174603174603175,0.01268856774402502,0.8189646518935221,0.0,0.0,1,0.08508436000521427,0.0,0.001953125,0.010406526623294832,0.0,3.604854353139002E-15,0.11988861204748646,15,15
1779998651131,0.3359087989672936,0.025097441747368093,0.9534843611434963,0.8163811787356728,0.0,0.0,1,0.08363254330788446,0.0,0.001953125,0.010406526623294854,0.0,2.8838834825112022E-15,0.11987104337631882,15,15
1779998651634,0.334242132300627,0.022447834323382463,0.9481620157394942,0.8138334706981581,0.0,0.0,1,0.08554325428372885,0.0,0.001953125,0.010412931536105388,0.0,2.307106786008962E-15,0.11985347985347983,15,15
1779998652143,0.3327189617902694,0.015873015873015876,0.9731174317523318,0.8111895563350416,0.0,0.0,1,0.08735640143905393,0.2455795677799607,0.001953125,0.010331538783519579,0.0,1.8456854288071696E-15,0.11983592147670674,15,15
1779998652673,0.3308935755351278,0.0,0.9417508015760663,0.8086932884108686,0.0,0.0,1,0.08478447616187527,0.0,0.001953125,0.010331538783519579,0.0,1.4765483430457358E-15,0.11996484546652997,15,15
1779998653175,0.3274421509933975,0.011223917161691232,0.9911626134625954,0.8059934234030454,0.0,0.0,1,0.08434026322441558,0.49800796812749004,0.001953125,0.01017057792674226,0.0,1.1812386744365887E-15,0.1199472759226714,13,15
1779998653686,0.3225514595503421,0.011223917161691232,0.9851834505090581,0.8033286389506387,0.0,0.0,0,0.09484561896200965,0.4892367906066536,0.001953125,0.010011970521672587,0.0,9.44990939549271E-16,0.11992971152438137,12,15
1779998654202,0.321839165406781,0.025097441747368093,0.927565835601523,0.8009254151892988,0.0,0.0,0,0.09406839750181507,0.0,0.001953125,0.010017866506264541,0.0,7.559927516394168E-16,0.11991215226939966,13,15
1779998654712,0.3203049538823278,0.033671751485073696,0.9257071627574679,0.798542611436552,0.0,0.0,1,0.09734994917049375,0.0,0.001953125,0.010018120114698638,0.0,6.047942013115335E-16,0.11989459815546777,15,15
1779998655206,0.3199313030359056,0.025097441747368093,0.9225703456596639,0.796185656659237,0.0,0.0,1,0.09609738527796907,0.0,0.001953125,0.010018142584985595,0.0,4.838353610492268E-16,0.11987704918032782,15,15
1779998655719,0.3179939789485273,0.011223917161691232,0.944577636957411,0.793744148977953,0.0,0.0,1,0.09148998970165624,0.24366471734892786,0.001953125,0.009939669671555957,0.0,3.870682888393814E-16,0.11985950534172396,15,15
1779998656218,0.3194879122228727,0.04046840883803798,0.05182521539144671,0.7951652668550857,0.0,0.0,1,0.0918311429485659,0.501002004008016,0.001953125,0.009782048979274923,0.0,3.0965463107150515E-16,0.11984196663740121,13,15
1779998656749,0.3179939789485273,0.04046840883803798,0.9329824359595531,0.7928449668911633,0.0,0.0,1,0.08788920463812178,0.0,0.001953125,0.009782048979274923,0.0,2.4772370485720413E-16,0.11982443306510604,15,15
1779998657257,0.3199313030359056,0.025097441747368093,0.9282929006555574,0.7905555906644419,0.0,0.0,1,0.08498330532599296,0.0,0.001953125,0.009787825267141857,0.0,1.9817896388576332E-16,0.11980690462258636,15,15
1779998657771,0.3211982315242971,0.015873015873015876,4.497036351107132E-4,0.7922129503981059,0.0,0.0,1,0.08192059978642215,0.0,0.001953125,0.009785415830724243,0.0,1.5854317110861066E-16,0.11978938130759109,15,15
1779998658283,0.3209561531447527,0.015873015873015876,0.9934440304449914,0.7897183750478527,0.0,0.0,1,0.07962932382645578,0.48828125,0.001953125,0.009638173139463708,0.0,1.2683453688688853E-16,0.11977186311787069,13,15
1779998658815,0.3209561531447527,0.025097441747368093,0.9888659878033722,0.7872494565492553,0.0,0.0,0,0.0846993113683431,0.4699248120300752,0.001953125,0.00948740373303346,0.0,1.0146762950951083E-16,0.11975435005117707,12,15
1779998659338,0.3190734954303946,0.0,0.9355589137859974,0.7850142137208639,0.0,0.0,0,0.09012852697685922,0.0,0.001953125,0.009487403733033473,0.0,8.117410360760867E-17,0.11988304093567248,13,15
1779998659842,0.31562207088866434,0.04046840883803798,0.06033637205960056,0.7864573085343801,0.0,0.0,0,0.08860966879548328,0.49603174603174605,0.001953125,0.009306988144593797,0.0,6.493928288608694E-17,0.11986551673731916,12,15
1779998660367,0.31562207088866434,0.015873015873015876,0.04955632190837434,0.7879399111587486,0.0,0.0,0,0.08627502004515224,0.47619047619047616,0.001953125,0.009158840308042274,0.0,5.195142630886955E-17,0.11984799766150245,11,15
1779998660904,0.31780850191685606,0.025097441747368093,3.285007734739187E-4,0.7896130456028622,0.0,0.0,0,0.08392893368587655,0.0,0.001953125,0.009157172763741495,0.0,4.1561141047095646E-17,0.11983048370597693,12,15
1779998661415,0.3167709081686589,0.03549314249999667,0.9865678314519675,0.7873525347272612,0.0,0.0,0,0.08333075208699177,0.0,0.001953125,0.009157172763741483,0.0,3.3248912837676517E-17,0.11981297486849796,13,15
1779998661914,0.31611868866492027,0.015873015873015876,0.9819956683240785,0.785116192051722,0.0,1.0,1,0.08514173650391116,0.0,0.001953125,0.00915717276374147,0.0,2.6599130270141214E-17,0.11979547114682254,15,15
1779998662427,0.31830511969311204,0.011223917161691232,1.0,0.7828064491407535,0.0,1.0,1,0.08182462855984318,0.24366471734892786,0.001953125,0.009085087050390453,0.0,2.1279304216112973E-17,0.1197779725387087,15,15
1779998662934,0.3169637526310814,0.015873015873015876,0.9722803371859357,0.7806196882775899,0.0,0.0,1,0.07937954493594569,0.0,0.001953125,0.009086746265351246,0.0,1.702344337289038E-17,0.11976047904191611,15,15
1779998663430,0.3158935755351278,0.022447834323382463,0.9683617836743688,0.7784547424329676,0.0,0.0,1,0.07697464220568055,0.0,0.001953125,0.00908676642082086,0.0,1.3618754698312305E-17,0.11974299065420557,15,15
1779998663927,0.3136519455885505,0.0,0.964223461734116,0.7763125609265563,0.0,0.0,1,0.07554859250489049,0.0,0.001953125,0.009086786669627228,0.0,1.0895003758649845E-17,0.11987151408964813,15,15
1779998664438,0.3161896259872532,0.011223917161691232,1.0,0.7740086751445308,0.0,0.0,1,0.0746283369276801,0.4892367906066536,0.001953125,0.008949778034542877,0.0,8.716003006919876E-18,0.11985401459854017,13,15
1779998664954,0.31484825892522245,0.050194883494736185,0.05865907998039714,0.7755296918075902,0.0,0.0,0,0.07361958509407578,0.4844961240310077,0.001953125,0.008774642679490654,0.0,6.972802405535902E-18,0.11983652021602686,12,15
1779998665496,0.3158858526734196,0.047619047619047616,0.9714466378182197,0.7734238171572639,0.0,0.0,0,0.07772116418118757,0.0,0.001953125,0.008780712907079697,0.0,5.578241924428722E-18,0.11981903093987156,13,15
1779998666005,0.31375669310444443,0.022447834323382463,0.968648545971851,0.7713341681492005,0.0,0.0,1,0.08185467887702808,0.0,0.001953125,0.008780712907079697,0.0,4.462593539542978E-18,0.11980154676783894,15,15
1779998666507,0.3121161137696307,0.0,0.9645034902884219,0.7692661964793429,0.0,0.0,1,0.0827046485397144,0.0,0.001953125,0.008780712907079696,0.0,3.570074831634382E-18,0.11992996790195509,15,15
1779998666988,0.3107945189082191,0.0,1.0,1.3283712031094035,1.0,0.0,1,0.09289456977989008,0.5197505197505198,0.001953125,0.005422068993023136,0.22885222712637066,0.045770445425274135,0.12005835156819844,13,15
1779998667521,0.3104907455943855,0.03174603174603175,0.4550432561545176,1.3173181623024428,0.0,0.0,0,0.08986453002294145,0.4690431519699812,0.001953125,0.005335228108716707,0.0,0.03661635634021931,0.12004084014002336,12,15
1779998668042,0.3054930997377218,0.03174603174603175,0.4460554411555916,1.306671301044622,0.0,1.0,0,0.08691152067311816,0.0,0.001953125,0.005335228108716733,0.0,0.029293085072175446,0.12002333381945463,13,15
1779998668565,0.3044555059895247,0.011223917161691232,0.4603620545631392,1.2960804712825484,0.0,1.0,0,0.089239010369468,0.4780114722753346,0.001953125,0.005249256240474169,0.0,0.023434468057740358,0.12000583260425779,12,15
1779998669092,0.30383977676355806,0.03549314249999667,1.1087450161764024E-4,1.29225277654986,0.0,0.0,0,0.0859724649359839,0.0,0.001953125,0.005247923406635023,0.0,0.018747574446192287,0.11998833649219998,13,15
1779998669600,0.30558731051198,0.015873015873015876,0.4602073228187664,1.2821318414448486,0.0,0.0,1,0.08283434752043585,0.0,0.001953125,0.005251044896826725,0.0,0.014998059556953831,0.11997084548104953,15,15
1779998670114,0.30484014638511353,0.0,0.462925262185994,1.2722179483420766,0.0,0.0,1,0.0812661940873317,0.0,0.001953125,0.005254179865399287,0.0,0.011998447645563065,0.12009911091677594,15,15
1779998670623,0.30811883753452246,0.011223917161691232,0.477359769212754,1.262345777610219,0.0,0.0,1,0.07911425785404183,0.4911591355599214,0.001953125,0.005173058206576076,0.0,0.009598758116450452,0.12008160886039054,13,15
1779998671148,0.3074065433909614,0.025097441747368093,0.48010186366119795,1.2526709433985141,0.0,0.0,0,0.082310871694882,0.47619047619047616,0.001953125,0.005089614945187294,0.0,0.007679006493160362,0.12006411190441502,12,15
1779998671683,0.30475692516002195,0.011223917161691232,0.47102242897879054,1.2433438668893007,0.0,1.0,0,0.07930578713086384,0.0,0.001953125,0.005089614945187318,0.0,0.00614320519452829,0.12004662004662003,13,15
1779998672184,0.3074065433909614,0.022447834323382463,0.47333114855511343,1.2342053258012182,0.0,0.0,1,0.07937881244749904,0.0,0.001953125,0.0050931683961963105,0.0,0.004914564155622633,0.12002913328477782,15,15
1779998672688,0.3080587628946999,0.03549314249999667,0.4763662161713457,1.2252404151039729,0.0,0.0,1,0.08630615379718294,0.0,0.001953125,0.005093288881747203,0.0,0.003931651324498106,0.12001165161666183,15,15
1779998673186,0.3100014952488806,0.03549314249999667,0.48483811208665345,1.216374875736604,0.0,0.0,1,0.08435488618960447,0.25100401606425704,0.001953125,0.005052517599251028,0.0,0.003145321059598485,0.11999417504004661,15,15
1779998673718,0.3110604777219022,0.011223917161691232,1.1470838582542455E-4,1.213747187294547,0.0,0.0,1,0.081952698749745,0.0,0.001953125,0.005051221599293808,0.0,0.002516256847678788,0.11997670355270817,15,15
1779998674214,0.3131294999256377,0.025097441747368093,0.49094205430184834,1.2051802347047442,0.0,0.0,1,0.07910675247088156,0.0,0.001953125,0.005054764344739376,0.0,0.0020130054781430304,0.11995923715242396,15,15
1779998674725,0.31378768443064,0.047619047619047616,0.015176681456560962,1.2025316722175101,0.0,1.0,1,0.07746423151916337,0.4892367906066536,0.001953125,0.004953076631502546,0.0,0.0016104043825144244,0.1199417758369723,13,15
1779998675247,0.3144744283919461,0.0,0.0030430021132689202,1.2000656016837756,0.0,0.0,1,0.07601334852781837,0.0,0.001953125,0.0049330594056513095,0.0,0.0012883235060115396,0.12006985882695387,15,15
1779998675755,0.31357416550739936,0.04627739599083572,0.01242597012580518,1.1975277953247772,0.0,0.0,1,0.07601434725990008,0.4921259842519685,0.001953125,0.00485212305651823,0.0,0.0010306588048092317,0.12005238649592553,13,15
1779998676269,0.31173173658949926,0.04627739599083572,0.5359677735415934,1.1891257185442046,0.0,0.0,0,0.08026225735598502,0.48638132295719844,0.001953125,0.004773829888445101,0.0,8.245270438473854E-4,0.12003491924923615,12,15
1779998676799,0.3111858848961213,0.011223917161691232,0.5262182529952403,1.1810166763708028,0.0,0.0,0,0.07798209911059592,0.0,0.001953125,0.004773829888445102,0.0,6.596216350779083E-4,0.12001745708466682,13,15
1779998677311,0.3087083418626583,0.011223917161691232,0.5286240251002092,1.1730574075292897,0.0,1.0,1,0.08191674580588643,0.0,0.001953125,0.004773829888445179,0.0,5.276973080623267E-4,0.12,15,15
1779998677818,0.30801309038185565,0.0,0.5310151290906131,1.1652438987795937,0.0,0.0,1,0.07942813550199011,0.0,0.001953125,0.004773829888445154,0.0,4.2215784644986136E-4,0.12012798138452585,15,15
1779998678351,0.30617066146395555,0.015873015873015876,0.5453487676949154,1.1574419650752208,0.0,0.0,1,0.0793547146021639,0.4690431519699812,0.001953125,0.004696770302858425,0.0,3.377262771598891E-4,0.12011051330522027,13,15
1779998678887,0.3051882666341441,0.015873015873015876,0.5473448344597932,1.1497838008682366,0.0,0.0,0,0.08272407561534612,0.46641791044776115,0.001953125,0.004620816372282797,0.0,2.701810217279113E-4,0.12009305030532136,12,15
1779998679404,0.30570267218251646,0.025097441747368093,0.5373915363992378,1.1423929816528111,0.0,0.0,0,0.07958145873541327,0.0,0.001953125,0.004623598284318345,0.0,2.1614481738232904E-4,0.12007559238261378,13,15
1779998679905,0.3058533467386698,0.04046840883803798,0.0030046021128908363,1.1407375483512148,0.0,0.0,1,0.07874940657992491,0.0,0.001953125,0.004604879339783922,0.0,1.7291585390586325E-4,0.12005813953488376,15,15
1779998680404,0.30962778424948717,0.015873015873015876,0.550796714570205,1.1335044654749284,0.0,0.0,1,0.07942440912578314,0.0,0.001953125,0.0046061056476098235,0.0,1.383326831246906E-4,0.1200406917599186,15,15
1779998680905,0.3098820691187837,0.056119585808456156,0.006256375610419675,1.1319305809891567,0.0,0.0,1,0.07762558051744453,0.249500998003992,0.001953125,0.0045674783483194625,0.0,1.1066614649975247E-4,0.1200232490555071,15,15
1779998681432,0.3068740353900864,0.025097441747368093,0.563830680125,1.1248544817553359,0.0,0.0,1,0.07837712023798057,0.0,0.001953125,0.004570707961394063,0.0,8.853291719980199E-5,0.12000581141943922,15,15
1779998681944,0.30342261084835614,0.025097441747368093,0.5663771886322838,1.1178973136401311,0.0,0.0,1,0.08543492142007965,0.0,0.001953125,0.00457070796139405,0.0,7.08263337598416E-5,0.11998837884950608,15,15
1779998682456,0.3024682383252506,0.025097441747368093,0.5681099000262111,1.1110639047893591,0.0,0.0,1,0.08712790220587126,0.0,0.001953125,0.004573951637979765,0.0,5.666106700787328E-5,0.11997095134350033,15,15
1779998682978,0.3003604674810999,0.011223917161691232,0.5827681817632843,1.104225252162383,0.0,0.0,1,0.08858146183148653,0.4789272030651341,0.001953125,0.004499945693077541,0.0,4.5328853606298625E-5,0.11995352889921584,13,15
1779998683509,0.3020271341477666,0.03549314249999667,0.572526195633603,1.097620705102882,0.0,0.0,1,0.09691297295650794,0.0,0.001953125,0.004499945693077567,0.0,3.62630828850389E-5,0.1199361115144475,15,15
1779998684008,0.30314338808000474,0.03174603174603175,0.5742593548973354,1.0911306328685322,0.0,0.0,1,0.09238966791834075,0.0,0.001953125,0.004502680639198966,0.0,2.9010466308031124E-5,0.11991869918699183,15,15
1779998684511,0.30288910321070817,0.033671751485073696,0.5766720505893765,1.084745687136063,0.0,0.0,1,0.09281271726215841,0.0,0.001953125,0.004502787317958804,0.0,2.32083730464249E-5,0.11990129191464649,15,15
1779998685019,0.3030614416236419,0.03549314249999667,0.5844031871470644,1.078413310433806,0.0,0.0,1,0.10071130779073602,0.24606299212598426,0.001953125,0.004469388275598549,0.0,1.8566698437139922E-5,0.11988388969521047,15,15
1779998685544,0.3016221747223167,0.022447834323382463,0.5806697005543359,1.0722382589265238,0.0,0.0,1,0.0999312258192266,0.0,0.001953125,0.004469388275598614,0.0,1.4853358749711939E-5,0.11986649252648385,15,15
1779998686058,0.3016221747223167,0.0,1.0,1.5862239737445338,1.0,0.0,1,0.09466272529532127,0.0,0.001953125,0.0031646024142829346,0.215878002340948,0.043187483155189374,0.11999419616947182,15,15
1779998686562,0.3012584437300977,0.015873015873015876,0.41845422336642657,1.569109632053102,0.0,0.0,1,0.09257872049193838,0.49603174603174605,0.001953125,0.003112799273869926,0.0,0.0345499865241515,0.11997678804584366,13,15
1779998687089,0.3006002592250954,0.04627739599083572,0.0058348759500598,1.5601232170207735,0.0,0.0,0,0.08962240265686819,0.47438330170777987,0.001953125,0.0030609391005771602,0.0,0.0276399892193212,0.11995938497243985,12,15
1779998687617,0.3019416262871261,0.056119585808456156,0.4237604083979872,1.5437969101078821,0.0,0.0,0,0.08579120390866167,0.0,0.001953125,0.0030617603705026843,0.0,0.02211199137545696,0.11994198694706304,13,15
1779998688131,0.30044769301278074,0.03174603174603175,0.4266357322802131,1.5278872270612085,0.0,0.0,1,0.09066361497703682,0.0,0.001953125,0.0030617603705026717,0.0,0.01768959310036557,0.11992459396751742,15,15
1779998688670,0.29620922107346376,0.015873015873015876,0.4294410568392302,1.5123797146207079,0.0,0.0,1,0.0870270470138378,0.0,0.001953125,0.003061831737525828,0.0,0.014151674480292456,0.11990720603160798,15,15
1779998689170,0.29641897063266687,0.04627739599083572,0.0030228091168934277,1.504618683092753,0.0,0.0,1,0.08537416563761917,0.25,0.001953125,0.003035804151898279,0.0,0.011321339584233966,0.11988982313714125,15,15
1779998689709,0.29590456508429447,0.0,0.0060150787767704215,1.4969644815424419,0.0,0.0,1,0.08325701711150771,0.46382189239332094,0.001953125,0.0029851983547118624,0.0,0.009057071667387173,0.12001739382519205,13,15
1779998690239,0.2922808021296305,0.025097441747368093,0.4554130771489959,1.482131788172878,0.0,0.0,0,0.08419978883528743,0.4716981132075471,0.001953125,0.002938314359495536,0.0,0.007245657333909739,0.12,12,15
1779998690770,0.2914937547320438,0.025097441747368093,6.229977017861879E-5,1.4750192249293093,0.0,0.0,0,0.08334957832757979,0.0,0.001953125,0.002937519521397972,0.0,0.005796525867127792,0.11998261121576581,13,15
1779998691280,0.29266467503730215,0.015873015873015876,0.46729235453673496,1.4607227326157328,0.0,0.0,0,0.08185842833622921,0.49019607843137253,0.001953125,0.002891063780784245,0.0,0.004637220693702234,0.11996522747029847,12,15
1779998691816,0.29113046351284894,0.033671751485073696,0.4642323633278656,1.446858823377392,0.0,0.0,0,0.08259525236984167,0.0,0.001953125,0.0028911301308573003,0.0,0.003709776554961787,0.11994784876140807,13,15
1779998692327,0.29191751091043555,0.025097441747368093,0.4669403659187123,1.4333232644354397,0.0,0.0,1,0.08851866858204269,0.0,0.001953125,0.002891136116703256,0.0,0.00296782124396943,0.11993047508690613,15,15
1779998692878,0.29191751091043555,0.015873015873015876,0.46946147043080694,1.420107369276302,0.0,0.0,1,0.08505739713271515,0.0,0.001953125,0.002892907060674601,0.0,0.0023742569951755443,0.1199131064446054,15,15
1779998693394,0.29150899008070813,0.022447834323382463,0.00735374931723495,1.4140588014967173,0.0,0.0,1,0.08376268179429422,0.4844961240310077,0.001953125,0.002835190407019095,0.0,0.0018994055961404355,0.11989574283231974,13,15
1779998693907,0.29150899008070813,0.033671751485073696,0.0015062278220362981,1.40820638603114,0.0,1.0,1,0.08684873417484072,0.0,0.001953125,0.0028235285674927495,0.0,0.0015195244769123485,0.11987838424786446,15,15
1779998694416,0.29150899008070813,0.025097441747368093,0.49147366503165707,1.3955667957034759,0.0,1.0,1,0.0847378144185864,0.0,0.001953125,0.0028235285674927495,0.0,0.001215619581529879,0.11986103068905618,15,15
1779998694918,0.291839165406781,0.022447834323382463,0.49388684645771375,1.3832164207035054,0.0,0.0,1,0.08213197600628816,0.0,0.001953125,0.002825269042347272,0.0,9.724956652239032E-4,0.11984368215371255,15,15
1779998695429,0.2894771096933338,0.0,0.49948826548084785,1.3711014452413994,0.0,0.0,1,0.08033445320895888,0.2446183953033268,0.001953125,0.0028037028553672687,0.0,7.779965321791226E-4,0.1199710564399421,15,15
1779998695955,0.2907440381817253,0.022447834323382463,0.5051550453640723,1.3592131555813918,0.0,0.0,1,0.07850443940646439,0.47528517110266155,0.001953125,0.002757642492244952,0.0,6.223972257432981E-4,0.11995369700477498,13,15
1779998696488,0.2907440381817253,0.022447834323382463,0.501458980275567,1.3476700436060296,0.0,0.0,1,0.07683388855787665,0.0,0.001953125,0.0027593530035043903,0.0,4.979177805946385E-4,0.11993634259259256,15,15
1779998696991,0.2900572942204192,0.033671751485073696,0.5101052932920922,1.3362968936728767,0.0,0.0,1,0.07498792261605107,0.4970178926441352,0.001953125,0.002714073098010092,0.0,3.983342244757108E-4,0.11991899320121513,13,15
1779998697510,0.2884167148856055,0.015873015873015876,0.506621254950577,1.3252471644095158,0.0,0.0,1,0.07585601008571868,0.0,0.001953125,0.0027140730980100784,0.0,3.1866737958056865E-4,0.11990164882846399,15,15
1779998698012,0.2883164114493249,0.04046840883803798,6.618736414033412E-5,1.3209499450378068,0.0,0.0,1,0.07633712924561066,0.0,0.001953125,0.002713319254106755,0.0,2.5493390366445494E-4,0.119884309472162,15,15
1779998698520,0.2873997760133632,0.04046840883803798,0.5194195126112848,1.310226535679916,0.0,0.0,1,0.07533117565111541,0.0,0.001953125,0.0027133192541067682,0.0,2.0394712293156397E-4,0.119866975130133,15,15
1779998699042,0.2863104267699435,0.0,0.5278788230655345,1.299653349156039,0.0,0.0,1,0.07317009191398498,0.4789272030651341,0.001953125,0.002668719753204631,0.0,1.6315769834525118E-4,0.11999421714616165,13,15
1779998699584,0.28664060209601633,0.015873015873015876,0.5301215514936044,1.2893022132793828,0.0,0.0,0,0.0738985052327565,0.46125461254612543,0.001953125,0.0026249052105557723,0.0,1.3052615867620095E-4,0.11997687192830297,12,15
1779998700114,0.28838813584443823,0.022447834323382463,0.0015029537239172118,1.2855650464238242,0.0,1.0,0,0.07827466024416899,0.0,0.001953125,0.0026140960503064485,0.0,1.0442092694096076E-4,0.11995953172423757,13,15
1779998700620,0.2860947504026384,0.03549314249999667,0.5371360598956753,1.2755765876496794,0.0,0.0,1,0.07929506637894342,0.0,0.001953125,0.002614096050306461,0.0,8.353674155276862E-5,0.11994219653179194,15,15
1779998701128,0.2860947504026384,0.0,0.5394734106957707,1.2657911869862593,0.0,0.0,1,0.0763385535245542,0.0,0.001953125,0.0026140960503064485,0.0,6.68293932422149E-5,0.1200693541395752,15,15
1779998701631,0.2846707594180854,0.0,0.5477655811877179,1.2561333893295092,0.0,0.0,1,0.08373583992814577,0.4970178926441352,0.001953125,0.002571109640983839,0.0,5.346351459377192E-5,0.1201964750072233,13,15
1779998702148,0.2852998323365549,0.011223917161691232,0.5498355531659881,1.2466706674953394,0.0,0.0,0,0.08032155040538401,0.48355899419729204,0.001953125,0.0025293508373097195,0.0,4.2770811675017534E-5,0.12017911310125673,12,15
1779998702719,0.2846707594180854,0.04046840883803798,0.546180123458755,1.2374622629658396,0.0,0.0,0,0.07826543334324916,0.0,0.001953125,0.002529636652081088,0.0,3.421664934001403E-5,0.12016175621028302,13,15
1779998703270,0.2823087037046382,0.03549314249999667,0.5484786812088038,1.2284339189956734,0.0,0.0,1,0.07615139429982293,0.0,0.001953125,0.0025296950558910264,0.0,2.7373319472011224E-5,0.12014440433212992,15,15
1779998703795,0.2850607180587189,0.011223917161691232,0.5506947208428641,1.2195812516655504,0.0,0.0,1,0.08199032449513569,0.0,0.001953125,0.0025302256937817314,0.0,2.189865557760898E-5,0.12012705746462604,15,15
1779998704310,0.2859201954123463,0.011223917161691232,0.5588443578034366,1.2108339049423036,0.0,0.0,1,0.08072698699767497,0.4854368932038835,0.001953125,0.0024886712488272947,0.0,1.7518924462087184E-5,0.12010971560560124,13,15
1779998704834,0.28493183558127116,0.04627739599083572,0.0059936852155873166,1.2082226714351245,0.0,0.0,0,0.07969371355429186,0.47709923664122134,0.001953125,0.002447023063918166,0.0,1.4015139569669748E-5,0.12009237875288681,12,15
1779998705375,0.28987719339734674,0.044895668646764926,0.5661842013764469,1.199756331373209,0.0,0.0,0,0.07935137323173191,0.0,0.001953125,0.0024474816349960796,0.0,1.1212111655735798E-5,0.12007504690431525,13,15
1779998705866,0.29171962231524684,0.03549314249999667,0.001338641149174366,1.1973507238157666,0.0,0.0,1,0.07862691123323072,0.0,0.001953125,0.0024386738825632613,0.0,8.96968932458864E-6,0.12005772005772009,15,15
1779998706367,0.2909124330022076,0.04046840883803798,0.5798046363760219,1.1890884610491645,0.0,0.0,1,0.07799576475572643,0.0,0.001953125,0.002438673882563248,0.0,7.175751459670912E-6,0.12004039821093637,15,15
1779998706876,0.29225380006423823,0.050194883494736185,0.003100569272358621,1.1868133668671688,0.0,0.0,1,0.07691464288860371,0.2455795677799607,0.001953125,0.0024180137812177048,0.0,5.74060116773673E-6,0.1200230813618004,15,15
1779998707399,0.29449489746545016,0.056119585808456156,0.5934584349908901,1.17874768573861,0.0,0.0,1,0.0845518605725987,0.0,0.001953125,0.002418529013545037,0.0,4.592480934189384E-6,0.12000576950814945,15,15
1779998707912,0.29378801158869144,0.011223917161691232,0.5954195601176465,1.170830099471734,0.0,0.0,1,0.09128481439739272,0.0,0.001953125,0.002418529013545011,0.0,3.6739847473515074E-6,0.11998846264782237,15,15
1779998708409,0.2987333694047671,0.03549314249999667,0.007528090825757059,1.168761422446883,0.0,0.0,1,0.08970234649331399,0.5030181086519114,0.001953125,0.00237017615985555,0.0,2.939187797881206E-6,0.11997116077865899,13,15
1779998708952,0.2985236198455639,0.011223917161691232,7.257014733467043E-5,1.1667916270509153,0.0,0.0,1,0.08803906474626963,0.0,0.001953125,0.0023694810662351694,0.0,2.351350238304965E-6,0.1199538638985006,15,15
1779998709457,0.2985236198455639,0.0,7.368080602185942E-5,1.1648480613639958,0.0,0.0,1,0.08702942115091161,0.0,0.001953125,0.002368789094534053,0.0,1.881080190643972E-6,0.1200807265388496,15,15
1779998709973,0.2974865586427323,0.04046840883803798,0.6402265583785283,1.1571266395031055,0.0,0.0,1,0.08711770232697458,0.4844961240310077,0.001953125,0.0023297923281216677,0.0,1.5048641525151777E-6,0.12006341885269534,13,15
1779998710501,0.29829374795577157,0.015873015873015876,0.6415263911217216,1.1495457186481555,0.0,0.0,0,0.08356445123194173,0.47348484848484845,0.001953125,0.0022914846893348634,0.0,1.2038913220121423E-6,0.12004611615506555,12,15
1779998711024,0.29927614278558307,0.033671751485073696,0.6366522333637202,1.14215721867975,0.0,0.0,0,0.08133336224859847,0.0,0.001953125,0.002292908791757601,0.0,9.63113057609714E-7,0.12002881844380409,13,15
1779998711532,0.2988676219558556,0.011223917161691232,0.6383021955579322,1.1348981396394624,0.0,0.0,1,0.0799740374134102,0.0,0.001953125,0.0022931821342282955,0.0,7.704904460877712E-7,0.12001152571675555,15,15
1779998712039,0.2994823309405085,0.025097441747368093,0.6398084363122596,1.127766287464404,0.0,0.0,1,0.07777624464438203,0.0,0.001953125,0.002293182134228309,0.0,6.16392356870217E-7,0.11999423797176612,15,15
1779998712547,0.3011489976071752,0.03174603174603175,0.004654914964577386,1.126287295953752,0.0,0.0,1,0.07957902630207082,0.24606299212598426,0.001953125,0.0022650295952509787,0.0,4.931138854961736E-7,0.11997695520668294,15,15
1779998713079,0.2973745600963578,0.056119585808456156,0.6538877711631329,1.1193071831472783,0.0,0.0,1,0.07841068099372271,0.0,0.001953125,0.002266718055116169,0.0,3.9449110839693894E-7,0.11995967741935487,15,15
1779998713595,0.29843354256937943,0.025097441747368093,0.6554130330709368,1.1124456577040114,0.0,0.0,1,0.08398027061999601,0.0,0.001953125,0.0022667180551161435,0.0,3.1559288671755117E-7,0.11994240460763139,15,15
1779998714105,0.2973745600963578,0.011223917161691232,0.6627967467001227,1.105649939774584,0.0,1.0,1,0.08117690343490312,0.49019607843137253,0.001953125,0.0022293910313809515,0.0,2.5247430937404096E-7,0.11992513676936367,13,15
1779998714621,0.2961705238979776,0.022447834323382463,0.6576581135424396,1.0990231051496075,0.0,0.0,1,0.08144886910688223,0.0,0.001953125,0.002231059829229617,0.0,2.0197944749923277E-7,0.11990787390240387,15,15
1779998715118,0.2965790447277051,0.033671751485073696,0.0013894293269402316,1.0979245805867084,0.0,0.0,1,0.07914379105368038,0.0,0.001953125,0.002223038768627963,0.0,1.6158355799938623E-7,0.1198906160046056,15,15
1779998715622,0.29887478431284137,0.015873015873015876,0.6723849885082599,1.091426078548409,0.0,0.0,1,0.07965561033835934,0.0,0.001953125,0.0022230387686279626,0.0,1.2926684639950898E-7,0.11987336307382357,15,15
1779998716135,0.2988747843128413,0.03174603174603175,0.0033891466201172614,1.0904023482576444,0.0,0.0,1,0.0806764277593773,0.24366471734892786,0.001953125,0.0022030004077665485,0.0,1.0341347711960719E-7,0.11985611510791372,15,15
1779998716655,0.2980961740409693,0.047619047619047616,0.6867842498710899,1.0840309399598105,0.0,0.0,1,0.08101826382113532,0.0,0.001953125,0.0022043816090573033,0.0,8.273078169568576E-8,0.1198388721047331,15,15
1779998717159,0.2982300331433959,0.022447834323382463,0.6878966142947471,1.0777635272883122,0.0,0.0,1,0.07860640064618062,0.0,0.001953125,0.0022043816090573163,0.0,6.618462535654862E-8,0.11982163406214041,15,15
1779998717672,0.2998133410189931,0.025097441747368093,0.0016021799789155222,1.0769138323900012,0.0,0.0,1,0.08026740641049684,0.0,0.001953125,0.0021952860841823255,0.0,5.2947700285238897E-8,0.11980440097799516,15,15
1779998718185,0.3045866236375923,0.044895668646764926,0.0033354124564502112,1.0760612409951895,0.0,0.0,1,0.07818545706842228,0.24366471734892786,0.001953125,0.0021764695208134122,0.0,4.235816022819112E-8,0.11978717285015816,15,15
1779998718702,0.3050581289728308,0.011223917161691232,7.98695622503989E-5,1.0752427938403057,0.0,0.0,1,0.07810315758825359,0.0,0.001953125,0.00217581638064549,0.0,3.38865281825529E-8,0.11976994967649168,15,15
1779998719200,0.3038540927744505,0.03549314249999667,0.7311150174023457,1.0691196031871903,0.0,0.0,1,0.07596819399138385,0.0,0.001953125,0.0021758163806454506,0.0,2.710922254604232E-8,0.1197527314548591,15,15
1779998719710,0.30683057754503873,0.04046840883803798,0.006762862698693215,1.068332968398301,0.0,0.0,1,0.07443605326155109,0.49019607843137253,0.001953125,0.002139314913092074,0.0,2.168737803683386E-8,0.11973551818312489,13,15
1779998720224,0.3064078303474726,0.011223917161691232,8.148684329032776E-5,1.0676028557240937,0.0,1.0,1,0.07564014521275528,0.0,0.001953125,0.002138673838818499,0.0,1.7349902429467087E-8,0.11971830985915488,15,15
1779998720724,0.3064078303474726,0.0,8.27339535599632E-5,1.0668810289807495,0.0,0.0,1,0.07394136237889944,0.0,0.001953125,0.002138035646673185,0.0,1.387992194357367E-8,0.11984480528811614,15,15
1779998721219,0.30814081314245023,0.056119585808456156,0.7829265595812137,1.060847904294135,0.0,1.0,1,0.0759519018536366,0.5050505050505051,0.001953125,0.0021034200723464005,0.0,1.1103937554858937E-8,0.1198275862068966,13,15
1779998721746,0.3074059583184393,0.03174603174603175,0.7823873593681715,1.0549125195101472,0.0,1.0,0,0.07706856295157374,0.47438330170777987,0.001953125,0.002068743933741748,0.0,8.88315004388715E-9,0.11981037207297807,12,15
1779998722278,0.3064704185547013,0.0,0.7753350486378717,1.04911717763456,0.0,0.0,0,0.0745699462982638,0.0,0.001953125,0.002068743933741735,0.0,7.10652003510972E-9,0.11993679977018101,13,15
1779998722798,0.3060063841262017,0.015873015873015876,0.7814366422176496,1.0433700388175862,0.0,0.0,0,0.07253625897263571,0.4807692307692307,0.001953125,0.0020346818172622336,0.0,5.685216028087777E-9,0.11991957489587823,12,15
1779998723333,0.3068080647875131,0.033671751485073696,0.7806600561534021,1.0377158062438805,0.0,0.0,0,0.07132209458720361,0.4672897196261682,0.001953125,0.0020023868102044197,0.0,4.548172822470222E-9,0.11990235496840895,11,15
1779998723864,0.3064031053620632,0.0,0.7739003674759749,1.0321927603230532,0.0,0.0,0,0.07142403150120451,0.0,0.001953125,0.002003646582465354,0.0,3.6385382579761776E-9,0.12002871500358936,12,15
1779998724368,0.30622458561361243,0.015873015873015876,0.006498366104320535,1.0318183337439066,0.0,0.0,0,0.07116885397411173,0.49603174603174605,0.001953125,0.001969995595948103,0.0,2.910830606380942E-9,0.12001148435256959,11,15
1779998724901,0.3042818532594317,0.04627739599083572,0.7891864147839803,1.0263856279465888,0.0,0.0,0,0.07275129123476715,0.0,0.001953125,0.0019700395834481937,0.0,2.328664485104754E-9,0.11999425864791158,12,15
1779998725405,0.3045606764441631,0.033671751485073696,0.7884396246762491,1.0210379354079184,0.0,0.0,0,0.07210216713223717,0.0,0.001953125,0.001971282895278266,0.0,1.862931588083803E-9,0.1199770378874856,13,15
1779998725915,0.3035951092981256,0.015873015873015876,8.094303831181246E-5,1.0208226461963819,0.0,0.0,1,0.07188909507990876,0.0,0.001953125,0.0019706770303219963,0.0,1.4903452704670427E-9,0.11995982206916345,15,15
1779998726407,0.30684522140636733,0.033671751485073696,0.8102146973336971,1.0155186156438647,0.0,0.0,1,0.07796806162930409,0.508130081300813,0.001953125,0.0019381659933998142,0.0,1.1922762163736343E-9,0.11994261119081784,13,15
1779998726944,0.3064018305933344,0.03174603174603175,0.8027455043031206,1.010336954826755,0.0,0.0,1,0.0779264122086411,0.0,0.001953125,0.0019396479600406354,0.0,9.538209730989074E-10,0.1199254052503228,15,15
1779998727464,0.3064018305933344,0.025097441747368093,8.113908329082169E-5,1.0102320117216204,0.0,0.0,1,0.07621886609565495,0.0,0.001953125,0.001939050597952179,0.0,7.63056778479126E-10,0.1199082042455536,15,15
1779998727988,0.3061431016444245,0.0,8.23808718136516E-5,1.010128141956157,0.0,0.0,1,0.07615859593096103,0.0,0.001953125,0.0019384559237295535,0.0,6.104454227833008E-10,0.12003441847124618,15,15
1779998728502,0.3061431016444245,0.025097441747368093,1.0,1.0000152836347649,0.0,0.0,1,0.0758809392742872,0.48638132295719844,0.001953125,0.0019091476973050032,0.0,4.883563382266407E-10,0.12001720676799543,13,15
1779998729049,0.3091195864150127,0.025097441747368093,0.8158077561611707,0.9950647912211135,0.0,0.0,1,0.07797641750985906,0.0,0.001953125,0.0019091476973049902,0.0,3.9068507058131253E-10,0.12,15,15
1779998729580,0.3091195864150127,0.022447834323382463,8.075407722791332E-5,0.9951134039900473,0.0,0.0,1,0.07549126717643721,0.0,0.001953125,0.001908561369190431,0.0,3.1254805646505E-10,0.11998279816513757,15,15
1779998730094,0.31096201533291284,0.03174603174603175,0.831146783484931,0.9902354799039631,0.0,0.0,1,0.08423966527395615,0.0,0.001953125,0.0019085651833197223,0.0,2.5003844517204E-10,0.11996560126128708,15,15
1779998730600,0.31168477871032235,0.011223917161691232,0.8327796927887676,0.9854117720940111,0.0,1.0,1,0.08236839132670154,0.24703557312252963,0.001953125,0.0018942133572834446,0.0,2.0003075613763203E-10,0.11994840928632844,15,15
1779998731119,0.3119146506001147,0.0,0.8345085778890132,0.9806403217883315,0.0,0.0,1,0.08167898283704081,0.4816955684007707,0.001953125,0.0018643950591120625,0.0,1.6002460491010563E-10,0.1200745092420118,13,15
1779998731665,0.3101217101267516,0.022447834323382463,0.8332434887912378,0.9759376565241591,0.0,0.0,0,0.08682879598088547,0.45787545787545786,0.001953125,0.0018336200137126423,0.0,1.2801968392808452E-10,0.12005730659025793,12,15
1779998732193,0.3082792812088515,0.025097441747368093,0.8256395560319363,0.9713402073119246,0.0,0.0,0,0.08580435331870899,0.0,0.001953125,0.0018347995833860639,0.0,1.0241574714246762E-10,0.12004010886692451,13,15
1779998732709,0.3082792812088515,0.025097441747368093,0.8246452446560257,0.9668075288367234,0.0,0.0,1,0.0829104416992725,0.0,0.001953125,0.0018347995833860376,0.0,8.19325977139741E-11,0.12002291606989401,15,15
1779998733215,0.30989183823695926,0.047619047619047616,0.006011797847889033,0.9670941357358946,0.0,0.0,1,0.08128951205961762,0.49407114624505927,0.001953125,0.0018053519295964924,0.0,6.554607817117928E-11,0.12000572819705002,13,15
1779998733800,0.3110475231935533,0.015873015873015876,0.8398389346218549,0.9626221477339676,0.0,0.0,1,0.07905635703061537,0.0,0.001953125,0.0018055985554612504,0.0,5.243686253694343E-11,0.11998854524627722,15,15
1779998734310,0.31024957045332424,0.011223917161691232,7.93167889038354E-5,0.9629816288294465,0.0,0.0,1,0.07881457499901427,0.0,0.001953125,0.0018050367227793094,0.0,4.194949002955475E-11,0.11997136721546175,15,15
1779998734822,0.3125453100384604,0.03174603174603175,2.2778757275354941E-4,0.9633369747625135,0.0,0.0,1,0.0820979053295769,0.0,0.001953125,0.0018036749483487954,0.0,3.3559592023643797E-11,0.11995419410249064,15,15
1779998735335,0.30830683809914344,0.03549314249999667,0.8752859375583126,0.9589019043786232,0.0,0.0,1,0.08732922649135824,0.24366471734892786,0.001953125,0.0017898759837545353,0.0,2.684767361891504E-11,0.11993702590525257,15,15
1779998735870,0.30984104962359665,0.011223917161691232,0.8702257375197543,0.9545456354423775,0.0,0.0,1,0.0839703619744436,0.0,0.001953125,0.0017901226168848307,0.0,2.1478138895132034E-11,0.11991986262163712,15,15
1779998736383,0.31009533449289317,0.022447834323382463,0.8740797692244309,0.9502177849725977,0.0,0.0,1,0.0825697131389508,0.4873294346978557,0.001953125,0.0017619521264588907,0.0,1.7182511116105628E-11,0.11990270424953497,13,15
1779998736907,0.31220310533704393,0.044895668646764926,5.946831504760283E-5,0.9506907251734538,0.0,0.0,1,0.08475663679262338,0.0,0.001953125,0.0017615507588742171,0.0,1.3746008892884503E-11,0.11988555078683838,15,15
1779998737434,0.31510882892142367,0.011223917161691232,2.2966361796661713E-4,0.9511585150425147,0.0,0.0,1,0.08622564044922489,0.0,0.001953125,0.0017602185859314297,0.0,1.0996807114307604E-11,0.11986840223144046,15,15
1779998737958,0.3153675578703336,0.03549314249999667,0.9009880516748526,0.9469112832923234,0.0,0.0,1,0.08399560041477591,0.0,0.001953125,0.001761357409866415,0.0,8.797445691446083E-12,0.11985125858123569,15,15
1779998738483,0.3162678207548803,0.011223917161691232,0.9016007948146625,0.9427055566385528,0.0,0.0,1,0.0812013656773197,0.23809523809523808,0.001953125,0.0017469987597172909,0.0,7.0379565531568674E-12,0.11983411983411985,15,15
1779998739011,0.31650916719511646,0.011223917161691232,0.8956812093198684,0.9385750479302868,0.0,0.0,1,0.07861621077583869,0.0,0.001953125,0.0017481325982254495,0.0,5.630365242525494E-12,0.11981698598798973,15,15
1779998739521,0.31547157344691934,0.025097441747368093,0.006402116326547359,0.9391191599592218,0.0,0.0,1,0.08090457745630983,0.49019607843137253,0.001953125,0.0017187203165339995,0.0,4.5042921940203954E-12,0.11979985704074336,13,15
1779998740061,0.3159802685214431,0.050194883494736185,0.9110923441266962,0.9350367337340497,0.0,0.0,1,0.07872445242455314,0.0,0.001953125,0.001718756428788935,0.0,3.6034337552163163E-12,0.1197827329902802,15,15
1779998740571,0.31547157344691934,0.015873015873015876,0.9082389920879913,0.931009874011529,0.0,0.0,1,0.07700906072088703,0.0,0.001953125,0.001718756428788909,0.0,2.8827470041730534E-12,0.11976561383450046,15,15
1779998741080,0.31547157344691945,0.0,0.9054417113695657,0.9270375262148183,0.0,0.0,1,0.08363450576012522,0.0,0.001953125,0.001718756428788909,0.0,2.306197603338443E-12,0.11989139754215494,15,15
1779998741617,0.31531617488364067,0.0,1.0,1.3611646276904386,1.0,0.0,1,0.08470179486322171,0.46554934823091243,0.001953125,0.0011969119962736369,0.20766791366001336,0.04153358273384763,0.12001714530647234,13,15
1779998742211,0.31503164122506067,0.015873015873015876,0.501378014437031,1.3495464303141675,0.0,0.0,0,0.08505325502437387,0.4208754208754209,0.001953125,0.0011770093657748391,0.0,0.033226866187078104,0.12,12,15
1779998742781,0.314945693348103,0.033671751485073696,0.5016120191537035,1.3382122516722448,0.0,0.0,0,0.08210287638433963,0.0,0.001953125,0.0011777729823060675,0.0,0.026581492949662486,0.11998285959148691,13,15
1779998743312,0.314945693348103,0.0,0.5041545379466574,1.3271224231821492,0.0,0.0,1,0.07994510938899525,0.0,0.001953125,0.0011785399999217328,0.0,0.02126519435972999,0.12010854041702368,15,15
1779998743830,0.314945693348103,0.033671751485073696,0.5089653123694294,1.31623957744151,0.0,0.0,1,0.07840122724528702,0.4826254826254826,0.001953125,0.0011589418762486176,0.0,0.01701215548778399,0.1200913894045409,13,15
1779998744364,0.314945693348103,0.015873015873015876,0.5114166843333511,1.305587429247173,0.0,0.0,0,0.07601846487880667,0.4681647940074906,0.001953125,0.0011396465087783571,0.0,0.013609724390227194,0.12007424328954885,12,15
1779998744916,0.31471953359861593,0.022447834323382463,0.511708203994788,1.2951860920805651,0.0,0.0,0,0.08520555142336697,0.0,0.001953125,0.0011396465087783836,0.0,0.010887779512181756,0.12005710206995002,13,15
1779998745443,0.31268422937294205,0.04046840883803798,2.9820531315581405E-5,1.2913737465439332,0.0,0.0,1,0.08246174500903267,0.0,0.001953125,0.001139283256286006,0.0,0.008710223609745405,0.12003996574364828,15,15
1779998745962,0.3133133022914116,0.05723097262641253,5.593478827119153E-4,1.2876152260911313,0.0,0.0,1,0.08446248333591505,0.0,0.001953125,0.0011346212900179293,0.0,0.0069681788877963245,0.12002283430854854,15,15
1779998746480,0.31253469201953943,0.025097441747368093,0.5362830687725721,1.27757144464326,0.0,0.0,1,0.0832841186287571,0.2413127413127413,0.001953125,0.0011251591479471265,0.0,0.00557454311023706,0.12000570776255703,15,15
1779998746998,0.31253469201953943,0.033671751485073696,0.5374229421106576,1.2677465066351343,0.0,0.0,1,0.0806569009954791,0.0,0.001953125,0.0011258928796255647,0.0,0.004459634488189648,0.1199885861035811,15,15
1779998747519,0.3121557585557942,0.025097441747368093,0.5398317827511179,1.258118931316212,0.0,0.0,1,0.07866328119663929,0.0,0.001953125,0.0011258928796255513,0.0,0.0035677075905517185,0.11997146932952929,15,15
1779998748041,0.31083274847368136,0.025097441747368093,0.5420778436261786,1.248684626363317,0.0,0.0,1,0.07711312989689023,0.0,0.001953125,0.001126629881467931,0.0,0.002854166072441375,0.11995435743831118,15,15
1779998748604,0.3103905096658923,0.025097441747368093,0.5467079643992124,1.239410565486353,0.0,0.0,1,0.0753757190889265,0.4440497335701599,0.001953125,0.0011078702651936315,0.0,0.0022833328579531,0.11993725042783798,13,15
1779998749162,0.3127525653793395,0.025097441747368093,0.5489054692294851,1.2303193657018445,0.0,0.0,0,0.0740474983378061,0.4480286738351254,0.001953125,0.0010896573678651359,0.0,0.00182666628636248,0.11992014829602171,12,15
1779998749707,0.31752584799793876,0.025097441747368093,0.5489480916275389,1.221429695938777,0.0,0.0,0,0.07278283411313607,0.0,0.001953125,0.0010896573678651756,0.0,0.001461333029089984,0.11990305104077559,13,15
1779998750216,0.3195611522236128,0.025097441747368093,5.007781627639405E-4,1.218725633890781,0.0,0.0,1,0.07431435880227459,0.0,0.001953125,0.0010857194372722145,0.0,0.0011690664232719874,0.11988595866001428,15,15
1779998750745,0.3212630957694709,0.03174603174603175,0.5623205797438626,1.2100590120279613,0.0,0.0,1,0.07272666237258855,0.0,0.001953125,0.001085719437272201,0.0,9.3525313861759E-4,0.11986887115165334,15,15
1779998751268,0.3212630957694709,0.011223917161691232,0.5656042359846571,1.2015454184699215,0.0,1.0,1,0.08062272147857617,0.2390057361376673,0.001953125,0.0010766433027014318,0.0,7.482025108940721E-4,0.11985178851360978,15,15
1779998751855,0.3235047257160482,0.011223917161691232,0.5666085582484147,1.1932045075613893,0.0,0.0,1,0.07893325300356402,0.0,0.001953125,0.0010766453292454883,0.0,5.985620087152576E-4,0.1198347107438017,15,15
1779998752435,0.3228756527975786,0.0,0.5687374576944532,1.1850196530877493,0.0,0.0,1,0.07747264188507968,0.0,0.001953125,0.001076647365306851,0.0,4.7884960697220616E-4,0.11996010827753245,15,15
1779998752975,0.3236105076215895,0.025097441747368093,0.573084840786466,1.176963468849179,0.0,0.0,1,0.07567227705460987,0.4629629629629629,0.001953125,0.0010587446137576763,0.0,3.8307968557776495E-4,0.11994301994301992,13,15
1779998753580,0.32385185406182576,0.033671751485073696,0.572836364237345,1.1690793348604753,0.0,0.0,1,0.07455968146766362,0.0,0.001953125,0.0010594402780317153,0.0,3.06463748462212E-4,0.11992593647628547,15,15
1779998754111,0.3266823882833859,0.04046840883803798,5.713137687978668E-4,1.1671003151505468,0.0,0.0,1,0.07424127907569926,0.0,0.001953125,0.0010550126279285797,0.0,2.451709987697696E-4,0.11990885787524919,15,15
1779998754642,0.32448092698029535,0.03549314249999667,0.5865776631771699,1.1593950974262792,0.0,0.0,1,0.08161816943579747,0.0,0.001953125,0.0010550126279286196,0.0,1.961367990158157E-4,0.11989178413783286,15,15
1779998755204,0.32291657045794625,0.0,1.0,1.5610851237057912,1.0,0.0,1,0.07998973483867024,0.22241992882562275,0.001953125,7.961691458552834E-4,0.1994208925067975,0.04004108794057215,0.12001708428246016,15,15
1779998755740,0.3221817156339354,0.0,0.4436435555080659,1.5447114603925227,0.0,0.0,1,0.08516108346406008,0.46641791044776115,0.001953125,7.828440284069855E-4,0.0,0.03203287035245772,0.1201423487544484,13,15
1779998756283,0.3191384050260465,0.0,0.44638201455329374,1.5287576370338303,0.0,0.0,0,0.08230662733448127,0.4604051565377532,0.001953125,7.69743139668309E-4,0.0,0.02562629628196618,0.12026757756902928,12,15
1779998756818,0.3181395599182647,0.0,0.4491132258612197,1.5132079084741439,0.0,0.0,0,0.08407838685628444,0.4672897196261682,0.001953125,7.568627491778481E-4,0.0,0.020501037025572946,0.12039277074142596,11,15
1779998757361,0.31967377144271786,0.011223917161691232,0.451790503965849,1.498048077396741,0.0,0.0,0,0.08251395621020266,0.4604051565377532,0.001953125,7.448033805708794E-4,0.0,0.016400829620458357,0.12037564029595904,10,15
1779998757897,0.31710196617006753,0.03174603174603175,1.7514652310501823E-5,1.49062374727374,0.0,0.0,0,0.0837101322645389,0.0,0.001953125,7.445519639165708E-4,0.0,0.013120663696366686,0.12035851472471193,11,15
1779998758421,0.3145642857713648,0.04046840883803798,0.46255096658285844,1.4760388181148358,0.0,0.0,0,0.08169928395413456,0.0,0.001953125,7.445519639165973E-4,0.0,0.01049653095709335,0.12034139402560451,12,15
1779998758953,0.3156232682443864,0.015873015873015876,0.46525993069783367,1.4618077259018276,0.0,0.0,0,0.07878595768634007,0.0,0.001953125,7.445671469422267E-4,0.0,0.00839722476567468,0.12032427819655811,13,15
1779998759500,0.31245651492721416,0.015873015873015876,0.46856765626179986,1.447908512454212,0.0,0.0,0,0.076319018977053,0.22851919561243142,0.001953125,7.383117376765677E-4,0.0,0.006717779812539744,0.12030716723549484,13,15
1779998760077,0.30920640281897244,0.011223917161691232,0.4718448730766192,1.434329897261886,0.0,1.0,0,0.07415825523923535,0.43327556325823224,0.001953125,7.259591566869514E-4,0.0,0.005374223850031796,0.12029006114033836,12,15
1779998760619,0.30920640281897244,0.011223917161691232,0.47330531753939936,1.4210879304216613,0.0,1.0,0,0.07680163254570777,0.0,0.001953125,7.259591566869646E-4,0.0,0.004299379080025437,0.12027295990901332,13,15
1779998761124,0.30619836909027504,0.03174603174603175,0.47711234233107536,1.4081361331807247,0.0,0.0,0,0.0742494743446906,0.49504950495049505,0.001953125,7.145093687245637E-4,0.0,0.0034395032640203494,0.12025586353944562,12,15
1779998761663,0.30698541648786176,0.025097441747368093,0.4786177902052738,1.3954981504467594,0.0,0.0,0,0.07254385070152598,0.0,0.001953125,7.145093687245637E-4,0.0,0.0027516026112162795,0.12023877202956224,13,15
1779998762181,0.3074998220362341,0.025097441747368093,0.4812183836834922,1.383147514098747,0.0,0.0,1,0.07253988923837558,0.0,0.001953125,7.15095324460945E-4,0.0,0.0022012820889730235,0.1202216853772915,15,15
