t_ms,entropy_ema,churn01,dCurv01,meanAbsCurv01,two1_eff_rate01,tmr01,feedback_tick,roi_amp01,roi_deqRate01,roi_curvCover01,roi_curvEntropy01,roi_two1RawRate01,two1_exp01,bmu_stability,queue_size,queue_cap
1771080795479,0.0,0.0,0.0,0.0,0.0,0.0,1,0.016707420349121094,0.0,0.0,0.0,0.0,0.0,1.0,2,15
1771080795811,0.11321160719436829,0.3057194153539593,0.0,0.0,0.0,0.0,0,0.016591548919677734,0.753012048192771,0.0,0.0,0.0,0.0,0.33333333333333337,1,15
1771080797623,0.14285714285714285,0.7192989884478287,0.0,0.0,0.0,0.0,0,0.014536261558532715,0.0,0.0,0.0,0.0,0.0,0.25,2,15
1771080798601,0.21055019851572077,0.40323067820504394,0.0,0.0,0.0,0.0,0,0.058886510297546386,0.1278118609406953,0.0,0.0,0.0,0.0,0.11111111111111116,2,15
1771080798866,0.2899152778808002,0.37912623094689174,0.0,0.0,0.0,0.0,0,0.060967476922315904,0.0,0.0,0.0,0.0,0.0,0.05555555555555558,3,15
1771080799143,0.32027544212676584,0.48419055729139604,0.0,0.0,0.0,0.0,0,0.0365136626519194,0.0,0.0,0.0,0.0,0.0,0.040000000000000036,4,15
1771080799412,0.35498684160191524,0.36027475701911027,0.0,0.0,0.0,0.0,0,0.03595852227097264,0.0,0.0,0.0,0.0,0.0,0.02941176470588236,5,15
1771080799679,0.37762356221294086,0.33305780434483223,0.0,0.0,0.0,0.0,0,0.026640874742639514,0.0,0.0,0.0,0.0,0.0,0.023255813953488413,6,15
1771080800553,0.3923043474659555,0.5350068284512342,0.0,0.0,0.0,0.0,0,0.018272701302953626,0.14302059496567507,0.0,0.0,0.0,0.0,0.020408163265306145,6,15
1771080800809,0.411038051376107,0.3047565261254195,0.0,0.0,0.0,0.0,0,0.025318923070290253,0.0,0.0,0.0,0.0,0.0,0.017241379310344862,7,15
1771080801073,0.4209199262745214,0.40198994960535894,0.0,0.0,0.0,0.0,0,0.03751029114274183,0.0,0.0,0.0,0.0,0.0,0.015151515151515138,8,15
1771080801324,0.43539181122589543,0.3371312498876431,0.0,0.0,0.0,0.0,0,0.040031720150566004,0.0,0.0,0.0,0.0,0.0,0.013333333333333308,9,15
1771080801574,0.4440280866257971,0.2598790077577237,0.0,0.0,0.0,0.0,0,0.02956108706292895,0.0,0.0,0.0,0.0,0.0,0.012345679012345734,10,15
1771080801842,0.4554233220236114,0.3652938174663191,0.0,0.0,0.0,0.0,0,0.03747208743891655,0.0,0.0,0.0,0.0,0.0,0.01098901098901095,11,15
1771080802559,0.4578661823602514,0.34007777066909955,0.0,0.0,0.0,0.0,0,0.036773455008302446,0.17433751743375175,0.0,0.0,0.0,0.0,0.010752688172043001,11,15
1771080802809,0.46545052248236257,0.36442247510851156,0.0,0.0,0.0,0.0,0,0.0384914133278938,0.0,0.0,0.0,0.0,0.0,0.009803921568627416,12,15
1771080803072,0.46545052248236257,0.2538035742487833,0.0,0.0,0.0,0.0,0,0.024369185892735762,0.0,0.0,0.0,0.0,0.0,0.009090909090909038,13,15
1771080803330,0.4611648081966484,0.43767282631552384,0.0,0.0,0.0,0.0,0,0.01703987027653534,0.0,0.0,0.0,0.0,0.0,0.008474576271186418,14,15
1771080803589,0.46402195105379124,0.5441500710494535,0.0,0.0,0.0,0.0,1,0.03584539215758288,0.0,0.0,0.0,0.0,0.0,0.007936507936507908,15,15
1771080803868,0.46205417426653156,0.31316803753533445,0.0,0.0,0.0,0.0,1,0.0962613561477261,0.0,0.0,0.0,0.0,0.0,0.007407407407407418,15,15
1771080804609,0.46205417426653156,0.3264334525928617,0.0,0.0,0.0,0.0,1,0.08381679966344559,0.16869095816464239,0.0,0.0,0.0,0.0,0.007299270072992692,15,15
1771080804878,0.4640219510537912,0.4138947360342939,0.0,0.0,0.0,0.0,1,0.05119858367720482,0.0,0.0,0.0,0.0,0.0,0.006896551724137945,15,15
1771080805147,0.4668790939109341,0.4607326004441475,0.0,0.0,0.0,0.0,1,0.03320455754436308,0.0,0.0,0.0,0.0,0.0,0.006535947712418277,15,15
1771080805397,0.4611648081966484,0.294619298803394,0.0,0.0,0.0,0.0,0,0.03937182914120301,0.0,0.0,0.0,0.0,0.0,0.012345679012345734,15,15
1771080805664,0.46259337962521985,0.2996389966979,0.0,0.0,0.0,0.0,1,0.05731730746451313,0.0,0.0,0.0,0.0,0.0,0.0117647058823529,15,15
1771080805925,0.4617040135553367,0.3683227604070394,0.0,0.0,0.0,0.0,1,0.032759266273755416,0.0,0.0,0.0,0.0,0.0,0.011235955056179803,15,15
1771080806739,0.4617040135553367,0.40910006086901857,0.0,0.0,0.0,0.0,1,0.030333456283353228,0.15356265356265358,0.0,0.0,0.0,0.0,0.011111111111111072,15,15
1771080806992,0.46259337962521985,0.36824260767511524,0.0,0.0,0.0,0.0,1,0.04510525901273797,0.0,0.0,0.0,0.0,0.0,0.010582010582010581,15,15
1771080807246,0.46259337962521985,0.3662456892697975,0.0,0.0,0.0,0.0,1,0.08488842223833663,0.0,0.0,0.0,0.0,0.0,0.010101010101010055,15,15
1771080807518,0.46205417426653167,0.4263772473953683,0.0,0.0,0.0,0.0,0,0.04398921821372386,0.0,0.0,0.0,0.0,0.0,0.009615384615384581,15,15
1771080807786,0.46348274569510306,0.4109177581824029,0.0,0.0,0.0,0.0,1,0.03584219976926754,0.0,0.0,0.0,0.0,0.0,0.0092592592592593,15,15
1771080808763,0.4654505224823626,0.2957066536462747,0.0,0.0,0.0,0.0,1,0.03139954410719352,0.12794268167860798,0.0,0.0,0.0,0.0,0.008928571428571397,15,15
1771080809021,0.46402195105379124,0.3588731041275308,0.0,0.0,0.0,0.0,1,0.03416813822437975,0.0,0.0,0.0,0.0,0.0,0.008658008658008698,15,15
1771080809283,0.4654505224823626,0.42758151428209196,0.0,0.0,0.0,0.0,1,0.02526807210563827,0.0,0.0,0.0,0.0,0.0,0.008368200836820106,15,15
1771080809552,0.46402195105379124,0.3220504248975907,0.0,0.0,0.0,0.0,0,0.03274230638285301,0.0,0.0,0.0,0.0,0.0,0.008032128514056214,15,15
1771080809807,0.46062560283796017,0.503876692441876,0.0,0.0,0.0,0.0,1,0.020872985567825405,0.0,0.0,0.0,0.0,0.0,0.0077821011673151474,15,15
1771080810668,0.4611648081966484,0.4156707474937317,0.0,0.0,0.0,0.0,1,0.026241811828833523,0.14518002322880372,0.0,0.0,0.0,0.0,0.007547169811320753,15,15
1771080810929,0.4611648081966484,0.42868263587331623,0.0,0.0,0.0,0.0,1,0.0404147942561344,0.0,0.0,0.0,0.0,0.0,0.007299270072992692,15,15
1771080811195,0.4611648081966484,0.47340367880726286,0.0,0.0,0.0,0.0,1,0.05313976887720827,0.0,0.0,0.0,0.0,0.0,0.007042253521126751,15,15
1771080811463,0.46116480819664846,0.40654709017600293,0.0,0.0,0.0,0.0,0,0.04296291153197642,0.0,0.0,0.0,0.0,0.0,0.006802721088435382,15,15
1771080811734,0.46402195105379124,0.2646924235222463,0.0,0.0,0.0,0.0,1,0.03778943232601351,0.0,0.0,0.0,0.0,0.0,0.006578947368421018,15,15
1771080812001,0.46456115641247947,0.3122969098911604,0.0,0.0,0.0,0.0,1,0.03261098658168696,0.0,0.0,0.0,0.0,0.0,0.006369426751592355,15,15
1771080812855,0.46598972784105086,0.36619312755607525,0.0,0.0,0.0,0.0,1,0.03226866301282566,0.14637002341920374,0.0,0.0,0.0,0.0,0.006329113924050667,15,15
1771080813113,0.46598972784105086,0.4134234873611984,0.0,0.0,0.0,0.0,1,0.027405874181207934,0.0,0.0,0.0,0.0,0.0,0.006153846153846176,15,15
1771080813372,0.46741829926962225,0.4473696081910354,0.0,0.0,0.0,0.0,1,0.02202159487210193,0.0,0.0,0.0,0.0,0.0,0.006006006006005982,15,15
1771080813639,0.46741829926962225,0.3593986155591564,0.0,0.0,0.0,0.0,0,0.030491683087024223,0.0,0.0,0.0,0.0,0.0,0.005830903790087438,15,15
1771080813895,0.46741829926962225,0.38659521835467336,0.0,0.0,0.0,0.0,1,0.027783121685672908,0.0,0.0,0.0,0.0,0.0,0.005698005698005715,15,15
1771080814822,0.46884687069819364,0.41706168445605635,0.0,0.0,0.0,0.0,1,0.08107464598167191,0.1348435814455232,0.0,0.0,0.0,0.0,0.005586592178770999,15,15
1771080815073,0.47027544212676514,0.39685195372320414,0.0,0.0,0.0,0.0,1,0.05187884570896122,0.0,0.0,0.0,0.0,0.0,0.00544959128065392,15,15
1771080815343,0.46884687069819364,0.30257467841110885,0.0,0.0,0.0,0.0,1,0.03946650455837502,0.0,0.0,0.0,0.0,0.0,0.0053050397877983935,15,15
1771080815612,0.46884687069819375,0.39635836212820086,0.0,0.0,0.0,0.0,0,0.03814185434982732,0.0,0.0,0.0,0.0,0.0,0.0051679586563307955,15,15
1771080815881,0.46598972784105097,0.4054440006836362,0.0,0.0,0.0,0.0,1,0.04143883261692443,0.0,0.0,0.0,0.0,0.0,0.005037783375314908,15,15
1771080816134,0.46741829926962236,0.4524515741191383,0.0,0.0,0.0,0.0,1,0.028880665838954638,0.49407114624505927,0.0,0.0,0.0,0.0,0.004938271604938316,14,15
1771080816871,0.46741829926962236,0.3062273461831505,0.0,0.0,0.0,0.0,1,0.027622637076585747,0.0,0.0,0.0,0.0,0.0,0.0049261083743842304,15,15
1771080817129,0.46884687069819375,0.41731670010142907,0.0,0.0,0.0,0.0,1,0.02567502096929033,0.0,0.0,0.0,0.0,0.0,0.004819277108433773,15,15
1771080817396,0.46741829926962236,0.4366941120083986,0.0,0.0,0.0,0.0,1,0.05390382877024347,0.0,0.0,0.0,0.0,0.0,0.004705882352941226,15,15
1771080817663,0.46884687069819375,0.337644757194234,0.0,0.0,0.0,0.0,0,0.044390061100883046,0.0,0.0,0.0,0.0,0.0,0.0045977011494252595,15,15
1771080817934,0.46884687069819364,0.39874551699220206,0.0,0.0,0.0,0.0,1,0.04613753121066643,0.0,0.0,0.0,0.0,0.0,0.004514672686230292,15,15
1771080818855,0.46741829926962225,0.5183771630511642,0.0,0.0,0.0,0.0,1,0.035692527322912344,0.13572204125950055,0.0,0.0,0.0,0.0,0.004424778761061954,15,15
1771080819106,0.46884687069819364,0.28698230194667534,0.0,0.0,0.0,0.0,1,0.05894872092977777,0.0,0.0,0.0,0.0,0.0,0.004338394793926281,15,15
1771080819376,0.46741829926962225,0.40549361984792004,0.0,0.0,0.0,0.0,1,0.03991088221393558,0.0,0.0,0.0,0.0,0.0,0.00424628450106157,15,15
1771080819644,0.46741829926962225,0.312376735966549,0.0,0.0,0.0,0.0,0,0.022401142178526897,0.0,0.0,0.0,0.0,0.0,0.004158004158004158,15,15
1771080819905,0.46598972784105086,0.40458926673938345,0.0,0.0,0.0,0.0,1,0.016246305598516805,0.0,0.0,0.0,0.0,0.0,0.004089979550102263,15,15
1771080820159,0.46598972784105086,0.2814028208532003,0.0,0.0,0.0,0.0,1,0.03173016803381505,0.0,0.0,0.0,0.0,0.0,0.004024144869215318,15,15
1771080820883,0.46402195105379124,0.3248036425252485,0.0,0.0,0.0,0.0,1,0.03202366764876284,0.17265193370165746,0.0,0.0,0.0,0.0,0.004008016032064132,15,15
1771080821134,0.46259337962521985,0.3224003030730113,0.0,0.0,0.0,0.0,1,0.023640658772768885,0.0,0.0,0.0,0.0,0.0,0.003937007874015741,15,15
1771080821389,0.46116480819664846,0.3967375801829536,0.0,0.0,0.0,0.0,1,0.06160160033111593,0.0,0.0,0.0,0.0,0.0,0.003875968992248069,15,15
1771080821657,0.46259337962521985,0.38314281197271655,0.0,0.0,0.0,0.0,0,0.04175201594029193,0.0,0.0,0.0,0.0,0.0,0.0038022813688213253,15,15
1771080821923,0.4617040135553367,0.5849260652060223,0.0,0.0,0.0,0.0,1,0.07309353536443049,0.0,0.0,0.0,0.0,0.0,0.003731343283582045,15,15
1771080822191,0.4602754421267652,0.2815583044739336,0.0,0.0,0.0,0.0,1,0.048662953000694495,0.0,0.0,0.0,0.0,0.0,0.005494505494505475,15,15
1771080822869,0.46402195105379124,0.37741476262875634,0.0,0.0,0.0,0.0,1,0.0544266962877466,0.18436578171091444,0.0,0.0,0.0,0.0,0.005474452554744547,15,15
1771080823120,0.4591970314093888,0.409206278547422,0.0,0.0,0.0,0.0,1,0.054683665042752044,0.0,0.0,0.0,0.0,0.0,0.0053859964093356805,15,15
1771080823385,0.4617040135553366,0.433619117723065,0.0,0.0,0.0,0.0,1,0.040851101105622664,0.0,0.0,0.0,0.0,0.0,0.005291005291005346,15,15
1771080823658,0.4625933796252198,0.36270472618233446,0.0,0.0,0.0,0.0,0,0.047439371113583234,0.0,0.0,0.0,0.0,0.0,0.005199306759098743,15,15
1771080823930,0.459736236768077,0.47139723328900335,0.0,0.0,0.0,0.0,1,0.037796625501461574,0.0,0.0,0.0,0.0,0.0,0.005110732538330498,15,15
1771080824185,0.459736236768077,0.37215376447090237,0.0,0.0,0.0,0.0,1,0.04894579252934474,0.0,0.0,0.0,0.0,0.0,0.005042016806722671,15,15
1771080824876,0.4583076653395056,0.3719066736372226,0.0,0.0,0.0,0.0,1,0.04589071661387495,0.18089725036179452,0.0,0.0,0.0,0.0,0.005025125628140725,15,15
1771080825148,0.45598972784105096,0.44086359976163775,0.0,0.0,0.0,0.0,1,0.030565009518266354,0.0,0.0,0.0,0.0,0.0,0.0049423393739703725,15,15
1771080825405,0.4588468706981938,0.5213023244924571,0.0,0.0,0.0,0.0,1,0.036795648339509414,0.0,0.0,0.0,0.0,0.0,0.004878048780487809,15,15
1771080825658,0.46027544212676513,0.37651377031027794,0.0,0.0,0.0,0.0,0,0.03144426838371592,0.0,0.0,0.0,0.0,0.0,0.004823151125401881,15,15
1771080825915,0.4617040135553366,0.35676761546651137,0.0,0.0,0.0,0.0,1,0.027095282649174657,0.0,0.0,0.0,0.0,0.0,0.004754358161648153,15,15
1771080826201,0.4617040135553365,0.3974773926899119,0.0,0.0,0.0,0.0,1,0.03377411066308055,0.0,0.0,0.0,0.0,0.0,0.004687499999999956,15,15
1771080826913,0.46313258498390797,0.20174708865118582,0.0,0.0,0.0,0.0,1,0.030591634378849448,0.175561797752809,0.0,0.0,0.0,0.0,0.004672897196261627,15,15
1771080827183,0.46313258498390797,0.4251812634511422,0.0,0.0,0.0,0.0,1,0.03552226186210025,0.0,0.0,0.0,0.0,0.0,0.004601226993865004,15,15
1771080827451,0.46027544212676513,0.3884368690803271,0.0,0.0,0.0,0.0,1,0.023794701323968034,0.0,0.0,0.0,0.0,0.0,0.004531722054380682,15,15
1771080827719,0.46027544212676513,0.4645073443422861,0.0,0.0,0.0,0.0,0,0.019661905501739206,0.0,0.0,0.0,0.0,0.0,0.004464285714285698,15,15
1771080827987,0.4625933796252198,0.42547470304570173,0.0,0.0,0.0,0.0,1,0.036748359719721936,0.0,0.0,0.0,0.0,0.0,0.004398826979472137,15,15
1771080828254,0.4577684599808174,0.2942579829274523,0.0,0.0,0.0,0.0,1,0.0443690525837974,0.0,0.0,0.0,0.0,0.0,0.00433526011560692,15,15
1771080828933,0.4577684599808174,0.1674965417501649,0.0,0.0,0.0,0.0,1,0.0433096233934635,0.1840942562592047,0.0,0.0,0.0,0.0,0.004322766570605152,15,15
1771080829183,0.46116480819664846,0.40945687914038487,0.0,0.0,0.0,0.0,1,0.041169322017892925,0.0,0.0,0.0,0.0,0.0,0.004267425320056861,15,15
1771080829450,0.46116480819664846,0.38497279050353495,0.0,0.0,0.0,0.0,1,0.03765689473410834,0.0,0.0,0.0,0.0,0.0,0.0042075736325385416,15,15
1771080829716,0.4591970314093889,0.3095447228678657,0.0,0.0,0.0,0.0,0,0.03902585023802395,0.0,0.0,0.0,0.0,0.0,0.0055325034578146415,15,15
1771080829980,0.46348274569510317,0.49344680638783495,0.0,0.0,0.0,0.0,1,0.03970962456453401,0.0,0.0,0.0,0.0,0.0,0.00545702592087316,15,15
1771080830237,0.46062560283796034,0.4839046338214665,0.0,0.0,0.0,0.0,1,0.033955853790682736,0.0,0.0,0.0,0.0,0.0,0.005398110661268607,15,15
1771080830979,0.45865782605070077,0.5782680027595383,0.0,0.0,0.0,0.0,1,0.0386151494770125,0.16846361185983827,0.0,0.0,0.0,0.0,0.005376344086021501,15,15
1771080831250,0.45865782605070077,0.44392671383111026,0.0,0.0,0.0,0.0,1,0.03439196845311171,0.0,0.0,0.0,0.0,0.0,0.0053050397877983935,15,15
1771080831504,0.46116480819664846,0.38706193708379166,0.0,0.0,0.0,0.0,1,0.044856260723261335,0.0,0.0,0.0,0.0,0.0,0.005249343832021025,15,15
1771080831756,0.46116480819664846,0.3295932972537758,0.0,0.0,0.0,0.0,0,0.03431937938260795,0.0,0.0,0.0,0.0,0.0,0.005188067444876765,15,15
1771080832010,0.46116480819664846,0.24198152768815623,0.0,0.0,0.0,0.0,1,0.0495038149927269,0.0,0.0,0.0,0.0,0.0,0.005148005148005175,15,15
1771080832262,0.46402195105379135,0.4454706870944006,0.0,0.0,0.0,0.0,1,0.05081455813078663,0.0,0.0,0.0,0.0,0.0,0.005102040816326481,15,15
1771080833228,0.46116480819664857,0.15838435965249711,0.0,0.0,0.0,0.0,1,0.0503956739205461,0.12939958592132506,0.0,0.0,0.0,0.0,0.0050890585241730735,15,15
1771080833500,0.46116480819664857,0.4398499471436467,0.0,0.0,0.0,0.0,1,0.06207355155746476,0.0,0.0,0.0,0.0,0.0,0.005031446540880502,15,15
1771080833751,0.4602754421267653,0.47911730931445334,0.0,0.0,0.0,0.0,1,0.054122992507815014,0.0,0.0,0.0,0.0,0.0,0.004993757802746579,15,15
1771080834022,0.459125698930739,0.5799879091797009,0.0,0.0,0.0,0.0,0,0.041540746093925024,0.0,0.0,0.0,0.0,0.0,0.00495662949194553,15,15
1771080834272,0.4576971275021676,0.4833561288846088,0.0,0.0,0.0,0.0,1,0.034038984319922014,0.0,0.0,0.0,0.0,0.0,0.004938271604938316,15,15
1771080835119,0.459125698930739,0.4780427326623521,0.0,0.0,0.0,0.0,1,0.03028381575587056,0.14757969303423848,0.0,0.0,0.0,0.0,0.0049261083743842304,15,15
1771080835375,0.4617040135553367,0.4196512196832201,0.0,0.0,0.0,0.0,1,0.034202539592928405,0.0,0.0,0.0,0.0,0.0,0.00487210718635811,15,15
1771080835639,0.4588468706981938,0.4284896863504833,0.0,0.0,0.0,0.0,1,0.03712409731089277,0.0,0.0,0.0,0.0,0.0,0.004813477737665495,15,15
1771080835918,0.4588468706981938,0.36087937981482854,0.0,0.0,0.0,0.0,0,0.0377411865600456,0.0,0.0,0.0,0.0,0.0,0.004761904761904745,15,15
1771080836176,0.4588468706981938,0.5168819364682977,0.0,0.0,0.0,0.0,1,0.03884390970445805,0.0,0.0,0.0,0.0,0.0,0.004728132387706863,15,15
1771080837226,0.4617040135553366,0.3169077973830578,0.0,0.0,0.0,0.0,1,0.07329084426575967,0.11904761904761904,0.0,0.0,0.0,0.0,0.004683840749414525,15,15
1771080837492,0.46456115641247947,0.5056362170832185,0.0,0.0,0.0,0.0,1,0.05416397647138265,0.0,0.0,0.0,0.0,0.0,0.0046511627906976605,15,15
1771080837768,0.46456115641247947,0.5139532401361224,0.0,0.0,0.0,0.0,1,0.05172573650195783,0.0,0.0,0.0,0.0,0.0,0.004634994206257237,15,15
1771080838072,0.46313258498390797,0.379783467918173,0.0,0.0,0.0,0.0,0,0.03665655458448887,0.0,0.0,0.0,0.0,0.0,0.0046136101499423265,15,15
1771080838336,0.46313258498390797,0.3810352198563915,0.0,0.0,0.0,0.0,1,0.03870337132543454,0.0,0.0,0.0,0.0,0.0,0.004576659038901587,15,15
1771080839280,0.4602754421267652,0.32511729013254476,0.0,0.0,0.0,0.0,1,0.03637252323122315,0.13241525423728814,0.0,0.0,0.0,0.0,0.004566210045662156,15,15
1771080839547,0.46027544212676513,0.3969493624316599,0.0,0.0,0.0,0.0,1,0.03191126416351699,0.0,0.0,0.0,0.0,0.0,0.004540295119182747,15,15
1771080839809,0.46055427035931024,0.34940044643249646,0.0,0.0,0.0,0.0,1,0.04017689735118324,0.0,0.0,0.0,0.0,0.0,0.00450958286358516,15,15
1771080840062,0.4619828417878817,0.4309869018519845,0.0,0.0,0.0,0.0,0,0.050904579931745166,0.0,0.0,0.0,0.0,0.0,0.004464285714285698,15,15
1771080840328,0.4668790939109341,0.4958058140239383,0.0,0.0,0.0,0.0,1,0.052507623694934925,0.0,0.0,0.0,0.0,0.0,0.004415011037527616,15,15
1771080841113,0.4654505224823626,0.281000834503819,0.0,0.0,0.0,0.0,1,0.054620914543619066,0.1592356687898089,0.0,0.0,0.0,0.0,0.004400440044004417,15,15
1771080841415,0.46741829926962225,0.4438661268830046,0.0,0.0,0.0,0.0,1,0.034455264097239535,0.0,0.0,0.0,0.0,0.0,0.0043715846994535346,15,15
1771080841720,0.46741829926962214,0.45684015520898913,0.0,0.0,0.0,0.0,1,0.05991033235983175,0.0,0.0,0.0,0.0,0.0,0.004347826086956497,15,15
1771080841984,0.46402195105379124,0.2856206821514587,0.0,0.0,0.0,0.0,1,0.04442942883088069,0.0,0.0,0.0,0.0,0.0,0.004310344827586188,15,15
1771080842263,0.4654505224823626,0.3373903151977583,0.0,0.0,0.0,0.0,0,0.05423072929582063,0.0,0.0,0.0,0.0,0.0,0.004282655246252709,15,15
1771080843285,0.4654505224823626,0.4091840032168005,0.0,0.0,0.0,0.0,1,0.0721860803182673,0.1223091976516634,0.0,0.0,0.0,0.0,0.004259850905218299,15,15
1771080843550,0.46313258498390797,0.42070648434056496,0.0,0.0,0.0,0.0,1,0.0560484155744603,0.0,0.0,0.0,0.0,0.0,0.004223864836325197,15,15
1771080843803,0.4617040135553366,0.35237351504077635,0.0,0.0,0.0,0.0,1,0.06104233796590662,0.0,0.0,0.0,0.0,0.0,0.004188481675392652,15,15
1771080844070,0.459736236768077,0.41714966132943937,0.0,0.0,0.0,0.0,0,0.11326440111497359,0.0,0.0,0.0,0.0,0.0,0.004145077720207224,15,15
1771080844328,0.45741829926962235,0.50375211117036,0.0,0.0,0.0,0.0,1,0.07423180393070404,0.0,0.0,0.0,0.0,0.0,0.004110996916752319,15,15
1771080845057,0.45741829926962235,0.22586566725256788,0.0,0.0,0.0,0.0,1,0.07379674905122866,0.17146776406035666,0.0,0.0,0.0,0.0,0.004094165813715467,15,15
1771080845328,0.45287220785776505,0.3074798055694365,0.0,0.0,0.0,0.0,1,0.05877643915264349,0.0,0.0,0.0,0.0,0.0,0.004052684903748771,15,15
1771080845600,0.4499851764435034,0.3473991157489842,0.0,0.0,0.0,0.0,1,0.052145075730804416,0.0,0.0,0.0,0.0,0.0,0.004012036108325012,15,15
1771080846902,0.4468790939109343,0.4465568154564072,0.0,0.0,0.0,0.0,1,0.05084225739894765,0.19201228878648233,0.0,0.0,0.0,0.0,0.0040000000000000036,15,15
1771080847173,0.4454505224823628,0.39191837001030555,0.0,0.0,0.0,0.0,1,0.04207939150625012,0.0,0.0,0.0,0.0,0.0,0.003960396039603964,15,15
1771080847440,0.43541213119306976,0.22636415022276887,0.0,0.0,0.0,0.0,1,0.08031936610804169,0.0,0.0,0.0,0.0,0.0,0.00588235294117645,15,15
1771080848327,0.4388084794089008,0.38395286134405765,0.0,0.0,0.0,0.0,1,0.07567147545348196,0.14092446448703494,0.0,0.0,0.0,0.0,0.005825242718446644,15,15
1771080848599,0.4338329064062981,0.47075437140743154,0.0,0.0,0.0,0.0,1,0.041202860264434815,0.0,0.0,0.0,0.0,0.0,0.005769230769230749,15,15
1771080848865,0.4373799079803294,0.28465243014962305,0.0,0.0,0.0,0.0,1,0.044198471188087736,0.0,0.0,0.0,0.0,0.0,0.005714285714285672,15,15
1771080849131,0.4347222724761815,0.47406082130839394,0.0,0.0,0.0,0.0,0,0.0361539678008664,0.0,0.0,0.0,0.0,0.0,0.005660377358490565,15,15
1771080849392,0.42966072509962416,0.36228232914742137,0.0,0.0,0.0,0.0,1,0.028862973050062357,0.0,0.0,0.0,0.0,0.0,0.005617977528089901,15,15
1771080849666,0.42966072509962405,0.22216953301963654,0.0,0.0,0.0,0.0,1,0.024655830163598173,0.0,0.0,0.0,0.0,0.0,0.005571030640668551,15,15
1771080850340,0.42966072509962416,0.0898351176933834,0.0,0.0,0.0,0.0,1,0.02191778632583398,0.18545994065281898,0.0,0.0,0.0,0.0,0.005560704355885071,15,15
1771080850595,0.4301999304583123,0.21334946389664858,1.0,0.25752146185162766,1.0,0.1428571428571429,1,0.050216181969040215,0.0,6.103515625E-5,0.0,0.3874937168619954,0.07749874337239909,0.0064397424103035394,15,15
1771080850852,0.4282321536710528,0.2890523508363769,0.7183032436351978,0.2555854012837053,0.0,0.0,1,0.03638878924261301,0.0,6.103515625E-5,0.0,0.0,0.06199899469791928,0.006392694063926951,15,15
1771080851123,0.43398355976449826,0.32674197458195886,0.24071719944168316,0.2562180622707386,0.0,0.0,0,0.06771476308676908,0.0,6.103515625E-5,0.0,0.0,0.04959919575833543,0.0063348416289592535,15,15
1771080851382,0.43398355976449826,0.14066331839519539,0.7190533763905158,0.25429509013158463,0.0,0.0,1,0.0564645423273731,0.0,6.103515625E-5,0.0,0.0,0.039679356606668346,0.006306306306306353,15,15
1771080851640,0.4459897278410509,0.27125881435396576,0.24096737173228835,0.25492785449781613,0.0,0.0,1,0.036281117663600225,0.0,6.103515625E-5,0.0,0.0,0.03174348528533468,0.0062611806797853164,15,15
1771080852378,0.4445611564124795,0.2194151875726863,1.0,0.23591127065037207,0.0,0.0,1,0.0591409481635559,0.16937669376693767,6.103515625E-5,0.0,0.0,0.025394788228267746,0.006244424620874267,15,15
1771080852628,0.44221529033023366,0.497845458605095,0.625750838898226,0.2341879042856844,0.0,0.0,1,0.025716263167525833,0.0,6.103515625E-5,0.0,0.0,0.0203158305826142,0.006194690265486691,15,15
1771080852887,0.44132592426035033,0.43605867329008235,0.0,0.23599517339713785,0.0,0.0,1,0.06900586443857125,0.0,6.103515625E-5,0.0,0.0,0.01625266446609136,0.0061511423550087985,15,15
1771080853157,0.44507243318737644,0.3619813572294356,0.2140952068857233,0.23662581169926086,0.0,0.0,0,0.04013068136109911,0.0,6.103515625E-5,0.0,0.0,0.01300213157287309,0.0060975609756097615,15,15
1771080853411,0.44364386175880505,0.31376126104585367,0.6405488163863525,0.23489555910026724,0.0,0.0,1,0.03747188856256841,0.0,6.103515625E-5,0.0,0.0,0.010401705258298472,0.006055363321799345,15,15
1771080853687,0.4331510360903102,0.22623580451907985,0.6356799988657883,0.2331819634879947,0.0,0.0,1,0.039476211969368756,0.0,6.103515625E-5,0.0,0.0,0.008321364206638779,0.006866952789699621,15,15
1771080854517,0.4320012928942839,0.30581166097389995,1.0,0.21691319283855873,0.0,0.0,1,0.03481863370654986,0.15060240963855423,6.103515625E-5,0.0,0.0,0.006657091365311023,0.006855184233076295,15,15
1771080854784,0.4407867189016622,0.44133941073652416,0.18840161380778536,0.21753445980174638,0.0,0.0,1,0.03227385394055249,0.0,6.103515625E-5,0.0,0.0,0.005325673092248819,0.006802721088435382,15,15
1771080855040,0.4379295760445194,0.5307460306982309,0.190556296450256,0.21815614685844112,0.0,0.0,1,0.044850161011596466,0.0,6.103515625E-5,0.0,0.0,0.004260538473799056,0.006768189509306244,15,15
1771080855300,0.4428423193006462,0.3943746562653098,0.19272722107943122,0.21877824653717184,0.0,0.0,0,0.06278630824593959,0.0,6.103515625E-5,0.0,0.0,0.003408430779039245,0.006722689075630228,15,15
1771080855561,0.4428423193006462,0.36114540147399815,0.0,0.22050083662673095,0.0,0.0,1,0.043763847099867054,0.0,6.103515625E-5,0.0,0.0,0.0027267446232313963,0.006677796327211993,15,15
1771080856480,0.4431211475331913,0.4932187511699619,1.0,0.2041173974208853,0.0,0.0,1,0.03149264259862871,0.13601741022850924,6.103515625E-5,0.0,0.0,0.0021813956985851173,0.0066334991708125735,15,15
1771080857482,0.4445497189617627,0.3001435992526916,0.0,0.2057549554435847,0.0,0.0,1,0.029429323864783988,0.0,6.103515625E-5,0.0,0.0,0.0017451165588680938,0.006628003314001707,15,15
1771080857735,0.4431211475331913,0.2418989613667496,0.3550220020034874,0.20533763820984235,0.0,0.0,1,0.10030287420436239,0.0,6.103515625E-5,0.0,0.0,0.0013960932470944752,0.006578947368421018,15,15
1771080858417,0.4416925761046199,0.4392157285347772,1.0,0.1910610135503705,0.0,0.0,1,0.09948230297074788,0.18328445747800584,6.103515625E-5,0.0,0.0,0.0011168745976755802,0.006568144499178974,15,15
1771080858668,0.44865782605070065,0.4563307632567259,0.0,0.19261917569087061,0.0,0.0,1,0.06385840173109973,0.0,6.103515625E-5,0.0,0.0,8.934996781404642E-4,0.006519967400163029,15,15
1771080858937,0.4551901453562196,0.421663248056825,0.1631565512854925,0.19321793567423448,0.0,0.0,1,0.04657572156480479,0.0,6.103515625E-5,0.0,0.0,7.147997425123714E-4,0.006467259498787348,15,15
1771080859205,0.4577684599808174,0.3154548277921783,0.0,0.19478945230821584,0.0,0.0,0,0.043355568931094345,0.0,6.103515625E-5,0.0,0.0,5.718397940098971E-4,0.006415396952686447,15,15
1771080859458,0.4577684599808174,0.24344655130231616,0.4995313056553672,0.19344545278813807,0.0,0.0,1,0.04034110461981122,0.0,6.103515625E-5,0.0,0.0,4.574718352079177E-4,0.0063745019920318224,15,15
1771080859727,0.4617040135553366,0.3776259986985081,0.3333463410057456,0.19307682011208438,0.0,0.0,1,0.07931765496695115,0.0,6.103515625E-5,0.0,0.0,3.659774681663342E-4,0.006324110671936722,15,15
1771080860462,0.4617040135553366,0.2885610363655245,1.0,0.1787763977869105,0.0,0.0,1,0.062146002611451125,0.17006802721088435,6.103515625E-5,0.0,0.0,2.9278197453306735E-4,0.006309148264984188,15,15
1771080860734,0.45545052248236273,0.24721171742295317,0.2972876034727291,0.17846184732039133,0.0,0.1428571428571429,1,0.03805459339060775,0.0,6.103515625E-5,0.0,0.0,2.342255796264539E-4,0.006259780907668211,15,15
1771080861000,0.45884687069819374,0.2698019636978763,0.5906020744611326,0.17637451344053806,0.0,0.0,1,0.06221873432640158,0.0,6.103515625E-5,0.0,0.0,1.8738046370116312E-4,0.006211180124223614,15,15
1771080861269,0.4568790939109341,0.27645400333027637,0.7258320615500906,0.17344512519915023,0.0,0.0,0,0.1049902330157538,0.0,6.103515625E-5,0.0,0.0,1.499043709609305E-4,0.006163328197226536,15,15
1771080861522,0.4534827456951031,0.3902669183571776,0.28941441963944825,0.1731491694954504,0.0,0.0,1,0.07072787702343106,0.0,6.103515625E-5,0.0,0.0,1.1992349676874441E-4,0.006125574272588086,15,15
1771080861789,0.4549113171236745,0.3290744680811398,1.0,0.49965446611423736,1.0,0.0,1,0.04898674997753596,0.0,1.220703125E-4,0.0666093485916123,0.373849670667176,0.0748658729308502,0.006838905775075954,15,15
1771080862460,0.45151496890784343,0.1622724120639227,1.0,0.4620416538332955,0.0,0.0,1,0.050259442156541836,0.18628912071535023,1.220703125E-4,0.0664614743348612,0.0,0.05989269834468017,0.006828528072837625,15,15
1771080862712,0.446339888552246,0.3991408746123624,0.532506960681321,0.45763906619964767,0.0,0.0,1,0.02973956955328391,0.0,1.220703125E-4,0.06646147433486119,0.0,0.04791415867574414,0.007535795026375247,15,15
1771080862980,0.4423330024990769,0.4161746249342711,0.23989642072031048,0.4570560022579134,0.0,0.0,1,0.022695912922420788,0.0,1.220703125E-4,0.06638682941427297,0.0,0.038331326940595316,0.007479431563201189,15,15
1771080863247,0.4409044310705054,0.41095756759891006,0.0623028562632381,0.45876225925523373,0.0,0.0,0,0.019848906785114452,0.0,1.220703125E-4,0.066311715939406,0.0,0.030665061552476253,0.007423904974016349,15,15
1771080863503,0.43519014535621975,0.3054650189496553,0.3076783389269151,0.4573964791959762,0.0,0.0,1,0.015306582203846682,0.0,1.220703125E-4,0.06616009331247528,0.0,0.024532049241981005,0.0073800738007380184,15,15
1771080863771,0.4317937971403888,0.33202617883766367,0.30442886818034337,0.45610310732068926,0.0,0.0,1,0.017157515661600946,0.0,1.220703125E-4,0.06623613640404463,0.0,0.019625639393584804,0.0073260073260073,15,15
1771080864202,0.4317937971403888,0.03386742231119144,1.0,0.4234034402255216,0.0,0.0,1,0.01671336082963315,0.2900232018561485,1.220703125E-4,0.06623613640404463,0.0,0.015700511514867843,0.007320644216691097,15,15
1771080864849,0.4317937971403888,0.3897836628985465,0.10873755286349149,0.4244650948256968,0.0,0.0,1,0.016686870155199242,0.0,1.220703125E-4,0.066311715939406,0.0,0.012560409211894275,0.007315288953913646,15,15
1771080865105,0.4301761810643242,0.31350241190971534,0.337696897431541,0.42262638751033826,0.0,0.0,1,0.044228809930599425,0.0,1.220703125E-4,0.06608358917931331,0.0,0.010048327369515421,0.007267441860465129,15,15
1771080865364,0.42785824356586954,0.42046983110176567,0.39052304887832107,0.4201451086964518,0.0,0.0,1,0.0760269463798885,0.0,1.220703125E-4,0.06600662652932962,0.0,0.008038661895612337,0.007225433526011571,15,15
1771080865620,0.43526147783486974,0.252509296448693,0.22488213140909089,0.4197811823407093,0.0,0.0,0,0.08075123342827942,0.0,1.220703125E-4,0.06592920789727716,0.0,0.00643092951648987,0.007178750897343877,15,15
1771080865873,0.4366900492634412,0.36431766203120086,0.281054978085704,0.4187441859419289,0.0,0.25,1,0.04438706698981585,0.0,1.220703125E-4,0.06600662652932962,0.0,0.005144743613191897,0.007132667617689048,15,15
1771080866123,0.44687909391093417,0.3394619096157837,0.22831595587617864,0.4183873289798406,0.0,0.0,1,0.04394584620167303,0.0,1.220703125E-4,0.06592920789727716,0.0,0.004115794890553518,0.007087172218284921,15,15
1771080866926,0.44491131712367465,0.3500147418881448,1.0,0.3878733725183336,0.0,0.0,1,0.03863738649937738,0.1556662515566625,1.220703125E-4,0.06585133582771727,0.0,0.0032926359124428144,0.007072135785007094,15,15
1771080867182,0.44519014535621976,0.46073313336411287,0.555026115030766,0.383190328406832,0.0,0.0,1,0.036956257544388554,0.0,1.220703125E-4,0.06592920789727717,0.0,0.0026341087299542516,0.007027406886858767,15,15
1771080867439,0.4442708907292176,0.23247882591374314,0.20432945760312826,0.3829905579414167,0.0,0.0,1,0.039783606844049836,0.0,1.220703125E-4,0.06561502458308256,0.0,0.0021072869839634015,0.006988120195667413,15,15
1771080867710,0.44087454251338665,0.30940254209662715,0.20425644430582357,0.38281661092305547,0.0,0.0,0,0.06027817687707064,0.0,1.220703125E-4,0.06577301287484591,0.0,0.0016858295871707213,0.006939625260235949,15,15
1771080867960,0.44116480819664855,0.30373228996736285,0.5111457061349048,0.3788318257231633,0.0,0.0,1,0.033455207848586146,0.0,1.220703125E-4,0.06569424160231982,0.0,0.0013486636697365771,0.006896551724137945,15,15
1771080868226,0.4451602567991008,0.376623289301107,1.0,0.3490057591062025,0.0,0.0,1,0.12935220457348315,0.4699248120300752,1.220703125E-4,0.06553536439919054,0.0,0.0010789309357892617,0.006849315068493178,14,15
1771080868899,0.44712803358636044,0.0742833160004457,0.0,0.35129263286381623,0.0,0.0,1,0.13082035369043665,0.0,1.220703125E-4,0.06553536439919054,0.0,8.631447486314094E-4,0.006844626967830281,15,15
1771080869152,0.44313258498390806,0.3481555784091539,0.3686995237685995,0.3489145276696222,0.0,0.0,1,0.0569112126686391,0.0,1.220703125E-4,0.06537472491018778,0.0,6.905157989051275E-4,0.006802721088435382,15,15
1771080869424,0.4459897278410509,0.2132426716942057,0.4144231779469364,0.3459775403288048,0.0,0.0,1,0.04013527356693544,0.0,1.220703125E-4,0.06537472491018778,0.0,5.52412639124102E-4,0.006756756756756799,15,15
1771080869674,0.4445611564124795,0.2773529662620232,0.36674301367708784,0.3436611715115001,0.0,0.0,0,0.031858859484203035,0.0,1.220703125E-4,0.0652123439674059,0.0,4.4193011129928163E-4,0.006715916722632609,15,15
1771080869949,0.4365473843061412,0.2528342202730669,0.3182305280360503,0.34197379068032197,0.0,0.1428571428571429,1,0.08232933852899982,0.0,1.220703125E-4,0.06488244171665013,0.0,3.535440890394253E-4,0.007338225483655814,15,15
1771080870219,0.44078671890166216,0.3069879442211925,1.0,0.717992071326589,1.0,0.0,1,0.09317247137634839,0.0,1.8310546875E-4,0.10197382490564741,0.3705840562219085,0.07439964651561325,0.007952286282306154,15,15
1771080870900,0.44078671890166216,0.2279067379829497,1.0,0.6709109444152843,0.0,0.0,1,0.09004473418491842,0.18355359765051393,1.8310546875E-4,0.10155835644848428,0.0,0.0595197172124906,0.00794176042356054,15,15
1771080871349,0.43881894211440253,0.4960629921259842,0.02553658727395971,0.6726164415530376,0.0,1.0,1,0.08436756375271111,0.0,1.8310546875E-4,0.10148780347347472,0.0,0.04761577376999249,0.007936507936507908,15,15
1771080871608,0.4339940224700001,0.2251002274800118,0.13068230499735803,0.6722546062496151,0.0,0.125,1,0.04987115025059843,0.0,1.8310546875E-4,0.1012472075533506,0.0,0.03809261901599399,0.007889546351084853,15,15
1771080871881,0.43722925462212914,0.3405519625305581,0.23590341816698396,0.6698799039819247,0.0,0.0,1,0.05421187068475509,0.0,1.8310546875E-4,0.10083344268858828,0.0,0.030474095212795194,0.007838014369693003,15,15
1771080872152,0.43261183073162196,0.406874354750582,0.2533139352083508,0.6672324877532312,0.0,0.0,0,0.058701523598314764,0.0,1.8310546875E-4,0.1007321249797253,0.0,0.024379276170236157,0.0077871512005190935,15,15
1771080873508,0.4291586401200958,0.11629177549403094,1.0,0.9096388735151331,1.0,0.0,1,0.05226368505611454,0.18436578171091444,1.8310546875E-4,0.1076965490387871,0.0880616508923745,0.03711575111466382,0.008425145819831448,15,15
1771080873766,0.4275794153333243,0.19438477512904218,0.591712268558528,0.8966042262193802,0.0,0.0,1,0.03772252216818972,0.0,1.8310546875E-4,0.10792146479870803,0.0,0.02969260089173106,0.008376288659793785,15,15
1771080874022,0.419471680452131,0.20360494929940073,0.4731628394679235,0.8865550712721112,0.0,0.0,1,0.03167231335512907,0.0,1.8310546875E-4,0.1078538508583047,0.0,0.023754080713384848,0.008317338451695466,15,15
1771080874902,0.42364386175880514,0.4045243692644148,1.0,0.8222672526932123,0.0,0.0,1,0.04219510690958529,0.14204545454545456,1.8310546875E-4,0.1077620332885462,0.0,0.01900326457070788,0.008269720101781175,15,15
1771080875175,0.43118325930305057,0.4776139563162789,0.4486223525677254,0.8130195777408247,0.0,0.0,1,0.03804558085947817,0.0,1.8310546875E-4,0.10775372878855112,0.0,0.015202611656566304,0.00821744627054366,15,15
1771080875441,0.4296978454787841,0.3304559233408006,0.3830645085143381,0.8054913500460334,0.0,0.0,1,0.04263874685756035,0.0,1.8310546875E-4,0.10786459683182871,0.0,0.012162089325253044,0.00816582914572861,15,15
1771080875709,0.4345796075188817,0.28227190903797406,0.21649274647221178,0.8020157778429665,0.0,0.0,1,0.02927604190461678,0.0,1.8310546875E-4,0.10784524182979682,0.0,0.009729671460202436,0.00811485642946319,15,15
1771080875979,0.428865321804596,0.25911609319875045,0.2923870611981982,0.7968756987187678,0.0,0.0,1,0.02358196998248835,0.0,1.8310546875E-4,0.10787156043419521,0.0,0.0077837371681619485,0.008064516129032251,15,15
1771080876245,0.428865321804596,0.3716673516163924,1.0,0.7390779077824579,0.0,0.0,1,0.025755480304739054,0.4699248120300752,1.8310546875E-4,0.10784820915702528,0.0,0.006226989734529559,0.00801479654747228,14,15
1771080876852,0.428865321804596,0.4735551166536975,0.0,0.7410113225098942,0.0,0.0,1,0.02616777333650533,0.0,1.8310546875E-4,0.10784820915702528,0.0,0.004981591787623647,0.00800985828712264,15,15
1771080877103,0.4302475135429742,0.44591719494267945,0.2947525659841136,0.7361157226076092,0.0,0.0,1,0.03369638771124067,0.0,1.8310546875E-4,0.10779817458611553,0.0,0.003985273430098918,0.007965686274509776,15,15
1771080877358,0.4300863974792723,0.313116346507279,0.13676479982810932,0.7349452926728968,0.0,0.0,1,0.02373708672654061,0.0,1.8310546875E-4,0.10788248533803102,0.0,0.0031882187440791347,0.00792682926829269,15,15
1771080877629,0.42921548251579106,0.23369728511838417,0.4269138594622327,0.72725138589964,0.0,0.125,0,0.021254074884404863,0.0,1.8310546875E-4,0.10788385771953432,0.0,0.002550574995263308,0.00787878787878793,15,15
1771080877894,0.43303332392146704,0.22110911788000717,0.2871255524192967,0.7228267488073986,0.0,0.0,1,0.017135638360062887,0.0,1.8310546875E-4,0.10792364456299719,0.0,0.002040459996210646,0.007831325301204783,15,15
1771080878164,0.42982602035312917,0.33541872204052675,0.23704590913601736,0.7196069915998646,0.0,0.0,1,0.022600964243363136,0.0,1.8310546875E-4,0.1079833119324311,0.0,0.001632367996968517,0.0077844311377245345,15,15
1771080878878,0.43099421465555743,0.31678887416456575,1.0,0.6682681929300351,0.0,0.0,1,0.020312109170131137,0.1750700280112045,1.8310546875E-4,0.10789426754923365,0.0,0.0013058943975748137,0.0077658303464754885,15,15
1771080879336,0.43099421465555743,0.32854560700826874,0.0,0.6704923855863016,0.0,0.0,1,0.019370327341993232,0.0,1.8310546875E-4,0.10789426754923365,0.0,0.001044715518059851,0.00776119402985076,15,15
1771080879586,0.4320726253729339,0.41649500513979076,0.47979905192775757,0.6620441009794985,0.0,0.0,1,0.014900492110076491,0.0,1.8310546875E-4,0.10784589032207105,0.0,8.357724144478808E-4,0.0077197149643705165,15,15
1771080879848,0.4272477057285314,0.23199605879826588,0.3641018215113811,0.6562711511704358,0.0,0.0,1,0.013906850964365084,0.0,1.8310546875E-4,0.10789573280640183,0.0,6.686179315583047E-4,0.0076832151300236795,15,15
1771080880115,0.428865321804596,0.22414976682178114,0.3286824257210773,0.6513690074465555,0.0,0.0,0,0.014126781572395457,0.0,1.8310546875E-4,0.10784012866482831,0.0,5.348943452466438E-4,0.00763807285546414,15,15
1771080880885,0.4343007792863366,0.444002839788261,1.0,0.6049495555375342,0.0,0.0,1,0.013410872177452793,0.16233766233766234,1.8310546875E-4,0.10764669485797246,0.0,4.279154761973151E-4,0.007611241217798548,15,15
1771080881154,0.4311832593030507,0.3467621206960142,0.4283170521681177,0.5978114015499061,0.0,0.0,1,0.022143770692086857,0.0,1.8310546875E-4,0.10771279514815464,0.0,3.423323809578521E-4,0.0075669383003492685,15,15
1771080881419,0.43233300249907697,0.27860870808530536,0.11040731659143323,0.5978007851213168,0.0,0.0,1,0.02225736915933117,0.0,1.8310546875E-4,0.10777363593048257,0.0,2.738659047662817E-4,0.00810185185185186,15,15
1771080881692,0.4315149689078437,0.2638358908922021,0.2739039125045374,0.5942632407877844,0.0,0.0,0,0.022364452778842938,0.0,1.8310546875E-4,0.10777363593048257,0.0,2.1909272381302535E-4,0.008055235903337121,15,15
1771080881963,0.43462105144041274,0.4775875262688965,0.21817967482459824,0.5919984731445277,0.0,0.0,1,0.03369728920050518,0.0,1.8310546875E-4,0.10773634183783935,0.0,1.752741790504203E-4,0.008009153318077833,15,15
1771080882229,0.42827973675571457,0.20552791001513096,0.3015720002176954,0.5880113359949589,0.0,0.0,1,0.04047259635882057,0.0,1.8310546875E-4,0.10780312889535619,0.0,1.4021934324033624E-4,0.007963594994311762,15,15
1771080882904,0.43113687961285735,0.4661078583939873,1.0,0.5486443536972129,0.0,0.0,1,0.03481856610653774,0.18518518518518517,1.8310546875E-4,0.10768233639131905,0.0,1.12175474592269E-4,0.007954545454545436,15,15
1771080883154,0.426311959968455,0.29238149584910383,0.12260089048968403,0.5484968514336009,0.0,0.0,1,0.03685824826800496,0.0,1.8310546875E-4,0.10765953657023178,0.0,8.97403796738152E-5,0.007914075749010707,15,15
1771080883424,0.4302475135429742,0.24176683179575978,0.2694126101561211,0.5452529613232551,0.0,0.0,1,0.04293341336864901,0.0,1.8310546875E-4,0.10754564219622018,0.0,7.179230373905217E-5,0.00786958965711071,15,15
1771080883674,0.42827973675571457,0.3374989543493486,0.12314454453158634,0.5451581066720725,0.0,0.0,0,0.025292615395112725,0.0,1.8310546875E-4,0.10751562805916938,0.0,5.7433842991241744E-5,0.007829977628635354,15,15
1771080883943,0.4268511653271431,0.18700124412976524,0.2680260787503117,0.5420784418421823,0.0,0.0,1,0.03210579878104012,0.0,1.8310546875E-4,0.10754564219622018,0.0,4.59470743929934E-5,0.007799442896935904,15,15
1771080884201,0.42350119680150544,0.2717844076109602,0.17510309007282335,0.540976379391058,0.0,0.0,1,0.029208731373393547,0.0,1.8310546875E-4,0.1075303343798843,0.0,3.675765951439472E-5,0.007764836383804763,15,15
1771080884911,0.42207262537293394,0.21541950127479104,1.0,0.5042964699737614,0.0,0.0,1,0.027423136565981436,0.17605633802816903,1.8310546875E-4,0.10736106026006786,0.0,2.940612761151578E-5,0.007751937984496138,15,15
1771080885162,0.41921548251579105,0.30445951384609216,0.1355795419228069,0.5039946631638333,0.0,0.0,1,0.02243394284963561,0.0,1.8310546875E-4,0.10725864770303475,0.0,2.3524902089212625E-5,0.008264462809917328,15,15
1771080885430,0.4131839772796672,0.16269138526572807,0.45621262319176287,0.49709427435685966,0.0,0.0,1,0.01869960568885211,0.0,1.8310546875E-4,0.10725137393320323,0.0,1.88199216713701E-5,0.008219178082191747,15,15
1771080885700,0.41235145360547903,0.2611391400612504,0.3072759851826404,0.49332296867716446,0.0,0.0,0,0.022217621407256253,0.0,1.8310546875E-4,0.1073226907095027,0.0,1.5055937337096081E-5,0.008174386920980936,15,15
1771080886326,0.41235145360547903,0.35984338117369613,1.0,0.4607011326633201,0.0,0.0,1,0.02120440562683765,0.19968051118210864,1.8310546875E-4,0.10703067194679697,0.0,1.2044749869676866E-5,0.008169934640522847,15,15
1771080887055,0.41235145360547903,0.0779487790284383,0.040033435337002085,0.46237560647021214,0.0,0.0,1,0.02030138886873139,0.0,1.8310546875E-4,0.10703208249190216,0.0,9.635799895741493E-6,0.008165487207403399,15,15
1771080887307,0.40746969156538143,0.21030048575902868,0.20301051315468313,0.46074328454936836,0.0,0.0,1,0.03888102933858023,0.0,1.8310546875E-4,0.10690844115154229,0.0,7.708639916593195E-6,0.008125677139761645,15,15
1771080887574,0.41121620049240754,0.37746120941417977,0.16720738117534714,0.45987694776094773,0.0,0.0,1,0.04037596221982258,0.0,1.8310546875E-4,0.10697111432722582,0.0,6.166911933274556E-6,0.008081896551724088,15,15
1771080888975,0.4054647943989619,0.22031680518089952,1.0,0.39876396093568023,0.0,0.0,1,0.04246008778902512,0.17844396859386152,1.8310546875E-4,0.10642709923922668,0.0,4.933529546619645E-6,0.008597528210639416,15,15
1771080889233,0.40881894211440256,0.24711175145156802,0.15029833608585666,0.39803624594266496,0.0,0.0,1,0.03619442309407235,0.0,1.8310546875E-4,0.10621479535008954,0.0,3.946823637295716E-6,0.00855614973262031,15,15
1771080889498,0.40291561175262386,0.20339183986126766,0.11154082417750606,0.3981442631055247,0.0,0.0,1,0.029245256486212328,0.0,1.8310546875E-4,0.1062687358296613,0.0,3.157458909836573E-6,0.008510638297872353,15,15
1771080890447,0.4014157078454025,0.28083966225764717,1.0,0.7909700654163802,1.0,0.0,1,0.03312238193713984,0.13171759747102213,2.44140625E-4,0.12077922195335714,0.12341148905946175,0.02468482377902022,0.008999470619375338,15,15
1771080890702,0.39975050868467626,0.2497275797509113,0.19877185151403723,0.7871448229973568,0.0,0.0,1,0.036270504771552574,0.0,2.44140625E-4,0.12061145312373385,0.0,0.01974785902321618,0.008956796628029506,15,15
1771080890970,0.4088189421144027,0.32004815076342774,0.11519788755851593,0.7856962031961574,0.0,0.11111111111111116,1,0.021938352149148892,0.0,2.44140625E-4,0.12021636755879953,0.0,0.015798287218572942,0.008909853249475908,15,15
1771080891229,0.41522308654557666,0.31085744936446874,0.2585078375388589,0.7804542614500696,0.0,0.0,0,0.019152505730828443,0.0,2.44140625E-4,0.12017590451227035,0.0,0.012638629774858355,0.008868022952529975,15,15
1771080891487,0.4168975450173364,0.18334115991304042,0.47454432008977154,0.7695563171742617,0.0,0.0,1,0.01673208051230507,0.0,2.44140625E-4,0.12100294692926088,0.0,0.010110903819886684,0.008831168831168856,15,15
1771080891764,0.41689754501733634,0.31581339007748704,1.0,0.7153698877673982,0.0,0.0,1,0.03538710541802898,0.45126353790613716,2.44140625E-4,0.12076689320731868,0.0,0.008088723055909347,0.00879007238883145,14,15
1771080892425,0.41689754501733634,0.0837019355333437,0.0,0.7174118038437485,0.0,0.0,1,0.03592229472800955,0.0,2.44140625E-4,0.12076689320731868,0.0,0.006470978444727478,0.008785529715762297,15,15
1771080892698,0.42453322782868846,0.2412390498369805,0.19556966559997194,0.7142744351624049,0.0,0.0,1,0.01632871608869784,0.0,2.44140625E-4,0.12059803973743544,0.0,0.0051767827557819834,0.008740359897172256,15,15
1771080892968,0.4140404021601935,0.1585267014063893,0.3282965077248547,0.7077335654426076,0.0,0.0,1,0.013010958961061041,0.0,2.44140625E-4,0.12026470377888626,0.0,0.004141426204625587,0.008695652173912993,15,15
1771080893238,0.4224043349777269,0.18033944232017354,0.13462592426444642,0.7063371398974941,0.0,0.0,1,0.026327864449033424,0.0,2.44140625E-4,0.11988942877127307,0.0,0.0033131409637004693,0.00865139949109417,15,15
1771080894784,0.4147407235825836,0.176983651575789,1.0,0.6142625924414117,0.0,0.0,1,0.017043949963584666,0.16170763260025872,2.44140625E-4,0.11920928621404908,0.0,0.0026505127709603757,0.00861632032437909,15,15
1771080895038,0.4159617992572599,0.3379989716055554,1.0,1.072861729706655,1.0,0.0,1,0.021432062682552447,0.0,2.44140625E-4,0.08684453324423404,0.38867465638540744,0.07985534149384979,0.00908173562058523,15,15
1771080895294,0.416311959968455,0.16106269060693232,0.2867950593114676,1.0620040804867936,0.0,0.0,1,0.02059472266348975,0.0,2.44140625E-4,0.08685429586330974,0.0,0.06388427319507983,0.009045226130653283,15,15
1771080895988,0.41811862069201267,0.03386742231119144,1.0,0.9903279949424386,0.0,0.0,1,0.020157157022667366,0.18011527377521616,2.44140625E-4,0.08677426786612871,0.0,0.05110741855606387,0.009040683073832212,15,15
1771080896655,0.41811862069201267,0.27927791891288506,0.010622614476009005,0.9900500268792549,0.0,0.0,1,0.021708525421463395,0.0,2.44140625E-4,0.08670613095725398,0.0,0.0408859348448511,0.009036144578313254,15,15
1771080896905,0.41321093111824353,0.208345806388614,0.3481940579571582,0.9780576545824027,0.0,0.0,1,0.037802253274217865,0.0,2.44140625E-4,0.08705658918961913,0.0,0.03270874787588088,0.009495252373813101,15,15
1771080897156,0.4026552346264809,0.30008377347507337,0.35808442271985874,0.9659930814513943,0.0,0.0,1,0.033649953311579765,0.0,2.44140625E-4,0.08733918018406037,0.0,0.026166998300704705,0.009457441513190612,15,15
1771080897424,0.3949297682300769,0.1226377403938171,1.0,1.4059683434958932,1.0,0.0,0,0.03347639192778,0.0,3.0517578125E-4,0.12399855390344292,0.372754903013537,0.09548457924327117,0.00990589400693409,15,15
1771080897686,0.3968696164335454,0.24794167826585786,0.3279300034018184,1.386724321009186,0.0,0.0,1,0.029998326422265322,0.0,3.0517578125E-4,0.12400034046679105,0.0,0.07638766339461694,0.009866798223976292,15,15
1771080897962,0.3948768868578292,0.18201829917461396,0.28894129294653054,1.3696475794666358,0.0,0.0,1,0.026032560490065488,0.0,3.0517578125E-4,0.12367911382034143,0.0,0.06111013071569356,0.00982318271119842,15,15
1771080898718,0.39740882179223364,0.19385611726133226,1.0,1.272130600837908,0.0,0.0,1,0.025069452947754763,0.16534391534391535,3.0517578125E-4,0.12342094185689892,0.0,0.04888810457255485,0.00981354268891066,15,15
1771080898968,0.3947407235825839,0.336463554952672,0.30303693906665596,1.256284551016509,0.0,0.0,1,0.031002910380660643,0.0,3.0517578125E-4,0.12306259953318907,0.0,0.039110483658043885,0.009770395701025891,15,15
1771080899238,0.40181224824679107,0.2235167297286211,1.0,1.683239031190648,1.0,0.0,1,0.0376033848663406,0.0,3.662109375E-4,0.1497285656521014,0.3705840562219085,0.10540519817081681,0.010209042294603843,15,15
1771080899507,0.4046230114137405,0.4342791816110307,0.33007809931189136,1.6562228709149496,0.0,0.0,0,0.04100259192368072,0.0,3.662109375E-4,0.14980000130229693,0.0,0.08432415853665345,0.010159651669085612,15,15
1771080899763,0.4163284511015294,0.3383688575966205,0.2795081918772339,1.6324915945311254,0.0,0.0,1,0.05519344815098872,0.0,3.662109375E-4,0.14973453553547775,0.0,0.06745932682932276,0.010120481927710867,15,15
1771080900032,0.4217639085832699,0.37175329658388323,0.4070995350740304,1.603727900881382,0.0,0.0,1,0.08477346389221206,0.0,3.662109375E-4,0.14948892168938585,0.0,0.05396746146345821,0.010071942446043147,15,15
1771080900715,0.42686765646021746,0.15736552795772263,1.0,1.4863393545881742,0.0,0.0,1,0.09008920116017491,0.1830161054172767,3.662109375E-4,0.14944828344414998,0.0,0.043173969170766574,0.010062290368950677,15,15
1771080900986,0.42347130824438645,0.2581174691639497,0.3680523275708512,1.4623115155353006,0.0,0.0,1,0.0714337498399985,0.0,3.662109375E-4,0.14920999819931288,0.0,0.03453917533661326,0.010491177873152124,15,15
1771080901253,0.42928681499444094,0.161067107413216,0.6904651130045539,1.424326711433162,0.0,0.0,1,0.057051559318895294,0.0,3.662109375E-4,0.14915221565394676,0.0,0.02763134026929061,0.010441385856668206,15,15
1771080901517,0.4378582435658695,0.25330213380262506,0.40181344030412525,1.4004046863351025,0.0,0.0,0,0.058850648088137725,0.0,3.662109375E-4,0.14899549991584132,0.0,0.02210507221543249,0.010392064241851684,15,15
1771080901772,0.432042736815815,0.10239785396054808,0.7627396879968472,1.3611132643878396,0.0,0.0,1,0.07440387119706343,0.0,3.662109375E-4,0.14870104018632518,0.0,0.017684057772345992,0.010338345864661647,15,15
1771080902028,0.43017618106432415,0.1220511023483068,0.5472697193169,1.3323236709089201,0.0,0.0,1,0.07046421836520626,0.0,3.662109375E-4,0.14850439963677695,0.0,0.014147246217876795,0.010285179990649818,15,15
1771080902793,0.4320726253729339,0.09094024219984469,1.0,1.2322225054936906,0.0,0.0,1,0.06662551935073281,0.16339869281045752,3.662109375E-4,0.14837253947395224,0.0,0.011317796974301436,0.01073762838468717,15,15
1771080903533,0.4335011968015053,0.029983358684503573,0.05690826647025088,1.2268800778403484,0.0,0.0,1,0.06284236918379624,0.0,3.662109375E-4,0.1484880378767523,0.0,0.00905423757944115,0.010732617825478297,15,15
1771080903791,0.4317937971403888,0.2729533592617051,0.15241083301888994,1.2175681570465888,0.0,0.0,1,0.046240894695556485,0.0,3.662109375E-4,0.14832405144211538,0.0,0.00724339006355292,0.010702652396463508,15,15
1771080904049,0.43010484858567427,0.19968641448421093,0.2533393652379826,1.2042470094901268,0.0,0.0,1,0.03867053508181105,0.0,3.662109375E-4,0.14846977825832047,0.0,0.005794712050842336,0.010682768230376172,15,15
1771080904800,0.43268316321027195,0.19216916339349738,1.0,1.121366061693396,0.0,0.0,1,0.03509850437480076,0.16644474034620507,3.662109375E-4,0.1482276798952846,0.0,0.004635769640673869,0.010672853828306295,15,15
1771080905055,0.43322236856896007,0.1665683347989161,0.4867385529449996,1.0993608677995204,0.0,0.0,1,0.021637157451707634,0.0,3.662109375E-4,0.1481531247899001,0.0,0.003708615712539095,0.010628465804066511,15,15
1771080905305,0.4263583396586482,0.19842941856778484,0.3192789607493332,1.0849208902534277,0.0,0.0,1,0.017111677042199232,0.0,3.662109375E-4,0.14839053027105342,0.0,0.002966892570031276,0.010594196222938779,15,15
1771080905574,0.41785824356586965,0.2656893783423987,0.3726728742832013,1.0686246915259017,0.0,0.09999999999999998,0,0.01415458290983322,0.0,3.662109375E-4,0.14819759499599583,0.0,0.002373514056025021,0.010545621274644645,15,15
1771080905826,0.41500110070872687,0.24728895720338848,0.24689757810617818,1.0578638040572588,0.0,0.0,1,0.012380043110967862,0.0,3.662109375E-4,0.14807838366925663,0.0,0.001898811244820017,0.010507080858839668,15,15
1771080906102,0.4139226899913505,0.3889780691613842,0.22676115733579416,1.0481883687132316,0.0,0.0,1,0.010086674533832073,0.0,3.662109375E-4,0.14810532041886054,0.0,0.0015190489958560136,0.010464058234758822,15,15
1771080906838,0.4153512614199219,0.41786729504825204,1.0,0.9764799922305527,0.0,0.0,1,0.009526497994412155,0.16983695652173914,3.662109375E-4,0.14785144385988114,0.0,0.001215239196684811,0.010454545454545494,15,15
1771080907109,0.4184687814032078,0.33208131651659306,0.3712931981381986,0.9618069175305286,0.0,0.0,1,0.02349179216531778,0.0,3.662109375E-4,0.14816794352770946,0.0,9.721913573478488E-4,0.010407239819004488,15,15
1771080907378,0.4110655471342076,0.1974005325813789,0.3561511730545085,0.948055288670165,0.0,0.0,1,0.03880325080029151,0.0,3.662109375E-4,0.14800670451893957,0.0,7.77753085878279E-4,0.010360360360360366,15,15
1771080907649,0.4146509399975319,0.1984627348858576,0.42815065269935165,0.9317565192001739,0.0,0.0,1,0.044834804971235646,0.0,3.662109375E-4,0.14790770122167782,0.0,6.222024687026232E-4,0.010313901345291532,15,15
1771080907914,0.4128906589641675,0.2725028708095782,0.2669484305443381,0.9220679477023005,0.0,0.0,1,0.04322904059969987,0.0,3.662109375E-4,0.14789935825120668,0.0,4.977619749620986E-4,0.010277033065236862,15,15
1771080908833,0.4117823596896722,0.28854879921705257,1.0,0.8524647484075639,0.0,0.0,1,0.04410042238110791,0.13601741022850924,3.662109375E-4,0.14794909052793034,0.0,3.982095799696789E-4,0.01024498886414249,15,15
1771080909083,0.4095357546698675,0.2346296434722513,0.37883871939018327,0.8389617384566868,0.0,0.0,1,0.02670132019701485,0.0,3.662109375E-4,0.14839997620529452,0.0,3.1856766397574316E-4,0.010647737355811926,15,15
1771080909350,0.4063119599684552,0.19859444092014675,0.3584133030276134,0.8265028285313081,0.0,0.0,1,0.024269677488768862,0.0,3.662109375E-4,0.14853113242068114,0.0,2.5485413118059454E-4,0.010600706713780883,15,15
1771080909617,0.40354264072303675,0.08386779663187503,0.3347561715111475,0.8151862553263384,0.0,0.0,0,0.039379771601644416,0.0,3.662109375E-4,0.1482859820734544,0.0,2.0388330494447565E-4,0.01055408970976257,15,15
1771080911174,0.40242278608412935,0.18015410235986426,1.0,1.0636326377265284,1.0,0.0,1,0.04882370575197624,0.16056518946692358,3.662109375E-4,0.15602420387344884,0.07714448457476175,0.015592003558907932,0.01094570928196148,15,15
1771080911426,0.40099421465555785,0.1623506660070685,0.3721745240219964,1.0474754815616047,0.0,0.0,1,0.0658903355923642,0.0,3.662109375E-4,0.15627958894004285,0.0,0.012473602847126347,0.010902747492368081,15,15
1771080912036,0.3986762771571032,0.26777442634853466,1.0,0.9732051492554209,0.0,0.0,1,0.06430546912193967,0.20491803278688525,3.662109375E-4,0.15646116570705373,0.0,0.009978882277701079,0.010897994768962471,15,15
1771080912749,0.39956564322698646,0.0055677699306027366,0.033601405524487725,0.9720720779439337,0.0,0.0,1,0.06111087417526834,0.0,3.662109375E-4,0.15650232100170722,0.0,0.007983105822160863,0.01089324618736387,15,15
1771080913020,0.40242278608412924,0.3140992070520618,0.2872143845535328,0.9605954630597227,0.0,0.11111111111111116,1,0.056373329374085415,0.0,3.662109375E-4,0.15680128710172003,0.0,0.0063864846577286905,0.010845986984815648,15,15
1771080913286,0.4052335492510787,0.2669831205295641,0.5074546506726623,0.9404091819306339,0.0,0.0,1,0.04242381420415703,0.0,3.662109375E-4,0.15707717745815122,0.0,0.005109187726182953,0.010799136069114423,15,15
1771080913552,0.40176586855659774,0.1399940864019953,0.5054661855521734,0.9206698743336093,0.0,0.0,0,0.05144469305227756,0.0,3.662109375E-4,0.15714016713312967,0.0,0.004087350180946362,0.010752688172043001,15,15
1771080913810,0.39605158284231207,0.059224428602544114,0.3906902406170901,0.9058852055304385,0.0,0.0,1,0.03898667667980832,0.0,3.662109375E-4,0.15741226301265054,0.0,0.0032698801447570897,0.011144449207029616,15,15
1771080914724,0.39066250505076483,0.10855415274246781,1.0,0.826690620083809,0.0,0.0,1,0.04510540771349939,0.13676148796498905,3.662109375E-4,0.1575397475412437,0.0,0.002615904115805672,0.011096884336320945,15,15
1771080914996,0.38644812324370054,0.12724319453764765,0.45674663657183856,0.8097382023349731,0.0,0.0,1,0.03880010469428666,0.0,3.662109375E-4,0.157776237428589,0.0,0.002092723292644538,0.011049723756906049,15,15
1771080915274,0.38746969156538175,0.16602173664260378,0.30273693442538124,0.79923878542783,0.0,0.1428571428571429,1,0.04126669272861194,0.0,3.662109375E-4,0.15771379316710754,0.0,0.0016741786341156304,0.011016949152542366,15,15
1771080915555,0.37998713641683135,0.31881690398462087,0.36960631842656305,0.7862974151849507,0.0,0.0,1,0.05441903117394755,0.0,3.662109375E-4,0.15775830457359244,0.0,0.0013393429072925045,0.010970464135021119,15,15
1771080915817,0.3777589825034287,0.13139625604831906,0.38823776924464387,0.7728506436624452,0.0,0.0,1,0.03344053411583407,0.0,3.662109375E-4,0.15774873377116724,0.0,0.0010714743258340037,0.010928961748633892,15,15
1771080917217,0.382044696789143,0.11026837250918464,1.0,1.0391514117282308,1.0,0.0,1,0.03848431343205263,0.17857142857142858,3.662109375E-4,0.1306284131617832,0.08541577353806107,0.017940334168279417,0.011330255979857373,15,15
1771080917471,0.38088881442998596,0.12489023290373996,0.6279628046165827,1.0117256087476545,0.0,0.0,1,0.021854754331433076,0.0,3.662109375E-4,0.13120116102573343,0.0,0.014352267334623534,0.011287625418060165,15,15
1771080917738,0.38315115400400596,0.18186095715124326,0.4883066739645194,0.9908062925624322,0.0,0.0,1,0.051470393966483466,0.0,3.662109375E-4,0.13145753271148392,0.0,0.011481813867698828,0.011249999999999982,15,15
1771080918712,0.37571803117788694,0.16867837981565087,1.0,1.2974509405150954,1.0,0.0,1,0.03901558398367877,0.12833675564681726,4.2724609375E-4,0.15508967741657792,0.12044286656514691,0.03327402440718845,0.012043189368770801,15,15
1771080918962,0.3729578122530144,0.1627225921071976,0.5407162576294371,1.268165600587419,0.0,0.0,1,0.03775922765191057,0.0,4.2724609375E-4,0.1555334135015641,0.0,0.026619219525750762,0.01200828157349898,15,15
1771080919213,0.36432856654067575,0.1452523435613344,0.7320698772040647,1.230591475809315,0.0,0.0,1,0.032771119643677536,0.0,4.2724609375E-4,0.15604788339504097,0.0,0.02129537562060061,0.011963696369637011,15,15
1771080919477,0.36717649116357726,0.0868065384493203,1.0,1.6099047309768335,1.0,0.0,0,0.02094009740669212,0.0,4.2724609375E-4,0.13662160365142165,0.37717197926294976,0.09247069634907044,0.01232539030402624,15,15
1771080919741,0.36998295722702834,0.14606290016719845,0.9155878356230421,1.5520303209339366,0.0,0.11111111111111116,1,0.055957771440624915,0.0,4.2724609375E-4,0.13710443059177213,0.0,0.07397655707925636,0.01227495908346976,15,15
1771080920659,0.37864220941018123,0.21594022944332514,1.0,1.4103003841841415,0.0,0.0,1,0.08699190993919666,0.13616557734204793,4.2724609375E-4,0.1376119190688515,0.0,0.059181245663405095,0.012234910277324595,15,15
1771080921353,0.37864220941018123,0.3062273461831505,0.004684404853739225,1.4042902961653911,0.0,0.0,1,0.08670238826907607,0.0,4.2724609375E-4,0.13757513233616306,0.0,0.047344996530724076,0.012229922543823935,15,15
1771080921605,0.3794180425010243,0.12399057071504521,0.5735829732359234,1.3687423095316604,0.0,0.0,1,0.0665515571047469,0.0,4.2724609375E-4,0.1380033773335251,0.0,0.037875997224579266,0.012185215272136452,15,15
1771080921873,0.3863613922908865,0.08829186931680864,0.7494828005382809,1.3249654722882316,0.0,0.0,1,0.0455040544319823,0.0,4.2724609375E-4,0.1386341825149806,0.0,0.030300797779663415,0.012135922330097082,15,15
1771080922671,0.38582218693219833,0.14044756828335922,1.0,1.2134600567097793,0.0,0.0,1,0.06798066499963308,0.15664160401002505,4.2724609375E-4,0.13918657670216672,0.0,0.024240638223730734,0.012121212121212088,15,15
1771080922928,0.3890264378682982,0.1527871136552478,0.5682773871756986,1.1811970287036895,0.0,0.0,1,0.05201604517501539,0.0,4.2724609375E-4,0.13975849038506152,0.0,0.019392510578984588,0.012479871175523405,15,15
1771080924346,0.3845826601511201,0.1837364077098903,1.0,1.000675368281325,0.0,0.0,1,0.05457413158062284,0.1763046544428773,4.2724609375E-4,0.1408086053978113,0.0,0.015514008463187672,0.012861736334405127,15,15
1771080924687,0.38820840427706493,0.2384857947569156,0.17436842303204733,0.9912598447520091,0.0,0.0,1,0.05247134141444258,0.0,4.2724609375E-4,0.14091296964188368,0.0,0.012411206770550139,0.012835940633774579,15,15
1771080924994,0.3903981669011745,0.09467141925746864,0.22343377534398132,0.979474733582099,0.0,0.0,1,0.048022368346439165,0.0,4.2724609375E-4,0.14119848050273656,0.0,0.009928965416440111,0.012820512820512775,15,15
1771080925987,0.3918267383297459,0.032020645057215344,1.0,0.901022402351255,0.0,0.0,1,0.06378921880193805,0.12588116817724068,4.2724609375E-4,0.14181948643583178,0.0,0.00794317233315209,0.012810248198558805,15,15
1771080926300,0.39252705975213603,0.03524978774379488,0.20328106762175643,0.8911529342500154,0.0,0.0,1,0.05164473217243779,0.0,4.2724609375E-4,0.14208780218463013,0.0,0.006354537866521672,0.012794882047181155,15,15
1771080926650,0.3969005976495747,0.04276732732917373,0.2765338068776943,0.877677439821991,0.0,0.0,1,0.04184057942295491,0.0,4.2724609375E-4,0.14237365126594578,0.0,0.005083630293217338,0.012769353551476459,15,15
1771080926908,0.39343291695509375,0.031622233228530444,0.46074529069886533,0.8549062647752468,0.0,0.0,1,0.06454669751886935,0.0,4.2724609375E-4,0.14305817051521935,0.0,0.00406690423457387,0.012733784321528052,15,15
1771080927830,0.3926076515418193,0.2006386898441055,1.0,0.7834657419732078,0.0,0.0,1,0.051536386027016864,0.13557483731019523,4.2724609375E-4,0.1435931377342724,0.0,0.0032535233876590966,0.012703453751488736,15,15
1771080928082,0.39796451828399626,0.18273886782457582,0.3757001568165294,0.7657054168072668,0.0,0.0,1,0.058946275172296246,0.0,4.2724609375E-4,0.14405209468184688,0.0,0.0026028187101272775,0.012658227848101222,15,15
1771080928339,0.4014321989784772,0.04054367114518406,0.4557890772134503,0.7440895375587148,0.0,0.0,1,0.08192059371235974,0.0,4.2724609375E-4,0.14479183582513547,0.0,0.002082254968101822,0.012618296529968487,15,15
1771080928611,0.39596179925726005,0.08425270086199214,0.4600965139042931,0.7225502448330197,0.0,0.0,0,0.051264047053103216,0.0,4.2724609375E-4,0.14541374676186122,0.0,0.0016658039744814578,0.01256873527101332,15,15
1771080928869,0.3889324750934432,0.12558696540551606,1.0,1.1276320034801035,1.0,0.125,1,0.030270960947332726,0.0,4.8828125E-4,0.15931960551111948,0.38399249004097413,0.07813114118777999,0.012915851272015666,15,15
1771080930800,0.3826418372024367,0.0055677699306027366,1.0,0.96502953998617,0.0,0.0,1,0.02751907939577364,0.1294665976178146,4.8828125E-4,0.15967735444023826,0.0,0.06250491295022399,0.012905748924520899,15,15
1771080931667,0.3786349511492676,0.05035267178077323,1.0,0.8839192649762323,0.0,0.0,1,0.03408819652858385,0.14417531718569782,4.8828125E-4,0.16008920525108505,0.0,0.050003930360179194,0.012885591565794607,15,15
1771080931930,0.3816811386539035,0.17633836994949917,0.3827957416387451,0.8620613378678604,0.0,0.0,1,0.04837477458925246,0.0,4.8828125E-4,0.1604312660135368,0.0,0.04000314428814336,0.012840466926069993,15,15
1771080932680,0.3816811386539035,0.306429743658111,0.0025576345881813886,0.8631019399351302,0.0,0.0,1,0.0524897835950241,0.0,4.8828125E-4,0.16039880424585398,0.0,0.03200251543051469,0.012835472578763163,15,15
1771080934286,0.37214395785158416,0.14346938302173942,1.0,0.7310121946345661,0.0,0.0,1,0.054224907119636165,0.1556662515566625,4.8828125E-4,0.16093949888648448,0.0,0.025602012344411753,0.012805587892898762,15,15
1771080934558,0.38689336582753364,0.1822471048194814,0.18028602504117075,0.7222413766548352,0.0,0.0,1,0.049598413012508766,0.0,4.8828125E-4,0.16096376127909376,0.0,0.020481609875529404,0.012756088132972576,15,15
1771080934813,0.3861692950111553,0.06885221998504788,1.0,1.126068727087126,1.0,0.0,1,0.06598889186592159,0.0,5.4931640625E-4,0.16889395217071423,0.3874937168619954,0.09388403127282262,0.013102119460500994,15,15
1771080935587,0.38677983284849343,0.1014127433318106,1.0,1.0378544331702382,0.0,0.0,1,0.059704807466377394,0.16149870801033592,5.4931640625E-4,0.16900423359115457,0.0,0.0751072250182581,0.01309202926453601,15,15
1771080935858,0.3760224508640524,0.0882720375920166,0.5767957334596274,0.9994095023877133,0.0,0.0,1,0.046825620831491985,0.0,5.4931640625E-4,0.16950839242039434,0.0,0.06008578001460649,0.013041810510164953,15,15
1771080936122,0.3838314173298097,0.0707432951437363,0.5352095195253935,0.964412460901229,0.0,0.0,1,0.047172419198344556,0.0,5.4931640625E-4,0.17005470705213308,0.0,0.04806862401168519,0.012991975544516587,15,15
1771080936391,0.37688806753994747,0.10993133408609393,0.45831492888517816,0.9350796920399485,0.0,0.0,0,0.07680174315276964,0.0,5.4931640625E-4,0.17049852735671236,0.0,0.03845489920934816,0.01294251998477347,15,15
1771080936655,0.3731830025344524,0.14016140132460822,0.40364115542409634,0.9098343497969918,0.0,0.0,1,0.05748722962529555,0.0,5.4931640625E-4,0.17078233903107226,0.0,0.030763919367478527,0.01289343951459987,15,15
1771080937558,0.3803423508103841,0.11988181029903017,1.0,0.8222924878169706,0.0,0.0,1,0.04731241131504729,0.13842746400885936,5.4931640625E-4,0.17126277855660893,0.0,0.024611135493982823,0.012849584278155746,15,15
1771080937817,0.38576131715905027,0.12903370831457311,0.39756497599440765,0.7982864850802601,0.0,0.0,1,0.04681480271358683,0.0,5.4931640625E-4,0.17169165075637763,0.0,0.01968890839518626,0.012806026365348444,15,15
1771080938071,0.3935725292801555,0.17745843279099358,0.28499114936999803,0.7818607036067096,0.0,0.0,1,0.07703843245156196,0.0,5.4931640625E-4,0.17193311043460488,0.0,0.01575112671614901,0.012767555388659368,15,15
1771080938336,0.38222230398591933,0.021803637464684864,0.5290132136633525,0.7503143764322133,0.0,0.2222222222222222,0,0.064143726032487,0.0,5.4931640625E-4,0.17261848086942227,0.0,0.012600901372919207,0.012719790497568328,15,15
1771080938588,0.3823814600762937,0.21305732615224054,1.0,1.1607904691169655,1.0,0.0,1,0.053426795648421586,0.0,5.4931640625E-4,0.16234714606518152,0.39105769073583707,0.08829225924550278,0.013049962714392294,15,15
1771080938869,0.38182380361120344,0.06800247025232085,0.5310478261139377,1.1224605523151219,0.0,0.0,1,0.05425257510772259,0.0,5.4931640625E-4,0.16280890355074884,0.0,0.07063380739640222,0.013006317354143482,15,15
1771080939592,0.3832523750397749,0.16098768883960676,1.0,1.0316251985447231,0.0,0.0,1,0.059807684596159635,0.17289073305670816,5.4931640625E-4,0.16323471855194177,0.0,0.05650704591712178,0.012996658002228045,15,15
1771080939863,0.39068549786589385,0.27806224547199937,0.41307051837412545,1.003073460906243,0.0,0.0,1,0.0620419773781844,0.0,5.4931640625E-4,0.16357345225488515,0.0,0.04520563673369743,0.01294857565667773,15,15
1771080940129,0.3851488193483845,0.01620115387571961,0.6502699443459904,0.9588929508931315,0.0,0.0,1,0.04495400233970907,0.0,5.4931640625E-4,0.1642833374874327,0.0,0.03616450938695794,0.012900847769996338,15,15
1771080940395,0.38861846001619316,0.08037386184480091,0.5379497618874307,0.9230605695208349,0.0,0.0,0,0.04171138291784666,0.0,5.4931640625E-4,0.16500419654395032,0.0,0.028931607509566356,0.01285347043701801,15,15
1771080940662,0.39068549786589396,0.12748471579543755,0.4957588997490821,0.8906775261429167,0.0,0.0,1,0.056957538258737096,0.0,5.4931640625E-4,0.16549700768975692,0.0,0.023145286007653088,0.012806439809732839,15,15
1771080941352,0.39068549786589396,0.022271079722410946,1.0,0.8242924714669368,0.0,0.0,1,0.05323077747414617,0.1811594202898551,5.4931640625E-4,0.1658545632708457,0.0,0.01851622880612247,0.012801755669348935,15,15
1771080941995,0.39379158039846307,0.09530486958197011,0.01564237073226691,0.8247148917624365,0.0,0.0,1,0.05680013068603769,0.0,5.4931640625E-4,0.16583545047981643,0.0,0.014812983044897976,0.012797074954296161,15,15
1771080942267,0.38772909394630994,0.11801590156251211,0.40215757091734144,0.7999890056652498,0.0,0.11111111111111116,1,0.0623522838268951,0.0,5.4931640625E-4,0.16625784187222253,0.0,0.011850386435918382,0.012750455373406244,15,15
1771080942519,0.38469434389239066,0.02011095080778573,0.48584599751482427,0.7702194374916081,0.0,0.0,1,0.04359743428429483,0.0,5.4931640625E-4,0.16691418188715834,0.0,0.009480309148734706,0.012708787218591144,15,15
1771080943837,0.3818122482467912,0.015449736266070014,1.0,0.6541415026985111,0.0,0.0,1,0.04148297041706793,0.1896813353566009,5.4931640625E-4,0.16780111407885157,0.0,0.007584247318987766,0.012694958287994162,15,15
1771080944088,0.38073383752941486,0.02087524438517415,0.3892427712866577,0.6309604164144624,0.0,0.0,1,0.03727626442670012,0.0,5.4931640625E-4,0.16847287449338613,0.0,0.0060673978551902125,0.012653651482284922,15,15
1771080944360,0.3767982839548957,0.03127163191859022,1.0,1.0331195088596414,1.0,0.0,1,0.04384695380655387,0.0,6.103515625E-4,0.16897745158880415,0.36843778555789763,0.0785414753957317,0.012968299711815567,15,15
1771080945690,0.3736923193360219,0.013434466611637831,1.0,0.8662404075071943,0.0,0.0,1,0.06323185390112294,0.18796992481203006,6.103515625E-4,0.16951705122201152,0.0,0.06283318031658536,0.01330456670262492,15,15
1771080945952,0.3787776161065675,0.0634218669632163,0.4212589717930444,0.8365852443449331,0.0,0.0,1,0.09074664737889417,0.0,6.103515625E-4,0.17006135294099786,0.0,0.05026654425326829,0.013261648745519716,15,15
1771080946224,0.3801079012179127,0.10851034026085893,0.3710153631034345,0.8110994046093134,0.0,0.0,1,0.06859722602124187,0.0,6.103515625E-4,0.1704460472866151,0.0,0.040213235402614636,0.013214285714285734,15,15
1771080946498,0.38513232821531,0.0835187770819898,1.0,0.7258753151591971,0.0,0.11111111111111116,0,0.06158662696811355,0.45620437956204374,6.103515625E-4,0.17108137844684476,0.0,0.03217058832209171,0.013167259786476815,14,15
1771080947197,0.38513232821531,0.012449912047907005,0.04604837990984754,0.7245664171021629,0.0,0.0,1,0.05941606796698631,0.0,6.103515625E-4,0.17114773758655388,0.0,0.025736470657673368,0.013162575595873305,15,15
1771080947448,0.38514031661621034,0.10387442373308851,0.2793532276626162,0.7067548437224345,0.0,0.0,1,0.036497652590968856,0.0,6.103515625E-4,0.17148079374166775,0.0,0.020589176526138696,0.013120567375886516,15,15
1771080947716,0.3904734604032718,0.18079645859710747,0.36136142677902755,0.683448675560467,0.0,0.0,1,0.03872986396607117,0.0,6.103515625E-4,0.1719747464962005,0.0,0.016471341220910957,0.013074204946996515,15,15
1771080947982,0.3858076968492436,0.06048306777841181,0.39213606997413064,0.6583096309025089,0.0,0.0,0,0.06574959535414242,0.0,6.103515625E-4,0.1725819057066896,0.0,0.013177072976728765,0.013028169014084545,15,15
1771080948249,0.37261488336386056,0.07643372169338909,1.0,1.0705415401887142,1.0,0.0,1,0.04965462004750923,0.0,6.7138671875E-4,0.17190924501684848,0.373849670667176,0.08531159251481822,0.013333333333333308,15,15
1771080949565,0.368298187862117,0.021843222332870983,1.0,0.8911305620354157,0.0,0.0,1,0.043138767094407525,0.18996960486322187,6.7138671875E-4,0.17262780355824384,0.0,0.06824927401185459,0.013309982486865102,15,15
1771080949815,0.36936516112877665,0.026158828200547345,1.0,1.298727487708352,1.0,0.0,1,0.03491078400540447,0.0,7.32421875E-4,0.17988777484356752,0.3934693402873666,0.133293287266957,0.0136173184357542,15,15
1771080950081,0.3704685246346095,0.05978938431656951,0.5777440820053692,1.246654488086551,0.0,0.125,1,0.03613786772150387,0.0,7.32421875E-4,0.18023661921773737,0.0,0.1066346298135656,0.013569937369519836,15,15
1771080950352,0.36238439479483636,0.03788700964949513,0.6268505876172806,1.191753883977281,0.0,0.11111111111111116,0,0.03794196931698368,0.0,7.32421875E-4,0.18066113573436232,0.0,0.08530770385085248,0.013522884882108177,15,15
1771080951130,0.36095582336626497,0.05133230240317046,1.0,1.0971197078094754,0.0,0.0,1,0.03703371887998812,0.16066838046272494,7.32421875E-4,0.18078233983944525,0.0,0.06824616308068199,0.013518197573656798,15,15
1771080951785,0.3591491626427072,0.04591300704602599,0.06356753562032551,1.0908874232517702,0.0,0.0,1,0.03738287310724843,0.0,7.32421875E-4,0.18083084069640648,0.0,0.05459693046454559,0.013513513513513487,15,15
1771080952058,0.35756993785593566,0.10913538871828955,0.5031961191000368,1.0494177555469981,0.0,0.11111111111111116,1,0.06029798365519985,0.0,7.32421875E-4,0.18120187012724795,0.0,0.04367754437163648,0.013812154696132617,15,15
1771080952313,0.36053135438108536,0.10751549972704094,0.42855560016903266,1.0148130863749432,0.0,0.0,1,0.09774357876391564,0.0,7.32421875E-4,0.18154991179380164,0.0,0.03494203549730918,0.01377410468319562,15,15
1771080952585,0.35962749822824736,0.08230766001516665,0.47665329796139144,0.9771298830868116,0.0,0.0,0,0.08147517261536356,0.0,7.32421875E-4,0.18194216717499384,0.0,0.027953628397847347,0.013726835964310236,15,15
1771080952857,0.35761631754612905,0.14219149798145947,0.465558736235523,0.9410543806853459,0.0,0.0,1,0.06898190907648,0.0,7.32421875E-4,0.18231256113351665,0.0,0.02236290271827788,0.013679890560875485,15,15
1771080953109,0.3614506500848795,0.12053400864865074,0.34038714352337446,0.9153905240400594,0.0,0.0,1,0.06892355430958345,0.0,7.32421875E-4,0.1826046236972209,0.0,0.017890322174622303,0.013642564802182844,15,15
1771080953782,0.3636673665475654,0.021515691748893867,0.973788865059171,0.8410585488732146,0.0,0.0,1,0.06744232438464856,0.18573551263001484,7.32421875E-4,0.18278982923338186,0.0,0.014312257739697843,0.013633265167007469,15,15
1771080954055,0.3745816854059051,0.17905439045298868,0.2890632241938709,0.820364920388869,0.0,0.0,1,0.05600594001877027,0.0,7.32421875E-4,0.18293652729461032,0.0,0.011449806191758276,0.013586956521739135,15,15
1771080954326,0.38648956716523153,0.09744345703441096,0.3848254702835674,0.7928067002933238,0.0,0.0,1,0.054209595383162515,0.0,7.32421875E-4,0.18320075309086034,0.0,0.009159844953406621,0.01354096140826,15,15
1771080954598,0.3931810425611248,0.13289802790506378,0.34353183392535086,0.7688096080683924,0.0,0.0,1,0.05510869028573601,0.0,7.32421875E-4,0.18354637957029413,0.0,0.007327875962725297,0.013495276653171406,15,15
1771080954855,0.3918536921683221,0.11895039933794942,0.338187796014511,0.7456133122435376,0.0,0.0,1,0.04674730753984339,0.0,7.32421875E-4,0.18387693789223009,0.0,0.005862300770180238,0.01345442314160783,15,15
1771080956324,0.39284427927397414,0.022519565748874464,1.0,0.9922281339966829,1.0,0.125,1,0.02832125006538094,0.17018379850238258,7.32421875E-4,0.14894604294085487,0.08157212231117295,0.02100426507837878,0.01374916163648554,15,15
1771080956597,0.39404040216019387,0.06873165567247413,1.0,1.3985913576800415,1.0,0.0,1,0.07815955416028468,0.0,7.9345703125E-4,0.1661668820480324,0.3673737400802324,0.0902781600787495,0.014371657754010725,15,15
1771080956863,0.39719482435628384,0.09032063524349157,1.0,1.7655362902748537,1.0,0.0,1,0.07150957827742685,0.0,7.9345703125E-4,0.17462475126642427,0.3749507372988633,0.14721267552277226,0.014656895403064585,15,15
1771080957746,0.38855856498825997,0.08234783333946456,1.0,1.5522507452360126,0.0,0.11111111111111116,1,0.050366251326931975,0.14156285390713477,7.9345703125E-4,0.17513121863063355,0.0,0.11777014041821782,0.014608233731739695,15,15
1771080958020,0.38560020109534837,0.10141990726832877,0.6597712786849103,1.4851511367297174,0.0,0.0,1,0.0659464416136279,0.0,7.9345703125E-4,0.17536612345947813,0.0,0.09421611233457426,0.014559894109861027,15,15
1771080958293,0.38380497782250744,0.07400388326919304,0.6363494414343333,1.4221037140281578,0.0,0.09999999999999998,1,0.07064994616321638,0.0,7.9345703125E-4,0.17563526784434513,0.0,0.07537288986765942,0.014511873350923521,15,15
1771080958566,0.3744339667662477,0.02178156444771951,0.7633425365479023,1.3496141580887062,0.0,0.0,1,0.06265724321262581,0.0,7.9345703125E-4,0.17599609673120042,0.0,0.060298311894127536,0.014464168310322156,15,15
1771080958816,0.381916521914798,0.1206921061160482,0.4464518016711408,1.3065375543243778,0.0,0.0,1,0.08995517992440379,0.0,7.9345703125E-4,0.1761941119349818,0.0,0.04823864951530203,0.014421501147164895,15,15
1771080959636,0.38048795048622663,0.0,1.0,1.4790470382608887,1.0,0.0,0,0.08730295812137817,0.3048780487804878,7.9345703125E-4,0.17121378113624705,0.14138875329543066,0.06686867027132776,0.014744429882044607,13,15
1771080960972,0.37959858441634337,0.022271079722410946,0.08321482293947123,1.4649022177844857,0.0,0.0,1,0.07970293256880986,0.0,7.9345703125E-4,0.17124624722422166,0.0,0.05349493621706221,0.014739600393055996,15,15
1771080961232,0.37808724305840524,0.011421446324015157,1.0,2.2079754796765756,1.0,0.11111111111111116,1,0.07247738124446385,0.0,8.544921875E-4,0.1756360553210859,0.6176957271079193,0.16633509439523364,0.015349444807315482,15,15
1771080961498,0.374480346456441,0.07197190198716302,0.9715852100537304,2.0886530736249354,0.0,0.0,1,0.07603436752200618,0.0,8.544921875E-4,0.17584123843825256,0.0,0.1330680755161869,0.01529947916666663,15,15
1771080962322,0.3738513575127008,0.015971243209262808,1.0,1.8523495899712434,0.0,0.0,1,0.06262709788391012,0.1516990291262136,8.544921875E-4,0.17600375818249706,0.0,0.10645446041294954,0.01526965562053284,15,15
1771080962576,0.37407040863100827,0.024274441234767224,0.8120750999728542,1.7583590306629737,0.0,0.0,1,0.0568390648839384,0.0,8.544921875E-4,0.17623796873202613,0.0,0.08516356833035964,0.015225137674117262,15,15
1771080962847,0.37584914077077475,0.02193724138185443,0.8451589897291214,1.6643247148804212,0.0,0.09999999999999998,1,0.07132921006587346,0.0,8.544921875E-4,0.17648938744781606,0.0,0.06813085466428771,0.015175976751695242,15,15
1771080963112,0.37915766537488144,0.10983040657855289,0.6672198939037807,1.5903019517254284,0.0,0.0,0,0.09023564376884918,0.0,8.544921875E-4,0.17667639750690575,0.0,0.05450468373143017,0.015127132281943956,15,15
1771080963383,0.38615785756043863,0.09218497303998814,1.0,1.900414041343084,1.0,0.0,1,0.07161755283262282,0.0,8.544921875E-4,0.1915334836262835,0.36950787424576026,0.11750532183429618,0.015399422521655493,15,15
1771080964887,0.38337204718194573,0.01715363229903606,1.0,1.590729769066105,0.0,0.0,1,0.0788798426435796,0.16622340425531915,8.544921875E-4,0.1917057935003245,0.0,0.09400425746743696,0.01538461538461533,15,15
1771080965142,0.38530993541208636,0.10884086559655082,0.45590668093443165,1.5358519701793618,0.0,0.0,1,0.08546554038631754,0.0,8.544921875E-4,0.1918326388912301,0.0,0.07520340597394957,0.015340364333652934,15,15
1771080965408,0.38615785756043863,0.03845952660125394,0.731633100768041,1.4552831110742994,0.0,0.0,1,0.06788758041628959,0.0,8.544921875E-4,0.19209432968064255,0.0,0.06016272477915966,0.015610066900286768,15,15
1771080966265,0.38480061861051723,0.01497177022493924,1.0,1.3150153495424137,0.0,0.0,1,0.06245016727695018,0.14585764294049008,8.544921875E-4,0.19225938867861744,0.0,0.048130179823327734,0.015913430935709738,15,15
1771080966526,0.38069251152157924,0.04404710172578726,0.5087128815150802,1.2608853512781457,0.0,0.11111111111111116,1,0.05275323870210845,0.0,8.544921875E-4,0.19246718503828503,0.0,0.03850414385866219,0.015867978419549345,15,15
1771080966799,0.38120182832314864,0.11221114953290016,0.5378769366877745,1.205311797173783,0.0,0.0,1,0.09240520899722113,0.0,8.544921875E-4,0.19271594612766285,0.0,0.030803315086929753,0.01581777918380256,15,15
1771080967070,0.3772013260383385,0.017203478950878457,1.0,1.5192496689495376,1.0,0.09999999999999998,0,0.11159693682962918,0.0,8.544921875E-4,0.19725025237065333,0.36950787424576026,0.09854422691869585,0.016398612425102543,15,15
1771080967335,0.3828143907168555,0.12425996575727279,0.4395386698408685,1.4677864231626168,0.0,0.0,1,0.11230497993675115,0.0,8.544921875E-4,0.19736249880300846,0.0,0.07883538153495669,0.01635734507706821,15,15
1771080968190,0.377289149650063,0.07814519106794876,1.0,1.658543920583466,1.0,0.0,1,0.07245874579081663,0.14619883040935672,8.544921875E-4,0.2075077438742005,0.13601410056475927,0.0902711253409172,0.016949152542372836,15,15
1771080968442,0.37664872325560594,0.05487707179885852,0.6353023646359408,1.5847484154407712,0.0,0.0,1,0.08074438825225215,0.0,8.544921875E-4,0.2076681169460251,0.0,0.07221690027273377,0.016901408450704203,15,15
1771080968714,0.3823050739152861,0.06206985621906649,0.6892253556348397,1.5079772121503396,0.0,0.0,1,0.057948536600703426,0.0,8.544921875E-4,0.20785505705496157,0.0,0.05777352021818702,0.01716068642745705,15,15
1771080969546,0.385090884293779,0.04488879626374559,1.0,1.377182192517398,0.0,0.0,1,0.06092027315985193,0.1502403846153846,8.544921875E-4,0.20786994070182138,0.0,0.04621881617454962,0.01715533374922018,15,15
1771080970176,0.38705866108103865,0.015748031496062992,0.06937688076915006,1.3653352220909087,0.0,0.0,1,0.061011149394036394,0.0,8.544921875E-4,0.20789137676783423,0.0,0.0369750529396397,0.01714998440910509,15,15
1771080970448,0.3942728507025457,0.025997256728800624,0.6793643891873153,1.2956422724922971,0.0,0.0,1,0.06340374727980638,0.0,8.544921875E-4,0.2081109210254279,0.0,0.02958004235171176,0.017096673919801075,15,15
1771080970708,0.3945382815110464,0.04368610960281282,0.4607281373799048,1.248486192900527,0.0,0.0,1,0.08095240381976865,0.0,8.544921875E-4,0.20826780775520978,0.0,0.02366403388136941,0.01705426356589146,15,15
1771080970973,0.39560020109534827,0.05563295609161904,0.6354706523110799,1.1861432034581763,0.0,0.0,0,0.09478818755428267,0.0,8.544921875E-4,0.20849731848375608,0.0,0.018931227105095528,0.01700154559505407,15,15
1771080971228,0.4099158039381814,0.09975193620176931,0.37160447342543435,1.1497618510587595,0.0,0.0,1,0.08507533724853356,0.0,8.544921875E-4,0.20862705671123416,0.0,0.015144981684076422,0.016959605303731085,15,15
1771080971496,0.4158904667786102,0.12920302660034808,0.24496009718483994,1.1258748683284796,0.0,0.0,1,0.057022618090383746,0.0,8.544921875E-4,0.20871949881973023,0.0,0.01211598534726114,0.01723076923076927,15,15
1771080972245,0.41157486393577697,0.012449912047907005,1.0,1.0170612139840671,0.0,0.0,1,0.06642588422818488,0.16688918558077437,8.544921875E-4,0.20885337797165238,0.0,0.009692788277808912,0.017220172201722006,15,15
1771080972500,0.405701422131117,0.018961601022450075,0.48477056134134355,0.9732507981703273,0.0,0.11111111111111116,1,0.053343401451178975,0.0,8.544921875E-4,0.20907980591990374,0.0,0.00775423062224713,0.01717264642747618,15,15
1771080972765,0.40488338853988365,0.02168648134108312,0.5186481951254769,0.9272246780071692,0.0,0.0,1,0.051527202988991286,0.0,8.544921875E-4,0.20933816713202164,0.0,0.006203384497797704,0.017120146744114995,15,15
1771080973031,0.4007867189016625,0.020477672488625785,0.4983305144911906,0.8838054193747473,0.0,0.0,0,0.0436253265242426,0.0,8.544921875E-4,0.20960509626972493,0.0,0.004962707598238164,0.017067967083206348,15,15
1771080973296,0.40157486393577696,0.06412597247247595,0.3865273798547218,0.850989203335987,0.0,0.0,1,0.05749841674512505,0.0,8.544921875E-4,0.20980737755825601,0.0,0.0039701660785905315,0.017016104527499243,15,15
1771080973563,0.4038329064062986,0.07812183315612307,1.0,0.7594939742627674,0.0,0.0,1,0.04536304107990025,0.4681647940074906,8.544921875E-4,0.21000986802133634,0.0,0.0031761328628724253,0.01697484086086698,14,15
1771080974330,0.4018651296190389,0.0055677699306027366,0.0427030016499164,0.7576308649928395,0.0,0.0,1,0.044982041953840056,0.0,8.544921875E-4,0.21003837556037916,0.0,0.0025409062902979405,0.016969696969696968,15,15
1771080974584,0.3982084042770649,0.026715445467324486,0.3796488177812062,0.7269499275637219,0.0,0.125,1,0.04008707981565825,0.0,8.544921875E-4,0.21029474194819886,0.0,0.0020327250322383526,0.016923541855545454,15,15
1771080974853,0.39141570784540286,0.022958243997796668,0.4070503453352758,0.6943712751547105,0.0,0.0,1,0.07208857767058377,0.0,8.544921875E-4,0.21058991706966995,0.0,0.0016261800257906822,0.016872551973486027,15,15
1771080975105,0.39500110070872707,0.08911212104826488,0.31629224668250755,0.6699112692614346,0.0,0.0,0,0.051367224921668536,0.0,8.544921875E-4,0.2108132761784549,0.0,0.0013009440206325459,0.016826923076923128,15,15
1771080975373,0.3883974489245581,0.026023948801693578,0.38186014936185925,0.6403062353788097,0.0,0.0,1,0.06623387664230761,0.0,8.544921875E-4,0.21112405324133815,0.0,0.0010407552165060368,0.016776512881965244,15,15
1771080976247,0.382116029267793,0.03499851880695959,0.9340658413335969,0.5645135401667951,0.0,0.0,1,0.060411706127169854,0.14302059496567507,8.544921875E-4,0.21148677065542015,0.0,8.326041732048295E-4,0.016726403823178027,15,15
1771080976499,0.38944793105814324,0.09199510729979676,0.260343681900269,0.5454222385982227,0.0,0.0,1,0.07832935264015975,0.0,8.544921875E-4,0.21173670418508847,0.0,6.660833385638636E-4,0.01668156091748585,15,15
1771080977439,0.39141570784540286,0.17295970579912437,6.558929608550714E-4,0.54785940806504,0.0,0.0,1,0.07997890068161694,0.0,8.544921875E-4,0.21171770269151988,0.0,5.328666708510909E-4,0.016676593210244173,15,15
1771080978267,0.40242278608412935,0.06449221368967324,0.7044973072301138,0.492951958740027,0.0,0.16666666666666663,1,0.08088007038040564,0.15096618357487923,8.544921875E-4,0.21197000924633416,0.0,4.2629333668087275E-4,0.01664684898929847,15,15
1771080978540,0.4044618953500389,0.03938703343491363,0.2891163831607339,0.4721098627819771,0.0,0.0,1,0.05261121546848601,0.0,8.544921875E-4,0.21232149668930964,0.0,3.410346693446982E-4,0.016597510373444035,15,15
1771080978797,0.39670850036984356,0.01633593159715825,0.22465559144785555,0.45664886898062124,0.0,0.125,1,0.04407371421274107,0.0,8.544921875E-4,0.21260400288693643,0.0,2.728277354757586E-4,0.016558249556475446,15,15
1771080979067,0.3924412371905314,0.06345328677253494,1.0,1.2077289786072112,1.0,0.0,0,0.04895108341148445,0.0,8.544921875E-4,0.16231880475612426,0.6038355697179344,0.1209853761319675,0.017099056603773533,15,15
1771080979327,0.40005196721342673,0.07530546285968491,0.382101553863143,1.170383171103754,0.0,0.0,1,0.048493233317112805,0.0,8.544921875E-4,0.16245796710661306,0.0,0.096788300905574,0.017058823529411793,15,15
1771080979589,0.401883580725441,0.10100030215608768,0.43699938645148056,1.129033663491002,0.0,0.0,1,0.058101610494840625,0.0,8.544921875E-4,0.1626101502295135,0.0,0.07743064072445921,0.017018779342723,15,15
1771080980398,0.4005263417755195,0.021172979848592847,1.0,1.0277840678261954,0.0,0.5,1,0.05387299807571288,0.1545117428924598,8.544921875E-4,0.16282990824971147,0.0,0.06194451257956737,0.017008797653958907,15,15
1771080980648,0.39828479043807247,0.08693800984721459,0.38749660776472317,0.9929128334797347,0.0,0.0,1,0.05085296986547583,0.0,8.544921875E-4,0.16300425151245898,0.0,0.0495556100636539,0.016964024568587255,15,15
1771080980908,0.39181224824679123,0.0195067925628543,1.0,1.3469437913523146,1.0,0.0,1,0.04113492067674109,0.0,8.544921875E-4,0.13652049533719918,0.38169241239324847,0.11598297052957282,0.01721622410271373,15,15
1771080981158,0.397876694672272,0.021125376453668524,0.5551146795719809,1.2907604784555098,0.0,0.0,0,0.05050389158265283,0.0,8.544921875E-4,0.13669645334960537,0.0,0.09278637642365826,0.017176128093158716,15,15
1771080981408,0.39984447145953167,0.02124479665436417,0.4728294612707981,1.2436795647679018,0.0,0.0,1,0.05260444716625413,0.0,8.544921875E-4,0.1368546716717036,0.0,0.07422910113892661,0.017141196978500917,15,15
1771080981709,0.4034548171113124,0.02956577991658975,1.0,1.0940392439090574,0.0,0.0,1,0.056858496717853146,0.4152823920265781,8.544921875E-4,0.13704055778756002,0.0,0.05938328091114129,0.017096493769921728,14,15
1771080982512,0.40291561175262425,0.031496062992125984,0.05866159669525396,1.0876718220712853,0.0,0.0,1,0.05793042702473567,0.0,8.544921875E-4,0.13706457335570757,0.0,0.04750662472891304,0.01709154113557354,15,15
1771080982762,0.4004086296066764,0.09015989734551787,0.46412815703074145,1.0449464915350553,0.0,0.0,1,0.0568339730697014,0.0,8.544921875E-4,0.1372501039359663,0.0,0.038005299783130435,0.017047096214966806,15,15
1771080983019,0.3931944399851693,0.020031551571096085,0.4506508867649475,1.0043517540082503,0.0,0.0,1,0.06572742453059041,0.0,8.544921875E-4,0.13744979811542934,0.0,0.03040423982650435,0.017007783222830808,15,15
1771080983289,0.3895840943333886,0.029560957943905283,0.5434981292906552,0.9563218603918554,0.0,0.09999999999999998,0,0.06445427516018869,0.0,8.544921875E-4,0.13770784302447886,0.0,0.024323391861203483,0.016958896234550158,15,15
1771080983553,0.3902360760922578,0.021924218476824252,0.4205092066674685,0.9199990584550709,0.0,0.125,1,0.05032122648772402,0.0,8.544921875E-4,0.13792154477155044,0.0,0.01945871348896279,0.016919988528821372,15,15
1771080984422,0.3929340628590263,0.022755884734690805,1.0,0.8197913175591334,0.0,0.0,1,0.06851209717675044,0.14384349827387802,8.544921875E-4,0.1381097685209843,0.0,0.015566970791170233,0.01688609044075562,15,15
1771080984695,0.3831944399851694,0.020082247662484357,0.45017698017923685,0.7820454364556886,0.0,0.11111111111111116,1,0.05950250423428267,0.0,8.544921875E-4,0.1383968314645397,0.0,0.012453576632936187,0.016837899543378998,15,15
1771080985651,0.38087650248671473,0.0,1.0,0.9928752580899672,1.0,0.0,0,0.060186743864413375,0.2615062761506276,9.1552734375E-4,0.15774041090354346,0.12256564720942087,0.034475990748233126,0.01711840228245365,13,15
1771080986960,0.37764127033458555,0.0055677699306027366,0.05539248558535987,0.9880856486200718,0.0,0.0,1,0.053785548322912775,0.0,9.1552734375E-4,0.1577618470758107,0.0,0.027580792598586503,0.01711351968054764,15,15
1771080987214,0.37644812324370064,0.022621010684460652,0.4912818728730497,0.9455143010387622,0.0,0.0,1,0.04484607469683593,0.0,9.1552734375E-4,0.15795822883167415,0.0,0.022064634078869202,0.017069701280227556,15,15
1771080987471,0.3815219825635293,0.020716413861348912,0.42339407539619667,0.9096188463181653,0.0,0.0,1,0.024090397461095255,0.0,9.1552734375E-4,0.1581383303905514,0.0,0.017651707263095364,0.017030939540164658,15,15
1771080988324,0.39204273681581536,0.05644339325374264,1.0,0.8138420539595688,0.0,0.0,1,0.05605344178682544,0.14654161781946073,9.1552734375E-4,0.1583011892446885,0.0,0.014121365810476292,0.016992353440951624,15,15
1771080988595,0.39068549786589385,0.06104472735783484,0.4542082068130046,0.7764243326728973,0.0,0.0,1,0.06558834307516347,0.0,9.1552734375E-4,0.15858061675988852,0.0,0.011297092648381035,0.01694436599830551,15,15
1771080988854,0.38385135751270066,0.025907364933072233,0.3529338226875172,0.7482171059633201,0.0,0.0,1,0.048689140200863124,0.0,9.1552734375E-4,0.1587785717947246,0.0,0.009037674118704828,0.01690617075232459,15,15
1771080989117,0.371915547169583,0.013197792380546492,0.38526918711507235,0.7177188589086966,0.0,0.11111111111111116,0,0.044526805071279006,0.0,9.1552734375E-4,0.15900787219826423,0.0,0.007230139294963862,0.016863406408094472,15,15
1771080989383,0.37639128084800544,0.02218513826957475,0.41306731965005444,0.6853183172829014,0.0,0.09999999999999998,1,0.04005608264801205,0.0,9.1552734375E-4,0.15927104211274254,0.0,0.005784111435971091,0.01681614349775784,15,15
1771080989654,0.3819269846202997,0.04454071851655593,0.3579936212522458,0.6579147814057384,0.0,0.0,1,0.047976717430393626,0.0,9.1552734375E-4,0.15955585611834583,0.0,0.0046272891487768725,0.016769144773616573,15,15
1771080990347,0.37896862072738813,0.0641220474890828,0.7076023069248277,0.6018288495652839,0.0,0.0,1,0.05716209675116812,0.18037518037518038,9.1552734375E-4,0.15968538308588287,0.0,0.003701831319021498,0.016759776536312887,15,15
1771080990620,0.38284427927397424,0.14150542662563953,0.25019897975445937,0.5838189463323986,0.0,0.0,1,0.05081887139967945,0.0,9.1552734375E-4,0.1598563999862452,0.0,0.002961465055217199,0.01699164345403903,15,15
1771080990891,0.38733748931358375,0.0674854758935157,1.0,0.9568540837425584,1.0,0.0,1,0.07072281914239183,0.0,9.1552734375E-4,0.12103490089700118,0.36950787424576026,0.07627074689332582,0.01722222222222225,15,15
1771080991190,0.38668057178605225,0.1151391571561955,0.42886483564521355,0.9203131303713153,0.0,0.0,1,0.05631232375941929,0.0,9.1552734375E-4,0.12118824287667505,0.0,0.06101659751466065,0.0171745152354571,15,15
1771080991445,0.3907752814509458,0.02024148648656706,0.4665980671852011,0.8812124295661895,0.0,0.0,1,0.04673377611719384,0.0,9.1552734375E-4,0.12139662687022808,0.0,0.04881327801172852,0.017131804365846937,15,15
1771080991701,0.3908765024867147,0.15471537186102316,0.403033822226043,0.8482011218687873,0.0,0.09999999999999998,1,0.056017877754720516,0.0,9.1552734375E-4,0.12155860827349003,0.0,0.03905062240938282,0.017079889807162574,15,15
1771080992454,0.38944793105814324,0.025673335523175744,0.9189582999822475,0.7717557742389327,0.0,0.5,1,0.052595567981436726,0.16600265604249667,9.1552734375E-4,0.12153838524641036,0.0,0.03124049792750626,0.017070484581497847,15,15
1771080992704,0.3882084042770651,0.026155431454404278,0.399014589526355,0.7400643420230387,0.0,0.0,1,0.05459045785486799,0.0,9.1552734375E-4,0.12176507683736132,0.0,0.024992398342005007,0.017028288931612234,15,15
1771080992959,0.39169453607794813,0.13209460035128584,0.26060695387997707,0.7203985903527396,0.0,0.0,1,0.05359006126453457,0.0,9.1552734375E-4,0.121894749739816,0.0,0.019993918673604005,0.016990956426418236,15,15
1771080993231,0.39616929501115544,0.12415608787974147,0.3399982410024537,0.6945286672795861,0.0,0.0,0,0.04262165533485096,0.0,9.1552734375E-4,0.1220758784299202,0.0,0.015995134938883205,0.016944520360754334,15,15
1771080994184,0.3970586610810387,0.027838849653013684,1.0,0.589153749326054,0.0,0.0,0,0.05090159366671475,0.2623294858342078,9.1552734375E-4,0.12191343468580981,0.0,0.012796107951106564,0.016939890710382488,13,15
1771080995501,0.39963697570563644,0.022956503523012994,0.03548326556543829,0.588684620572308,0.0,0.0,1,0.05288031267451171,0.0,9.1552734375E-4,0.1219404509309961,0.0,0.010236886360885253,0.01693526358918329,15,15
1771080995757,0.405001100708727,0.08625497168973208,0.28188272810010645,0.5683148969496706,0.0,0.25,1,0.061889831789495774,0.0,9.1552734375E-4,0.1221495667078196,0.0,0.008189509088708203,0.016893732970027275,15,15
1771080996008,0.4073190382071817,0.057056739177891176,0.24125068147184295,0.5514710055907843,0.0,0.0,1,0.08456646840547165,0.0,9.1552734375E-4,0.12233720159744095,0.0,0.006551607270966563,0.016856987493202857,15,15
1771080996841,0.40535126141992206,0.08961361869895397,0.7264417921614071,0.4958354100763869,0.0,0.0,1,0.06424983586261701,0.15006002400960386,9.1552734375E-4,0.12243022557272086,0.0,0.005241285816773251,0.016824966078697434,15,15
1771080997097,0.4039226899913506,0.03335479583441487,0.27148778276199936,0.47682009896962185,0.0,0.11111111111111116,1,0.053482989735661374,0.0,9.1552734375E-4,0.12270765012239751,0.0,0.004193028653418601,0.01678397401191123,15,15
1771080997363,0.4030333239214674,0.08340953459652051,0.20675829058924675,0.4631033898732794,0.0,0.09999999999999998,1,0.04755057446120838,0.0,9.1552734375E-4,0.1228925558806531,0.0,0.003354422922734881,0.01673866090712739,15,15
1771080997632,0.41106554713420773,0.058843649407395705,0.28631934315610785,0.4433304996275558,0.0,0.0,0,0.06332957623015126,0.0,9.1552734375E-4,0.1232178244807997,0.0,0.002683538338187905,0.016693591814754938,15,15
1771080997896,0.40535126141992206,0.061476015067693845,0.1955198415667177,0.43075940229121257,0.0,0.0,1,0.042433224485379416,0.0,9.1552734375E-4,0.12343353911198975,0.0,0.0021468306705503238,0.016657710908113965,15,15
1771080998176,0.4033834846326624,0.02592716041789295,0.24484060711459954,0.41454952718937843,0.0,0.0,1,0.042745868425933815,0.0,9.1552734375E-4,0.12374248050473813,0.0,0.0017174645364402591,0.016617528812650773,15,15
1771080998914,0.4033834846326624,0.025054964687712313,0.47834989048055737,0.38065579165245583,0.0,0.0,1,0.04514064265839618,0.16937669376693767,9.1552734375E-4,0.12375691264004506,0.0,0.0013739716291522074,0.016608625770158092,15,15
1771080999170,0.40846878140320786,0.09196725423972262,0.1955569652488436,0.36831537729497255,0.0,0.0,1,0.03965416017603353,0.0,9.1552734375E-4,0.12403229038699647,0.0,0.001099177303321766,0.01656867985034738,15,15
1771080999437,0.4092868149944412,0.0519206755123924,1.0,0.7812119173845676,1.0,0.09999999999999998,1,0.040091220993422744,0.0,9.1552734375E-4,0.1255599151814292,0.373849670667176,0.07564927597609261,0.016791044776119368,15,15
1771080999703,0.4101048485856745,0.10687928596294542,0.37417911402089893,0.7526373111691881,0.0,0.0,0,0.040674373930207244,0.0,9.1552734375E-4,0.12570688168416758,0.0,0.06051942078087409,0.01674641148325362,15,15
1771080999958,0.40991580393818133,0.15157579455004333,0.3640656233640539,0.7253232317752174,0.0,0.0,1,0.039946714523279206,0.0,9.1552734375E-4,0.12585996532470414,0.0,0.048415536624699274,0.016697588126159513,15,15
1771081000224,0.4067798328484934,0.14641619766022965,0.2240190968140687,0.7095887183191664,0.0,0.0,1,0.058676114068194715,0.0,9.1552734375E-4,0.1259455564172303,0.0,0.038732429299759424,0.016653449643140417,15,15
1771081000940,0.40712999355968843,0.022613791622711973,0.7975760513005423,0.6485498057560046,0.0,0.0,1,0.06622865719272297,0.17458100558659218,9.1552734375E-4,0.1261088333089647,0.0,0.03098594343980754,0.016644649933949762,15,15
1771081001196,0.40239289752701035,0.09894707546684105,0.2424115892566366,0.6318672854747046,0.0,0.0,1,0.051348777086903066,0.0,9.1552734375E-4,0.1262347123919122,0.0,0.024788754751846033,0.016605166051660514,15,15
1771081001457,0.4060680739753866,0.12165268052414532,0.25590023739955386,0.6143959574318433,0.0,0.0,1,0.05129204358808407,0.0,9.1552734375E-4,0.12622434378890984,0.0,0.01983100380147683,0.016570226196738536,15,15
1771081001707,0.39800596220552736,0.03052494753863193,0.31071761086066896,0.5929574351385019,0.0,0.0,0,0.04478303380469688,0.0,9.1552734375E-4,0.12641876656725684,0.0,0.015864803041181465,0.016535433070866135,15,15
1771081002804,0.39522015182703446,0.020074879974774744,1.0,0.49932325706073516,0.0,1.0,0,0.04174724075338228,0.22789425706472197,9.1552734375E-4,0.12674502360006512,0.0,0.012691842432945173,0.016531094200997076,13,15
1771081004218,0.39817851571994606,0.05678033504667699,0.0322632811199836,0.4993711617594558,0.0,0.0,1,0.04214607825640902,0.0,9.1552734375E-4,0.12677023556568634,0.0,0.010153473946356139,0.016526757607555065,15,15
1771081004471,0.3956715335739983,0.10359922993598299,0.2563245440212857,0.48249466263260926,0.0,0.0,1,0.05649119920035543,0.0,9.1552734375E-4,0.1269691657173858,0.0,0.008122779157084911,0.016487830410887194,15,15
1771081004736,0.4017823596896723,0.07274214089166178,0.28046621288826645,0.4639796319367148,0.0,0.0,1,0.05352205622478203,0.0,9.1552734375E-4,0.12719774178503632,0.0,0.006498223325667929,0.01644479248238062,15,15
1771081005493,0.40242278608412924,0.026585276127275487,0.581530888003403,0.4229951698521517,0.0,0.0,1,0.045096121284514575,0.16512549537648613,9.1552734375E-4,0.1274247530417091,0.0,0.005198578660534344,0.016431924882629123,15,15
1771081005757,0.40382146895558185,0.04824751821876072,0.2216448430233501,0.40903117774007847,0.0,0.125,1,0.034548188905961695,0.0,9.1552734375E-4,0.12764458780378804,0.0,0.004158862928427476,0.016393442622950838,15,15
1771081006028,0.4103537882611008,0.02777432729606514,0.21621455747333362,0.3955998885466908,0.0,0.0,1,0.036439274403153844,0.0,9.1552734375E-4,0.12788052467141886,0.0,0.0033270903427419806,0.01635938717216312,15,15
1771081006305,0.39820840427706483,0.0774079497132534,0.21131480654777796,0.38265037044313255,0.0,0.0,1,0.047599921400688576,0.0,9.1552734375E-4,0.12810610128495695,0.0,0.002661672274193585,0.016321243523316098,15,15
1771081006556,0.39829818786211696,0.05003304320225702,0.20605463584050654,0.3701975709287209,0.0,0.0,1,0.03704233021902485,0.0,9.1552734375E-4,0.12835420361899064,0.0,0.002129337819354868,0.01628327733264412,15,15
1771081006806,0.39115533071925984,0.08150584066828225,0.20143800105251092,0.35818455783659525,0.0,0.11111111111111116,1,0.06885717013431071,0.0,9.1552734375E-4,0.12859222257373656,0.0,0.0017034702554838946,0.016503352243424474,15,15
1771081007537,0.38972675929068834,0.03446207222817909,0.4505477664368499,0.32851834530374463,0.0,0.0,1,0.0628966539747397,0.17099863201094392,9.1552734375E-4,0.12882519543284035,0.0,0.0013627762043871157,0.016494845360824795,15,15
1771081007807,0.39284933295633195,0.01989770566820536,0.22480913119905108,0.31491728685807163,0.0,0.0,1,0.053252731605219664,0.0,9.1552734375E-4,0.12916240878905821,0.0,0.0010902209635096926,0.01645244215938302,15,15
1771081008078,0.3784573439524912,0.033264630952495225,1.0,0.7651561629465092,1.0,0.0,1,0.06103908980227268,0.0,9.1552734375E-4,0.08751183662332968,0.36950787424576026,0.0747737516199598,0.01666666666666672,15,15
1771081009640,0.37404040216019385,0.031169481249669617,1.0,0.6302973423761064,0.0,0.1428571428571429,1,0.059003897623349864,0.16005121638924455,9.1552734375E-4,0.08746280789228451,0.0,0.059819001295967844,0.016892756590734526,15,15
1771081009900,0.38513232821531007,0.16984973446932924,0.04011122764375064,0.6295038582030993,0.0,0.0,1,0.07572133056755591,0.0,9.1552734375E-4,0.08747131094275683,0.0,0.04785520103677428,0.016875479417028938,15,15
1771081010162,0.3804964532184007,0.07482092534044991,0.2389262987169213,0.6134003627192649,0.0,0.0,1,0.06362761004167751,0.0,9.1552734375E-4,0.0875967817053691,0.0,0.03828416082941943,0.01684962981873883,15,15
1771081011049,0.38084661392959573,0.02154384234251803,0.6933857309152917,0.5623426534955289,0.0,0.0,1,0.06027783356673893,0.14092446448703494,9.1552734375E-4,0.08755188061960179,0.0,0.03062732866353554,0.016841030875223262,15,15
1771081011300,0.38611245261546023,0.0759283186055222,0.28672186477695083,0.5429225787589651,0.0,0.11111111111111116,1,0.05186217258289486,0.0,9.1552734375E-4,0.0877165216278854,0.0,0.024501862930828434,0.016802443991853377,15,15
1771081011572,0.37937659857949335,0.07327508255159626,0.2795129972383665,0.5242780083816156,0.0,0.0,1,0.03738350581336928,0.0,9.1552734375E-4,0.08788541508073516,0.0,0.01960149034466275,0.016759776536312887,15,15
1771081011841,0.3748171097435916,0.08993793580600848,0.2725220649622574,0.5063715835096583,0.0,0.0,0,0.032834002717061314,0.0,9.1552734375E-4,0.08805887791017405,0.0,0.0156811922757302,0.016717325227963542,15,15
1771081012998,0.37427790438490344,0.2728775346639914,1.0,0.4306801259598182,0.0,0.0,0,0.0334950338030623,0.21607605877268798,9.1552734375E-4,0.08793324155435772,0.0,0.01254495382058416,0.01671309192200554,13,15
1771081014305,0.3737386990262152,0.0055677699306027366,0.028663053068209193,0.43101299674457966,0.0,0.0,1,0.03112922948576953,0.0,9.1552734375E-4,0.08795794207226622,0.0,0.01003596305646733,0.016708860759493627,15,15
1771081014555,0.38203129936509855,0.1116374526384124,0.14392256415475704,0.4228913896686059,0.0,0.0,1,0.03407899046332773,0.0,9.1552734375E-4,0.0880615430760172,0.0,0.008028770445173864,0.016670876483960595,15,15
1771081014821,0.38019254299508964,0.0924735128118363,1.0,0.8950183437934635,1.0,0.09999999999999998,1,0.033871818538450164,0.0,9.1552734375E-4,0.05129287337591406,0.3749507372988633,0.08141316381591175,0.017132779037540957,15,15
1771081016159,0.37360414695639516,0.008351654895904104,1.0,0.7559255726670339,0.0,0.0,1,0.03334134873497708,0.18684603886397608,9.1552734375E-4,0.0511481091624265,0.0,0.06513053105272941,0.017375975824729273,15,15
1771081016418,0.38764127033458534,0.15131010760403585,0.27148249546728315,0.7356001034021116,0.0,0.0,1,0.08207385035286954,0.0,9.1552734375E-4,0.051233068813984345,0.0,0.05210442484218353,0.017336683417085386,15,15
1771081016669,0.3855719237436547,0.04746023823795745,0.2672336192189407,0.7159777550095557,0.0,0.0,1,0.05967228962210178,0.0,9.1552734375E-4,0.051329355203122234,0.0,0.041683539873746824,0.0173019057171514,15,15
1771081017538,0.4025933796252202,0.06723997955582836,1.0,1.1447358948107969,1.0,0.0,1,0.062308977695031485,0.14384349827387802,9.765625E-4,0.09928110396616077,0.13397672840903918,0.0601421775808053,0.017262947210407775,15,15
1771081017790,0.40861650004286537,0.0593402546320429,0.5137097291781424,1.0987857132608945,0.0,0.0,1,0.05542816850782107,0.0,9.765625E-4,0.09935410666959536,0.0,0.04811374206464424,0.017224163754368416,15,15
1771081018042,0.40862989746690975,0.17423482833299112,0.3152554661061561,1.0708992650164955,0.0,0.0,1,0.05530033989343912,0.0,9.765625E-4,0.0993943278274436,0.0,0.0384909936517154,0.017189835575485812,15,15
1771081018309,0.409169102825598,0.10438786712128542,0.49317922922304824,1.0286416621361678,0.0,0.0,0,0.05472348402258083,0.0,9.765625E-4,0.09946650682167044,0.0,0.03079279492137232,0.017147117296222647,15,15
1771081018579,0.41385135751270063,0.10021387029193546,0.504574785648789,0.9862907687751791,0.0,0.0,1,0.05270429735287461,0.0,9.765625E-4,0.09958607941364409,0.0,0.02463423593709786,0.01710461080813086,15,15
1771081018839,0.42202624568274083,0.0878361321215538,0.40720847713558617,0.9528606449099398,0.0,0.0,1,0.0661255142430395,0.0,9.765625E-4,0.09965679767840427,0.0,0.019707388749678287,0.017070757050964835,15,15
1771081019537,0.42202624568274083,0.14647620731938307,0.96155463358288,0.8739859934046277,0.0,0.0,1,0.05576376697675803,0.17908309455587393,9.765625E-4,0.09965815296581401,0.0,0.01576591099974263,0.017062314540059353,15,15
1771081019803,0.4255104175102962,0.07381195433782235,0.3623130149809708,0.845514055701011,0.0,0.0,1,0.05190929349047665,0.0,9.765625E-4,0.09979312742918042,0.0,0.012612728799794104,0.01702862783810466,15,15
1771081020055,0.4236438617588054,0.10971790565817327,0.3071772832009689,0.8220462641511763,0.0,0.0,1,0.043944650413495344,0.0,9.765625E-4,0.09986335044182643,0.0,0.010090183039835283,0.01699507389162558,15,15
1771081020306,0.4338329064062985,0.11199668037987377,0.3515819778813057,0.795460121850147,0.0,0.0,0,0.09628091023904362,0.0,9.765625E-4,0.09994194493864451,0.0,0.008072146431868227,0.016957483411157548,15,15
1771081020573,0.4338329064062985,0.1670403070929647,0.344026631372145,0.7699341271219893,0.0,0.0,1,0.10618435397282847,0.0,9.765625E-4,0.10002189408583587,0.0,0.0064577171454945825,0.01691591076244181,15,15
1771081020842,0.4309757635491556,0.028249473300065733,0.4758564483801656,0.7344353295457245,0.0,0.0,1,0.0766874005410416,0.0,9.765625E-4,0.1001496752487274,0.0,0.005166173716395666,0.01687454145267797,15,15
1771081021522,0.4318651296190389,0.37025670038508196,0.7841347651223883,0.6750158556775948,0.0,0.0,1,0.07096116469803779,0.1838235294117647,9.765625E-4,0.10016215542997803,0.0,0.004132938973116534,0.01686629186018085,15,15
1771081022597,0.4304365581904675,0.007874015748031496,1.0,0.5718102423933131,0.0,0.0,1,0.0685657246840291,0.23255813953488372,9.765625E-4,0.10018913856989364,0.0,0.003306351178493227,0.016862170087976525,13,15
1771081023884,0.4290079867618961,0.028390167523338495,0.03636619004532047,0.5714296434869243,0.0,0.0,1,0.06319242336952863,0.0,9.765625E-4,0.10020308631316677,0.0,0.0026450809427945817,0.016858050329831453,15,15
1771081024139,0.43132592426035077,0.0464373814127254,0.32363160099204086,0.5488499818866259,0.0,0.1428571428571429,1,0.053367326127092676,0.0,9.765625E-4,0.10033065079321675,0.0,0.0021160647542356656,0.016821062896148264,15,15
1771081024397,0.42757941533332466,0.14524942499457774,0.21121985437205806,0.5351750936993369,0.0,0.1428571428571429,1,0.06769332817371186,0.0,9.765625E-4,0.10041171745184978,0.0,0.0016928518033885326,0.01703163017031628,15,15
1771081025418,0.42731903820718153,0.045891410502492486,0.7710479088804426,0.4786319822411614,0.0,0.0,1,0.05400441520589178,0.12242899118511265,9.765625E-4,0.1005642191965504,0.0,0.001354281442710826,0.017241379310344862,15,15
1771081025691,0.4209942146555578,0.03170518793605833,0.30634313943535296,0.45787005925552626,0.0,0.0,1,0.05410241911828265,0.0,9.765625E-4,0.10072199370068592,0.0,0.001083425154168661,0.01719961240310075,15,15
1771081025944,0.4229619914428174,0.06888518830044636,0.2088030282838048,0.4446659380968901,0.0,0.0,1,0.07993292246296299,0.0,9.765625E-4,0.10083608999809429,0.0,8.667401233349288E-4,0.017166344294003877,15,15
1771081026210,0.42535126141992186,0.07586965232367875,0.22089713249681361,0.4307036110284185,0.0,0.0,0,0.07491746509470924,0.0,9.765625E-4,0.10093750270136492,0.0,6.933920986679431E-4,0.017124939700916553,15,15
1771081026482,0.42160475249289586,0.05591574808633968,0.24066008041281067,0.4154195534389883,0.0,0.0,1,0.048970176657021414,0.0,9.765625E-4,0.10110020603617918,0.0,5.547136789343545E-4,0.017083734359961467,15,15
1771081027397,0.42303332392146736,0.041092053730969996,0.5761360761121976,0.37546111631968,0.0,0.0,1,0.051237653579987684,0.13661202185792348,9.765625E-4,0.10121528012584785,0.0,4.437709431474836E-4,0.0170632059601058,15,15
1771081027648,0.4187476096357531,0.08686304325315156,0.1768495745007914,0.364933092666585,0.0,0.0,1,0.0838620809448773,0.0,9.765625E-4,0.10133549058539973,0.0,3.5501675451798687E-4,0.01702637889688252,15,15
1771081027919,0.42554030606741505,0.11295588300920402,0.19773403928879793,0.3529938497911117,0.0,0.0,1,0.0769364056198907,0.0,9.765625E-4,0.10148732194750297,0.0,2.8401340361438953E-4,0.016985645933014326,15,15
1771081028187,0.4235725292801554,0.051414059424587266,0.1930936510707687,0.34148884119346146,0.0,0.0,0,0.06063855820077191,0.0,9.765625E-4,0.10164319374895563,0.0,2.2721072289151164E-4,0.016945107398568027,15,15
1771081028445,0.42364386175880536,0.09384137872469529,0.16559566937099196,0.33203279144313597,0.0,0.125,1,0.07617007612931162,0.0,9.765625E-4,0.10177387774822583,0.0,1.8176857831320932E-4,0.01691281562648883,15,15
1771081029284,0.42921548251579117,0.24680402259928882,0.41780994959526224,0.30483518044977453,0.0,0.0,1,0.09090204642356017,0.14898688915375446,9.765625E-4,0.10184355048610345,0.0,1.4541486265056745E-4,0.01688867745004763,15,15
1771081029554,0.4337615739276485,0.24850664083425406,0.1291755888829345,0.2979630387001607,0.0,0.0,1,0.06740888043049377,0.0,9.765625E-4,0.10193841975905601,0.0,1.1633189012045397E-4,0.016848599905078365,15,15
1771081029812,0.442054174266532,0.0904445206632164,0.1480625493751851,0.2898496884858444,0.0,0.0,1,0.06622982836956429,0.0,9.765625E-4,0.10208960674907282,0.0,9.306551209636318E-5,0.016812692398768703,15,15
1771081030078,0.4309757635491556,0.03703693959330981,0.20599069914208906,0.2778278861643709,0.0,0.2222222222222222,0,0.060221304129633786,0.0,9.765625E-4,0.10231264350038086,0.0,7.445240967709055E-5,0.016772974249940953,15,15
1771081030344,0.4309044310705057,0.09250968564081025,0.1798242415277428,0.2676559853048183,0.0,0.0,1,0.06593183704084439,0.0,9.765625E-4,0.10250957521576537,0.0,5.956192774167244E-5,0.01673344331840676,15,15
1771081030598,0.43036522571181746,0.027952704959441063,0.1452167758269724,0.2598797278150421,0.0,0.0,1,0.06132357774672578,0.0,9.765625E-4,0.10268307654482926,0.0,4.7649542193337954E-5,0.016701952481768978,15,15
1771081031681,0.42893665428324607,0.10160226693357433,0.6076664711171303,0.22101695701881563,0.0,0.0,0,0.06407676223395219,0.23084025854108958,9.765625E-4,0.10282035089282915,0.0,3.8119633754670364E-5,0.016698024459078087,13,15
1771081033061,0.42893665428324607,0.029983358684503573,0.0165508575490687,0.22165373361960664,0.0,0.0,1,0.05810909979999658,0.0,9.765625E-4,0.1028455206520597,0.0,3.0495707003736292E-5,0.016694098283564496,15,15
1771081033314,0.4336902414489986,0.12375036588502981,0.10656935560748966,0.21639168091320235,0.0,0.0,1,0.06587127175315066,0.0,9.765625E-4,0.10300872799500814,0.0,2.4396565602989034E-5,0.016658845612388506,15,15
1771081033570,0.4337615739276485,0.06813693368997595,0.11398939922752263,0.21068643786019378,0.0,0.0,1,0.05585814685762856,0.0,9.765625E-4,0.10319064966189817,0.0,1.951725248239123E-5,0.016627634660421498,15,15
1771081034355,0.43090443107050574,0.03315004873018278,0.3328019334198107,0.1908310002122119,0.0,0.0,1,0.05155824369550923,0.1592356687898089,9.765625E-4,0.10339140842439266,0.0,1.5613801985912983E-5,0.01660818713450296,15,15
1771081034629,0.4318651296190389,0.14153613116956618,0.09595083716252434,0.18624102163300912,0.0,0.0,1,0.07620166391579679,0.0,9.765625E-4,0.1035354657979575,0.0,1.2491041588730387E-5,0.01656942823803964,15,15
1771081034879,0.4304365581904675,0.11311684050062783,0.09451700423722464,0.181774588609708,0.0,0.0,1,0.08752182140942334,0.0,9.765625E-4,0.10368623282892522,0.0,9.99283327098431E-6,0.016538551129746115,15,15
1771081035145,0.4279295760445198,0.0918059183597282,0.11300830957230255,0.17617555246443187,0.0,0.0,0,0.0926781282434356,0.0,9.765625E-4,0.10390302499583064,0.0,7.994266616787448E-6,0.016500116198001402,15,15
1771081035400,0.42357252928015565,0.13160289494461103,0.09710806140927869,0.17159903361845666,0.0,0.0,1,0.060120712140883506,0.0,9.765625E-4,0.10408013608454957,0.0,6.395413293429959E-6,0.016465677179962945,15,15
1771081035671,0.4207153864230127,0.11618910379009485,0.09549260036851537,0.16715128234977342,0.0,0.0,1,0.07352285687004581,0.0,9.765625E-4,0.1042622010785751,0.0,5.116330634743967E-6,0.016427579824155436,15,15
1771081036533,0.4195656432269864,0.12724638171861388,0.24228398209466118,0.15373440183830336,0.0,0.0,1,0.07177210995794181,0.14501160092807425,9.765625E-4,0.1044126405440971,0.0,4.093064507795174E-6,0.016419981498612346,15,15
1771081036791,0.4229619914428174,0.02933788696033203,0.11091152869650278,0.14832463372446406,0.0,0.0,1,0.054116597765799246,0.0,9.765625E-4,0.10469953485493882,0.0,3.2744516062361394E-6,0.01638587583660278,15,15
1771081037043,0.4158904667786102,0.0520101400222706,0.09621526072464043,0.14382330725497508,0.0,0.11111111111111116,1,0.04279165343499766,0.0,9.765625E-4,0.10496284591499175,0.0,2.619561284988912E-6,0.016351911561492405,15,15
1771081037306,0.4247222724761818,0.06459868739467028,0.08260207926185123,0.14015567395556677,0.0,0.0,0,0.05248227888562957,0.0,9.765625E-4,0.1051983269354898,0.0,2.0956490279911297E-6,0.01631808779590893,15,15
1771081037562,0.41925692643732226,0.024936547932411887,0.12134415907113076,0.13422370451700175,0.0,0.0,1,0.04451825756355283,0.0,9.765625E-4,0.10556861042377087,0.0,1.6765192223929039E-6,0.01627693718477763,15,15
1771081038525,0.4165010046159482,0.013578254006597837,0.25432165292615244,0.12050820069672075,0.0,0.0,1,0.045775202565782734,0.12980269989615784,9.765625E-4,0.10593702634807232,0.0,1.341215377914323E-6,0.016479743648432188,15,15
1771081038781,0.4227544956889221,0.1428914603804882,0.06044292246856366,0.1180743448536012,0.0,0.0,1,0.08074690582701605,0.0,9.765625E-4,0.10619483373919361,0.0,1.0729723023314584E-6,0.016445865692096828,15,15
1771081039048,0.42310465640011724,0.07689527114970822,0.0743044662830449,0.11486039635173806,0.0,0.0,1,0.05444958323713277,0.0,9.765625E-4,0.10649084914164204,0.0,8.583778418651667E-7,0.016408386508659945,15,15
1771081039313,0.4230333239214672,0.12721787567533724,0.05930619220278751,0.11251646594731278,0.0,0.0,0,0.06930331757702843,0.0,9.765625E-4,0.10668527778417204,0.0,6.867022734921335E-7,0.016371077762619368,15,15
1771081039579,0.4235725292801554,0.1452631655474165,0.05911717159495359,0.11019861067892693,0.0,0.0,1,0.05977395654672808,0.0,9.765625E-4,0.10696881643329498,0.0,5.493618187937068E-7,0.016333938294010864,15,15
1771081040840,0.42472227247618166,0.031496062992125984,0.30881060901205903,0.09390175567953898,0.0,0.0,0,0.060213949116467394,0.19825535289452817,9.1552734375E-4,0.10728600616329503,0.0,4.394894550349655E-7,0.016330233613064182,13,15
1771081042259,0.42472227247618166,0.037349736143721016,0.008347506444679619,0.0942981040163706,0.0,0.0,1,0.0639269959256163,0.0,9.1552734375E-4,0.10732774391831365,0.0,3.515915640279724E-7,0.01632653061224487,15,15
1771081042509,0.421533420014246,0.06167824863177325,0.0661222036379914,0.09153380968650765,0.0,0.0,1,0.0503716110189451,0.0,9.1552734375E-4,0.10771817166568391,0.0,2.8127325122237793E-7,0.016293279022403295,15,15
1771081042765,0.4223330024990771,0.029378014823160648,0.06516024491556474,0.08883410837932373,0.0,0.0,1,0.04519513916006472,0.0,9.1552734375E-4,0.10806609929447838,0.0,2.2501860097790236E-7,0.016263835554551576,15,15
1771081043576,0.42144363642919397,0.3080954789866939,0.13815344648417757,0.08220895276075439,0.0,0.0,1,0.04507259972708118,0.1541307028360049,9.1552734375E-4,0.10829533056084946,0.0,1.800148807823219E-7,0.016252821670428852,15,15
1771081043829,0.4161508439047532,0.07607572770749473,0.059584721118988715,0.07979170018212625,0.0,0.0,1,0.04578351669274867,0.0,8.544921875E-4,0.10863675696112905,0.0,1.4401190462585753E-7,0.016219869339941462,15,15
1771081044079,0.41722925462212956,0.04030712154195639,0.06535703902770869,0.0770793604289442,0.0,0.0,1,0.04764126047919714,0.0,8.544921875E-4,0.1090558700803566,0.0,1.1520952370068604E-7,0.01618705035971224,15,15
1771081044351,0.42418306711749354,0.07859737042109667,0.05694295049600777,0.07481769734592676,0.0,0.0,0,0.0387459768170169,0.0,8.544921875E-4,0.10939283950164799,0.0,9.216761896054883E-8,0.016150740242261152,15,15
1771081044604,0.4266187167847914,0.058284053440841456,0.05566631385258934,0.07263173338705187,0.0,0.0,1,0.0476826126545216,0.0,8.544921875E-4,0.10975975415577335,0.0,7.373409516843907E-8,0.016118200134318306,15,15
1771081044870,0.4269688774959865,0.09460292290751242,0.162005142958815,0.06497953435854928,0.0,0.0,1,0.043333781728001244,0.4699248120300752,8.544921875E-4,0.11035029204323248,0.0,5.898727613475126E-8,0.01608219790037968,14,15
1771081045696,0.4246509399975318,0.01760683446850228,0.006231895097461104,0.06527570170303204,0.0,0.0,1,0.040431887519945295,0.0,8.544921875E-4,0.11040200971194827,0.0,4.718982090780101E-8,0.0160786065207682,15,15
1771081045950,0.4250011007087269,0.18076571717655915,0.03150826760168574,0.06430441562170841,0.0,0.0,1,0.04453128463679386,0.0,8.544921875E-4,0.1106097796610243,0.0,3.7751856726240814E-8,0.01604635613995986,15,15
1771081046217,0.4209942146555577,0.20987722612499848,0.03747636199558788,0.0630427955634802,0.0,0.0,1,0.05754843866949582,0.0,8.544921875E-4,0.11087318607212844,0.0,3.020148538099265E-8,0.016010673782521634,15,15
1771081046467,0.41759786643972663,0.11856539296948805,0.04900271626627844,0.061219001071104215,0.0,0.0,0,0.06688553108407667,0.0,8.544921875E-4,0.1112777296596998,0.0,2.4161188304794123E-8,0.015978695073235683,15,15
1771081046730,0.4235725292801554,0.20908449523107434,0.02452137761758831,0.06060048375134364,0.0,0.0,1,0.06437852991024828,0.0,8.544921875E-4,0.11141675681134063,0.0,1.93289506438353E-8,0.015950376606114314,15,15
1771081047516,0.4298260203531293,0.15122212347914812,0.12680472641939988,0.05502697164493628,0.0,0.0,1,0.07577124795273091,0.15903307888040713,8.544921875E-4,0.11188067933823943,0.0,1.546316051506824E-8,0.015929203539822967,15,15
1771081047791,0.4312545917817007,0.035749350985394654,0.05440811358254026,0.05293895255008395,0.0,0.0,1,0.034396469085082815,0.0,8.544921875E-4,0.11245420237800122,0.0,1.2370528412054593E-8,0.015894039735099286,15,15
1771081048043,0.4294758596419343,0.2038936260470924,0.03197911537753648,0.051924596954574395,0.0,0.0,1,0.021853134772495817,0.0,8.544921875E-4,0.1128065271817456,0.0,9.896422729643675E-9,0.015866020273248127,15,15
1771081048315,0.4334827456951034,0.2241021887614347,0.026870857314478372,0.05115682122730691,0.0,0.0,0,0.017314438277593908,0.0,8.544921875E-4,0.11298860967703349,0.0,7.917138183714941E-9,0.0158311345646438,15,15
1771081048582,0.4372292546221295,0.08537351481576942,0.03898361107717968,0.049829979634425,0.0,0.0,1,0.016045466046409253,0.0,8.544921875E-4,0.1133997097787471,0.0,6.333710546971953E-9,0.015796401930671333,15,15
1771081049813,0.4372292546221295,0.03340661958361642,0.16796221046414614,0.04253604228012429,0.0,0.0,0,0.015149005634756157,0.20308692120227456,8.544921875E-4,0.11394745593372622,0.0,5.066968437577563E-9,0.01579293704759821,13,15
1771081052196,0.4372292546221295,0.04014975994954949,0.14801930796696874,0.036149107019680195,0.0,0.0,0,0.02967720764596335,0.1049097775912715,8.544921875E-4,0.11461223758284389,0.0,4.0535747500620505E-9,0.015789473684210575,12,15
1771081054605,0.4391970314093891,0.03565112259109219,0.12039134137949267,0.031015650743771415,0.0,0.0,0,0.03036303116075976,0.10377750103777501,8.544921875E-4,0.11510379124947022,0.0,3.2428598000496404E-9,0.015786011839508896,11,15
1771081056995,0.4377684599808177,0.020074879974774744,0.10136555160918974,0.02673906201257045,0.0,0.0,0,0.027950093527730792,0.10460251046025104,8.544921875E-4,0.11550608740687902,0.0,2.5942878400397126E-9,0.015782551512494525,10,15
1771081059395,0.43776845998081765,0.22382158115829756,0.08570806347775697,0.02316251569539099,0.0,0.0,0,0.03375330123750857,0.10416666666666667,8.544921875E-4,0.11581754618747404,0.0,2.07543027203177E-9,0.015779092702169595,9,15
1771081061916,0.4377684599808177,0.22888884809052965,0.07694379469577328,0.01997438037003584,0.0,0.0,0,0.03166386452351681,0.09916699722332409,8.544921875E-4,0.11623849058480713,0.0,1.6603442176254162E-9,0.015775635407537236,8,15
1771081064354,0.43776845998081765,0.03246539862691072,0.06690785425014625,0.01722756441370787,0.0,0.0,0,0.03422109336644919,0.1025430680885972,8.544921875E-4,0.116668824023987,0.0,1.328275374100333E-9,0.015772179627601357,7,15
1771081066921,0.43633988855224626,0.027838849653013684,0.0581956875751544,0.014860676237370115,0.0,0.0,0,0.036131422170715036,0.09738994935722632,8.544921875E-4,0.11711050023934935,0.0,1.0626202992802665E-9,0.015768725361366642,6,15
1771081069530,0.4377684599808177,0.04488879626374559,0.050631479906512004,0.01282084108105766,0.0,0.0,0,0.04326034267233861,0.09582215408202377,8.544921875E-4,0.11756156820750115,0.0,8.500962394242132E-10,0.015765272607838887,5,15
1771081072012,0.4377684599808177,0.25079698123831473,0.04288071325690497,0.011113180626598315,0.0,0.0,0,0.058854862431174576,0.1007252215954875,8.544921875E-4,0.11791357851604882,0.0,6.800769915393706E-10,0.015761821366024553,4,15
1771081074693,0.4391970314093891,0.1558975580568766,0.038529869555404016,0.009590452496943768,0.0,0.0,0,0.055538731270976596,0.09324878776575904,8.544921875E-4,0.1183842969124499,0.0,5.440615932314965E-10,0.0157583716349311,3,15
1771081077212,0.4406256028379605,0.1674038710666874,0.03262266089522962,0.008316310379810864,0.0,0.0,0,0.05448073005624017,0.09924573243350536,8.544921875E-4,0.11878503682238235,0.0,4.352492745851972E-10,0.015754923413566768,2,15
1771081079804,0.4406256028379605,0.15629474993133233,0.029347000443601015,0.007178906308486187,0.0,0.0,0,0.057172316245572896,0.09645061728395062,8.544921875E-4,0.11927460865429006,0.0,3.481994196681578E-10,0.01575147670094068,1,15
1771081082444,0.4420541742665319,0.3452466341479331,0.02489373009181192,0.006225429726249456,0.0,0.0,0,0.06108673709676333,0.0946969696969697,8.544921875E-4,0.11964700032589112,0.0,2.785595357345262E-10,0.015748031496062964,0,15
1771081085024,0.4440219510537915,0.26731094798059774,0.011955643828279518,0.005800301501416472,0.0,0.0,0,0.06647019964734899,0.04844961240310077,8.544921875E-4,0.119939549975289,0.0,2.2284762858762098E-10,0.01574458779794441,0,15
1771081087074,0.4440219510537915,0.0837019355333437,0.011244637117043302,0.005404482944325344,0.0,0.0,0,0.0647719615340885,0.06097560975609757,7.9345703125E-4,0.12023617747450137,0.0,1.782781028700968E-10,0.015741145605596807,0,15
1771081089171,0.44633988855224616,0.01670330979180821,0.01057660659078768,0.005035931121891123,0.0,0.0,0,0.06758279363351838,0.05960896518836433,7.9345703125E-4,0.12053590952911475,0.0,1.4262248229607745E-10,0.015737704918032835,0,15
1771081091089,0.44437211176498653,0.03897438951421915,0.009948750314634592,0.004692753338319857,0.0,0.0,0,0.06636275955869002,0.06517205422314912,7.9345703125E-4,0.12083869805403132,0.0,1.1409798583686197E-10,0.01573426573426573,0,15
1771081093343,0.44240433497772697,0.0055677699306027366,0.00935862206228307,0.004373189245665137,0.0,0.0,0,0.06683050568673266,0.05545696539485359,7.9345703125E-4,0.12114450067713921,0.0,9.127838866948958E-11,0.015730828053310053,0,15
1771081095366,0.44240433497772697,0.02489982409581401,0.008803928152823833,0.0040756014639931485,0.0,0.0,0,0.06623984871983987,0.061789421651013345,7.9345703125E-4,0.12145326628250436,0.0,7.302271093559168E-11,0.01572739187418082,0,15
